[0m18:33:20.150037 [debug] [MainThread]: Sending event: {'category': 'dbt', 'action': 'invocation', 'label': 'start', 'context': [<snowplow_tracker.self_describing_json.SelfDescribingJson object at 0x000001C49ECA1A90>, <snowplow_tracker.self_describing_json.SelfDescribingJson object at 0x000001C49C2ADB20>, <snowplow_tracker.self_describing_json.SelfDescribingJson object at 0x000001C49EAD3FB0>]}


============================== 18:33:20.156057 | aa2bc29d-7a1e-4fc1-9f51-0bede33568bc ==============================
[0m18:33:20.156057 [info ] [MainThread]: Running with dbt=1.11.12
[0m18:33:20.157805 [debug] [MainThread]: running dbt with arguments {'version_check': 'True', 'no_print': 'None', 'static_parser': 'True', 'target_path': 'None', 'warn_error_options': 'WarnErrorOptionsV2(error=[], warn=[], silence=[])', 'printer_width': '80', 'write_json': 'True', 'empty': 'None', 'log_cache_events': 'False', 'introspect': 'True', 'cache_selected_only': 'False', 'fail_fast': 'False', 'debug': 'False', 'log_format': 'default', 'profiles_dir': '.', 'send_anonymous_usage_stats': 'True', 'quiet': 'False', 'warn_error': 'None', 'partial_parse': 'True', 'use_colors': 'True', 'invocation_command': 'dbt debug --profiles-dir .', 'indirect_selection': 'eager', 'use_experimental_parser': 'False', 'log_path': 'C:\\Users\\ahmed\\Desktop\\data science\\itsm_project\\dbt_project\\logs'}
[0m18:33:20.184188 [info ] [MainThread]: dbt version: 1.11.12
[0m18:33:20.184188 [info ] [MainThread]: python version: 3.12.0
[0m18:33:20.184188 [info ] [MainThread]: python path: C:\Users\ahmed\AppData\Local\Programs\Python\Python312\python.exe
[0m18:33:20.187754 [info ] [MainThread]: os info: Windows-11-10.0.26200-SP0
[0m18:33:20.276883 [info ] [MainThread]: Using profiles dir at .
[0m18:33:20.276883 [info ] [MainThread]: Using profiles.yml file at .\profiles.yml
[0m18:33:20.280332 [info ] [MainThread]: Using dbt_project.yml file at C:\Users\ahmed\Desktop\data science\itsm_project\dbt_project\dbt_project.yml
[0m18:33:20.282856 [info ] [MainThread]: adapter type: postgres
[0m18:33:20.282856 [info ] [MainThread]: adapter version: 1.10.2
[0m18:33:20.412870 [info ] [MainThread]: Configuration:
[0m18:33:20.412870 [info ] [MainThread]:   profiles.yml file [[32mOK found and valid[0m]
[0m18:33:20.412870 [info ] [MainThread]:   dbt_project.yml file [[32mOK found and valid[0m]
[0m18:33:20.412870 [info ] [MainThread]: Required dependencies:
[0m18:33:20.426472 [debug] [MainThread]: Executing "git --help"
[0m18:33:20.812433 [debug] [MainThread]: STDOUT: "b"usage: git [-v | --version] [-h | --help] [-C <path>] [-c <name>=<value>]\n           [--exec-path[=<path>]] [--html-path] [--man-path] [--info-path]\n           [-p | --paginate | -P | --no-pager] [--no-replace-objects] [--no-lazy-fetch]\n           [--no-optional-locks] [--no-advice] [--bare] [--git-dir=<path>]\n           [--work-tree=<path>] [--namespace=<name>] [--config-env=<name>=<envvar>]\n           <command> [<args>]\n\nThese are common Git commands used in various situations:\n\nstart a working area (see also: git help tutorial)\n   clone      Clone a repository into a new directory\n   init       Create an empty Git repository or reinitialize an existing one\n\nwork on the current change (see also: git help everyday)\n   add        Add file contents to the index\n   mv         Move or rename a file, a directory, or a symlink\n   restore    Restore working tree files\n   rm         Remove files from the working tree and from the index\n\nexamine the history and state (see also: git help revisions)\n   bisect     Use binary search to find the commit that introduced a bug\n   diff       Show changes between commits, commit and working tree, etc\n   grep       Print lines matching a pattern\n   log        Show commit logs\n   show       Show various types of objects\n   status     Show the working tree status\n\ngrow, mark and tweak your common history\n   backfill   Download missing objects in a partial clone\n   branch     List, create, or delete branches\n   commit     Record changes to the repository\n   history    EXPERIMENTAL: Rewrite history\n   merge      Join two or more development histories together\n   rebase     Reapply commits on top of another base tip\n   reset      Set `HEAD` or the index to a known state\n   switch     Switch branches\n   tag        Create, list, delete or verify tags\n\ncollaborate (see also: git help workflows)\n   fetch      Download objects and refs from another repository\n   pull       Fetch from and integrate with another repository or a local branch\n   push       Update remote refs along with associated objects\n\n'git help -a' and 'git help -g' list available subcommands and some\nconcept guides. See 'git help <command>' or 'git help <concept>'\nto read about a specific subcommand or concept.\nSee 'git help git' for an overview of the system.\n""
[0m18:33:20.812973 [debug] [MainThread]: STDERR: "b''"
[0m18:33:20.815297 [info ] [MainThread]:  - git [[32mOK found[0m]

[0m18:33:20.815297 [info ] [MainThread]: Connection:
[0m18:33:20.815297 [info ] [MainThread]:   host: localhost
[0m18:33:20.824505 [info ] [MainThread]:   port: 5433
[0m18:33:20.826300 [info ] [MainThread]:   user: postgres
[0m18:33:20.829050 [info ] [MainThread]:   database: itsm_db
[0m18:33:20.831595 [info ] [MainThread]:   schema: public
[0m18:33:20.832138 [info ] [MainThread]:   connect_timeout: 10
[0m18:33:20.833479 [info ] [MainThread]:   role: None
[0m18:33:20.833479 [info ] [MainThread]:   search_path: None
[0m18:33:20.833479 [info ] [MainThread]:   keepalives_idle: 0
[0m18:33:20.836795 [info ] [MainThread]:   sslmode: None
[0m18:33:20.838390 [info ] [MainThread]:   sslcert: None
[0m18:33:20.841709 [info ] [MainThread]:   sslkey: None
[0m18:33:20.843511 [info ] [MainThread]:   sslrootcert: None
[0m18:33:20.848061 [info ] [MainThread]:   application_name: dbt
[0m18:33:20.848061 [info ] [MainThread]:   retries: 1
[0m18:33:20.848061 [info ] [MainThread]: Registered adapter: postgres=1.10.2
[0m18:33:21.465393 [debug] [MainThread]: Acquiring new postgres connection 'debug'
[0m18:33:22.452956 [debug] [MainThread]: Using postgres connection "debug"
[0m18:33:22.452956 [debug] [MainThread]: On debug: select 1 as id
[0m18:33:22.454967 [debug] [MainThread]: Opening a new connection, currently in state init
[0m18:33:26.553217 [debug] [MainThread]: Postgres adapter: Got a retryable error when attempting to open a postgres connection.
1 attempts remaining. Retrying in 0 seconds.
Error:
connection to server at "localhost" (::1), port 5433 failed: Connection refused (0x0000274D/10061)
	Is the server running on that host and accepting TCP/IP connections?
connection to server at "localhost" (127.0.0.1), port 5433 failed: Connection refused (0x0000274D/10061)
	Is the server running on that host and accepting TCP/IP connections?

[0m18:33:30.642138 [debug] [MainThread]: Postgres adapter: Error running SQL: select 1 as id
[0m18:33:30.642138 [debug] [MainThread]: Postgres adapter: Rolling back transaction.
[0m18:33:30.642138 [debug] [MainThread]: On debug: No close available on handle
[0m18:33:30.642138 [info ] [MainThread]:   Connection test: [[31mERROR[0m]

[0m18:33:30.649300 [info ] [MainThread]: [31m1 check failed:[0m
[0m18:33:30.653680 [info ] [MainThread]: dbt was unable to connect to the specified database.
The database returned the following error:

  >Database Error
  connection to server at "localhost" (::1), port 5433 failed: Connection refused (0x0000274D/10061)
  	Is the server running on that host and accepting TCP/IP connections?
  connection to server at "localhost" (127.0.0.1), port 5433 failed: Connection refused (0x0000274D/10061)
  	Is the server running on that host and accepting TCP/IP connections?
  

Check your database credentials and try again. For more information, visit:
https://docs.getdbt.com/docs/configure-your-profile


[0m18:33:30.657981 [debug] [MainThread]: Command `dbt debug` failed at 18:33:30.657981 after 10.74 seconds
[0m18:33:30.657981 [debug] [MainThread]: Connection 'debug' was properly closed.
[0m18:33:30.659995 [debug] [MainThread]: Sending event: {'category': 'dbt', 'action': 'invocation', 'label': 'end', 'context': [<snowplow_tracker.self_describing_json.SelfDescribingJson object at 0x000001C49E60B7A0>, <snowplow_tracker.self_describing_json.SelfDescribingJson object at 0x000001C4A062EB70>, <snowplow_tracker.self_describing_json.SelfDescribingJson object at 0x000001C49F496C60>]}
[0m18:33:30.661095 [debug] [MainThread]: Flushing usage events
[0m18:33:31.751705 [debug] [MainThread]: An error was encountered while trying to flush usage events
[0m18:45:32.390022 [debug] [MainThread]: Sending event: {'category': 'dbt', 'action': 'invocation', 'label': 'start', 'context': [<snowplow_tracker.self_describing_json.SelfDescribingJson object at 0x00000258D8907890>, <snowplow_tracker.self_describing_json.SelfDescribingJson object at 0x00000258D601D4F0>, <snowplow_tracker.self_describing_json.SelfDescribingJson object at 0x00000258D8B32E10>]}


============================== 18:45:32.395549 | 4a230260-49e1-4a49-ba5f-056cb15650bd ==============================
[0m18:45:32.395549 [info ] [MainThread]: Running with dbt=1.11.12
[0m18:45:32.395549 [debug] [MainThread]: running dbt with arguments {'static_parser': 'True', 'no_print': 'None', 'version_check': 'True', 'warn_error_options': 'WarnErrorOptionsV2(error=[], warn=[], silence=[])', 'target_path': 'None', 'printer_width': '80', 'write_json': 'True', 'introspect': 'True', 'log_cache_events': 'False', 'empty': 'None', 'cache_selected_only': 'False', 'fail_fast': 'False', 'debug': 'False', 'log_format': 'default', 'profiles_dir': '.', 'send_anonymous_usage_stats': 'True', 'quiet': 'False', 'warn_error': 'None', 'partial_parse': 'True', 'indirect_selection': 'eager', 'invocation_command': 'dbt debug --profiles-dir .', 'use_colors': 'True', 'use_experimental_parser': 'False', 'log_path': 'C:\\Users\\ahmed\\Desktop\\data science\\itsm_project\\dbt_project\\logs'}
[0m18:45:32.430763 [info ] [MainThread]: dbt version: 1.11.12
[0m18:45:32.430763 [info ] [MainThread]: python version: 3.12.0
[0m18:45:32.434257 [info ] [MainThread]: python path: C:\Users\ahmed\AppData\Local\Programs\Python\Python312\python.exe
[0m18:45:32.435994 [info ] [MainThread]: os info: Windows-11-10.0.26200-SP0
[0m18:45:32.512201 [info ] [MainThread]: Using profiles dir at .
[0m18:45:32.512201 [info ] [MainThread]: Using profiles.yml file at .\profiles.yml
[0m18:45:32.514819 [info ] [MainThread]: Using dbt_project.yml file at C:\Users\ahmed\Desktop\data science\itsm_project\dbt_project\dbt_project.yml
[0m18:45:32.518072 [info ] [MainThread]: adapter type: postgres
[0m18:45:32.518072 [info ] [MainThread]: adapter version: 1.10.2
[0m18:45:32.645648 [info ] [MainThread]: Configuration:
[0m18:45:32.645648 [info ] [MainThread]:   profiles.yml file [[32mOK found and valid[0m]
[0m18:45:32.645648 [info ] [MainThread]:   dbt_project.yml file [[32mOK found and valid[0m]
[0m18:45:32.660675 [info ] [MainThread]: Required dependencies:
[0m18:45:32.660675 [debug] [MainThread]: Executing "git --help"
[0m18:45:32.762197 [debug] [MainThread]: STDOUT: "b"usage: git [-v | --version] [-h | --help] [-C <path>] [-c <name>=<value>]\n           [--exec-path[=<path>]] [--html-path] [--man-path] [--info-path]\n           [-p | --paginate | -P | --no-pager] [--no-replace-objects] [--no-lazy-fetch]\n           [--no-optional-locks] [--no-advice] [--bare] [--git-dir=<path>]\n           [--work-tree=<path>] [--namespace=<name>] [--config-env=<name>=<envvar>]\n           <command> [<args>]\n\nThese are common Git commands used in various situations:\n\nstart a working area (see also: git help tutorial)\n   clone      Clone a repository into a new directory\n   init       Create an empty Git repository or reinitialize an existing one\n\nwork on the current change (see also: git help everyday)\n   add        Add file contents to the index\n   mv         Move or rename a file, a directory, or a symlink\n   restore    Restore working tree files\n   rm         Remove files from the working tree and from the index\n\nexamine the history and state (see also: git help revisions)\n   bisect     Use binary search to find the commit that introduced a bug\n   diff       Show changes between commits, commit and working tree, etc\n   grep       Print lines matching a pattern\n   log        Show commit logs\n   show       Show various types of objects\n   status     Show the working tree status\n\ngrow, mark and tweak your common history\n   backfill   Download missing objects in a partial clone\n   branch     List, create, or delete branches\n   commit     Record changes to the repository\n   history    EXPERIMENTAL: Rewrite history\n   merge      Join two or more development histories together\n   rebase     Reapply commits on top of another base tip\n   reset      Set `HEAD` or the index to a known state\n   switch     Switch branches\n   tag        Create, list, delete or verify tags\n\ncollaborate (see also: git help workflows)\n   fetch      Download objects and refs from another repository\n   pull       Fetch from and integrate with another repository or a local branch\n   push       Update remote refs along with associated objects\n\n'git help -a' and 'git help -g' list available subcommands and some\nconcept guides. See 'git help <command>' or 'git help <concept>'\nto read about a specific subcommand or concept.\nSee 'git help git' for an overview of the system.\n""
[0m18:45:32.762197 [debug] [MainThread]: STDERR: "b''"
[0m18:45:32.762197 [info ] [MainThread]:  - git [[32mOK found[0m]

[0m18:45:32.762197 [info ] [MainThread]: Connection:
[0m18:45:32.766223 [info ] [MainThread]:   host: localhost
[0m18:45:32.769007 [info ] [MainThread]:   port: 5432
[0m18:45:32.769007 [info ] [MainThread]:   user: postgres
[0m18:45:32.769007 [info ] [MainThread]:   database: itsm_db
[0m18:45:32.772019 [info ] [MainThread]:   schema: public
[0m18:45:32.772019 [info ] [MainThread]:   connect_timeout: 10
[0m18:45:32.772019 [info ] [MainThread]:   role: None
[0m18:45:32.772019 [info ] [MainThread]:   search_path: None
[0m18:45:32.777234 [info ] [MainThread]:   keepalives_idle: 0
[0m18:45:32.777234 [info ] [MainThread]:   sslmode: None
[0m18:45:32.777234 [info ] [MainThread]:   sslcert: None
[0m18:45:32.777234 [info ] [MainThread]:   sslkey: None
[0m18:45:32.777234 [info ] [MainThread]:   sslrootcert: None
[0m18:45:32.777234 [info ] [MainThread]:   application_name: dbt
[0m18:45:32.777234 [info ] [MainThread]:   retries: 1
[0m18:45:32.777234 [info ] [MainThread]: Registered adapter: postgres=1.10.2
[0m18:45:33.306251 [debug] [MainThread]: Acquiring new postgres connection 'debug'
[0m18:45:33.434473 [debug] [MainThread]: Using postgres connection "debug"
[0m18:45:33.434473 [debug] [MainThread]: On debug: select 1 as id
[0m18:45:33.434473 [debug] [MainThread]: Opening a new connection, currently in state init
[0m18:45:33.469547 [debug] [MainThread]: SQL status: SELECT 1 in 0.029 seconds
[0m18:45:33.473565 [debug] [MainThread]: On debug: Close
[0m18:45:33.475572 [info ] [MainThread]:   Connection test: [[32mOK connection ok[0m]

[0m18:45:33.477310 [info ] [MainThread]: [32mAll checks passed![0m
[0m18:45:33.479326 [debug] [MainThread]: Command `dbt debug` succeeded at 18:45:33.479326 after 1.46 seconds
[0m18:45:33.481374 [debug] [MainThread]: Connection 'debug' was properly closed.
[0m18:45:33.481374 [debug] [MainThread]: Sending event: {'category': 'dbt', 'action': 'invocation', 'label': 'end', 'context': [<snowplow_tracker.self_describing_json.SelfDescribingJson object at 0x00000258D7E8FA40>, <snowplow_tracker.self_describing_json.SelfDescribingJson object at 0x00000258D58FE120>, <snowplow_tracker.self_describing_json.SelfDescribingJson object at 0x00000258D822A6F0>]}
[0m18:45:33.484038 [debug] [MainThread]: Flushing usage events
[0m18:45:34.772784 [debug] [MainThread]: An error was encountered while trying to flush usage events
[0m18:48:00.120410 [debug] [MainThread]: Sending event: {'category': 'dbt', 'action': 'invocation', 'label': 'start', 'context': [<snowplow_tracker.self_describing_json.SelfDescribingJson object at 0x0000023C3E360FE0>, <snowplow_tracker.self_describing_json.SelfDescribingJson object at 0x0000023C405CDBB0>, <snowplow_tracker.self_describing_json.SelfDescribingJson object at 0x0000023C3DFE6600>]}


============================== 18:48:00.120410 | e9eae48c-843e-4e3f-ad4d-d1a2cf81a5c2 ==============================
[0m18:48:00.120410 [info ] [MainThread]: Running with dbt=1.11.12
[0m18:48:00.120410 [debug] [MainThread]: running dbt with arguments {'static_parser': 'True', 'no_print': 'None', 'version_check': 'True', 'target_path': 'None', 'warn_error_options': 'WarnErrorOptionsV2(error=[], warn=[], silence=[])', 'printer_width': '80', 'write_json': 'True', 'empty': 'False', 'log_cache_events': 'False', 'introspect': 'True', 'cache_selected_only': 'False', 'fail_fast': 'False', 'debug': 'False', 'log_format': 'default', 'profiles_dir': '.', 'send_anonymous_usage_stats': 'True', 'quiet': 'False', 'warn_error': 'None', 'partial_parse': 'True', 'indirect_selection': 'eager', 'invocation_command': 'dbt run --profiles-dir .', 'use_colors': 'True', 'use_experimental_parser': 'False', 'log_path': 'C:\\Users\\ahmed\\Desktop\\data science\\itsm_project\\dbt_project\\logs'}
[0m18:48:01.521089 [debug] [MainThread]: Sending event: {'category': 'dbt', 'action': 'project_id', 'label': 'e9eae48c-843e-4e3f-ad4d-d1a2cf81a5c2', 'context': [<snowplow_tracker.self_describing_json.SelfDescribingJson object at 0x0000023C4228A960>]}
[0m18:48:01.632124 [debug] [MainThread]: Sending event: {'category': 'dbt', 'action': 'adapter_info', 'label': 'e9eae48c-843e-4e3f-ad4d-d1a2cf81a5c2', 'context': [<snowplow_tracker.self_describing_json.SelfDescribingJson object at 0x0000023C40799550>]}
[0m18:48:01.632785 [info ] [MainThread]: Registered adapter: postgres=1.10.2
[0m18:48:02.169895 [debug] [MainThread]: checksum: f368f5348cf42803b94ef7fb8257ecf3bf9a9a16dd9c8c51fe5172f2dbeb457f, vars: {}, profile: , target: , version: 1.11.12
[0m18:48:02.169895 [info ] [MainThread]: Unable to do partial parsing because saved manifest not found. Starting full parse.
[0m18:48:02.169895 [debug] [MainThread]: Sending event: {'category': 'dbt', 'action': 'partial_parser', 'label': 'e9eae48c-843e-4e3f-ad4d-d1a2cf81a5c2', 'context': [<snowplow_tracker.self_describing_json.SelfDescribingJson object at 0x0000023C423EC8F0>]}
[0m18:48:03.633889 [warn ] [MainThread]: [[33mWARNING[0m]: Configuration paths exist in your dbt_project.yml file which do not apply to any resources.
There are 1 unused configuration paths:
- models.itsm_dbt.gold
[0m18:48:03.645328 [debug] [MainThread]: Sending event: {'category': 'dbt', 'action': 'load_project', 'label': 'e9eae48c-843e-4e3f-ad4d-d1a2cf81a5c2', 'context': [<snowplow_tracker.self_describing_json.SelfDescribingJson object at 0x0000023C4288EA80>]}
[0m18:48:03.749079 [debug] [MainThread]: Wrote artifact WritableManifest to C:\Users\ahmed\Desktop\data science\itsm_project\dbt_project\target\manifest.json
[0m18:48:03.755202 [debug] [MainThread]: Wrote artifact SemanticManifest to C:\Users\ahmed\Desktop\data science\itsm_project\dbt_project\target\semantic_manifest.json
[0m18:48:03.788465 [debug] [MainThread]: Sending event: {'category': 'dbt', 'action': 'resource_counts', 'label': 'e9eae48c-843e-4e3f-ad4d-d1a2cf81a5c2', 'context': [<snowplow_tracker.self_describing_json.SelfDescribingJson object at 0x0000023C4294E990>]}
[0m18:48:03.790473 [info ] [MainThread]: Found 1 model, 1 source, 476 macros
[0m18:48:03.792481 [debug] [MainThread]: Sending event: {'category': 'dbt', 'action': 'runnable_timing', 'label': 'e9eae48c-843e-4e3f-ad4d-d1a2cf81a5c2', 'context': [<snowplow_tracker.self_describing_json.SelfDescribingJson object at 0x0000023C42652780>]}
[0m18:48:03.792481 [info ] [MainThread]: 
[0m18:48:03.792481 [info ] [MainThread]: Concurrency: 4 threads (target='dev')
[0m18:48:03.798699 [info ] [MainThread]: 
[0m18:48:03.802466 [debug] [MainThread]: Acquiring new postgres connection 'master'
[0m18:48:03.803125 [debug] [ThreadPool]: Acquiring new postgres connection 'list_itsm_db'
[0m18:48:03.945206 [debug] [ThreadPool]: Using postgres connection "list_itsm_db"
[0m18:48:03.945206 [debug] [ThreadPool]: On list_itsm_db: /* {"app": "dbt", "dbt_version": "1.11.12", "profile_name": "itsm_dbt", "target_name": "dev", "connection_name": "list_itsm_db"} */

    select distinct nspname from pg_namespace
  
[0m18:48:03.945206 [debug] [ThreadPool]: Opening a new connection, currently in state init
[0m18:48:04.012408 [debug] [ThreadPool]: SQL status: SELECT 5 in 0.058 seconds
[0m18:48:04.016424 [debug] [ThreadPool]: On list_itsm_db: Close
[0m18:48:04.020441 [debug] [ThreadPool]: Re-using an available connection from the pool (formerly list_itsm_db, now create_itsm_db_silver)
[0m18:48:04.022449 [debug] [ThreadPool]: Creating schema "database: "itsm_db"
schema: "silver"
"
[0m18:48:04.029739 [debug] [ThreadPool]: Using postgres connection "create_itsm_db_silver"
[0m18:48:04.031747 [debug] [ThreadPool]: On create_itsm_db_silver: /* {"app": "dbt", "dbt_version": "1.11.12", "profile_name": "itsm_dbt", "target_name": "dev", "connection_name": "create_itsm_db_silver"} */
create schema if not exists "silver"
[0m18:48:04.031747 [debug] [ThreadPool]: Opening a new connection, currently in state closed
[0m18:48:04.087616 [debug] [ThreadPool]: SQL status: CREATE SCHEMA in 0.055 seconds
[0m18:48:04.089934 [debug] [ThreadPool]: On create_itsm_db_silver: COMMIT
[0m18:48:04.091942 [debug] [ThreadPool]: Using postgres connection "create_itsm_db_silver"
[0m18:48:04.091942 [debug] [ThreadPool]: On create_itsm_db_silver: COMMIT
[0m18:48:04.097062 [debug] [ThreadPool]: SQL status: COMMIT in 0.003 seconds
[0m18:48:04.099359 [debug] [ThreadPool]: On create_itsm_db_silver: Close
[0m18:48:04.099359 [debug] [ThreadPool]: Acquiring new postgres connection 'list_itsm_db_silver'
[0m18:48:04.109764 [debug] [ThreadPool]: Using postgres connection "list_itsm_db_silver"
[0m18:48:04.111768 [debug] [ThreadPool]: On list_itsm_db_silver: /* {"app": "dbt", "dbt_version": "1.11.12", "profile_name": "itsm_dbt", "target_name": "dev", "connection_name": "list_itsm_db_silver"} */
select
      'itsm_db' as database,
      tablename as name,
      schemaname as schema,
      'table' as type
    from pg_tables
    where schemaname ilike 'silver'
    union all
    select
      'itsm_db' as database,
      viewname as name,
      schemaname as schema,
      'view' as type
    from pg_views
    where schemaname ilike 'silver'
    union all
    select
      'itsm_db' as database,
      matviewname as name,
      schemaname as schema,
      'materialized_view' as type
    from pg_matviews
    where schemaname ilike 'silver'
  
[0m18:48:04.111768 [debug] [ThreadPool]: Opening a new connection, currently in state init
[0m18:48:04.167047 [debug] [ThreadPool]: SQL status: SELECT 0 in 0.069 seconds
[0m18:48:04.183129 [debug] [ThreadPool]: On list_itsm_db_silver: ROLLBACK
[0m18:48:04.183129 [debug] [ThreadPool]: On list_itsm_db_silver: Close
[0m18:48:04.201535 [debug] [MainThread]: Using postgres connection "master"
[0m18:48:04.203543 [debug] [MainThread]: On master: /* {"app": "dbt", "dbt_version": "1.11.12", "profile_name": "itsm_dbt", "target_name": "dev", "connection_name": "master"} */
select distinct
        dependent_namespace.nspname as dependent_schema,
        dependent_class.relname as dependent_name,
        referenced_namespace.nspname as referenced_schema,
        referenced_class.relname as referenced_name

    -- Query for views: views are entries in pg_class with an entry in pg_rewrite, but we avoid
    -- a seq scan on pg_rewrite by leveraging the fact there is an "internal" row in pg_depend for
    -- the view...
    from pg_class as dependent_class
    join pg_namespace as dependent_namespace on dependent_namespace.oid = dependent_class.relnamespace
    join pg_depend as dependent_depend on dependent_depend.refobjid = dependent_class.oid
        and dependent_depend.classid = 'pg_rewrite'::regclass
        and dependent_depend.refclassid = 'pg_class'::regclass
        and dependent_depend.deptype = 'i'

    -- ... and via pg_depend (that has a row per column, hence the need for "distinct" above, and
    -- making sure to exclude the internal row to avoid a view appearing to depend on itself)...
    join pg_depend as joining_depend on joining_depend.objid = dependent_depend.objid
        and joining_depend.classid = 'pg_rewrite'::regclass
        and joining_depend.refclassid = 'pg_class'::regclass
        and joining_depend.refobjid != dependent_depend.refobjid

    -- ... we can find the tables they query from in pg_class, but excluding system tables. Note we
    -- don't need need to exclude _dependent_ system tables, because they only query from other
    -- system tables, and so are automatically excluded by excluding _referenced_ system tables
    join pg_class as referenced_class on referenced_class.oid = joining_depend.refobjid
    join pg_namespace as referenced_namespace on referenced_namespace.oid = referenced_class.relnamespace
        and referenced_namespace.nspname != 'information_schema'
        and referenced_namespace.nspname not like 'pg\_%'

    order by
        dependent_schema, dependent_name, referenced_schema, referenced_name;
[0m18:48:04.203543 [debug] [MainThread]: Opening a new connection, currently in state init
[0m18:48:04.254443 [debug] [MainThread]: SQL status: SELECT 0 in 0.050 seconds
[0m18:48:04.254443 [debug] [MainThread]: Sending event: {'category': 'dbt', 'action': 'runnable_timing', 'label': 'e9eae48c-843e-4e3f-ad4d-d1a2cf81a5c2', 'context': [<snowplow_tracker.self_describing_json.SelfDescribingJson object at 0x0000023C423A6240>]}
[0m18:48:04.258136 [debug] [MainThread]: On master: ROLLBACK
[0m18:48:04.259778 [debug] [MainThread]: On master: COMMIT
[0m18:48:04.260919 [debug] [MainThread]: Using postgres connection "master"
[0m18:48:04.264110 [debug] [MainThread]: On master: COMMIT
[0m18:48:04.264110 [debug] [MainThread]: SQL status: COMMIT in 0.002 seconds
[0m18:48:04.267379 [debug] [MainThread]: On master: Close
[0m18:48:04.285445 [debug] [Thread-1 (]: Began running node model.itsm_dbt.silver_itsm_tickets
[0m18:48:04.287743 [info ] [Thread-1 (]: 1 of 1 START sql table model silver.silver_itsm_tickets ........................ [RUN]
[0m18:48:04.289789 [debug] [Thread-1 (]: Acquiring new postgres connection 'model.itsm_dbt.silver_itsm_tickets'
[0m18:48:04.292038 [debug] [Thread-1 (]: Began compiling node model.itsm_dbt.silver_itsm_tickets
[0m18:48:04.302208 [debug] [Thread-1 (]: Writing injected SQL for node "model.itsm_dbt.silver_itsm_tickets"
[0m18:48:04.311843 [debug] [Thread-1 (]: Began executing node model.itsm_dbt.silver_itsm_tickets
[0m18:48:04.371765 [debug] [Thread-1 (]: Writing runtime sql for node "model.itsm_dbt.silver_itsm_tickets"
[0m18:48:04.375077 [debug] [Thread-1 (]: Using postgres connection "model.itsm_dbt.silver_itsm_tickets"
[0m18:48:04.375077 [debug] [Thread-1 (]: On model.itsm_dbt.silver_itsm_tickets: /* {"app": "dbt", "dbt_version": "1.11.12", "profile_name": "itsm_dbt", "target_name": "dev", "node_id": "model.itsm_dbt.silver_itsm_tickets"} */

  
    

  create  table "itsm_db"."silver"."silver_itsm_tickets__dbt_tmp"
  
  
    as
  
  (
    /*
    silver_itsm_tickets.sql
    ------------------------
    ETAPE 2 : nettoyage des donnees (couche Silver).

    Ce modele part de bronze.itsm_tickets_raw (donnees brutes, tout en texte,
    non modifiees) et produit une version propre :
      - espaces superflus retires
      - valeurs vides transformees en vrai NULL (au lieu de chaines vides)
      - dates transformees de texte vers un vrai type TIMESTAMP
      - une ligne par ticket_id (protection anti-doublon)
      - Priority transforme aussi en version numerique ordonnee (priority_rank)
        pour faciliter les futurs tris/graphiques

    C'est l'equivalent SQL exact de ce qu'on avait fait avec pandas dans le
    notebook ITSM_Dataset_Organized.ipynb, mais cette fois le nettoyage vit
    dans la base de donnees et peut etre re-execute a tout moment avec `dbt run`.
*/

with source as (

    select * from "itsm_db"."bronze"."itsm_tickets_raw"

),

cleaned as (

    select
        nullif(trim(ticket_id), '')            as ticket_id,
        nullif(trim(status), '')                as status,
        nullif(trim(priority), '')              as priority,
        nullif(trim(source), '')                as source,
        nullif(trim(topic), '')                 as topic,
        nullif(trim(agent_group), '')           as agent_group,
        nullif(trim(product_group), '')         as product_group,

        -- Conversion des dates : texte "04/07/2024 12:42" -> vrai TIMESTAMP
        to_timestamp(nullif(trim(created_time), ''), 'DD/MM/YYYY HH24:MI')
            as created_time,
        to_timestamp(nullif(trim(expected_sla_to_resolve), ''), 'DD/MM/YYYY HH24:MI')
            as expected_sla_to_resolve,
        to_timestamp(nullif(trim(expected_sla_to_first_response), ''), 'DD/MM/YYYY HH24:MI')
            as expected_sla_to_first_response,
        to_timestamp(nullif(trim(first_response_time), ''), 'DD/MM/YYYY HH24:MI')
            as first_response_time,
        to_timestamp(nullif(trim(resolution_time), ''), 'DD/MM/YYYY HH24:MI')
            as resolution_time,
        to_timestamp(nullif(trim(close_time), ''), 'DD/MM/YYYY HH24:MI')
            as close_time,

        nullif(trim(incident_description), '') as incident_description,
        nullif(trim(solution_used), '')         as solution_used,

        -- Version numerique ordonnee de la priorite (utile pour trier/filtrer)
        case trim(priority)
            when 'Low'      then 1
            when 'Medium'   then 2
            when 'High'     then 3
            when 'Critical' then 4
            else null
        end as priority_rank,

        -- On garde une trace : est-ce que ce ticket a une solution renseignee ?
        (nullif(trim(solution_used), '') is not null) as has_solution

    from source

),

deduplicated as (

    select *,
        row_number() over (partition by ticket_id order by ticket_id) as row_num
    from cleaned
    where ticket_id is not null

)

select
    ticket_id,
    status,
    priority,
    priority_rank,
    source,
    topic,
    agent_group,
    product_group,
    created_time,
    expected_sla_to_resolve,
    expected_sla_to_first_response,
    first_response_time,
    resolution_time,
    close_time,
    incident_description,
    solution_used,
    has_solution
from deduplicated
where row_num = 1
  );
  
[0m18:48:04.375077 [debug] [Thread-1 (]: Opening a new connection, currently in state init
[0m18:48:06.643756 [debug] [Thread-1 (]: SQL status: SELECT 100000 in 2.267 seconds
[0m18:48:06.647412 [debug] [Thread-1 (]: Using postgres connection "model.itsm_dbt.silver_itsm_tickets"
[0m18:48:06.662825 [debug] [Thread-1 (]: On model.itsm_dbt.silver_itsm_tickets: /* {"app": "dbt", "dbt_version": "1.11.12", "profile_name": "itsm_dbt", "target_name": "dev", "node_id": "model.itsm_dbt.silver_itsm_tickets"} */
alter table "itsm_db"."silver"."silver_itsm_tickets__dbt_tmp" rename to "silver_itsm_tickets"
[0m18:48:06.662825 [debug] [Thread-1 (]: SQL status: ALTER TABLE in 0.002 seconds
[0m18:48:06.678831 [debug] [Thread-1 (]: On model.itsm_dbt.silver_itsm_tickets: COMMIT
[0m18:48:06.678831 [debug] [Thread-1 (]: Using postgres connection "model.itsm_dbt.silver_itsm_tickets"
[0m18:48:06.678831 [debug] [Thread-1 (]: On model.itsm_dbt.silver_itsm_tickets: COMMIT
[0m18:48:06.704485 [debug] [Thread-1 (]: SQL status: COMMIT in 0.013 seconds
[0m18:48:06.722137 [debug] [Thread-1 (]: Applying DROP to: "itsm_db"."silver"."silver_itsm_tickets__dbt_backup"
[0m18:48:06.731838 [debug] [Thread-1 (]: Using postgres connection "model.itsm_dbt.silver_itsm_tickets"
[0m18:48:06.731838 [debug] [Thread-1 (]: On model.itsm_dbt.silver_itsm_tickets: /* {"app": "dbt", "dbt_version": "1.11.12", "profile_name": "itsm_dbt", "target_name": "dev", "node_id": "model.itsm_dbt.silver_itsm_tickets"} */
drop table if exists "itsm_db"."silver"."silver_itsm_tickets__dbt_backup" cascade
[0m18:48:06.736306 [debug] [Thread-1 (]: SQL status: DROP TABLE in 0.002 seconds
[0m18:48:06.741600 [debug] [Thread-1 (]: On model.itsm_dbt.silver_itsm_tickets: Close
[0m18:48:06.747204 [debug] [Thread-1 (]: Sending event: {'category': 'dbt', 'action': 'run_model', 'label': 'e9eae48c-843e-4e3f-ad4d-d1a2cf81a5c2', 'context': [<snowplow_tracker.self_describing_json.SelfDescribingJson object at 0x0000023C40156BD0>]}
[0m18:48:06.749429 [info ] [Thread-1 (]: 1 of 1 OK created sql table model silver.silver_itsm_tickets ................... [[32mSELECT 100000[0m in 2.45s]
[0m18:48:06.753128 [debug] [Thread-1 (]: Finished running node model.itsm_dbt.silver_itsm_tickets
[0m18:48:06.757741 [debug] [MainThread]: On master: COMMIT
[0m18:48:06.758341 [debug] [MainThread]: Using postgres connection "master"
[0m18:48:06.759578 [debug] [MainThread]: On master: COMMIT
[0m18:48:06.761240 [debug] [MainThread]: Opening a new connection, currently in state closed
[0m18:48:06.793696 [debug] [MainThread]: SQL status: COMMIT in 0.033 seconds
[0m18:48:06.795779 [debug] [MainThread]: On master: Close
[0m18:48:06.797850 [debug] [MainThread]: Connection 'master' was properly closed.
[0m18:48:06.797850 [debug] [MainThread]: Connection 'create_itsm_db_silver' was properly closed.
[0m18:48:06.797850 [debug] [MainThread]: Connection 'list_itsm_db_silver' was properly closed.
[0m18:48:06.802672 [debug] [MainThread]: Connection 'model.itsm_dbt.silver_itsm_tickets' was properly closed.
[0m18:48:06.805615 [info ] [MainThread]: 
[0m18:48:06.805615 [info ] [MainThread]: Finished running 1 table model in 0 hours 0 minutes and 3.01 seconds (3.01s).
[0m18:48:06.805615 [debug] [MainThread]: Command end result
[0m18:48:06.859095 [debug] [MainThread]: Wrote artifact WritableManifest to C:\Users\ahmed\Desktop\data science\itsm_project\dbt_project\target\manifest.json
[0m18:48:06.865116 [debug] [MainThread]: Wrote artifact SemanticManifest to C:\Users\ahmed\Desktop\data science\itsm_project\dbt_project\target\semantic_manifest.json
[0m18:48:06.878164 [debug] [MainThread]: Wrote artifact RunExecutionResult to C:\Users\ahmed\Desktop\data science\itsm_project\dbt_project\target\run_results.json
[0m18:48:06.880174 [info ] [MainThread]: 
[0m18:48:06.882187 [info ] [MainThread]: [32mCompleted successfully[0m
[0m18:48:06.883957 [info ] [MainThread]: 
[0m18:48:06.883957 [info ] [MainThread]: Done. PASS=1 WARN=0 ERROR=0 SKIP=0 NO-OP=0 TOTAL=1
[0m18:48:06.883957 [debug] [MainThread]: Command `dbt run` succeeded at 18:48:06.883957 after 7.10 seconds
[0m18:48:06.883957 [debug] [MainThread]: Sending event: {'category': 'dbt', 'action': 'invocation', 'label': 'end', 'context': [<snowplow_tracker.self_describing_json.SelfDescribingJson object at 0x0000023C3DFE6600>, <snowplow_tracker.self_describing_json.SelfDescribingJson object at 0x0000023C40B03770>, <snowplow_tracker.self_describing_json.SelfDescribingJson object at 0x0000023C40B03B60>]}
[0m18:48:06.883957 [debug] [MainThread]: Flushing usage events
[0m18:48:08.269718 [debug] [MainThread]: An error was encountered while trying to flush usage events
[0m22:21:36.687917 [debug] [MainThread]: Sending event: {'category': 'dbt', 'action': 'invocation', 'label': 'start', 'context': [<snowplow_tracker.self_describing_json.SelfDescribingJson object at 0x00000267D5B79EB0>, <snowplow_tracker.self_describing_json.SelfDescribingJson object at 0x00000267D6035C70>, <snowplow_tracker.self_describing_json.SelfDescribingJson object at 0x00000267D3160860>]}


============================== 22:21:36.693684 | 08ddcc70-2c0a-42c1-b5b3-348cc69f7d05 ==============================
[0m22:21:36.693684 [info ] [MainThread]: Running with dbt=1.11.12
[0m22:21:36.694299 [debug] [MainThread]: running dbt with arguments {'static_parser': 'True', 'no_print': 'None', 'version_check': 'True', 'target_path': 'None', 'warn_error_options': 'WarnErrorOptionsV2(error=[], warn=[], silence=[])', 'printer_width': '80', 'write_json': 'True', 'empty': 'False', 'log_cache_events': 'False', 'introspect': 'True', 'cache_selected_only': 'False', 'fail_fast': 'False', 'debug': 'False', 'log_format': 'default', 'profiles_dir': '.', 'send_anonymous_usage_stats': 'True', 'quiet': 'False', 'warn_error': 'None', 'partial_parse': 'True', 'indirect_selection': 'eager', 'invocation_command': 'dbt run --profiles-dir .', 'use_colors': 'True', 'use_experimental_parser': 'False', 'log_path': 'C:\\Users\\ahmed\\Desktop\\data science\\itsm_project\\dbt_project\\logs'}
[0m22:21:36.947807 [debug] [MainThread]: Sending event: {'category': 'dbt', 'action': 'project_id', 'label': '08ddcc70-2c0a-42c1-b5b3-348cc69f7d05', 'context': [<snowplow_tracker.self_describing_json.SelfDescribingJson object at 0x00000267D3ADE540>]}
[0m22:21:37.045752 [debug] [MainThread]: Sending event: {'category': 'dbt', 'action': 'adapter_info', 'label': '08ddcc70-2c0a-42c1-b5b3-348cc69f7d05', 'context': [<snowplow_tracker.self_describing_json.SelfDescribingJson object at 0x00000267D65E7F80>]}
[0m22:21:37.049612 [info ] [MainThread]: Registered adapter: postgres=1.10.2
[0m22:21:37.549535 [debug] [MainThread]: checksum: f368f5348cf42803b94ef7fb8257ecf3bf9a9a16dd9c8c51fe5172f2dbeb457f, vars: {}, profile: , target: , version: 1.11.12
[0m22:21:37.723700 [debug] [MainThread]: Partial parsing enabled: 0 files deleted, 0 files added, 0 files changed.
[0m22:21:37.723700 [debug] [MainThread]: Nothing changed, skipping partial parsing.
[0m22:21:37.738938 [debug] [MainThread]: Partial parsing enabled, no changes found, skipping parsing
[0m22:21:37.738938 [warn ] [MainThread]: [[33mWARNING[0m]: Configuration paths exist in your dbt_project.yml file which do not apply to any resources.
There are 1 unused configuration paths:
- models.itsm_dbt.gold
[0m22:21:37.770635 [debug] [MainThread]: Sending event: {'category': 'dbt', 'action': 'load_project', 'label': '08ddcc70-2c0a-42c1-b5b3-348cc69f7d05', 'context': [<snowplow_tracker.self_describing_json.SelfDescribingJson object at 0x00000267D81AB2F0>]}
[0m22:21:37.876867 [debug] [MainThread]: Wrote artifact WritableManifest to C:\Users\ahmed\Desktop\data science\itsm_project\dbt_project\target\manifest.json
[0m22:21:37.881885 [debug] [MainThread]: Wrote artifact SemanticManifest to C:\Users\ahmed\Desktop\data science\itsm_project\dbt_project\target\semantic_manifest.json
[0m22:21:37.897940 [debug] [MainThread]: Sending event: {'category': 'dbt', 'action': 'resource_counts', 'label': '08ddcc70-2c0a-42c1-b5b3-348cc69f7d05', 'context': [<snowplow_tracker.self_describing_json.SelfDescribingJson object at 0x00000267D835D910>]}
[0m22:21:37.898569 [info ] [MainThread]: Found 1 model, 1 source, 476 macros
[0m22:21:37.898569 [debug] [MainThread]: Sending event: {'category': 'dbt', 'action': 'runnable_timing', 'label': '08ddcc70-2c0a-42c1-b5b3-348cc69f7d05', 'context': [<snowplow_tracker.self_describing_json.SelfDescribingJson object at 0x00000267D83570E0>]}
[0m22:21:37.902590 [info ] [MainThread]: 
[0m22:21:37.904599 [info ] [MainThread]: Concurrency: 4 threads (target='dev')
[0m22:21:37.904599 [info ] [MainThread]: 
[0m22:21:37.906607 [debug] [MainThread]: Acquiring new postgres connection 'master'
[0m22:21:37.908613 [debug] [ThreadPool]: Acquiring new postgres connection 'list_itsm_db'
[0m22:21:38.059029 [debug] [ThreadPool]: Using postgres connection "list_itsm_db"
[0m22:21:38.059029 [debug] [ThreadPool]: On list_itsm_db: /* {"app": "dbt", "dbt_version": "1.11.12", "profile_name": "itsm_dbt", "target_name": "dev", "connection_name": "list_itsm_db"} */

    select distinct nspname from pg_namespace
  
[0m22:21:38.059029 [debug] [ThreadPool]: Opening a new connection, currently in state init
[0m22:21:38.090524 [debug] [ThreadPool]: SQL status: SELECT 6 in 0.030 seconds
[0m22:21:38.094049 [debug] [ThreadPool]: On list_itsm_db: Close
[0m22:21:38.096056 [debug] [ThreadPool]: Acquiring new postgres connection 'list_itsm_db_silver'
[0m22:21:38.103428 [debug] [ThreadPool]: Using postgres connection "list_itsm_db_silver"
[0m22:21:38.103428 [debug] [ThreadPool]: On list_itsm_db_silver: /* {"app": "dbt", "dbt_version": "1.11.12", "profile_name": "itsm_dbt", "target_name": "dev", "connection_name": "list_itsm_db_silver"} */
select
      'itsm_db' as database,
      tablename as name,
      schemaname as schema,
      'table' as type
    from pg_tables
    where schemaname ilike 'silver'
    union all
    select
      'itsm_db' as database,
      viewname as name,
      schemaname as schema,
      'view' as type
    from pg_views
    where schemaname ilike 'silver'
    union all
    select
      'itsm_db' as database,
      matviewname as name,
      schemaname as schema,
      'materialized_view' as type
    from pg_matviews
    where schemaname ilike 'silver'
  
[0m22:21:38.103428 [debug] [ThreadPool]: Opening a new connection, currently in state init
[0m22:21:38.134538 [debug] [ThreadPool]: SQL status: SELECT 1 in 0.031 seconds
[0m22:21:38.134538 [debug] [ThreadPool]: On list_itsm_db_silver: ROLLBACK
[0m22:21:38.134538 [debug] [ThreadPool]: On list_itsm_db_silver: Close
[0m22:21:38.150649 [debug] [MainThread]: Using postgres connection "master"
[0m22:21:38.150649 [debug] [MainThread]: On master: /* {"app": "dbt", "dbt_version": "1.11.12", "profile_name": "itsm_dbt", "target_name": "dev", "connection_name": "master"} */
select distinct
        dependent_namespace.nspname as dependent_schema,
        dependent_class.relname as dependent_name,
        referenced_namespace.nspname as referenced_schema,
        referenced_class.relname as referenced_name

    -- Query for views: views are entries in pg_class with an entry in pg_rewrite, but we avoid
    -- a seq scan on pg_rewrite by leveraging the fact there is an "internal" row in pg_depend for
    -- the view...
    from pg_class as dependent_class
    join pg_namespace as dependent_namespace on dependent_namespace.oid = dependent_class.relnamespace
    join pg_depend as dependent_depend on dependent_depend.refobjid = dependent_class.oid
        and dependent_depend.classid = 'pg_rewrite'::regclass
        and dependent_depend.refclassid = 'pg_class'::regclass
        and dependent_depend.deptype = 'i'

    -- ... and via pg_depend (that has a row per column, hence the need for "distinct" above, and
    -- making sure to exclude the internal row to avoid a view appearing to depend on itself)...
    join pg_depend as joining_depend on joining_depend.objid = dependent_depend.objid
        and joining_depend.classid = 'pg_rewrite'::regclass
        and joining_depend.refclassid = 'pg_class'::regclass
        and joining_depend.refobjid != dependent_depend.refobjid

    -- ... we can find the tables they query from in pg_class, but excluding system tables. Note we
    -- don't need need to exclude _dependent_ system tables, because they only query from other
    -- system tables, and so are automatically excluded by excluding _referenced_ system tables
    join pg_class as referenced_class on referenced_class.oid = joining_depend.refobjid
    join pg_namespace as referenced_namespace on referenced_namespace.oid = referenced_class.relnamespace
        and referenced_namespace.nspname != 'information_schema'
        and referenced_namespace.nspname not like 'pg\_%'

    order by
        dependent_schema, dependent_name, referenced_schema, referenced_name;
[0m22:21:38.150649 [debug] [MainThread]: Opening a new connection, currently in state init
[0m22:21:38.189993 [debug] [MainThread]: SQL status: SELECT 0 in 0.037 seconds
[0m22:21:38.191999 [debug] [MainThread]: Sending event: {'category': 'dbt', 'action': 'runnable_timing', 'label': '08ddcc70-2c0a-42c1-b5b3-348cc69f7d05', 'context': [<snowplow_tracker.self_describing_json.SelfDescribingJson object at 0x00000267D886CBF0>]}
[0m22:21:38.191999 [debug] [MainThread]: On master: ROLLBACK
[0m22:21:38.194004 [debug] [MainThread]: On master: COMMIT
[0m22:21:38.196011 [debug] [MainThread]: Using postgres connection "master"
[0m22:21:38.196011 [debug] [MainThread]: On master: COMMIT
[0m22:21:38.199763 [debug] [MainThread]: SQL status: COMMIT in 0.001 seconds
[0m22:21:38.201769 [debug] [MainThread]: On master: Close
[0m22:21:38.201769 [debug] [Thread-1 (]: Began running node model.itsm_dbt.silver_itsm_tickets
[0m22:21:38.201769 [info ] [Thread-1 (]: 1 of 1 START sql table model silver.silver_itsm_tickets ........................ [RUN]
[0m22:21:38.201769 [debug] [Thread-1 (]: Acquiring new postgres connection 'model.itsm_dbt.silver_itsm_tickets'
[0m22:21:38.210556 [debug] [Thread-1 (]: Began compiling node model.itsm_dbt.silver_itsm_tickets
[0m22:21:38.213572 [debug] [Thread-1 (]: Writing injected SQL for node "model.itsm_dbt.silver_itsm_tickets"
[0m22:21:38.213572 [debug] [Thread-1 (]: Began executing node model.itsm_dbt.silver_itsm_tickets
[0m22:21:38.261481 [debug] [Thread-1 (]: Writing runtime sql for node "model.itsm_dbt.silver_itsm_tickets"
[0m22:21:38.276305 [debug] [Thread-1 (]: Using postgres connection "model.itsm_dbt.silver_itsm_tickets"
[0m22:21:38.280343 [debug] [Thread-1 (]: On model.itsm_dbt.silver_itsm_tickets: /* {"app": "dbt", "dbt_version": "1.11.12", "profile_name": "itsm_dbt", "target_name": "dev", "node_id": "model.itsm_dbt.silver_itsm_tickets"} */

  
    

  create  table "itsm_db"."silver"."silver_itsm_tickets__dbt_tmp"
  
  
    as
  
  (
    /*
    silver_itsm_tickets.sql
    ------------------------
    ETAPE 2 : nettoyage des donnees (couche Silver).

    Ce modele part de bronze.itsm_tickets_raw (donnees brutes, tout en texte,
    non modifiees) et produit une version propre :
      - espaces superflus retires
      - valeurs vides transformees en vrai NULL (au lieu de chaines vides)
      - dates transformees de texte vers un vrai type TIMESTAMP
      - une ligne par ticket_id (protection anti-doublon)
      - Priority transforme aussi en version numerique ordonnee (priority_rank)
        pour faciliter les futurs tris/graphiques

    C'est l'equivalent SQL exact de ce qu'on avait fait avec pandas dans le
    notebook ITSM_Dataset_Organized.ipynb, mais cette fois le nettoyage vit
    dans la base de donnees et peut etre re-execute a tout moment avec `dbt run`.
*/

with source as (

    select * from "itsm_db"."bronze"."itsm_tickets_raw"

),

cleaned as (

    select
        nullif(trim(ticket_id), '')            as ticket_id,
        nullif(trim(status), '')                as status,
        nullif(trim(priority), '')              as priority,
        nullif(trim(source), '')                as source,
        nullif(trim(topic), '')                 as topic,
        nullif(trim(agent_group), '')           as agent_group,
        nullif(trim(product_group), '')         as product_group,

        -- Conversion des dates : texte "04/07/2024 12:42" -> vrai TIMESTAMP
        to_timestamp(nullif(trim(created_time), ''), 'DD/MM/YYYY HH24:MI')
            as created_time,
        to_timestamp(nullif(trim(expected_sla_to_resolve), ''), 'DD/MM/YYYY HH24:MI')
            as expected_sla_to_resolve,
        to_timestamp(nullif(trim(expected_sla_to_first_response), ''), 'DD/MM/YYYY HH24:MI')
            as expected_sla_to_first_response,
        to_timestamp(nullif(trim(first_response_time), ''), 'DD/MM/YYYY HH24:MI')
            as first_response_time,
        to_timestamp(nullif(trim(resolution_time), ''), 'DD/MM/YYYY HH24:MI')
            as resolution_time,
        to_timestamp(nullif(trim(close_time), ''), 'DD/MM/YYYY HH24:MI')
            as close_time,

        nullif(trim(incident_description), '') as incident_description,
        nullif(trim(solution_used), '')         as solution_used,

        -- Version numerique ordonnee de la priorite (utile pour trier/filtrer)
        case trim(priority)
            when 'Low'      then 1
            when 'Medium'   then 2
            when 'High'     then 3
            when 'Critical' then 4
            else null
        end as priority_rank,

        -- On garde une trace : est-ce que ce ticket a une solution renseignee ?
        (nullif(trim(solution_used), '') is not null) as has_solution

    from source

),

deduplicated as (

    select *,
        row_number() over (partition by ticket_id order by ticket_id) as row_num
    from cleaned
    where ticket_id is not null

)

select
    ticket_id,
    status,
    priority,
    priority_rank,
    source,
    topic,
    agent_group,
    product_group,
    created_time,
    expected_sla_to_resolve,
    expected_sla_to_first_response,
    first_response_time,
    resolution_time,
    close_time,
    incident_description,
    solution_used,
    has_solution
from deduplicated
where row_num = 1
  );
  
[0m22:21:38.282353 [debug] [Thread-1 (]: Opening a new connection, currently in state init
[0m22:21:40.164052 [debug] [Thread-1 (]: SQL status: SELECT 100000 in 1.881 seconds
[0m22:21:40.188073 [debug] [Thread-1 (]: Using postgres connection "model.itsm_dbt.silver_itsm_tickets"
[0m22:21:40.190269 [debug] [Thread-1 (]: On model.itsm_dbt.silver_itsm_tickets: /* {"app": "dbt", "dbt_version": "1.11.12", "profile_name": "itsm_dbt", "target_name": "dev", "node_id": "model.itsm_dbt.silver_itsm_tickets"} */
alter table "itsm_db"."silver"."silver_itsm_tickets" rename to "silver_itsm_tickets__dbt_backup"
[0m22:21:40.194064 [debug] [Thread-1 (]: SQL status: ALTER TABLE in 0.002 seconds
[0m22:21:40.199963 [debug] [Thread-1 (]: Using postgres connection "model.itsm_dbt.silver_itsm_tickets"
[0m22:21:40.201586 [debug] [Thread-1 (]: On model.itsm_dbt.silver_itsm_tickets: /* {"app": "dbt", "dbt_version": "1.11.12", "profile_name": "itsm_dbt", "target_name": "dev", "node_id": "model.itsm_dbt.silver_itsm_tickets"} */
alter table "itsm_db"."silver"."silver_itsm_tickets__dbt_tmp" rename to "silver_itsm_tickets"
[0m22:21:40.204476 [debug] [Thread-1 (]: SQL status: ALTER TABLE in 0.001 seconds
[0m22:21:40.231371 [debug] [Thread-1 (]: On model.itsm_dbt.silver_itsm_tickets: COMMIT
[0m22:21:40.231371 [debug] [Thread-1 (]: Using postgres connection "model.itsm_dbt.silver_itsm_tickets"
[0m22:21:40.231371 [debug] [Thread-1 (]: On model.itsm_dbt.silver_itsm_tickets: COMMIT
[0m22:21:40.250847 [debug] [Thread-1 (]: SQL status: COMMIT in 0.016 seconds
[0m22:21:40.250847 [debug] [Thread-1 (]: Applying DROP to: "itsm_db"."silver"."silver_itsm_tickets__dbt_backup"
[0m22:21:40.267570 [debug] [Thread-1 (]: Using postgres connection "model.itsm_dbt.silver_itsm_tickets"
[0m22:21:40.267570 [debug] [Thread-1 (]: On model.itsm_dbt.silver_itsm_tickets: /* {"app": "dbt", "dbt_version": "1.11.12", "profile_name": "itsm_dbt", "target_name": "dev", "node_id": "model.itsm_dbt.silver_itsm_tickets"} */
drop table if exists "itsm_db"."silver"."silver_itsm_tickets__dbt_backup" cascade
[0m22:21:40.282632 [debug] [Thread-1 (]: SQL status: DROP TABLE in 0.015 seconds
[0m22:21:40.289033 [debug] [Thread-1 (]: On model.itsm_dbt.silver_itsm_tickets: Close
[0m22:21:40.289033 [debug] [Thread-1 (]: Sending event: {'category': 'dbt', 'action': 'run_model', 'label': '08ddcc70-2c0a-42c1-b5b3-348cc69f7d05', 'context': [<snowplow_tracker.self_describing_json.SelfDescribingJson object at 0x00000267D8130560>]}
[0m22:21:40.294663 [info ] [Thread-1 (]: 1 of 1 OK created sql table model silver.silver_itsm_tickets ................... [[32mSELECT 100000[0m in 2.09s]
[0m22:21:40.296677 [debug] [Thread-1 (]: Finished running node model.itsm_dbt.silver_itsm_tickets
[0m22:21:40.298745 [debug] [MainThread]: On master: COMMIT
[0m22:21:40.298745 [debug] [MainThread]: Using postgres connection "master"
[0m22:21:40.298745 [debug] [MainThread]: On master: COMMIT
[0m22:21:40.298745 [debug] [MainThread]: Opening a new connection, currently in state closed
[0m22:21:40.324783 [debug] [MainThread]: SQL status: COMMIT in 0.026 seconds
[0m22:21:40.330244 [debug] [MainThread]: On master: Close
[0m22:21:40.330858 [debug] [MainThread]: Connection 'master' was properly closed.
[0m22:21:40.330858 [debug] [MainThread]: Connection 'list_itsm_db' was properly closed.
[0m22:21:40.330858 [debug] [MainThread]: Connection 'list_itsm_db_silver' was properly closed.
[0m22:21:40.330858 [debug] [MainThread]: Connection 'model.itsm_dbt.silver_itsm_tickets' was properly closed.
[0m22:21:40.337167 [info ] [MainThread]: 
[0m22:21:40.337167 [info ] [MainThread]: Finished running 1 table model in 0 hours 0 minutes and 2.43 seconds (2.43s).
[0m22:21:40.339853 [debug] [MainThread]: Command end result
[0m22:21:40.377519 [debug] [MainThread]: Wrote artifact WritableManifest to C:\Users\ahmed\Desktop\data science\itsm_project\dbt_project\target\manifest.json
[0m22:21:40.377519 [debug] [MainThread]: Wrote artifact SemanticManifest to C:\Users\ahmed\Desktop\data science\itsm_project\dbt_project\target\semantic_manifest.json
[0m22:21:40.377519 [debug] [MainThread]: Wrote artifact RunExecutionResult to C:\Users\ahmed\Desktop\data science\itsm_project\dbt_project\target\run_results.json
[0m22:21:40.377519 [info ] [MainThread]: 
[0m22:21:40.393168 [info ] [MainThread]: [32mCompleted successfully[0m
[0m22:21:40.393168 [info ] [MainThread]: 
[0m22:21:40.395176 [info ] [MainThread]: Done. PASS=1 WARN=0 ERROR=0 SKIP=0 NO-OP=0 TOTAL=1
[0m22:21:40.395176 [debug] [MainThread]: Command `dbt run` succeeded at 22:21:40.395176 after 3.89 seconds
[0m22:21:40.395176 [debug] [MainThread]: Sending event: {'category': 'dbt', 'action': 'invocation', 'label': 'end', 'context': [<snowplow_tracker.self_describing_json.SelfDescribingJson object at 0x00000267D6EFF7D0>, <snowplow_tracker.self_describing_json.SelfDescribingJson object at 0x00000267D6DA83B0>, <snowplow_tracker.self_describing_json.SelfDescribingJson object at 0x00000267D6DA8CE0>]}
[0m22:21:40.395176 [debug] [MainThread]: Flushing usage events
[0m22:21:41.333267 [debug] [MainThread]: An error was encountered while trying to flush usage events
[0m22:33:01.146103 [debug] [MainThread]: Sending event: {'category': 'dbt', 'action': 'invocation', 'label': 'start', 'context': [<snowplow_tracker.self_describing_json.SelfDescribingJson object at 0x00000229913000B0>, <snowplow_tracker.self_describing_json.SelfDescribingJson object at 0x0000022991179CA0>, <snowplow_tracker.self_describing_json.SelfDescribingJson object at 0x000002298DBE16A0>]}


============================== 22:33:01.154912 | d772a87b-f429-477f-905b-5a5be7509320 ==============================
[0m22:33:01.154912 [info ] [MainThread]: Running with dbt=1.11.12
[0m22:33:01.156920 [debug] [MainThread]: running dbt with arguments {'version_check': 'True', 'no_print': 'None', 'static_parser': 'True', 'warn_error_options': 'WarnErrorOptionsV2(error=[], warn=[], silence=[])', 'target_path': 'None', 'printer_width': '80', 'write_json': 'True', 'empty': 'False', 'log_cache_events': 'False', 'introspect': 'True', 'cache_selected_only': 'False', 'fail_fast': 'False', 'debug': 'False', 'log_format': 'default', 'partial_parse': 'True', 'send_anonymous_usage_stats': 'True', 'quiet': 'False', 'warn_error': 'None', 'profiles_dir': '.', 'invocation_command': 'dbt run --profiles-dir .', 'indirect_selection': 'eager', 'use_colors': 'True', 'use_experimental_parser': 'False', 'log_path': 'C:\\Users\\ahmed\\Desktop\\data science\\itsm_project\\dbt_project\\logs'}
[0m22:33:01.412662 [debug] [MainThread]: Sending event: {'category': 'dbt', 'action': 'project_id', 'label': 'd772a87b-f429-477f-905b-5a5be7509320', 'context': [<snowplow_tracker.self_describing_json.SelfDescribingJson object at 0x00000229919EFAA0>]}
[0m22:33:01.496133 [debug] [MainThread]: Sending event: {'category': 'dbt', 'action': 'adapter_info', 'label': 'd772a87b-f429-477f-905b-5a5be7509320', 'context': [<snowplow_tracker.self_describing_json.SelfDescribingJson object at 0x00000229913000B0>]}
[0m22:33:01.496133 [info ] [MainThread]: Registered adapter: postgres=1.10.2
[0m22:33:02.052807 [debug] [MainThread]: checksum: f368f5348cf42803b94ef7fb8257ecf3bf9a9a16dd9c8c51fe5172f2dbeb457f, vars: {}, profile: , target: , version: 1.11.12
[0m22:33:02.145527 [info ] [MainThread]: Unable to do partial parsing because profile has changed
[0m22:33:02.160331 [debug] [MainThread]: Sending event: {'category': 'dbt', 'action': 'partial_parser', 'label': 'd772a87b-f429-477f-905b-5a5be7509320', 'context': [<snowplow_tracker.self_describing_json.SelfDescribingJson object at 0x000002299113F800>]}
[0m22:33:03.644802 [debug] [MainThread]: Sending event: {'category': 'dbt', 'action': 'load_project', 'label': 'd772a87b-f429-477f-905b-5a5be7509320', 'context': [<snowplow_tracker.self_describing_json.SelfDescribingJson object at 0x0000022992BC1F70>]}
[0m22:33:03.744924 [debug] [MainThread]: Wrote artifact WritableManifest to C:\Users\ahmed\Desktop\data science\itsm_project\dbt_project\target\manifest.json
[0m22:33:03.744924 [debug] [MainThread]: Wrote artifact SemanticManifest to C:\Users\ahmed\Desktop\data science\itsm_project\dbt_project\target\semantic_manifest.json
[0m22:33:03.763486 [debug] [MainThread]: Sending event: {'category': 'dbt', 'action': 'resource_counts', 'label': 'd772a87b-f429-477f-905b-5a5be7509320', 'context': [<snowplow_tracker.self_describing_json.SelfDescribingJson object at 0x00000229931FD880>]}
[0m22:33:03.763486 [info ] [MainThread]: Found 2 models, 1 source, 476 macros
[0m22:33:03.763486 [debug] [MainThread]: Sending event: {'category': 'dbt', 'action': 'runnable_timing', 'label': 'd772a87b-f429-477f-905b-5a5be7509320', 'context': [<snowplow_tracker.self_describing_json.SelfDescribingJson object at 0x000002299329C4A0>]}
[0m22:33:03.763486 [info ] [MainThread]: 
[0m22:33:03.763486 [info ] [MainThread]: Concurrency: 4 threads (target='dev')
[0m22:33:03.763486 [info ] [MainThread]: 
[0m22:33:03.763486 [debug] [MainThread]: Acquiring new postgres connection 'master'
[0m22:33:03.778097 [debug] [ThreadPool]: Acquiring new postgres connection 'list_itsm_db'
[0m22:33:03.778097 [debug] [ThreadPool]: Acquiring new postgres connection 'list_itsm_db'
[0m22:33:03.942780 [debug] [ThreadPool]: Using postgres connection "list_itsm_db"
[0m22:33:03.942780 [debug] [ThreadPool]: Using postgres connection "list_itsm_db"
[0m22:33:03.942780 [debug] [ThreadPool]: On list_itsm_db: /* {"app": "dbt", "dbt_version": "1.11.12", "profile_name": "itsm_dbt", "target_name": "dev", "connection_name": "list_itsm_db"} */

    select distinct nspname from pg_namespace
  
[0m22:33:03.942780 [debug] [ThreadPool]: On list_itsm_db: /* {"app": "dbt", "dbt_version": "1.11.12", "profile_name": "itsm_dbt", "target_name": "dev", "connection_name": "list_itsm_db"} */

    select distinct nspname from pg_namespace
  
[0m22:33:03.942780 [debug] [ThreadPool]: Opening a new connection, currently in state init
[0m22:33:03.942780 [debug] [ThreadPool]: Opening a new connection, currently in state init
[0m22:33:08.019906 [debug] [ThreadPool]: Postgres adapter: Got a retryable error when attempting to open a postgres connection.
1 attempts remaining. Retrying in 0 seconds.
Error:
connection to server at "localhost" (::1), port 5433 failed: Connection refused (0x0000274D/10061)
	Is the server running on that host and accepting TCP/IP connections?
connection to server at "localhost" (127.0.0.1), port 5433 failed: Connection refused (0x0000274D/10061)
	Is the server running on that host and accepting TCP/IP connections?

[0m22:33:08.019906 [debug] [ThreadPool]: Postgres adapter: Got a retryable error when attempting to open a postgres connection.
1 attempts remaining. Retrying in 0 seconds.
Error:
connection to server at "localhost" (::1), port 5433 failed: Connection refused (0x0000274D/10061)
	Is the server running on that host and accepting TCP/IP connections?
connection to server at "localhost" (127.0.0.1), port 5433 failed: Connection refused (0x0000274D/10061)
	Is the server running on that host and accepting TCP/IP connections?

[0m22:33:12.090149 [debug] [ThreadPool]: Postgres adapter: Error running SQL: /* {"app": "dbt", "dbt_version": "1.11.12", "profile_name": "itsm_dbt", "target_name": "dev", "connection_name": "list_itsm_db"} */

    select distinct nspname from pg_namespace
  
[0m22:33:12.095837 [debug] [ThreadPool]: Postgres adapter: Rolling back transaction.
[0m22:33:12.097445 [debug] [ThreadPool]: Postgres adapter: Error running SQL: macro list_schemas
[0m22:33:12.098501 [debug] [ThreadPool]: Postgres adapter: Rolling back transaction.
[0m22:33:12.100185 [debug] [ThreadPool]: On list_itsm_db: No close available on handle
[0m22:33:12.108589 [debug] [ThreadPool]: Postgres adapter: Error running SQL: /* {"app": "dbt", "dbt_version": "1.11.12", "profile_name": "itsm_dbt", "target_name": "dev", "connection_name": "list_itsm_db"} */

    select distinct nspname from pg_namespace
  
[0m22:33:12.110595 [debug] [ThreadPool]: Postgres adapter: Rolling back transaction.
[0m22:33:12.110595 [debug] [ThreadPool]: Postgres adapter: Error running SQL: macro list_schemas
[0m22:33:12.110595 [debug] [ThreadPool]: Postgres adapter: Rolling back transaction.
[0m22:33:12.110595 [debug] [ThreadPool]: On list_itsm_db: No close available on handle
[0m22:33:12.115360 [debug] [MainThread]: Connection 'master' was properly closed.
[0m22:33:12.117367 [debug] [MainThread]: Connection 'list_itsm_db' was properly closed.
[0m22:33:12.117367 [debug] [MainThread]: Connection 'list_itsm_db' was properly closed.
[0m22:33:12.117367 [info ] [MainThread]: 
[0m22:33:12.119374 [info ] [MainThread]: Finished running  in 0 hours 0 minutes and 8.35 seconds (8.35s).
[0m22:33:12.119374 [error] [MainThread]: Encountered an error:
Database Error
  connection to server at "localhost" (::1), port 5433 failed: Connection refused (0x0000274D/10061)
  	Is the server running on that host and accepting TCP/IP connections?
  connection to server at "localhost" (127.0.0.1), port 5433 failed: Connection refused (0x0000274D/10061)
  	Is the server running on that host and accepting TCP/IP connections?
  
[0m22:33:12.125938 [debug] [MainThread]: Command `dbt run` failed at 22:33:12.125938 after 11.22 seconds
[0m22:33:12.126918 [debug] [MainThread]: Sending event: {'category': 'dbt', 'action': 'invocation', 'label': 'end', 'context': [<snowplow_tracker.self_describing_json.SelfDescribingJson object at 0x000002298E4E1190>, <snowplow_tracker.self_describing_json.SelfDescribingJson object at 0x00000229930F4EF0>, <snowplow_tracker.self_describing_json.SelfDescribingJson object at 0x0000022992BC0830>]}
[0m22:33:12.130826 [debug] [MainThread]: Flushing usage events
[0m22:33:13.223356 [debug] [MainThread]: An error was encountered while trying to flush usage events
[0m22:34:44.563452 [debug] [MainThread]: Sending event: {'category': 'dbt', 'action': 'invocation', 'label': 'start', 'context': [<snowplow_tracker.self_describing_json.SelfDescribingJson object at 0x00000207CF9C5D00>, <snowplow_tracker.self_describing_json.SelfDescribingJson object at 0x00000207CD861190>, <snowplow_tracker.self_describing_json.SelfDescribingJson object at 0x00000207D0355130>]}


============================== 22:34:44.575366 | 0e745cc3-9525-4a51-b420-8cb2b81694c1 ==============================
[0m22:34:44.575366 [info ] [MainThread]: Running with dbt=1.11.12
[0m22:34:44.575366 [debug] [MainThread]: running dbt with arguments {'static_parser': 'True', 'no_print': 'None', 'version_check': 'True', 'warn_error_options': 'WarnErrorOptionsV2(error=[], warn=[], silence=[])', 'target_path': 'None', 'printer_width': '80', 'write_json': 'True', 'introspect': 'True', 'log_cache_events': 'False', 'empty': 'False', 'cache_selected_only': 'False', 'log_format': 'default', 'debug': 'False', 'fail_fast': 'False', 'partial_parse': 'True', 'send_anonymous_usage_stats': 'True', 'quiet': 'False', 'warn_error': 'None', 'profiles_dir': '.', 'indirect_selection': 'eager', 'use_colors': 'True', 'invocation_command': 'dbt run --profiles-dir .', 'use_experimental_parser': 'False', 'log_path': 'C:\\Users\\ahmed\\Desktop\\data science\\itsm_project\\dbt_project\\logs'}
[0m22:34:44.825553 [debug] [MainThread]: Sending event: {'category': 'dbt', 'action': 'project_id', 'label': '0e745cc3-9525-4a51-b420-8cb2b81694c1', 'context': [<snowplow_tracker.self_describing_json.SelfDescribingJson object at 0x00000207D0DB07D0>]}
[0m22:34:44.907892 [debug] [MainThread]: Sending event: {'category': 'dbt', 'action': 'adapter_info', 'label': '0e745cc3-9525-4a51-b420-8cb2b81694c1', 'context': [<snowplow_tracker.self_describing_json.SelfDescribingJson object at 0x00000207D202C830>]}
[0m22:34:44.907892 [info ] [MainThread]: Registered adapter: postgres=1.10.2
[0m22:34:45.430512 [debug] [MainThread]: checksum: f368f5348cf42803b94ef7fb8257ecf3bf9a9a16dd9c8c51fe5172f2dbeb457f, vars: {}, profile: , target: , version: 1.11.12
[0m22:34:45.524968 [info ] [MainThread]: Unable to do partial parsing because profile has changed
[0m22:34:45.539918 [debug] [MainThread]: Sending event: {'category': 'dbt', 'action': 'partial_parser', 'label': '0e745cc3-9525-4a51-b420-8cb2b81694c1', 'context': [<snowplow_tracker.self_describing_json.SelfDescribingJson object at 0x00000207D22E8770>]}
[0m22:34:47.049772 [debug] [MainThread]: Sending event: {'category': 'dbt', 'action': 'load_project', 'label': '0e745cc3-9525-4a51-b420-8cb2b81694c1', 'context': [<snowplow_tracker.self_describing_json.SelfDescribingJson object at 0x00000207D0D2FCB0>]}
[0m22:34:47.140925 [debug] [MainThread]: Wrote artifact WritableManifest to C:\Users\ahmed\Desktop\data science\itsm_project\dbt_project\target\manifest.json
[0m22:34:47.140925 [debug] [MainThread]: Wrote artifact SemanticManifest to C:\Users\ahmed\Desktop\data science\itsm_project\dbt_project\target\semantic_manifest.json
[0m22:34:47.168176 [debug] [MainThread]: Sending event: {'category': 'dbt', 'action': 'resource_counts', 'label': '0e745cc3-9525-4a51-b420-8cb2b81694c1', 'context': [<snowplow_tracker.self_describing_json.SelfDescribingJson object at 0x00000207D25FD280>]}
[0m22:34:47.168176 [info ] [MainThread]: Found 2 models, 1 source, 476 macros
[0m22:34:47.168176 [debug] [MainThread]: Sending event: {'category': 'dbt', 'action': 'runnable_timing', 'label': '0e745cc3-9525-4a51-b420-8cb2b81694c1', 'context': [<snowplow_tracker.self_describing_json.SelfDescribingJson object at 0x00000207D1E93410>]}
[0m22:34:47.174634 [info ] [MainThread]: 
[0m22:34:47.174634 [info ] [MainThread]: Concurrency: 4 threads (target='dev')
[0m22:34:47.174634 [info ] [MainThread]: 
[0m22:34:47.174634 [debug] [MainThread]: Acquiring new postgres connection 'master'
[0m22:34:47.185592 [debug] [ThreadPool]: Acquiring new postgres connection 'list_itsm_db'
[0m22:34:47.185592 [debug] [ThreadPool]: Acquiring new postgres connection 'list_itsm_db'
[0m22:34:47.323889 [debug] [ThreadPool]: Using postgres connection "list_itsm_db"
[0m22:34:47.323889 [debug] [ThreadPool]: Using postgres connection "list_itsm_db"
[0m22:34:47.323889 [debug] [ThreadPool]: On list_itsm_db: /* {"app": "dbt", "dbt_version": "1.11.12", "profile_name": "itsm_dbt", "target_name": "dev", "connection_name": "list_itsm_db"} */

    select distinct nspname from pg_namespace
  
[0m22:34:47.323889 [debug] [ThreadPool]: On list_itsm_db: /* {"app": "dbt", "dbt_version": "1.11.12", "profile_name": "itsm_dbt", "target_name": "dev", "connection_name": "list_itsm_db"} */

    select distinct nspname from pg_namespace
  
[0m22:34:47.323889 [debug] [ThreadPool]: Opening a new connection, currently in state init
[0m22:34:47.323889 [debug] [ThreadPool]: Opening a new connection, currently in state init
[0m22:34:47.357911 [debug] [ThreadPool]: SQL status: SELECT 6 in 0.032 seconds
[0m22:34:47.357911 [debug] [ThreadPool]: SQL status: SELECT 6 in 0.032 seconds
[0m22:34:47.357911 [debug] [ThreadPool]: On list_itsm_db: Close
[0m22:34:47.357911 [debug] [ThreadPool]: On list_itsm_db: Close
[0m22:34:47.357911 [debug] [ThreadPool]: Re-using an available connection from the pool (formerly list_itsm_db, now create_itsm_db_gold)
[0m22:34:47.368756 [debug] [ThreadPool]: Creating schema "database: "itsm_db"
schema: "gold"
"
[0m22:34:47.373976 [debug] [ThreadPool]: Using postgres connection "create_itsm_db_gold"
[0m22:34:47.373976 [debug] [ThreadPool]: On create_itsm_db_gold: /* {"app": "dbt", "dbt_version": "1.11.12", "profile_name": "itsm_dbt", "target_name": "dev", "connection_name": "create_itsm_db_gold"} */
create schema if not exists "gold"
[0m22:34:47.373976 [debug] [ThreadPool]: Opening a new connection, currently in state closed
[0m22:34:47.403628 [debug] [ThreadPool]: SQL status: CREATE SCHEMA in 0.024 seconds
[0m22:34:47.407277 [debug] [ThreadPool]: On create_itsm_db_gold: COMMIT
[0m22:34:47.407277 [debug] [ThreadPool]: Using postgres connection "create_itsm_db_gold"
[0m22:34:47.407277 [debug] [ThreadPool]: On create_itsm_db_gold: COMMIT
[0m22:34:47.407277 [debug] [ThreadPool]: SQL status: COMMIT in 0.003 seconds
[0m22:34:47.407277 [debug] [ThreadPool]: On create_itsm_db_gold: Close
[0m22:34:47.407277 [debug] [ThreadPool]: Acquiring new postgres connection 'list_itsm_db_gold'
[0m22:34:47.407277 [debug] [ThreadPool]: Acquiring new postgres connection 'list_itsm_db_silver'
[0m22:34:47.423850 [debug] [ThreadPool]: Using postgres connection "list_itsm_db_gold"
[0m22:34:47.423850 [debug] [ThreadPool]: Using postgres connection "list_itsm_db_silver"
[0m22:34:47.423850 [debug] [ThreadPool]: On list_itsm_db_gold: /* {"app": "dbt", "dbt_version": "1.11.12", "profile_name": "itsm_dbt", "target_name": "dev", "connection_name": "list_itsm_db_gold"} */
select
      'itsm_db' as database,
      tablename as name,
      schemaname as schema,
      'table' as type
    from pg_tables
    where schemaname ilike 'gold'
    union all
    select
      'itsm_db' as database,
      viewname as name,
      schemaname as schema,
      'view' as type
    from pg_views
    where schemaname ilike 'gold'
    union all
    select
      'itsm_db' as database,
      matviewname as name,
      schemaname as schema,
      'materialized_view' as type
    from pg_matviews
    where schemaname ilike 'gold'
  
[0m22:34:47.423850 [debug] [ThreadPool]: On list_itsm_db_silver: /* {"app": "dbt", "dbt_version": "1.11.12", "profile_name": "itsm_dbt", "target_name": "dev", "connection_name": "list_itsm_db_silver"} */
select
      'itsm_db' as database,
      tablename as name,
      schemaname as schema,
      'table' as type
    from pg_tables
    where schemaname ilike 'silver'
    union all
    select
      'itsm_db' as database,
      viewname as name,
      schemaname as schema,
      'view' as type
    from pg_views
    where schemaname ilike 'silver'
    union all
    select
      'itsm_db' as database,
      matviewname as name,
      schemaname as schema,
      'materialized_view' as type
    from pg_matviews
    where schemaname ilike 'silver'
  
[0m22:34:47.423850 [debug] [ThreadPool]: Opening a new connection, currently in state init
[0m22:34:47.432894 [debug] [ThreadPool]: Opening a new connection, currently in state init
[0m22:34:47.476004 [debug] [ThreadPool]: SQL status: SELECT 0 in 0.044 seconds
[0m22:34:47.476004 [debug] [ThreadPool]: SQL status: SELECT 1 in 0.043 seconds
[0m22:34:47.478000 [debug] [ThreadPool]: On list_itsm_db_gold: ROLLBACK
[0m22:34:47.480007 [debug] [ThreadPool]: On list_itsm_db_silver: ROLLBACK
[0m22:34:47.480007 [debug] [ThreadPool]: On list_itsm_db_gold: Close
[0m22:34:47.480007 [debug] [ThreadPool]: On list_itsm_db_silver: Close
[0m22:34:47.492459 [debug] [MainThread]: Using postgres connection "master"
[0m22:34:47.492459 [debug] [MainThread]: On master: /* {"app": "dbt", "dbt_version": "1.11.12", "profile_name": "itsm_dbt", "target_name": "dev", "connection_name": "master"} */
select distinct
        dependent_namespace.nspname as dependent_schema,
        dependent_class.relname as dependent_name,
        referenced_namespace.nspname as referenced_schema,
        referenced_class.relname as referenced_name

    -- Query for views: views are entries in pg_class with an entry in pg_rewrite, but we avoid
    -- a seq scan on pg_rewrite by leveraging the fact there is an "internal" row in pg_depend for
    -- the view...
    from pg_class as dependent_class
    join pg_namespace as dependent_namespace on dependent_namespace.oid = dependent_class.relnamespace
    join pg_depend as dependent_depend on dependent_depend.refobjid = dependent_class.oid
        and dependent_depend.classid = 'pg_rewrite'::regclass
        and dependent_depend.refclassid = 'pg_class'::regclass
        and dependent_depend.deptype = 'i'

    -- ... and via pg_depend (that has a row per column, hence the need for "distinct" above, and
    -- making sure to exclude the internal row to avoid a view appearing to depend on itself)...
    join pg_depend as joining_depend on joining_depend.objid = dependent_depend.objid
        and joining_depend.classid = 'pg_rewrite'::regclass
        and joining_depend.refclassid = 'pg_class'::regclass
        and joining_depend.refobjid != dependent_depend.refobjid

    -- ... we can find the tables they query from in pg_class, but excluding system tables. Note we
    -- don't need need to exclude _dependent_ system tables, because they only query from other
    -- system tables, and so are automatically excluded by excluding _referenced_ system tables
    join pg_class as referenced_class on referenced_class.oid = joining_depend.refobjid
    join pg_namespace as referenced_namespace on referenced_namespace.oid = referenced_class.relnamespace
        and referenced_namespace.nspname != 'information_schema'
        and referenced_namespace.nspname not like 'pg\_%'

    order by
        dependent_schema, dependent_name, referenced_schema, referenced_name;
[0m22:34:47.492459 [debug] [MainThread]: Opening a new connection, currently in state init
[0m22:34:47.523841 [debug] [MainThread]: SQL status: SELECT 0 in 0.031 seconds
[0m22:34:47.523841 [debug] [MainThread]: Sending event: {'category': 'dbt', 'action': 'runnable_timing', 'label': '0e745cc3-9525-4a51-b420-8cb2b81694c1', 'context': [<snowplow_tracker.self_describing_json.SelfDescribingJson object at 0x00000207D25F7CE0>]}
[0m22:34:47.523841 [debug] [MainThread]: On master: ROLLBACK
[0m22:34:47.523841 [debug] [MainThread]: On master: COMMIT
[0m22:34:47.523841 [debug] [MainThread]: Using postgres connection "master"
[0m22:34:47.523841 [debug] [MainThread]: On master: COMMIT
[0m22:34:47.534848 [debug] [MainThread]: SQL status: COMMIT in 0.002 seconds
[0m22:34:47.536853 [debug] [MainThread]: On master: Close
[0m22:34:47.540578 [debug] [Thread-1 (]: Began running node model.itsm_dbt.silver_itsm_tickets
[0m22:34:47.540578 [info ] [Thread-1 (]: 1 of 2 START sql table model silver.silver_itsm_tickets ........................ [RUN]
[0m22:34:47.540578 [debug] [Thread-1 (]: Acquiring new postgres connection 'model.itsm_dbt.silver_itsm_tickets'
[0m22:34:47.548149 [debug] [Thread-1 (]: Began compiling node model.itsm_dbt.silver_itsm_tickets
[0m22:34:47.560131 [debug] [Thread-1 (]: Writing injected SQL for node "model.itsm_dbt.silver_itsm_tickets"
[0m22:34:47.562138 [debug] [Thread-1 (]: Began executing node model.itsm_dbt.silver_itsm_tickets
[0m22:34:47.607368 [debug] [Thread-1 (]: Writing runtime sql for node "model.itsm_dbt.silver_itsm_tickets"
[0m22:34:47.607368 [debug] [Thread-1 (]: Using postgres connection "model.itsm_dbt.silver_itsm_tickets"
[0m22:34:47.607368 [debug] [Thread-1 (]: On model.itsm_dbt.silver_itsm_tickets: /* {"app": "dbt", "dbt_version": "1.11.12", "profile_name": "itsm_dbt", "target_name": "dev", "node_id": "model.itsm_dbt.silver_itsm_tickets"} */

  
    

  create  table "itsm_db"."silver"."silver_itsm_tickets__dbt_tmp"
  
  
    as
  
  (
    /*
    silver_itsm_tickets.sql
    ------------------------
    ETAPE 2 : nettoyage des donnees (couche Silver).

    Ce modele part de bronze.itsm_tickets_raw (donnees brutes, tout en texte,
    non modifiees) et produit une version propre :
      - espaces superflus retires
      - valeurs vides transformees en vrai NULL (au lieu de chaines vides)
      - dates transformees de texte vers un vrai type TIMESTAMP
      - une ligne par ticket_id (protection anti-doublon)
      - Priority transforme aussi en version numerique ordonnee (priority_rank)
        pour faciliter les futurs tris/graphiques

    C'est l'equivalent SQL exact de ce qu'on avait fait avec pandas dans le
    notebook ITSM_Dataset_Organized.ipynb, mais cette fois le nettoyage vit
    dans la base de donnees et peut etre re-execute a tout moment avec `dbt run`.
*/

with source as (

    select * from "itsm_db"."bronze"."itsm_tickets_raw"

),

cleaned as (

    select
        nullif(trim(ticket_id), '')            as ticket_id,
        nullif(trim(status), '')                as status,
        nullif(trim(priority), '')              as priority,
        nullif(trim(source), '')                as source,
        nullif(trim(topic), '')                 as topic,
        nullif(trim(agent_group), '')           as agent_group,
        nullif(trim(product_group), '')         as product_group,

        -- Conversion des dates : texte "04/07/2024 12:42" -> vrai TIMESTAMP
        to_timestamp(nullif(trim(created_time), ''), 'DD/MM/YYYY HH24:MI')
            as created_time,
        to_timestamp(nullif(trim(expected_sla_to_resolve), ''), 'DD/MM/YYYY HH24:MI')
            as expected_sla_to_resolve,
        to_timestamp(nullif(trim(expected_sla_to_first_response), ''), 'DD/MM/YYYY HH24:MI')
            as expected_sla_to_first_response,
        to_timestamp(nullif(trim(first_response_time), ''), 'DD/MM/YYYY HH24:MI')
            as first_response_time,
        to_timestamp(nullif(trim(resolution_time), ''), 'DD/MM/YYYY HH24:MI')
            as resolution_time,
        to_timestamp(nullif(trim(close_time), ''), 'DD/MM/YYYY HH24:MI')
            as close_time,

        nullif(trim(incident_description), '') as incident_description,
        nullif(trim(solution_used), '')         as solution_used,

        -- Version numerique ordonnee de la priorite (utile pour trier/filtrer)
        case trim(priority)
            when 'Low'      then 1
            when 'Medium'   then 2
            when 'High'     then 3
            when 'Critical' then 4
            else null
        end as priority_rank,

        -- On garde une trace : est-ce que ce ticket a une solution renseignee ?
        (nullif(trim(solution_used), '') is not null) as has_solution

    from source

),

deduplicated as (

    select *,
        row_number() over (partition by ticket_id order by ticket_id) as row_num
    from cleaned
    where ticket_id is not null

)

select
    ticket_id,
    status,
    priority,
    priority_rank,
    source,
    topic,
    agent_group,
    product_group,
    created_time,
    expected_sla_to_resolve,
    expected_sla_to_first_response,
    first_response_time,
    resolution_time,
    close_time,
    incident_description,
    solution_used,
    has_solution
from deduplicated
where row_num = 1
  );
  
[0m22:34:47.607368 [debug] [Thread-1 (]: Opening a new connection, currently in state init
[0m22:34:49.529973 [debug] [Thread-1 (]: SQL status: SELECT 100000 in 1.914 seconds
[0m22:34:49.539563 [debug] [Thread-1 (]: Using postgres connection "model.itsm_dbt.silver_itsm_tickets"
[0m22:34:49.539563 [debug] [Thread-1 (]: On model.itsm_dbt.silver_itsm_tickets: /* {"app": "dbt", "dbt_version": "1.11.12", "profile_name": "itsm_dbt", "target_name": "dev", "node_id": "model.itsm_dbt.silver_itsm_tickets"} */
alter table "itsm_db"."silver"."silver_itsm_tickets" rename to "silver_itsm_tickets__dbt_backup"
[0m22:34:49.539563 [debug] [Thread-1 (]: SQL status: ALTER TABLE in 0.001 seconds
[0m22:34:49.539563 [debug] [Thread-1 (]: Using postgres connection "model.itsm_dbt.silver_itsm_tickets"
[0m22:34:49.539563 [debug] [Thread-1 (]: On model.itsm_dbt.silver_itsm_tickets: /* {"app": "dbt", "dbt_version": "1.11.12", "profile_name": "itsm_dbt", "target_name": "dev", "node_id": "model.itsm_dbt.silver_itsm_tickets"} */
alter table "itsm_db"."silver"."silver_itsm_tickets__dbt_tmp" rename to "silver_itsm_tickets"
[0m22:34:49.556185 [debug] [Thread-1 (]: SQL status: ALTER TABLE in 0.001 seconds
[0m22:34:49.572907 [debug] [Thread-1 (]: On model.itsm_dbt.silver_itsm_tickets: COMMIT
[0m22:34:49.572907 [debug] [Thread-1 (]: Using postgres connection "model.itsm_dbt.silver_itsm_tickets"
[0m22:34:49.572907 [debug] [Thread-1 (]: On model.itsm_dbt.silver_itsm_tickets: COMMIT
[0m22:34:49.591590 [debug] [Thread-1 (]: SQL status: COMMIT in 0.012 seconds
[0m22:34:49.591590 [debug] [Thread-1 (]: Applying DROP to: "itsm_db"."silver"."silver_itsm_tickets__dbt_backup"
[0m22:34:49.606125 [debug] [Thread-1 (]: Using postgres connection "model.itsm_dbt.silver_itsm_tickets"
[0m22:34:49.606125 [debug] [Thread-1 (]: On model.itsm_dbt.silver_itsm_tickets: /* {"app": "dbt", "dbt_version": "1.11.12", "profile_name": "itsm_dbt", "target_name": "dev", "node_id": "model.itsm_dbt.silver_itsm_tickets"} */
drop table if exists "itsm_db"."silver"."silver_itsm_tickets__dbt_backup" cascade
[0m22:34:49.606125 [debug] [Thread-1 (]: SQL status: DROP TABLE in 0.008 seconds
[0m22:34:49.624615 [debug] [Thread-1 (]: On model.itsm_dbt.silver_itsm_tickets: Close
[0m22:34:49.628399 [debug] [Thread-1 (]: Sending event: {'category': 'dbt', 'action': 'run_model', 'label': '0e745cc3-9525-4a51-b420-8cb2b81694c1', 'context': [<snowplow_tracker.self_describing_json.SelfDescribingJson object at 0x00000207CD94D610>]}
[0m22:34:49.629480 [info ] [Thread-1 (]: 1 of 2 OK created sql table model silver.silver_itsm_tickets ................... [[32mSELECT 100000[0m in 2.09s]
[0m22:34:49.631767 [debug] [Thread-1 (]: Finished running node model.itsm_dbt.silver_itsm_tickets
[0m22:34:49.633626 [debug] [Thread-3 (]: Began running node model.itsm_dbt.gold_itsm_tickets
[0m22:34:49.634281 [info ] [Thread-3 (]: 2 of 2 START sql table model gold.gold_itsm_tickets ............................ [RUN]
[0m22:34:49.634281 [debug] [Thread-3 (]: Acquiring new postgres connection 'model.itsm_dbt.gold_itsm_tickets'
[0m22:34:49.634281 [debug] [Thread-3 (]: Began compiling node model.itsm_dbt.gold_itsm_tickets
[0m22:34:49.643520 [debug] [Thread-3 (]: Writing injected SQL for node "model.itsm_dbt.gold_itsm_tickets"
[0m22:34:49.643520 [debug] [Thread-3 (]: Began executing node model.itsm_dbt.gold_itsm_tickets
[0m22:34:49.643520 [debug] [Thread-3 (]: Writing runtime sql for node "model.itsm_dbt.gold_itsm_tickets"
[0m22:34:49.653696 [debug] [Thread-3 (]: Using postgres connection "model.itsm_dbt.gold_itsm_tickets"
[0m22:34:49.655625 [debug] [Thread-3 (]: On model.itsm_dbt.gold_itsm_tickets: /* {"app": "dbt", "dbt_version": "1.11.12", "profile_name": "itsm_dbt", "target_name": "dev", "node_id": "model.itsm_dbt.gold_itsm_tickets"} */

  
    

  create  table "itsm_db"."gold"."gold_itsm_tickets__dbt_tmp"
  
  
    as
  
  (
    /*
    gold_itsm_tickets.sql
    -----------------------
    ETAPE 3 : creation des variables pour le Machine Learning (couche Gold).

    Ce modele part de silver.silver_itsm_tickets (donnees propres) et ajoute
    tout ce dont un modele de prediction a besoin :

      1) Des durees reelles, en minutes (au lieu de deux dates separees)
      2) Des variables temporelles (heure, jour, mois de creation)
      3) La marge SLA (Expected - Actual), gardee a titre informatif
      4) La longueur de la description (utile plus tard pour le NLP)
      5) LA VARIABLE CIBLE : long_resolution_flag

    Pourquoi cette cible et pas "depassement SLA" ?
    --------------------------------------------------
    On a verifie plus tot que dans ce dataset, AUCUN ticket ne depasse jamais
    son SLA (marge toujours >= 0). Une cible sans variance ne peut pas etre
    apprise par un modele. On suit donc la meme demarche que dans le rapport
    de reference : on remplace "depassement SLA" par "risque de resolution
    longue" (long MTTR), qui lui a une vraie variance dans les donnees.

    Definition retenue : un ticket est marque "resolution longue" (1) si
    sa duree de resolution reelle depasse le 75e percentile de l'ensemble
    des tickets. Sinon (0). Ce seuil est calcule automatiquement sur les
    donnees, pas fixe a la main.
*/

with base as (

    select * from "itsm_db"."silver"."silver_itsm_tickets"

),

with_durations as (

    select
        *,

        -- Durees reelles, en minutes
        extract(epoch from (first_response_time - created_time)) / 60
            as first_response_minutes,
        extract(epoch from (resolution_time - created_time)) / 60
            as resolution_minutes,
        extract(epoch from (close_time - created_time)) / 60
            as close_minutes,

        -- Marge SLA : temps restant avant la limite (peut etre negatif si depasse)
        extract(epoch from (expected_sla_to_first_response - first_response_time)) / 60
            as sla_margin_first_response_min,
        extract(epoch from (expected_sla_to_resolve - resolution_time)) / 60
            as sla_margin_resolution_min,

        -- Variables temporelles utiles pour reperer des tendances (charge par heure, jour...)
        extract(hour from created_time)          as created_hour,
        to_char(created_time, 'Day')             as created_dayofweek,
        to_char(created_time, 'Month')           as created_month,
        date(created_time)                       as created_date,

        -- Longueur de la description : un proxy simple de complexite du ticket,
        -- utile plus tard pour le module NLP
        length(incident_description)             as description_length

    from base

),

percentile_calc as (

    -- On calcule le seuil UNE SEULE FOIS sur toute la table, a part,
    -- puis on le rejoint a chaque ligne juste apres (PostgreSQL n'autorise
    -- pas percentile_cont() directement comme fonction "fenetre" avec OVER()).
    select
        percentile_cont(0.75) within group (order by resolution_minutes)
            as resolution_p75_threshold
    from with_durations
    where resolution_minutes is not null

),

with_target as (

    select
        w.*,
        p.resolution_p75_threshold

    from with_durations w
    cross join percentile_calc p
    where w.resolution_minutes is not null

)

select
    ticket_id,
    status,
    priority,
    priority_rank,
    source,
    topic,
    agent_group,
    product_group,

    created_time,
    created_date,
    created_hour,
    trim(created_dayofweek)  as created_dayofweek,
    trim(created_month)      as created_month,

    first_response_minutes,
    resolution_minutes,
    close_minutes,

    sla_margin_first_response_min,
    sla_margin_resolution_min,

    description_length,
    has_solution,

    resolution_p75_threshold,

    -- LA CIBLE : 1 si ce ticket a pris plus de temps que 75% des autres tickets
    case
        when resolution_minutes >= resolution_p75_threshold then 1
        else 0
    end as long_resolution_flag

from with_target
  );
  
[0m22:34:49.656005 [debug] [Thread-3 (]: Opening a new connection, currently in state init
[0m22:34:50.555674 [debug] [Thread-3 (]: SQL status: SELECT 100000 in 0.910 seconds
[0m22:34:50.572329 [debug] [Thread-3 (]: Using postgres connection "model.itsm_dbt.gold_itsm_tickets"
[0m22:34:50.572329 [debug] [Thread-3 (]: On model.itsm_dbt.gold_itsm_tickets: /* {"app": "dbt", "dbt_version": "1.11.12", "profile_name": "itsm_dbt", "target_name": "dev", "node_id": "model.itsm_dbt.gold_itsm_tickets"} */
alter table "itsm_db"."gold"."gold_itsm_tickets__dbt_tmp" rename to "gold_itsm_tickets"
[0m22:34:50.576679 [debug] [Thread-3 (]: SQL status: ALTER TABLE in 0.001 seconds
[0m22:34:50.576679 [debug] [Thread-3 (]: On model.itsm_dbt.gold_itsm_tickets: COMMIT
[0m22:34:50.576679 [debug] [Thread-3 (]: Using postgres connection "model.itsm_dbt.gold_itsm_tickets"
[0m22:34:50.576679 [debug] [Thread-3 (]: On model.itsm_dbt.gold_itsm_tickets: COMMIT
[0m22:34:50.591507 [debug] [Thread-3 (]: SQL status: COMMIT in 0.020 seconds
[0m22:34:50.605547 [debug] [Thread-3 (]: Applying DROP to: "itsm_db"."gold"."gold_itsm_tickets__dbt_backup"
[0m22:34:50.605547 [debug] [Thread-3 (]: Using postgres connection "model.itsm_dbt.gold_itsm_tickets"
[0m22:34:50.605547 [debug] [Thread-3 (]: On model.itsm_dbt.gold_itsm_tickets: /* {"app": "dbt", "dbt_version": "1.11.12", "profile_name": "itsm_dbt", "target_name": "dev", "node_id": "model.itsm_dbt.gold_itsm_tickets"} */
drop table if exists "itsm_db"."gold"."gold_itsm_tickets__dbt_backup" cascade
[0m22:34:50.605547 [debug] [Thread-3 (]: SQL status: DROP TABLE in 0.001 seconds
[0m22:34:50.605547 [debug] [Thread-3 (]: On model.itsm_dbt.gold_itsm_tickets: Close
[0m22:34:50.605547 [debug] [Thread-3 (]: Sending event: {'category': 'dbt', 'action': 'run_model', 'label': '0e745cc3-9525-4a51-b420-8cb2b81694c1', 'context': [<snowplow_tracker.self_describing_json.SelfDescribingJson object at 0x00000207D2A091F0>]}
[0m22:34:50.605547 [info ] [Thread-3 (]: 2 of 2 OK created sql table model gold.gold_itsm_tickets ....................... [[32mSELECT 100000[0m in 0.97s]
[0m22:34:50.605547 [debug] [Thread-3 (]: Finished running node model.itsm_dbt.gold_itsm_tickets
[0m22:34:50.622313 [debug] [MainThread]: On master: COMMIT
[0m22:34:50.622313 [debug] [MainThread]: Using postgres connection "master"
[0m22:34:50.625725 [debug] [MainThread]: On master: COMMIT
[0m22:34:50.625725 [debug] [MainThread]: Opening a new connection, currently in state closed
[0m22:34:50.645449 [debug] [MainThread]: SQL status: COMMIT in 0.027 seconds
[0m22:34:50.655666 [debug] [MainThread]: On master: Close
[0m22:34:50.655666 [debug] [MainThread]: Connection 'master' was properly closed.
[0m22:34:50.655666 [debug] [MainThread]: Connection 'create_itsm_db_gold' was properly closed.
[0m22:34:50.655666 [debug] [MainThread]: Connection 'list_itsm_db' was properly closed.
[0m22:34:50.655666 [debug] [MainThread]: Connection 'list_itsm_db_gold' was properly closed.
[0m22:34:50.655666 [debug] [MainThread]: Connection 'list_itsm_db_silver' was properly closed.
[0m22:34:50.655666 [debug] [MainThread]: Connection 'model.itsm_dbt.silver_itsm_tickets' was properly closed.
[0m22:34:50.655666 [debug] [MainThread]: Connection 'model.itsm_dbt.gold_itsm_tickets' was properly closed.
[0m22:34:50.655666 [info ] [MainThread]: 
[0m22:34:50.655666 [info ] [MainThread]: Finished running 2 table models in 0 hours 0 minutes and 3.48 seconds (3.48s).
[0m22:34:50.670832 [debug] [MainThread]: Command end result
[0m22:34:50.708962 [debug] [MainThread]: Wrote artifact WritableManifest to C:\Users\ahmed\Desktop\data science\itsm_project\dbt_project\target\manifest.json
[0m22:34:50.712978 [debug] [MainThread]: Wrote artifact SemanticManifest to C:\Users\ahmed\Desktop\data science\itsm_project\dbt_project\target\semantic_manifest.json
[0m22:34:50.722210 [debug] [MainThread]: Wrote artifact RunExecutionResult to C:\Users\ahmed\Desktop\data science\itsm_project\dbt_project\target\run_results.json
[0m22:34:50.722210 [info ] [MainThread]: 
[0m22:34:50.722210 [info ] [MainThread]: [32mCompleted successfully[0m
[0m22:34:50.722210 [info ] [MainThread]: 
[0m22:34:50.722210 [info ] [MainThread]: Done. PASS=2 WARN=0 ERROR=0 SKIP=0 NO-OP=0 TOTAL=2
[0m22:34:50.722210 [debug] [MainThread]: Command `dbt run` succeeded at 22:34:50.722210 after 6.40 seconds
[0m22:34:50.722210 [debug] [MainThread]: Sending event: {'category': 'dbt', 'action': 'invocation', 'label': 'end', 'context': [<snowplow_tracker.self_describing_json.SelfDescribingJson object at 0x00000207D0D81BB0>, <snowplow_tracker.self_describing_json.SelfDescribingJson object at 0x00000207CD861190>, <snowplow_tracker.self_describing_json.SelfDescribingJson object at 0x00000207CDADD340>]}
[0m22:34:50.722210 [debug] [MainThread]: Flushing usage events
[0m22:34:52.454696 [debug] [MainThread]: An error was encountered while trying to flush usage events
[0m22:36:39.656156 [debug] [MainThread]: Sending event: {'category': 'dbt', 'action': 'invocation', 'label': 'start', 'context': [<snowplow_tracker.self_describing_json.SelfDescribingJson object at 0x0000010FA8A17F20>, <snowplow_tracker.self_describing_json.SelfDescribingJson object at 0x0000010FA8FCA780>, <snowplow_tracker.self_describing_json.SelfDescribingJson object at 0x0000010FA8FC8080>]}


============================== 22:36:39.656156 | 2967d3dc-4b7c-4e88-9380-daf60793fea8 ==============================
[0m22:36:39.656156 [info ] [MainThread]: Running with dbt=1.11.12
[0m22:36:39.656156 [debug] [MainThread]: running dbt with arguments {'static_parser': 'True', 'no_print': 'None', 'version_check': 'True', 'warn_error_options': 'WarnErrorOptionsV2(error=[], warn=[], silence=[])', 'target_path': 'None', 'printer_width': '80', 'write_json': 'True', 'empty': 'False', 'log_cache_events': 'False', 'introspect': 'True', 'cache_selected_only': 'False', 'log_format': 'default', 'debug': 'False', 'fail_fast': 'False', 'profiles_dir': '.', 'send_anonymous_usage_stats': 'True', 'quiet': 'False', 'warn_error': 'None', 'partial_parse': 'True', 'use_colors': 'True', 'indirect_selection': 'eager', 'invocation_command': 'dbt run --profiles-dir . --select gold_itsm_tickets', 'use_experimental_parser': 'False', 'log_path': 'C:\\Users\\ahmed\\Desktop\\data science\\itsm_project\\dbt_project\\logs'}
[0m22:36:39.906818 [debug] [MainThread]: Sending event: {'category': 'dbt', 'action': 'project_id', 'label': '2967d3dc-4b7c-4e88-9380-daf60793fea8', 'context': [<snowplow_tracker.self_describing_json.SelfDescribingJson object at 0x0000010FA668E630>]}
[0m22:36:40.005259 [debug] [MainThread]: Sending event: {'category': 'dbt', 'action': 'adapter_info', 'label': '2967d3dc-4b7c-4e88-9380-daf60793fea8', 'context': [<snowplow_tracker.self_describing_json.SelfDescribingJson object at 0x0000010FA9A6D910>]}
[0m22:36:40.013874 [info ] [MainThread]: Registered adapter: postgres=1.10.2
[0m22:36:40.530760 [debug] [MainThread]: checksum: f368f5348cf42803b94ef7fb8257ecf3bf9a9a16dd9c8c51fe5172f2dbeb457f, vars: {}, profile: , target: , version: 1.11.12
[0m22:36:40.714554 [debug] [MainThread]: Partial parsing enabled: 0 files deleted, 0 files added, 0 files changed.
[0m22:36:40.714554 [debug] [MainThread]: Nothing changed, skipping partial parsing.
[0m22:36:40.716559 [debug] [MainThread]: Partial parsing enabled, no changes found, skipping parsing
[0m22:36:40.759690 [debug] [MainThread]: Sending event: {'category': 'dbt', 'action': 'load_project', 'label': '2967d3dc-4b7c-4e88-9380-daf60793fea8', 'context': [<snowplow_tracker.self_describing_json.SelfDescribingJson object at 0x0000010FAAC52390>]}
[0m22:36:40.880292 [debug] [MainThread]: Wrote artifact WritableManifest to C:\Users\ahmed\Desktop\data science\itsm_project\dbt_project\target\manifest.json
[0m22:36:40.887993 [debug] [MainThread]: Wrote artifact SemanticManifest to C:\Users\ahmed\Desktop\data science\itsm_project\dbt_project\target\semantic_manifest.json
[0m22:36:40.908274 [debug] [MainThread]: Sending event: {'category': 'dbt', 'action': 'resource_counts', 'label': '2967d3dc-4b7c-4e88-9380-daf60793fea8', 'context': [<snowplow_tracker.self_describing_json.SelfDescribingJson object at 0x0000010FAAF13D40>]}
[0m22:36:40.908274 [info ] [MainThread]: Found 2 models, 1 source, 476 macros
[0m22:36:40.908274 [debug] [MainThread]: Sending event: {'category': 'dbt', 'action': 'runnable_timing', 'label': '2967d3dc-4b7c-4e88-9380-daf60793fea8', 'context': [<snowplow_tracker.self_describing_json.SelfDescribingJson object at 0x0000010FAB0CC050>]}
[0m22:36:40.908274 [info ] [MainThread]: 
[0m22:36:40.920960 [info ] [MainThread]: Concurrency: 4 threads (target='dev')
[0m22:36:40.920960 [info ] [MainThread]: 
[0m22:36:40.924697 [debug] [MainThread]: Acquiring new postgres connection 'master'
[0m22:36:40.924697 [debug] [ThreadPool]: Acquiring new postgres connection 'list_itsm_db'
[0m22:36:41.079654 [debug] [ThreadPool]: Using postgres connection "list_itsm_db"
[0m22:36:41.080781 [debug] [ThreadPool]: On list_itsm_db: /* {"app": "dbt", "dbt_version": "1.11.12", "profile_name": "itsm_dbt", "target_name": "dev", "connection_name": "list_itsm_db"} */

    select distinct nspname from pg_namespace
  
[0m22:36:41.080781 [debug] [ThreadPool]: Opening a new connection, currently in state init
[0m22:36:41.099184 [debug] [ThreadPool]: SQL status: SELECT 7 in 0.028 seconds
[0m22:36:41.112737 [debug] [ThreadPool]: On list_itsm_db: Close
[0m22:36:41.115027 [debug] [ThreadPool]: Acquiring new postgres connection 'list_itsm_db_gold'
[0m22:36:41.115027 [debug] [ThreadPool]: Acquiring new postgres connection 'list_itsm_db_silver'
[0m22:36:41.115027 [debug] [ThreadPool]: Using postgres connection "list_itsm_db_gold"
[0m22:36:41.130820 [debug] [ThreadPool]: Using postgres connection "list_itsm_db_silver"
[0m22:36:41.130820 [debug] [ThreadPool]: On list_itsm_db_gold: /* {"app": "dbt", "dbt_version": "1.11.12", "profile_name": "itsm_dbt", "target_name": "dev", "connection_name": "list_itsm_db_gold"} */
select
      'itsm_db' as database,
      tablename as name,
      schemaname as schema,
      'table' as type
    from pg_tables
    where schemaname ilike 'gold'
    union all
    select
      'itsm_db' as database,
      viewname as name,
      schemaname as schema,
      'view' as type
    from pg_views
    where schemaname ilike 'gold'
    union all
    select
      'itsm_db' as database,
      matviewname as name,
      schemaname as schema,
      'materialized_view' as type
    from pg_matviews
    where schemaname ilike 'gold'
  
[0m22:36:41.130820 [debug] [ThreadPool]: On list_itsm_db_silver: /* {"app": "dbt", "dbt_version": "1.11.12", "profile_name": "itsm_dbt", "target_name": "dev", "connection_name": "list_itsm_db_silver"} */
select
      'itsm_db' as database,
      tablename as name,
      schemaname as schema,
      'table' as type
    from pg_tables
    where schemaname ilike 'silver'
    union all
    select
      'itsm_db' as database,
      viewname as name,
      schemaname as schema,
      'view' as type
    from pg_views
    where schemaname ilike 'silver'
    union all
    select
      'itsm_db' as database,
      matviewname as name,
      schemaname as schema,
      'materialized_view' as type
    from pg_matviews
    where schemaname ilike 'silver'
  
[0m22:36:41.130820 [debug] [ThreadPool]: Opening a new connection, currently in state init
[0m22:36:41.130820 [debug] [ThreadPool]: Opening a new connection, currently in state init
[0m22:36:41.162193 [debug] [ThreadPool]: SQL status: SELECT 1 in 0.026 seconds
[0m22:36:41.162193 [debug] [ThreadPool]: SQL status: SELECT 1 in 0.026 seconds
[0m22:36:41.162193 [debug] [ThreadPool]: On list_itsm_db_gold: ROLLBACK
[0m22:36:41.162193 [debug] [ThreadPool]: On list_itsm_db_silver: ROLLBACK
[0m22:36:41.162193 [debug] [ThreadPool]: On list_itsm_db_gold: Close
[0m22:36:41.162193 [debug] [ThreadPool]: On list_itsm_db_silver: Close
[0m22:36:41.177984 [debug] [MainThread]: Using postgres connection "master"
[0m22:36:41.177984 [debug] [MainThread]: On master: /* {"app": "dbt", "dbt_version": "1.11.12", "profile_name": "itsm_dbt", "target_name": "dev", "connection_name": "master"} */
select distinct
        dependent_namespace.nspname as dependent_schema,
        dependent_class.relname as dependent_name,
        referenced_namespace.nspname as referenced_schema,
        referenced_class.relname as referenced_name

    -- Query for views: views are entries in pg_class with an entry in pg_rewrite, but we avoid
    -- a seq scan on pg_rewrite by leveraging the fact there is an "internal" row in pg_depend for
    -- the view...
    from pg_class as dependent_class
    join pg_namespace as dependent_namespace on dependent_namespace.oid = dependent_class.relnamespace
    join pg_depend as dependent_depend on dependent_depend.refobjid = dependent_class.oid
        and dependent_depend.classid = 'pg_rewrite'::regclass
        and dependent_depend.refclassid = 'pg_class'::regclass
        and dependent_depend.deptype = 'i'

    -- ... and via pg_depend (that has a row per column, hence the need for "distinct" above, and
    -- making sure to exclude the internal row to avoid a view appearing to depend on itself)...
    join pg_depend as joining_depend on joining_depend.objid = dependent_depend.objid
        and joining_depend.classid = 'pg_rewrite'::regclass
        and joining_depend.refclassid = 'pg_class'::regclass
        and joining_depend.refobjid != dependent_depend.refobjid

    -- ... we can find the tables they query from in pg_class, but excluding system tables. Note we
    -- don't need need to exclude _dependent_ system tables, because they only query from other
    -- system tables, and so are automatically excluded by excluding _referenced_ system tables
    join pg_class as referenced_class on referenced_class.oid = joining_depend.refobjid
    join pg_namespace as referenced_namespace on referenced_namespace.oid = referenced_class.relnamespace
        and referenced_namespace.nspname != 'information_schema'
        and referenced_namespace.nspname not like 'pg\_%'

    order by
        dependent_schema, dependent_name, referenced_schema, referenced_name;
[0m22:36:41.177984 [debug] [MainThread]: Opening a new connection, currently in state init
[0m22:36:41.209409 [debug] [MainThread]: SQL status: SELECT 0 in 0.028 seconds
[0m22:36:41.209409 [debug] [MainThread]: Sending event: {'category': 'dbt', 'action': 'runnable_timing', 'label': '2967d3dc-4b7c-4e88-9380-daf60793fea8', 'context': [<snowplow_tracker.self_describing_json.SelfDescribingJson object at 0x0000010FAAC3A3F0>]}
[0m22:36:41.209409 [debug] [MainThread]: On master: ROLLBACK
[0m22:36:41.209409 [debug] [MainThread]: On master: COMMIT
[0m22:36:41.209409 [debug] [MainThread]: Using postgres connection "master"
[0m22:36:41.209409 [debug] [MainThread]: On master: COMMIT
[0m22:36:41.209409 [debug] [MainThread]: SQL status: COMMIT in 0.001 seconds
[0m22:36:41.209409 [debug] [MainThread]: On master: Close
[0m22:36:41.228218 [debug] [Thread-1 (]: Began running node model.itsm_dbt.gold_itsm_tickets
[0m22:36:41.228218 [info ] [Thread-1 (]: 1 of 1 START sql table model gold.gold_itsm_tickets ............................ [RUN]
[0m22:36:41.228218 [debug] [Thread-1 (]: Acquiring new postgres connection 'model.itsm_dbt.gold_itsm_tickets'
[0m22:36:41.228218 [debug] [Thread-1 (]: Began compiling node model.itsm_dbt.gold_itsm_tickets
[0m22:36:41.241883 [debug] [Thread-1 (]: Writing injected SQL for node "model.itsm_dbt.gold_itsm_tickets"
[0m22:36:41.241883 [debug] [Thread-1 (]: Began executing node model.itsm_dbt.gold_itsm_tickets
[0m22:36:41.304320 [debug] [Thread-1 (]: Writing runtime sql for node "model.itsm_dbt.gold_itsm_tickets"
[0m22:36:41.310761 [debug] [Thread-1 (]: Using postgres connection "model.itsm_dbt.gold_itsm_tickets"
[0m22:36:41.310761 [debug] [Thread-1 (]: On model.itsm_dbt.gold_itsm_tickets: /* {"app": "dbt", "dbt_version": "1.11.12", "profile_name": "itsm_dbt", "target_name": "dev", "node_id": "model.itsm_dbt.gold_itsm_tickets"} */

  
    

  create  table "itsm_db"."gold"."gold_itsm_tickets__dbt_tmp"
  
  
    as
  
  (
    /*
    gold_itsm_tickets.sql
    -----------------------
    ETAPE 3 : creation des variables pour le Machine Learning (couche Gold).

    Ce modele part de silver.silver_itsm_tickets (donnees propres) et ajoute
    tout ce dont un modele de prediction a besoin :

      1) Des durees reelles, en minutes (au lieu de deux dates separees)
      2) Des variables temporelles (heure, jour, mois de creation)
      3) La marge SLA (Expected - Actual), gardee a titre informatif
      4) La longueur de la description (utile plus tard pour le NLP)
      5) LA VARIABLE CIBLE : long_resolution_flag

    Pourquoi cette cible et pas "depassement SLA" ?
    --------------------------------------------------
    On a verifie plus tot que dans ce dataset, AUCUN ticket ne depasse jamais
    son SLA (marge toujours >= 0). Une cible sans variance ne peut pas etre
    apprise par un modele. On suit donc la meme demarche que dans le rapport
    de reference : on remplace "depassement SLA" par "risque de resolution
    longue" (long MTTR), qui lui a une vraie variance dans les donnees.

    Definition retenue : un ticket est marque "resolution longue" (1) si
    sa duree de resolution reelle depasse le 75e percentile de l'ensemble
    des tickets. Sinon (0). Ce seuil est calcule automatiquement sur les
    donnees, pas fixe a la main.
*/

with base as (

    select * from "itsm_db"."silver"."silver_itsm_tickets"

),

with_durations as (

    select
        *,

        -- Durees reelles, en minutes
        extract(epoch from (first_response_time - created_time)) / 60
            as first_response_minutes,
        extract(epoch from (resolution_time - created_time)) / 60
            as resolution_minutes,
        extract(epoch from (close_time - created_time)) / 60
            as close_minutes,

        -- Marge SLA : temps restant avant la limite (peut etre negatif si depasse)
        extract(epoch from (expected_sla_to_first_response - first_response_time)) / 60
            as sla_margin_first_response_min,
        extract(epoch from (expected_sla_to_resolve - resolution_time)) / 60
            as sla_margin_resolution_min,

        -- Variables temporelles utiles pour reperer des tendances (charge par heure, jour...)
        extract(hour from created_time)          as created_hour,
        to_char(created_time, 'Day')             as created_dayofweek,
        to_char(created_time, 'Month')           as created_month,
        date(created_time)                       as created_date,

        -- Longueur de la description : un proxy simple de complexite du ticket,
        -- utile plus tard pour le module NLP
        length(incident_description)             as description_length

    from base

),

percentile_calc as (

    -- On calcule le seuil UNE SEULE FOIS sur toute la table, a part,
    -- puis on le rejoint a chaque ligne juste apres (PostgreSQL n'autorise
    -- pas percentile_cont() directement comme fonction "fenetre" avec OVER()).
    select
        percentile_cont(0.75) within group (order by resolution_minutes)
            as resolution_p75_threshold
    from with_durations
    where resolution_minutes is not null

),

with_target as (

    select
        w.*,
        p.resolution_p75_threshold

    from with_durations w
    cross join percentile_calc p
    where w.resolution_minutes is not null

)

select
    ticket_id,
    status,
    priority,
    priority_rank,
    source,
    topic,
    agent_group,
    product_group,

    created_time,
    created_date,
    created_hour,
    trim(created_dayofweek)  as created_dayofweek,
    trim(created_month)      as created_month,

    first_response_minutes,
    resolution_minutes,
    close_minutes,

    sla_margin_first_response_min,
    sla_margin_resolution_min,

    description_length,
    has_solution,

    resolution_p75_threshold,

    -- LA CIBLE : 1 si ce ticket a pris plus de temps que 75% des autres tickets
    case
        when resolution_minutes >= resolution_p75_threshold then 1
        else 0
    end as long_resolution_flag

from with_target
  );
  
[0m22:36:41.310761 [debug] [Thread-1 (]: Opening a new connection, currently in state init
[0m22:36:42.347005 [debug] [Thread-1 (]: SQL status: SELECT 100000 in 1.036 seconds
[0m22:36:42.347005 [debug] [Thread-1 (]: Using postgres connection "model.itsm_dbt.gold_itsm_tickets"
[0m22:36:42.347005 [debug] [Thread-1 (]: On model.itsm_dbt.gold_itsm_tickets: /* {"app": "dbt", "dbt_version": "1.11.12", "profile_name": "itsm_dbt", "target_name": "dev", "node_id": "model.itsm_dbt.gold_itsm_tickets"} */
alter table "itsm_db"."gold"."gold_itsm_tickets" rename to "gold_itsm_tickets__dbt_backup"
[0m22:36:42.363150 [debug] [Thread-1 (]: SQL status: ALTER TABLE in 0.001 seconds
[0m22:36:42.363150 [debug] [Thread-1 (]: Using postgres connection "model.itsm_dbt.gold_itsm_tickets"
[0m22:36:42.363150 [debug] [Thread-1 (]: On model.itsm_dbt.gold_itsm_tickets: /* {"app": "dbt", "dbt_version": "1.11.12", "profile_name": "itsm_dbt", "target_name": "dev", "node_id": "model.itsm_dbt.gold_itsm_tickets"} */
alter table "itsm_db"."gold"."gold_itsm_tickets__dbt_tmp" rename to "gold_itsm_tickets"
[0m22:36:42.363150 [debug] [Thread-1 (]: SQL status: ALTER TABLE in 0.001 seconds
[0m22:36:42.395069 [debug] [Thread-1 (]: On model.itsm_dbt.gold_itsm_tickets: COMMIT
[0m22:36:42.395069 [debug] [Thread-1 (]: Using postgres connection "model.itsm_dbt.gold_itsm_tickets"
[0m22:36:42.395069 [debug] [Thread-1 (]: On model.itsm_dbt.gold_itsm_tickets: COMMIT
[0m22:36:42.426765 [debug] [Thread-1 (]: SQL status: COMMIT in 0.030 seconds
[0m22:36:42.426765 [debug] [Thread-1 (]: Applying DROP to: "itsm_db"."gold"."gold_itsm_tickets__dbt_backup"
[0m22:36:42.443735 [debug] [Thread-1 (]: Using postgres connection "model.itsm_dbt.gold_itsm_tickets"
[0m22:36:42.443735 [debug] [Thread-1 (]: On model.itsm_dbt.gold_itsm_tickets: /* {"app": "dbt", "dbt_version": "1.11.12", "profile_name": "itsm_dbt", "target_name": "dev", "node_id": "model.itsm_dbt.gold_itsm_tickets"} */
drop table if exists "itsm_db"."gold"."gold_itsm_tickets__dbt_backup" cascade
[0m22:36:42.445742 [debug] [Thread-1 (]: SQL status: DROP TABLE in 0.005 seconds
[0m22:36:42.455264 [debug] [Thread-1 (]: On model.itsm_dbt.gold_itsm_tickets: Close
[0m22:36:42.459347 [debug] [Thread-1 (]: Sending event: {'category': 'dbt', 'action': 'run_model', 'label': '2967d3dc-4b7c-4e88-9380-daf60793fea8', 'context': [<snowplow_tracker.self_describing_json.SelfDescribingJson object at 0x0000010FAB829B20>]}
[0m22:36:42.459347 [info ] [Thread-1 (]: 1 of 1 OK created sql table model gold.gold_itsm_tickets ....................... [[32mSELECT 100000[0m in 1.23s]
[0m22:36:42.459347 [debug] [Thread-1 (]: Finished running node model.itsm_dbt.gold_itsm_tickets
[0m22:36:42.464801 [debug] [MainThread]: On master: COMMIT
[0m22:36:42.468922 [debug] [MainThread]: Using postgres connection "master"
[0m22:36:42.468922 [debug] [MainThread]: On master: COMMIT
[0m22:36:42.470930 [debug] [MainThread]: Opening a new connection, currently in state closed
[0m22:36:42.490977 [debug] [MainThread]: SQL status: COMMIT in 0.020 seconds
[0m22:36:42.490977 [debug] [MainThread]: On master: Close
[0m22:36:42.490977 [debug] [MainThread]: Connection 'master' was properly closed.
[0m22:36:42.490977 [debug] [MainThread]: Connection 'list_itsm_db' was properly closed.
[0m22:36:42.496025 [debug] [MainThread]: Connection 'list_itsm_db_gold' was properly closed.
[0m22:36:42.496025 [debug] [MainThread]: Connection 'list_itsm_db_silver' was properly closed.
[0m22:36:42.496025 [debug] [MainThread]: Connection 'model.itsm_dbt.gold_itsm_tickets' was properly closed.
[0m22:36:42.496025 [info ] [MainThread]: 
[0m22:36:42.496025 [info ] [MainThread]: Finished running 1 table model in 0 hours 0 minutes and 1.57 seconds (1.57s).
[0m22:36:42.506116 [debug] [MainThread]: Command end result
[0m22:36:42.537218 [debug] [MainThread]: Wrote artifact WritableManifest to C:\Users\ahmed\Desktop\data science\itsm_project\dbt_project\target\manifest.json
[0m22:36:42.553227 [debug] [MainThread]: Wrote artifact SemanticManifest to C:\Users\ahmed\Desktop\data science\itsm_project\dbt_project\target\semantic_manifest.json
[0m22:36:42.553227 [debug] [MainThread]: Wrote artifact RunExecutionResult to C:\Users\ahmed\Desktop\data science\itsm_project\dbt_project\target\run_results.json
[0m22:36:42.553227 [info ] [MainThread]: 
[0m22:36:42.553227 [info ] [MainThread]: [32mCompleted successfully[0m
[0m22:36:42.569047 [info ] [MainThread]: 
[0m22:36:42.569047 [info ] [MainThread]: Done. PASS=1 WARN=0 ERROR=0 SKIP=0 NO-OP=0 TOTAL=1
[0m22:36:42.569047 [debug] [MainThread]: Command `dbt run` succeeded at 22:36:42.569047 after 3.12 seconds
[0m22:36:42.569047 [debug] [MainThread]: Sending event: {'category': 'dbt', 'action': 'invocation', 'label': 'end', 'context': [<snowplow_tracker.self_describing_json.SelfDescribingJson object at 0x0000010FA858A1E0>, <snowplow_tracker.self_describing_json.SelfDescribingJson object at 0x0000010FA93C8830>, <snowplow_tracker.self_describing_json.SelfDescribingJson object at 0x0000010FA9A11130>]}
[0m22:36:42.569047 [debug] [MainThread]: Flushing usage events
[0m22:36:43.546596 [debug] [MainThread]: An error was encountered while trying to flush usage events
[0m14:40:42.333757 [debug] [MainThread]: Sending event: {'category': 'dbt', 'action': 'invocation', 'label': 'start', 'context': [<snowplow_tracker.self_describing_json.SelfDescribingJson object at 0x000001B0B929F710>, <snowplow_tracker.self_describing_json.SelfDescribingJson object at 0x000001B0B97B3470>, <snowplow_tracker.self_describing_json.SelfDescribingJson object at 0x000001B0B97B2F00>]}


============================== 14:40:42.342427 | 15325ac6-fa79-48e5-8a4f-7b5ecf2fb0ec ==============================
[0m14:40:42.342427 [info ] [MainThread]: Running with dbt=1.11.12
[0m14:40:42.346531 [debug] [MainThread]: running dbt with arguments {'static_parser': 'True', 'no_print': 'None', 'version_check': 'True', 'target_path': 'None', 'warn_error_options': 'WarnErrorOptionsV2(error=[], warn=[], silence=[])', 'printer_width': '80', 'write_json': 'True', 'introspect': 'True', 'log_cache_events': 'False', 'empty': 'False', 'cache_selected_only': 'False', 'fail_fast': 'False', 'debug': 'False', 'log_format': 'default', 'partial_parse': 'True', 'send_anonymous_usage_stats': 'True', 'quiet': 'False', 'warn_error': 'None', 'profiles_dir': '.', 'use_colors': 'True', 'invocation_command': 'dbt run --profiles-dir .', 'indirect_selection': 'eager', 'use_experimental_parser': 'False', 'log_path': 'C:\\Users\\ahmed\\Desktop\\data science\\itsm_project\\dbt_project\\logs'}
[0m14:40:42.783978 [debug] [MainThread]: Sending event: {'category': 'dbt', 'action': 'project_id', 'label': '15325ac6-fa79-48e5-8a4f-7b5ecf2fb0ec', 'context': [<snowplow_tracker.self_describing_json.SelfDescribingJson object at 0x000001B0BAB94EF0>]}
[0m14:40:42.862514 [debug] [MainThread]: Sending event: {'category': 'dbt', 'action': 'adapter_info', 'label': '15325ac6-fa79-48e5-8a4f-7b5ecf2fb0ec', 'context': [<snowplow_tracker.self_describing_json.SelfDescribingJson object at 0x000001B0B9096600>]}
[0m14:40:42.862514 [info ] [MainThread]: Registered adapter: postgres=1.10.2
[0m14:40:43.399444 [debug] [MainThread]: checksum: f368f5348cf42803b94ef7fb8257ecf3bf9a9a16dd9c8c51fe5172f2dbeb457f, vars: {}, profile: , target: , version: 1.11.12
[0m14:40:43.653218 [debug] [MainThread]: Partial parsing enabled: 0 files deleted, 0 files added, 1 files changed.
[0m14:40:43.653218 [debug] [MainThread]: Partial parsing: updated file: itsm_dbt://models\gold\gold_itsm_tickets.sql
[0m14:40:44.057007 [debug] [MainThread]: Sending event: {'category': 'dbt', 'action': 'load_project', 'label': '15325ac6-fa79-48e5-8a4f-7b5ecf2fb0ec', 'context': [<snowplow_tracker.self_describing_json.SelfDescribingJson object at 0x000001B0BB2E9F70>]}
[0m14:40:44.172234 [debug] [MainThread]: Wrote artifact WritableManifest to C:\Users\ahmed\Desktop\data science\itsm_project\dbt_project\target\manifest.json
[0m14:40:44.178437 [debug] [MainThread]: Wrote artifact SemanticManifest to C:\Users\ahmed\Desktop\data science\itsm_project\dbt_project\target\semantic_manifest.json
[0m14:40:44.208114 [debug] [MainThread]: Sending event: {'category': 'dbt', 'action': 'resource_counts', 'label': '15325ac6-fa79-48e5-8a4f-7b5ecf2fb0ec', 'context': [<snowplow_tracker.self_describing_json.SelfDescribingJson object at 0x000001B0BB2B01A0>]}
[0m14:40:44.208114 [info ] [MainThread]: Found 2 models, 1 source, 476 macros
[0m14:40:44.208114 [debug] [MainThread]: Sending event: {'category': 'dbt', 'action': 'runnable_timing', 'label': '15325ac6-fa79-48e5-8a4f-7b5ecf2fb0ec', 'context': [<snowplow_tracker.self_describing_json.SelfDescribingJson object at 0x000001B0B6BF0950>]}
[0m14:40:44.219217 [info ] [MainThread]: 
[0m14:40:44.223293 [info ] [MainThread]: Concurrency: 4 threads (target='dev')
[0m14:40:44.224573 [info ] [MainThread]: 
[0m14:40:44.227670 [debug] [MainThread]: Acquiring new postgres connection 'master'
[0m14:40:44.239141 [debug] [ThreadPool]: Acquiring new postgres connection 'list_itsm_db'
[0m14:40:44.241203 [debug] [ThreadPool]: Acquiring new postgres connection 'list_itsm_db'
[0m14:40:44.508223 [debug] [ThreadPool]: Using postgres connection "list_itsm_db"
[0m14:40:44.514614 [debug] [ThreadPool]: Using postgres connection "list_itsm_db"
[0m14:40:44.516621 [debug] [ThreadPool]: On list_itsm_db: /* {"app": "dbt", "dbt_version": "1.11.12", "profile_name": "itsm_dbt", "target_name": "dev", "connection_name": "list_itsm_db"} */

    select distinct nspname from pg_namespace
  
[0m14:40:44.516621 [debug] [ThreadPool]: On list_itsm_db: /* {"app": "dbt", "dbt_version": "1.11.12", "profile_name": "itsm_dbt", "target_name": "dev", "connection_name": "list_itsm_db"} */

    select distinct nspname from pg_namespace
  
[0m14:40:44.516621 [debug] [ThreadPool]: Opening a new connection, currently in state init
[0m14:40:44.516621 [debug] [ThreadPool]: Opening a new connection, currently in state init
[0m14:40:48.601254 [debug] [ThreadPool]: Postgres adapter: Got a retryable error when attempting to open a postgres connection.
1 attempts remaining. Retrying in 0 seconds.
Error:
connection to server at "localhost" (::1), port 5432 failed: Connection refused (0x0000274D/10061)
	Is the server running on that host and accepting TCP/IP connections?
connection to server at "localhost" (127.0.0.1), port 5432 failed: Connection refused (0x0000274D/10061)
	Is the server running on that host and accepting TCP/IP connections?

[0m14:40:48.601254 [debug] [ThreadPool]: Postgres adapter: Got a retryable error when attempting to open a postgres connection.
1 attempts remaining. Retrying in 0 seconds.
Error:
connection to server at "localhost" (::1), port 5432 failed: Connection refused (0x0000274D/10061)
	Is the server running on that host and accepting TCP/IP connections?
connection to server at "localhost" (127.0.0.1), port 5432 failed: Connection refused (0x0000274D/10061)
	Is the server running on that host and accepting TCP/IP connections?

[0m14:40:52.677134 [debug] [ThreadPool]: Postgres adapter: Error running SQL: /* {"app": "dbt", "dbt_version": "1.11.12", "profile_name": "itsm_dbt", "target_name": "dev", "connection_name": "list_itsm_db"} */

    select distinct nspname from pg_namespace
  
[0m14:40:52.677134 [debug] [ThreadPool]: Postgres adapter: Rolling back transaction.
[0m14:40:52.677134 [debug] [ThreadPool]: Postgres adapter: Error running SQL: macro list_schemas
[0m14:40:52.677134 [debug] [ThreadPool]: Postgres adapter: Rolling back transaction.
[0m14:40:52.685539 [debug] [ThreadPool]: On list_itsm_db: No close available on handle
[0m14:40:52.693219 [debug] [ThreadPool]: Postgres adapter: Error running SQL: /* {"app": "dbt", "dbt_version": "1.11.12", "profile_name": "itsm_dbt", "target_name": "dev", "connection_name": "list_itsm_db"} */

    select distinct nspname from pg_namespace
  
[0m14:40:52.695992 [debug] [ThreadPool]: Postgres adapter: Rolling back transaction.
[0m14:40:52.698105 [debug] [ThreadPool]: Postgres adapter: Error running SQL: macro list_schemas
[0m14:40:52.700118 [debug] [ThreadPool]: Postgres adapter: Rolling back transaction.
[0m14:40:52.700118 [debug] [ThreadPool]: On list_itsm_db: No close available on handle
[0m14:40:52.700118 [debug] [MainThread]: Connection 'master' was properly closed.
[0m14:40:52.706178 [debug] [MainThread]: Connection 'list_itsm_db' was properly closed.
[0m14:40:52.706178 [debug] [MainThread]: Connection 'list_itsm_db' was properly closed.
[0m14:40:52.709380 [info ] [MainThread]: 
[0m14:40:52.709380 [info ] [MainThread]: Finished running  in 0 hours 0 minutes and 8.48 seconds (8.48s).
[0m14:40:52.716712 [error] [MainThread]: Encountered an error:
Database Error
  connection to server at "localhost" (::1), port 5432 failed: Connection refused (0x0000274D/10061)
  	Is the server running on that host and accepting TCP/IP connections?
  connection to server at "localhost" (127.0.0.1), port 5432 failed: Connection refused (0x0000274D/10061)
  	Is the server running on that host and accepting TCP/IP connections?
  
[0m14:40:52.719509 [debug] [MainThread]: Command `dbt run` failed at 14:40:52.719509 after 10.59 seconds
[0m14:40:52.719509 [debug] [MainThread]: Sending event: {'category': 'dbt', 'action': 'invocation', 'label': 'end', 'context': [<snowplow_tracker.self_describing_json.SelfDescribingJson object at 0x000001B0B89EB0E0>, <snowplow_tracker.self_describing_json.SelfDescribingJson object at 0x000001B0BB1592E0>, <snowplow_tracker.self_describing_json.SelfDescribingJson object at 0x000001B0BB2B0260>]}
[0m14:40:52.725084 [debug] [MainThread]: Flushing usage events
[0m14:40:53.937303 [debug] [MainThread]: An error was encountered while trying to flush usage events
[0m14:51:57.869359 [debug] [MainThread]: Sending event: {'category': 'dbt', 'action': 'invocation', 'label': 'start', 'context': [<snowplow_tracker.self_describing_json.SelfDescribingJson object at 0x00000198D0C3D940>, <snowplow_tracker.self_describing_json.SelfDescribingJson object at 0x00000198D086C980>, <snowplow_tracker.self_describing_json.SelfDescribingJson object at 0x00000198D08509B0>]}


============================== 14:51:57.882647 | 5b998a9c-8f88-46f6-a8ab-0fe65b9d8168 ==============================
[0m14:51:57.882647 [info ] [MainThread]: Running with dbt=1.11.12
[0m14:51:57.888662 [debug] [MainThread]: running dbt with arguments {'static_parser': 'True', 'no_print': 'None', 'version_check': 'True', 'target_path': 'None', 'warn_error_options': 'WarnErrorOptionsV2(error=[], warn=[], silence=[])', 'printer_width': '80', 'write_json': 'True', 'introspect': 'True', 'log_cache_events': 'False', 'empty': 'False', 'cache_selected_only': 'False', 'log_format': 'default', 'debug': 'False', 'fail_fast': 'False', 'partial_parse': 'True', 'send_anonymous_usage_stats': 'True', 'quiet': 'False', 'warn_error': 'None', 'profiles_dir': '.', 'invocation_command': 'dbt run --profiles-dir .', 'use_colors': 'True', 'indirect_selection': 'eager', 'use_experimental_parser': 'False', 'log_path': 'C:\\Users\\ahmed\\Desktop\\data science\\itsm_project\\dbt_project\\logs'}
[0m14:51:58.671828 [debug] [MainThread]: Sending event: {'category': 'dbt', 'action': 'project_id', 'label': '5b998a9c-8f88-46f6-a8ab-0fe65b9d8168', 'context': [<snowplow_tracker.self_describing_json.SelfDescribingJson object at 0x00000198D15C0770>]}
[0m14:51:58.962473 [debug] [MainThread]: Sending event: {'category': 'dbt', 'action': 'adapter_info', 'label': '5b998a9c-8f88-46f6-a8ab-0fe65b9d8168', 'context': [<snowplow_tracker.self_describing_json.SelfDescribingJson object at 0x00000198D09DAF00>]}
[0m14:51:58.971488 [info ] [MainThread]: Registered adapter: postgres=1.10.2
[0m14:52:00.034233 [debug] [MainThread]: checksum: f368f5348cf42803b94ef7fb8257ecf3bf9a9a16dd9c8c51fe5172f2dbeb457f, vars: {}, profile: , target: , version: 1.11.12
[0m14:52:00.386464 [debug] [MainThread]: Partial parsing enabled: 0 files deleted, 0 files added, 0 files changed.
[0m14:52:00.393588 [debug] [MainThread]: Nothing changed, skipping partial parsing.
[0m14:52:00.395106 [debug] [MainThread]: Partial parsing enabled, no changes found, skipping parsing
[0m14:52:00.527331 [debug] [MainThread]: Sending event: {'category': 'dbt', 'action': 'load_project', 'label': '5b998a9c-8f88-46f6-a8ab-0fe65b9d8168', 'context': [<snowplow_tracker.self_describing_json.SelfDescribingJson object at 0x00000198D28E9100>]}
[0m14:52:00.795274 [debug] [MainThread]: Wrote artifact WritableManifest to C:\Users\ahmed\Desktop\data science\itsm_project\dbt_project\target\manifest.json
[0m14:52:00.801152 [debug] [MainThread]: Wrote artifact SemanticManifest to C:\Users\ahmed\Desktop\data science\itsm_project\dbt_project\target\semantic_manifest.json
[0m14:52:00.863477 [debug] [MainThread]: Sending event: {'category': 'dbt', 'action': 'resource_counts', 'label': '5b998a9c-8f88-46f6-a8ab-0fe65b9d8168', 'context': [<snowplow_tracker.self_describing_json.SelfDescribingJson object at 0x00000198D2C9D640>]}
[0m14:52:00.867108 [info ] [MainThread]: Found 2 models, 1 source, 476 macros
[0m14:52:00.871552 [debug] [MainThread]: Sending event: {'category': 'dbt', 'action': 'runnable_timing', 'label': '5b998a9c-8f88-46f6-a8ab-0fe65b9d8168', 'context': [<snowplow_tracker.self_describing_json.SelfDescribingJson object at 0x00000198D151FE30>]}
[0m14:52:00.885127 [info ] [MainThread]: 
[0m14:52:00.892233 [info ] [MainThread]: Concurrency: 4 threads (target='dev')
[0m14:52:00.904369 [info ] [MainThread]: 
[0m14:52:00.910893 [debug] [MainThread]: Acquiring new postgres connection 'master'
[0m14:52:00.960410 [debug] [ThreadPool]: Acquiring new postgres connection 'list_itsm_db'
[0m14:52:00.965841 [debug] [ThreadPool]: Acquiring new postgres connection 'list_itsm_db'
[0m14:52:01.283850 [debug] [ThreadPool]: Using postgres connection "list_itsm_db"
[0m14:52:01.285872 [debug] [ThreadPool]: Using postgres connection "list_itsm_db"
[0m14:52:01.285872 [debug] [ThreadPool]: On list_itsm_db: /* {"app": "dbt", "dbt_version": "1.11.12", "profile_name": "itsm_dbt", "target_name": "dev", "connection_name": "list_itsm_db"} */

    select distinct nspname from pg_namespace
  
[0m14:52:01.285872 [debug] [ThreadPool]: On list_itsm_db: /* {"app": "dbt", "dbt_version": "1.11.12", "profile_name": "itsm_dbt", "target_name": "dev", "connection_name": "list_itsm_db"} */

    select distinct nspname from pg_namespace
  
[0m14:52:01.285872 [debug] [ThreadPool]: Opening a new connection, currently in state init
[0m14:52:01.296242 [debug] [ThreadPool]: Opening a new connection, currently in state init
[0m14:52:05.357471 [debug] [ThreadPool]: Postgres adapter: Got a retryable error when attempting to open a postgres connection.
1 attempts remaining. Retrying in 0 seconds.
Error:
connection to server at "localhost" (::1), port 5432 failed: Connection refused (0x0000274D/10061)
	Is the server running on that host and accepting TCP/IP connections?
connection to server at "localhost" (127.0.0.1), port 5432 failed: Connection refused (0x0000274D/10061)
	Is the server running on that host and accepting TCP/IP connections?

[0m14:52:05.374525 [debug] [ThreadPool]: Postgres adapter: Got a retryable error when attempting to open a postgres connection.
1 attempts remaining. Retrying in 0 seconds.
Error:
connection to server at "localhost" (::1), port 5432 failed: Connection refused (0x0000274D/10061)
	Is the server running on that host and accepting TCP/IP connections?
connection to server at "localhost" (127.0.0.1), port 5432 failed: Connection refused (0x0000274D/10061)
	Is the server running on that host and accepting TCP/IP connections?

[0m14:52:09.412427 [debug] [ThreadPool]: Postgres adapter: Error running SQL: /* {"app": "dbt", "dbt_version": "1.11.12", "profile_name": "itsm_dbt", "target_name": "dev", "connection_name": "list_itsm_db"} */

    select distinct nspname from pg_namespace
  
[0m14:52:09.416217 [debug] [ThreadPool]: Postgres adapter: Rolling back transaction.
[0m14:52:09.419623 [debug] [ThreadPool]: Postgres adapter: Error running SQL: macro list_schemas
[0m14:52:09.424209 [debug] [ThreadPool]: Postgres adapter: Rolling back transaction.
[0m14:52:09.431655 [debug] [ThreadPool]: On list_itsm_db: No close available on handle
[0m14:52:09.459264 [debug] [ThreadPool]: Postgres adapter: Error running SQL: /* {"app": "dbt", "dbt_version": "1.11.12", "profile_name": "itsm_dbt", "target_name": "dev", "connection_name": "list_itsm_db"} */

    select distinct nspname from pg_namespace
  
[0m14:52:09.463175 [debug] [ThreadPool]: Postgres adapter: Rolling back transaction.
[0m14:52:09.463175 [debug] [ThreadPool]: Postgres adapter: Error running SQL: macro list_schemas
[0m14:52:09.463175 [debug] [ThreadPool]: Postgres adapter: Rolling back transaction.
[0m14:52:09.463175 [debug] [ThreadPool]: On list_itsm_db: No close available on handle
[0m14:52:09.474555 [debug] [MainThread]: Connection 'master' was properly closed.
[0m14:52:09.474555 [debug] [MainThread]: Connection 'list_itsm_db' was properly closed.
[0m14:52:09.476729 [debug] [MainThread]: Connection 'list_itsm_db' was properly closed.
[0m14:52:09.480194 [info ] [MainThread]: 
[0m14:52:09.480712 [info ] [MainThread]: Finished running  in 0 hours 0 minutes and 8.57 seconds (8.57s).
[0m14:52:09.487032 [error] [MainThread]: Encountered an error:
Database Error
  connection to server at "localhost" (::1), port 5432 failed: Connection refused (0x0000274D/10061)
  	Is the server running on that host and accepting TCP/IP connections?
  connection to server at "localhost" (127.0.0.1), port 5432 failed: Connection refused (0x0000274D/10061)
  	Is the server running on that host and accepting TCP/IP connections?
  
[0m14:52:09.490814 [debug] [MainThread]: Command `dbt run` failed at 14:52:09.489551 after 11.99 seconds
[0m14:52:09.494435 [debug] [MainThread]: Sending event: {'category': 'dbt', 'action': 'invocation', 'label': 'end', 'context': [<snowplow_tracker.self_describing_json.SelfDescribingJson object at 0x00000198D0643980>, <snowplow_tracker.self_describing_json.SelfDescribingJson object at 0x00000198D2CE7E30>, <snowplow_tracker.self_describing_json.SelfDescribingJson object at 0x00000198D2C9C4A0>]}
[0m14:52:09.499160 [debug] [MainThread]: Flushing usage events
[0m14:52:11.099406 [debug] [MainThread]: An error was encountered while trying to flush usage events
[0m14:54:17.048466 [debug] [MainThread]: Sending event: {'category': 'dbt', 'action': 'invocation', 'label': 'start', 'context': [<snowplow_tracker.self_describing_json.SelfDescribingJson object at 0x000001A40A2801A0>, <snowplow_tracker.self_describing_json.SelfDescribingJson object at 0x000001A40AAB96A0>, <snowplow_tracker.self_describing_json.SelfDescribingJson object at 0x000001A40AAB8080>]}


============================== 14:54:17.065149 | cb7acf22-29be-4dcf-a3d4-650aac157a55 ==============================
[0m14:54:17.065149 [info ] [MainThread]: Running with dbt=1.11.12
[0m14:54:17.065149 [debug] [MainThread]: running dbt with arguments {'static_parser': 'True', 'no_print': 'None', 'version_check': 'True', 'target_path': 'None', 'warn_error_options': 'WarnErrorOptionsV2(error=[], warn=[], silence=[])', 'printer_width': '80', 'write_json': 'True', 'empty': 'False', 'log_cache_events': 'False', 'introspect': 'True', 'cache_selected_only': 'False', 'fail_fast': 'False', 'debug': 'False', 'log_format': 'default', 'profiles_dir': '.', 'send_anonymous_usage_stats': 'True', 'quiet': 'False', 'warn_error': 'None', 'partial_parse': 'True', 'invocation_command': 'dbt run --profiles-dir .', 'use_colors': 'True', 'indirect_selection': 'eager', 'use_experimental_parser': 'False', 'log_path': 'C:\\Users\\ahmed\\Desktop\\data science\\itsm_project\\dbt_project\\logs'}
[0m14:54:17.595958 [debug] [MainThread]: Sending event: {'category': 'dbt', 'action': 'project_id', 'label': 'cb7acf22-29be-4dcf-a3d4-650aac157a55', 'context': [<snowplow_tracker.self_describing_json.SelfDescribingJson object at 0x000001A40C192A80>]}
[0m14:54:17.784726 [debug] [MainThread]: Sending event: {'category': 'dbt', 'action': 'adapter_info', 'label': 'cb7acf22-29be-4dcf-a3d4-650aac157a55', 'context': [<snowplow_tracker.self_describing_json.SelfDescribingJson object at 0x000001A40B08F890>]}
[0m14:54:17.792867 [info ] [MainThread]: Registered adapter: postgres=1.10.2
[0m14:54:18.816602 [debug] [MainThread]: checksum: f368f5348cf42803b94ef7fb8257ecf3bf9a9a16dd9c8c51fe5172f2dbeb457f, vars: {}, profile: , target: , version: 1.11.12
[0m14:54:19.168949 [debug] [MainThread]: Partial parsing enabled: 0 files deleted, 0 files added, 0 files changed.
[0m14:54:19.168949 [debug] [MainThread]: Nothing changed, skipping partial parsing.
[0m14:54:19.173405 [debug] [MainThread]: Partial parsing enabled, no changes found, skipping parsing
[0m14:54:19.267344 [debug] [MainThread]: Sending event: {'category': 'dbt', 'action': 'load_project', 'label': 'cb7acf22-29be-4dcf-a3d4-650aac157a55', 'context': [<snowplow_tracker.self_describing_json.SelfDescribingJson object at 0x000001A40B0055E0>]}
[0m14:54:19.512120 [debug] [MainThread]: Wrote artifact WritableManifest to C:\Users\ahmed\Desktop\data science\itsm_project\dbt_project\target\manifest.json
[0m14:54:19.518348 [debug] [MainThread]: Wrote artifact SemanticManifest to C:\Users\ahmed\Desktop\data science\itsm_project\dbt_project\target\semantic_manifest.json
[0m14:54:19.556421 [debug] [MainThread]: Sending event: {'category': 'dbt', 'action': 'resource_counts', 'label': 'cb7acf22-29be-4dcf-a3d4-650aac157a55', 'context': [<snowplow_tracker.self_describing_json.SelfDescribingJson object at 0x000001A40C6E55E0>]}
[0m14:54:19.556421 [info ] [MainThread]: Found 2 models, 1 source, 476 macros
[0m14:54:19.562060 [debug] [MainThread]: Sending event: {'category': 'dbt', 'action': 'runnable_timing', 'label': 'cb7acf22-29be-4dcf-a3d4-650aac157a55', 'context': [<snowplow_tracker.self_describing_json.SelfDescribingJson object at 0x000001A40C724440>]}
[0m14:54:19.569121 [info ] [MainThread]: 
[0m14:54:19.569121 [info ] [MainThread]: Concurrency: 4 threads (target='dev')
[0m14:54:19.573155 [info ] [MainThread]: 
[0m14:54:19.576473 [debug] [MainThread]: Acquiring new postgres connection 'master'
[0m14:54:19.586906 [debug] [ThreadPool]: Acquiring new postgres connection 'list_itsm_db'
[0m14:54:19.586906 [debug] [ThreadPool]: Acquiring new postgres connection 'list_itsm_db'
[0m14:54:19.968802 [debug] [ThreadPool]: Using postgres connection "list_itsm_db"
[0m14:54:19.968802 [debug] [ThreadPool]: Using postgres connection "list_itsm_db"
[0m14:54:19.968802 [debug] [ThreadPool]: On list_itsm_db: /* {"app": "dbt", "dbt_version": "1.11.12", "profile_name": "itsm_dbt", "target_name": "dev", "connection_name": "list_itsm_db"} */

    select distinct nspname from pg_namespace
  
[0m14:54:19.968802 [debug] [ThreadPool]: On list_itsm_db: /* {"app": "dbt", "dbt_version": "1.11.12", "profile_name": "itsm_dbt", "target_name": "dev", "connection_name": "list_itsm_db"} */

    select distinct nspname from pg_namespace
  
[0m14:54:19.975071 [debug] [ThreadPool]: Opening a new connection, currently in state init
[0m14:54:19.977639 [debug] [ThreadPool]: Opening a new connection, currently in state init
[0m14:54:20.127766 [debug] [ThreadPool]: SQL status: SELECT 7 in 0.152 seconds
[0m14:54:20.128133 [debug] [ThreadPool]: SQL status: SELECT 7 in 0.152 seconds
[0m14:54:20.129980 [debug] [ThreadPool]: On list_itsm_db: Close
[0m14:54:20.138639 [debug] [ThreadPool]: On list_itsm_db: Close
[0m14:54:20.150328 [debug] [ThreadPool]: Acquiring new postgres connection 'list_itsm_db_gold'
[0m14:54:20.155403 [debug] [ThreadPool]: Acquiring new postgres connection 'list_itsm_db_silver'
[0m14:54:20.183173 [debug] [ThreadPool]: Using postgres connection "list_itsm_db_gold"
[0m14:54:20.195548 [debug] [ThreadPool]: Using postgres connection "list_itsm_db_silver"
[0m14:54:20.195548 [debug] [ThreadPool]: On list_itsm_db_gold: /* {"app": "dbt", "dbt_version": "1.11.12", "profile_name": "itsm_dbt", "target_name": "dev", "connection_name": "list_itsm_db_gold"} */
select
      'itsm_db' as database,
      tablename as name,
      schemaname as schema,
      'table' as type
    from pg_tables
    where schemaname ilike 'gold'
    union all
    select
      'itsm_db' as database,
      viewname as name,
      schemaname as schema,
      'view' as type
    from pg_views
    where schemaname ilike 'gold'
    union all
    select
      'itsm_db' as database,
      matviewname as name,
      schemaname as schema,
      'materialized_view' as type
    from pg_matviews
    where schemaname ilike 'gold'
  
[0m14:54:20.201813 [debug] [ThreadPool]: On list_itsm_db_silver: /* {"app": "dbt", "dbt_version": "1.11.12", "profile_name": "itsm_dbt", "target_name": "dev", "connection_name": "list_itsm_db_silver"} */
select
      'itsm_db' as database,
      tablename as name,
      schemaname as schema,
      'table' as type
    from pg_tables
    where schemaname ilike 'silver'
    union all
    select
      'itsm_db' as database,
      viewname as name,
      schemaname as schema,
      'view' as type
    from pg_views
    where schemaname ilike 'silver'
    union all
    select
      'itsm_db' as database,
      matviewname as name,
      schemaname as schema,
      'materialized_view' as type
    from pg_matviews
    where schemaname ilike 'silver'
  
[0m14:54:20.203868 [debug] [ThreadPool]: Opening a new connection, currently in state init
[0m14:54:20.207688 [debug] [ThreadPool]: Opening a new connection, currently in state init
[0m14:54:20.348617 [debug] [ThreadPool]: SQL status: SELECT 1 in 0.144 seconds
[0m14:54:20.351103 [debug] [ThreadPool]: SQL status: SELECT 1 in 0.142 seconds
[0m14:54:20.357079 [debug] [ThreadPool]: On list_itsm_db_gold: ROLLBACK
[0m14:54:20.365647 [debug] [ThreadPool]: On list_itsm_db_silver: ROLLBACK
[0m14:54:20.373341 [debug] [ThreadPool]: On list_itsm_db_gold: Close
[0m14:54:20.373341 [debug] [ThreadPool]: On list_itsm_db_silver: Close
[0m14:54:20.405181 [debug] [MainThread]: Using postgres connection "master"
[0m14:54:20.412054 [debug] [MainThread]: On master: /* {"app": "dbt", "dbt_version": "1.11.12", "profile_name": "itsm_dbt", "target_name": "dev", "connection_name": "master"} */
select distinct
        dependent_namespace.nspname as dependent_schema,
        dependent_class.relname as dependent_name,
        referenced_namespace.nspname as referenced_schema,
        referenced_class.relname as referenced_name

    -- Query for views: views are entries in pg_class with an entry in pg_rewrite, but we avoid
    -- a seq scan on pg_rewrite by leveraging the fact there is an "internal" row in pg_depend for
    -- the view...
    from pg_class as dependent_class
    join pg_namespace as dependent_namespace on dependent_namespace.oid = dependent_class.relnamespace
    join pg_depend as dependent_depend on dependent_depend.refobjid = dependent_class.oid
        and dependent_depend.classid = 'pg_rewrite'::regclass
        and dependent_depend.refclassid = 'pg_class'::regclass
        and dependent_depend.deptype = 'i'

    -- ... and via pg_depend (that has a row per column, hence the need for "distinct" above, and
    -- making sure to exclude the internal row to avoid a view appearing to depend on itself)...
    join pg_depend as joining_depend on joining_depend.objid = dependent_depend.objid
        and joining_depend.classid = 'pg_rewrite'::regclass
        and joining_depend.refclassid = 'pg_class'::regclass
        and joining_depend.refobjid != dependent_depend.refobjid

    -- ... we can find the tables they query from in pg_class, but excluding system tables. Note we
    -- don't need need to exclude _dependent_ system tables, because they only query from other
    -- system tables, and so are automatically excluded by excluding _referenced_ system tables
    join pg_class as referenced_class on referenced_class.oid = joining_depend.refobjid
    join pg_namespace as referenced_namespace on referenced_namespace.oid = referenced_class.relnamespace
        and referenced_namespace.nspname != 'information_schema'
        and referenced_namespace.nspname not like 'pg\_%'

    order by
        dependent_schema, dependent_name, referenced_schema, referenced_name;
[0m14:54:20.415949 [debug] [MainThread]: Opening a new connection, currently in state init
[0m14:54:20.538830 [debug] [MainThread]: SQL status: SELECT 0 in 0.122 seconds
[0m14:54:20.548651 [debug] [MainThread]: Sending event: {'category': 'dbt', 'action': 'runnable_timing', 'label': 'cb7acf22-29be-4dcf-a3d4-650aac157a55', 'context': [<snowplow_tracker.self_describing_json.SelfDescribingJson object at 0x000001A40C6CF4D0>]}
[0m14:54:20.551844 [debug] [MainThread]: On master: ROLLBACK
[0m14:54:20.562413 [debug] [MainThread]: On master: COMMIT
[0m14:54:20.563703 [debug] [MainThread]: Using postgres connection "master"
[0m14:54:20.563703 [debug] [MainThread]: On master: COMMIT
[0m14:54:20.579161 [debug] [MainThread]: SQL status: COMMIT in 0.006 seconds
[0m14:54:20.581314 [debug] [MainThread]: On master: Close
[0m14:54:20.612897 [debug] [Thread-1 (]: Began running node model.itsm_dbt.silver_itsm_tickets
[0m14:54:20.616614 [info ] [Thread-1 (]: 1 of 2 START sql table model silver.silver_itsm_tickets ........................ [RUN]
[0m14:54:20.623163 [debug] [Thread-1 (]: Acquiring new postgres connection 'model.itsm_dbt.silver_itsm_tickets'
[0m14:54:20.628743 [debug] [Thread-1 (]: Began compiling node model.itsm_dbt.silver_itsm_tickets
[0m14:54:20.664074 [debug] [Thread-1 (]: Writing injected SQL for node "model.itsm_dbt.silver_itsm_tickets"
[0m14:54:20.678824 [debug] [Thread-1 (]: Began executing node model.itsm_dbt.silver_itsm_tickets
[0m14:54:20.845574 [debug] [Thread-1 (]: Writing runtime sql for node "model.itsm_dbt.silver_itsm_tickets"
[0m14:54:20.845574 [debug] [Thread-1 (]: Using postgres connection "model.itsm_dbt.silver_itsm_tickets"
[0m14:54:20.845574 [debug] [Thread-1 (]: On model.itsm_dbt.silver_itsm_tickets: /* {"app": "dbt", "dbt_version": "1.11.12", "profile_name": "itsm_dbt", "target_name": "dev", "node_id": "model.itsm_dbt.silver_itsm_tickets"} */

  
    

  create  table "itsm_db"."silver"."silver_itsm_tickets__dbt_tmp"
  
  
    as
  
  (
    /*
    silver_itsm_tickets.sql
    ------------------------
    ETAPE 2 : nettoyage des donnees (couche Silver).

    Ce modele part de bronze.itsm_tickets_raw (donnees brutes, tout en texte,
    non modifiees) et produit une version propre :
      - espaces superflus retires
      - valeurs vides transformees en vrai NULL (au lieu de chaines vides)
      - dates transformees de texte vers un vrai type TIMESTAMP
      - une ligne par ticket_id (protection anti-doublon)
      - Priority transforme aussi en version numerique ordonnee (priority_rank)
        pour faciliter les futurs tris/graphiques

    C'est l'equivalent SQL exact de ce qu'on avait fait avec pandas dans le
    notebook ITSM_Dataset_Organized.ipynb, mais cette fois le nettoyage vit
    dans la base de donnees et peut etre re-execute a tout moment avec `dbt run`.
*/

with source as (

    select * from "itsm_db"."bronze"."itsm_tickets_raw"

),

cleaned as (

    select
        nullif(trim(ticket_id), '')            as ticket_id,
        nullif(trim(status), '')                as status,
        nullif(trim(priority), '')              as priority,
        nullif(trim(source), '')                as source,
        nullif(trim(topic), '')                 as topic,
        nullif(trim(agent_group), '')           as agent_group,
        nullif(trim(product_group), '')         as product_group,

        -- Conversion des dates : texte "04/07/2024 12:42" -> vrai TIMESTAMP
        to_timestamp(nullif(trim(created_time), ''), 'DD/MM/YYYY HH24:MI')
            as created_time,
        to_timestamp(nullif(trim(expected_sla_to_resolve), ''), 'DD/MM/YYYY HH24:MI')
            as expected_sla_to_resolve,
        to_timestamp(nullif(trim(expected_sla_to_first_response), ''), 'DD/MM/YYYY HH24:MI')
            as expected_sla_to_first_response,
        to_timestamp(nullif(trim(first_response_time), ''), 'DD/MM/YYYY HH24:MI')
            as first_response_time,
        to_timestamp(nullif(trim(resolution_time), ''), 'DD/MM/YYYY HH24:MI')
            as resolution_time,
        to_timestamp(nullif(trim(close_time), ''), 'DD/MM/YYYY HH24:MI')
            as close_time,

        nullif(trim(incident_description), '') as incident_description,
        nullif(trim(solution_used), '')         as solution_used,

        -- Version numerique ordonnee de la priorite (utile pour trier/filtrer)
        case trim(priority)
            when 'Low'      then 1
            when 'Medium'   then 2
            when 'High'     then 3
            when 'Critical' then 4
            else null
        end as priority_rank,

        -- On garde une trace : est-ce que ce ticket a une solution renseignee ?
        (nullif(trim(solution_used), '') is not null) as has_solution

    from source

),

deduplicated as (

    select *,
        row_number() over (partition by ticket_id order by ticket_id) as row_num
    from cleaned
    where ticket_id is not null

)

select
    ticket_id,
    status,
    priority,
    priority_rank,
    source,
    topic,
    agent_group,
    product_group,
    created_time,
    expected_sla_to_resolve,
    expected_sla_to_first_response,
    first_response_time,
    resolution_time,
    close_time,
    incident_description,
    solution_used,
    has_solution
from deduplicated
where row_num = 1
  );
  
[0m14:54:20.854997 [debug] [Thread-1 (]: Opening a new connection, currently in state init
[0m14:54:24.188992 [debug] [Thread-1 (]: SQL status: SELECT 100000 in 3.330 seconds
[0m14:54:24.216526 [debug] [Thread-1 (]: Using postgres connection "model.itsm_dbt.silver_itsm_tickets"
[0m14:54:24.216526 [debug] [Thread-1 (]: On model.itsm_dbt.silver_itsm_tickets: /* {"app": "dbt", "dbt_version": "1.11.12", "profile_name": "itsm_dbt", "target_name": "dev", "node_id": "model.itsm_dbt.silver_itsm_tickets"} */
alter table "itsm_db"."silver"."silver_itsm_tickets" rename to "silver_itsm_tickets__dbt_backup"
[0m14:54:24.226065 [debug] [Thread-1 (]: SQL status: ALTER TABLE in 0.003 seconds
[0m14:54:24.233986 [debug] [Thread-1 (]: Using postgres connection "model.itsm_dbt.silver_itsm_tickets"
[0m14:54:24.238848 [debug] [Thread-1 (]: On model.itsm_dbt.silver_itsm_tickets: /* {"app": "dbt", "dbt_version": "1.11.12", "profile_name": "itsm_dbt", "target_name": "dev", "node_id": "model.itsm_dbt.silver_itsm_tickets"} */
alter table "itsm_db"."silver"."silver_itsm_tickets__dbt_tmp" rename to "silver_itsm_tickets"
[0m14:54:24.243146 [debug] [Thread-1 (]: SQL status: ALTER TABLE in 0.002 seconds
[0m14:54:24.292953 [debug] [Thread-1 (]: On model.itsm_dbt.silver_itsm_tickets: COMMIT
[0m14:54:24.292953 [debug] [Thread-1 (]: Using postgres connection "model.itsm_dbt.silver_itsm_tickets"
[0m14:54:24.298579 [debug] [Thread-1 (]: On model.itsm_dbt.silver_itsm_tickets: COMMIT
[0m14:54:24.309292 [debug] [Thread-1 (]: SQL status: COMMIT in 0.009 seconds
[0m14:54:24.326380 [debug] [Thread-1 (]: Applying DROP to: "itsm_db"."silver"."silver_itsm_tickets__dbt_backup"
[0m14:54:24.342919 [debug] [Thread-1 (]: Using postgres connection "model.itsm_dbt.silver_itsm_tickets"
[0m14:54:24.346241 [debug] [Thread-1 (]: On model.itsm_dbt.silver_itsm_tickets: /* {"app": "dbt", "dbt_version": "1.11.12", "profile_name": "itsm_dbt", "target_name": "dev", "node_id": "model.itsm_dbt.silver_itsm_tickets"} */
drop table if exists "itsm_db"."silver"."silver_itsm_tickets__dbt_backup" cascade
[0m14:54:24.364871 [debug] [Thread-1 (]: SQL status: DROP TABLE in 0.020 seconds
[0m14:54:24.376152 [debug] [Thread-1 (]: On model.itsm_dbt.silver_itsm_tickets: Close
[0m14:54:24.381467 [debug] [Thread-1 (]: Sending event: {'category': 'dbt', 'action': 'run_model', 'label': 'cb7acf22-29be-4dcf-a3d4-650aac157a55', 'context': [<snowplow_tracker.self_describing_json.SelfDescribingJson object at 0x000001A407B7D730>]}
[0m14:54:24.389728 [info ] [Thread-1 (]: 1 of 2 OK created sql table model silver.silver_itsm_tickets ................... [[32mSELECT 100000[0m in 3.75s]
[0m14:54:24.392982 [debug] [Thread-1 (]: Finished running node model.itsm_dbt.silver_itsm_tickets
[0m14:54:24.397539 [debug] [Thread-3 (]: Began running node model.itsm_dbt.gold_itsm_tickets
[0m14:54:24.399551 [info ] [Thread-3 (]: 2 of 2 START sql table model gold.gold_itsm_tickets ............................ [RUN]
[0m14:54:24.403174 [debug] [Thread-3 (]: Acquiring new postgres connection 'model.itsm_dbt.gold_itsm_tickets'
[0m14:54:24.405184 [debug] [Thread-3 (]: Began compiling node model.itsm_dbt.gold_itsm_tickets
[0m14:54:24.413318 [debug] [Thread-3 (]: Writing injected SQL for node "model.itsm_dbt.gold_itsm_tickets"
[0m14:54:24.421579 [debug] [Thread-3 (]: Began executing node model.itsm_dbt.gold_itsm_tickets
[0m14:54:24.429732 [debug] [Thread-3 (]: Writing runtime sql for node "model.itsm_dbt.gold_itsm_tickets"
[0m14:54:24.436444 [debug] [Thread-3 (]: Using postgres connection "model.itsm_dbt.gold_itsm_tickets"
[0m14:54:24.438862 [debug] [Thread-3 (]: On model.itsm_dbt.gold_itsm_tickets: /* {"app": "dbt", "dbt_version": "1.11.12", "profile_name": "itsm_dbt", "target_name": "dev", "node_id": "model.itsm_dbt.gold_itsm_tickets"} */

  
    

  create  table "itsm_db"."gold"."gold_itsm_tickets__dbt_tmp"
  
  
    as
  
  (
    /*
    gold_itsm_tickets.sql
    -----------------------
    ETAPE 3 : creation des variables pour le Machine Learning (couche Gold).

    Ce modele part de silver.silver_itsm_tickets (donnees propres) et ajoute
    tout ce dont un modele de prediction a besoin :

      1) Des durees reelles, en minutes (au lieu de deux dates separees)
      2) Des variables temporelles (heure, jour, mois de creation)
      3) La marge SLA (Expected - Actual), gardee a titre informatif
      4) La longueur de la description (utile plus tard pour le NLP)
      5) LA VARIABLE CIBLE : long_resolution_flag

    Pourquoi cette cible et pas "depassement SLA" ?
    --------------------------------------------------
    On a verifie plus tot que dans ce dataset, AUCUN ticket ne depasse jamais
    son SLA (marge toujours >= 0). Une cible sans variance ne peut pas etre
    apprise par un modele. On suit donc la meme demarche que dans le rapport
    de reference : on remplace "depassement SLA" par "risque de resolution
    longue" (long MTTR), qui lui a une vraie variance dans les donnees.

    Definition retenue : un ticket est marque "resolution longue" (1) si
    sa duree de resolution reelle depasse le 75e percentile de l'ensemble
    des tickets. Sinon (0). Ce seuil est calcule automatiquement sur les
    donnees, pas fixe a la main.
*/

with base as (

    select * from "itsm_db"."silver"."silver_itsm_tickets"

),

with_durations as (

    select
        *,

        -- Durees reelles, en minutes
        extract(epoch from (first_response_time - created_time)) / 60
            as first_response_minutes,
        extract(epoch from (resolution_time - created_time)) / 60
            as resolution_minutes,
        extract(epoch from (close_time - created_time)) / 60
            as close_minutes,

        -- Bruit deterministe (+/- 60 min), seede sur ticket_id : simule la variabilite
        -- reelle (charge de travail, complexite imprevue) absente du dataset synthetique.
        -- Sans ce bruit, priority determine resolution_minutes de facon quasi parfaite
        -- (ecart-type ~6 min), ce qui rend toute prediction triviale (score parfait).
        (hashtext(ticket_id) % 121 - 60)::float as noise_minutes,

        -- Marge SLA : temps restant avant la limite (peut etre negatif si depasse)
        extract(epoch from (expected_sla_to_first_response - first_response_time)) / 60
            as sla_margin_first_response_min,
        extract(epoch from (expected_sla_to_resolve - resolution_time)) / 60
            as sla_margin_resolution_min,

        -- Variables temporelles utiles pour reperer des tendances (charge par heure, jour...)
        extract(hour from created_time)          as created_hour,
        to_char(created_time, 'Day')             as created_dayofweek,
        to_char(created_time, 'Month')           as created_month,
        date(created_time)                       as created_date,

        -- Longueur de la description : un proxy simple de complexite du ticket,
        -- utile plus tard pour le module NLP
        length(incident_description)             as description_length

    from base

),

with_realistic_duration as (

    select
        *,
        greatest(resolution_minutes + noise_minutes, 5) as resolution_minutes_realistic

    from with_durations

),

percentile_calc as (

    select
        percentile_cont(0.75) within group (order by resolution_minutes_realistic)
            as resolution_p75_threshold
    from with_realistic_duration
    where resolution_minutes_realistic is not null

),

with_target as (

    select
        w.*,
        p.resolution_p75_threshold

    from with_realistic_duration w
    cross join percentile_calc p
    where w.resolution_minutes_realistic is not null

)

select
    ticket_id,
    status,
    priority,
    priority_rank,
    source,
    topic,
    agent_group,
    product_group,

    created_time,
    created_date,
    created_hour,
    trim(created_dayofweek)  as created_dayofweek,
    trim(created_month)      as created_month,

    first_response_minutes,
    resolution_minutes,
    resolution_minutes_realistic,
    close_minutes,

    sla_margin_first_response_min,
    sla_margin_resolution_min,

    description_length,
    has_solution,

    resolution_p75_threshold,

    -- LA CIBLE : basee sur la duree "realiste" (avec bruit), pas la duree brute
    case
        when resolution_minutes_realistic >= resolution_p75_threshold then 1
        else 0
    end as long_resolution_flag

from with_target
  );
  
[0m14:54:24.442943 [debug] [Thread-3 (]: Opening a new connection, currently in state init
[0m14:54:26.412712 [debug] [Thread-3 (]: SQL status: SELECT 100000 in 1.970 seconds
[0m14:54:26.424392 [debug] [Thread-3 (]: Using postgres connection "model.itsm_dbt.gold_itsm_tickets"
[0m14:54:26.425261 [debug] [Thread-3 (]: On model.itsm_dbt.gold_itsm_tickets: /* {"app": "dbt", "dbt_version": "1.11.12", "profile_name": "itsm_dbt", "target_name": "dev", "node_id": "model.itsm_dbt.gold_itsm_tickets"} */
alter table "itsm_db"."gold"."gold_itsm_tickets" rename to "gold_itsm_tickets__dbt_backup"
[0m14:54:26.430407 [debug] [Thread-3 (]: SQL status: ALTER TABLE in 0.002 seconds
[0m14:54:26.441800 [debug] [Thread-3 (]: Using postgres connection "model.itsm_dbt.gold_itsm_tickets"
[0m14:54:26.441800 [debug] [Thread-3 (]: On model.itsm_dbt.gold_itsm_tickets: /* {"app": "dbt", "dbt_version": "1.11.12", "profile_name": "itsm_dbt", "target_name": "dev", "node_id": "model.itsm_dbt.gold_itsm_tickets"} */
alter table "itsm_db"."gold"."gold_itsm_tickets__dbt_tmp" rename to "gold_itsm_tickets"
[0m14:54:26.447883 [debug] [Thread-3 (]: SQL status: ALTER TABLE in 0.002 seconds
[0m14:54:26.449242 [debug] [Thread-3 (]: On model.itsm_dbt.gold_itsm_tickets: COMMIT
[0m14:54:26.454056 [debug] [Thread-3 (]: Using postgres connection "model.itsm_dbt.gold_itsm_tickets"
[0m14:54:26.454056 [debug] [Thread-3 (]: On model.itsm_dbt.gold_itsm_tickets: COMMIT
[0m14:54:26.478515 [debug] [Thread-3 (]: SQL status: COMMIT in 0.022 seconds
[0m14:54:26.489305 [debug] [Thread-3 (]: Applying DROP to: "itsm_db"."gold"."gold_itsm_tickets__dbt_backup"
[0m14:54:26.491740 [debug] [Thread-3 (]: Using postgres connection "model.itsm_dbt.gold_itsm_tickets"
[0m14:54:26.491740 [debug] [Thread-3 (]: On model.itsm_dbt.gold_itsm_tickets: /* {"app": "dbt", "dbt_version": "1.11.12", "profile_name": "itsm_dbt", "target_name": "dev", "node_id": "model.itsm_dbt.gold_itsm_tickets"} */
drop table if exists "itsm_db"."gold"."gold_itsm_tickets__dbt_backup" cascade
[0m14:54:26.503584 [debug] [Thread-3 (]: SQL status: DROP TABLE in 0.007 seconds
[0m14:54:26.508401 [debug] [Thread-3 (]: On model.itsm_dbt.gold_itsm_tickets: Close
[0m14:54:26.512079 [debug] [Thread-3 (]: Sending event: {'category': 'dbt', 'action': 'run_model', 'label': 'cb7acf22-29be-4dcf-a3d4-650aac157a55', 'context': [<snowplow_tracker.self_describing_json.SelfDescribingJson object at 0x000001A40C716000>]}
[0m14:54:26.515626 [info ] [Thread-3 (]: 2 of 2 OK created sql table model gold.gold_itsm_tickets ....................... [[32mSELECT 100000[0m in 2.11s]
[0m14:54:26.519866 [debug] [Thread-3 (]: Finished running node model.itsm_dbt.gold_itsm_tickets
[0m14:54:26.525402 [debug] [MainThread]: On master: COMMIT
[0m14:54:26.528055 [debug] [MainThread]: Using postgres connection "master"
[0m14:54:26.529261 [debug] [MainThread]: On master: COMMIT
[0m14:54:26.529261 [debug] [MainThread]: Opening a new connection, currently in state closed
[0m14:54:26.582622 [debug] [MainThread]: SQL status: COMMIT in 0.052 seconds
[0m14:54:26.586028 [debug] [MainThread]: On master: Close
[0m14:54:26.586028 [debug] [MainThread]: Connection 'master' was properly closed.
[0m14:54:26.591838 [debug] [MainThread]: Connection 'list_itsm_db' was properly closed.
[0m14:54:26.594341 [debug] [MainThread]: Connection 'list_itsm_db' was properly closed.
[0m14:54:26.596988 [debug] [MainThread]: Connection 'list_itsm_db_gold' was properly closed.
[0m14:54:26.596988 [debug] [MainThread]: Connection 'list_itsm_db_silver' was properly closed.
[0m14:54:26.602794 [debug] [MainThread]: Connection 'model.itsm_dbt.silver_itsm_tickets' was properly closed.
[0m14:54:26.602794 [debug] [MainThread]: Connection 'model.itsm_dbt.gold_itsm_tickets' was properly closed.
[0m14:54:26.602794 [info ] [MainThread]: 
[0m14:54:26.608626 [info ] [MainThread]: Finished running 2 table models in 0 hours 0 minutes and 7.03 seconds (7.03s).
[0m14:54:26.613340 [debug] [MainThread]: Command end result
[0m14:54:26.693520 [debug] [MainThread]: Wrote artifact WritableManifest to C:\Users\ahmed\Desktop\data science\itsm_project\dbt_project\target\manifest.json
[0m14:54:26.701828 [debug] [MainThread]: Wrote artifact SemanticManifest to C:\Users\ahmed\Desktop\data science\itsm_project\dbt_project\target\semantic_manifest.json
[0m14:54:26.719544 [debug] [MainThread]: Wrote artifact RunExecutionResult to C:\Users\ahmed\Desktop\data science\itsm_project\dbt_project\target\run_results.json
[0m14:54:26.724708 [info ] [MainThread]: 
[0m14:54:26.726113 [info ] [MainThread]: [32mCompleted successfully[0m
[0m14:54:26.730630 [info ] [MainThread]: 
[0m14:54:26.730630 [info ] [MainThread]: Done. PASS=2 WARN=0 ERROR=0 SKIP=0 NO-OP=0 TOTAL=2
[0m14:54:26.734550 [debug] [MainThread]: Command `dbt run` succeeded at 14:54:26.734550 after 10.00 seconds
[0m14:54:26.740213 [debug] [MainThread]: Sending event: {'category': 'dbt', 'action': 'invocation', 'label': 'end', 'context': [<snowplow_tracker.self_describing_json.SelfDescribingJson object at 0x000001A40AB29DF0>, <snowplow_tracker.self_describing_json.SelfDescribingJson object at 0x000001A40C234770>, <snowplow_tracker.self_describing_json.SelfDescribingJson object at 0x000001A40A866F30>]}
[0m14:54:26.743089 [debug] [MainThread]: Flushing usage events
[0m14:54:28.312884 [debug] [MainThread]: An error was encountered while trying to flush usage events
[0m14:54:53.851172 [debug] [MainThread]: Sending event: {'category': 'dbt', 'action': 'invocation', 'label': 'start', 'context': [<snowplow_tracker.self_describing_json.SelfDescribingJson object at 0x00000146724C13A0>, <snowplow_tracker.self_describing_json.SelfDescribingJson object at 0x0000014675413590>, <snowplow_tracker.self_describing_json.SelfDescribingJson object at 0x0000014675413FB0>]}


============================== 14:54:53.867958 | 05840f92-9289-4ead-80d0-477af439b0ad ==============================
[0m14:54:53.867958 [info ] [MainThread]: Running with dbt=1.11.12
[0m14:54:53.871282 [debug] [MainThread]: running dbt with arguments {'static_parser': 'True', 'no_print': 'None', 'version_check': 'True', 'warn_error_options': 'WarnErrorOptionsV2(error=[], warn=[], silence=[])', 'target_path': 'None', 'printer_width': '80', 'write_json': 'True', 'introspect': 'True', 'log_cache_events': 'False', 'empty': 'False', 'cache_selected_only': 'False', 'log_format': 'default', 'debug': 'False', 'fail_fast': 'False', 'partial_parse': 'True', 'send_anonymous_usage_stats': 'True', 'quiet': 'False', 'warn_error': 'None', 'profiles_dir': '.', 'use_colors': 'True', 'invocation_command': 'dbt run --profiles-dir . --select gold_itsm_tickets', 'indirect_selection': 'eager', 'use_experimental_parser': 'False', 'log_path': 'C:\\Users\\ahmed\\Desktop\\data science\\itsm_project\\dbt_project\\logs'}
[0m14:54:54.288373 [debug] [MainThread]: Sending event: {'category': 'dbt', 'action': 'project_id', 'label': '05840f92-9289-4ead-80d0-477af439b0ad', 'context': [<snowplow_tracker.self_describing_json.SelfDescribingJson object at 0x00000146759DFA10>]}
[0m14:54:54.477191 [debug] [MainThread]: Sending event: {'category': 'dbt', 'action': 'adapter_info', 'label': '05840f92-9289-4ead-80d0-477af439b0ad', 'context': [<snowplow_tracker.self_describing_json.SelfDescribingJson object at 0x0000014676C14860>]}
[0m14:54:54.483371 [info ] [MainThread]: Registered adapter: postgres=1.10.2
[0m14:54:55.397001 [debug] [MainThread]: checksum: f368f5348cf42803b94ef7fb8257ecf3bf9a9a16dd9c8c51fe5172f2dbeb457f, vars: {}, profile: , target: , version: 1.11.12
[0m14:54:55.775991 [debug] [MainThread]: Partial parsing enabled: 0 files deleted, 0 files added, 0 files changed.
[0m14:54:55.775991 [debug] [MainThread]: Nothing changed, skipping partial parsing.
[0m14:54:55.781861 [debug] [MainThread]: Partial parsing enabled, no changes found, skipping parsing
[0m14:54:55.880462 [debug] [MainThread]: Sending event: {'category': 'dbt', 'action': 'load_project', 'label': '05840f92-9289-4ead-80d0-477af439b0ad', 'context': [<snowplow_tracker.self_describing_json.SelfDescribingJson object at 0x0000014676CC5BB0>]}
[0m14:54:56.089025 [debug] [MainThread]: Wrote artifact WritableManifest to C:\Users\ahmed\Desktop\data science\itsm_project\dbt_project\target\manifest.json
[0m14:54:56.095199 [debug] [MainThread]: Wrote artifact SemanticManifest to C:\Users\ahmed\Desktop\data science\itsm_project\dbt_project\target\semantic_manifest.json
[0m14:54:56.131153 [debug] [MainThread]: Sending event: {'category': 'dbt', 'action': 'resource_counts', 'label': '05840f92-9289-4ead-80d0-477af439b0ad', 'context': [<snowplow_tracker.self_describing_json.SelfDescribingJson object at 0x00000146771315B0>]}
[0m14:54:56.131823 [info ] [MainThread]: Found 2 models, 1 source, 476 macros
[0m14:54:56.133358 [debug] [MainThread]: Sending event: {'category': 'dbt', 'action': 'runnable_timing', 'label': '05840f92-9289-4ead-80d0-477af439b0ad', 'context': [<snowplow_tracker.self_describing_json.SelfDescribingJson object at 0x00000146771870E0>]}
[0m14:54:56.138616 [info ] [MainThread]: 
[0m14:54:56.142588 [info ] [MainThread]: Concurrency: 4 threads (target='dev')
[0m14:54:56.143321 [info ] [MainThread]: 
[0m14:54:56.147179 [debug] [MainThread]: Acquiring new postgres connection 'master'
[0m14:54:56.149283 [debug] [ThreadPool]: Acquiring new postgres connection 'list_itsm_db'
[0m14:54:56.399467 [debug] [ThreadPool]: Using postgres connection "list_itsm_db"
[0m14:54:56.399467 [debug] [ThreadPool]: On list_itsm_db: /* {"app": "dbt", "dbt_version": "1.11.12", "profile_name": "itsm_dbt", "target_name": "dev", "connection_name": "list_itsm_db"} */

    select distinct nspname from pg_namespace
  
[0m14:54:56.405152 [debug] [ThreadPool]: Opening a new connection, currently in state init
[0m14:54:56.449195 [debug] [ThreadPool]: SQL status: SELECT 7 in 0.050 seconds
[0m14:54:56.459427 [debug] [ThreadPool]: On list_itsm_db: Close
[0m14:54:56.465009 [debug] [ThreadPool]: Acquiring new postgres connection 'list_itsm_db_gold'
[0m14:54:56.467100 [debug] [ThreadPool]: Acquiring new postgres connection 'list_itsm_db_silver'
[0m14:54:56.480686 [debug] [ThreadPool]: Using postgres connection "list_itsm_db_gold"
[0m14:54:56.492842 [debug] [ThreadPool]: Using postgres connection "list_itsm_db_silver"
[0m14:54:56.494095 [debug] [ThreadPool]: On list_itsm_db_gold: /* {"app": "dbt", "dbt_version": "1.11.12", "profile_name": "itsm_dbt", "target_name": "dev", "connection_name": "list_itsm_db_gold"} */
select
      'itsm_db' as database,
      tablename as name,
      schemaname as schema,
      'table' as type
    from pg_tables
    where schemaname ilike 'gold'
    union all
    select
      'itsm_db' as database,
      viewname as name,
      schemaname as schema,
      'view' as type
    from pg_views
    where schemaname ilike 'gold'
    union all
    select
      'itsm_db' as database,
      matviewname as name,
      schemaname as schema,
      'materialized_view' as type
    from pg_matviews
    where schemaname ilike 'gold'
  
[0m14:54:56.496716 [debug] [ThreadPool]: On list_itsm_db_silver: /* {"app": "dbt", "dbt_version": "1.11.12", "profile_name": "itsm_dbt", "target_name": "dev", "connection_name": "list_itsm_db_silver"} */
select
      'itsm_db' as database,
      tablename as name,
      schemaname as schema,
      'table' as type
    from pg_tables
    where schemaname ilike 'silver'
    union all
    select
      'itsm_db' as database,
      viewname as name,
      schemaname as schema,
      'view' as type
    from pg_views
    where schemaname ilike 'silver'
    union all
    select
      'itsm_db' as database,
      matviewname as name,
      schemaname as schema,
      'materialized_view' as type
    from pg_matviews
    where schemaname ilike 'silver'
  
[0m14:54:56.498191 [debug] [ThreadPool]: Opening a new connection, currently in state init
[0m14:54:56.498191 [debug] [ThreadPool]: Opening a new connection, currently in state init
[0m14:54:56.559201 [debug] [ThreadPool]: SQL status: SELECT 1 in 0.059 seconds
[0m14:54:56.562653 [debug] [ThreadPool]: On list_itsm_db_gold: ROLLBACK
[0m14:54:56.565168 [debug] [ThreadPool]: On list_itsm_db_gold: Close
[0m14:54:56.567959 [debug] [ThreadPool]: SQL status: SELECT 1 in 0.065 seconds
[0m14:54:56.575284 [debug] [ThreadPool]: On list_itsm_db_silver: ROLLBACK
[0m14:54:56.579040 [debug] [ThreadPool]: On list_itsm_db_silver: Close
[0m14:54:56.594739 [debug] [MainThread]: Using postgres connection "master"
[0m14:54:56.594739 [debug] [MainThread]: On master: /* {"app": "dbt", "dbt_version": "1.11.12", "profile_name": "itsm_dbt", "target_name": "dev", "connection_name": "master"} */
select distinct
        dependent_namespace.nspname as dependent_schema,
        dependent_class.relname as dependent_name,
        referenced_namespace.nspname as referenced_schema,
        referenced_class.relname as referenced_name

    -- Query for views: views are entries in pg_class with an entry in pg_rewrite, but we avoid
    -- a seq scan on pg_rewrite by leveraging the fact there is an "internal" row in pg_depend for
    -- the view...
    from pg_class as dependent_class
    join pg_namespace as dependent_namespace on dependent_namespace.oid = dependent_class.relnamespace
    join pg_depend as dependent_depend on dependent_depend.refobjid = dependent_class.oid
        and dependent_depend.classid = 'pg_rewrite'::regclass
        and dependent_depend.refclassid = 'pg_class'::regclass
        and dependent_depend.deptype = 'i'

    -- ... and via pg_depend (that has a row per column, hence the need for "distinct" above, and
    -- making sure to exclude the internal row to avoid a view appearing to depend on itself)...
    join pg_depend as joining_depend on joining_depend.objid = dependent_depend.objid
        and joining_depend.classid = 'pg_rewrite'::regclass
        and joining_depend.refclassid = 'pg_class'::regclass
        and joining_depend.refobjid != dependent_depend.refobjid

    -- ... we can find the tables they query from in pg_class, but excluding system tables. Note we
    -- don't need need to exclude _dependent_ system tables, because they only query from other
    -- system tables, and so are automatically excluded by excluding _referenced_ system tables
    join pg_class as referenced_class on referenced_class.oid = joining_depend.refobjid
    join pg_namespace as referenced_namespace on referenced_namespace.oid = referenced_class.relnamespace
        and referenced_namespace.nspname != 'information_schema'
        and referenced_namespace.nspname not like 'pg\_%'

    order by
        dependent_schema, dependent_name, referenced_schema, referenced_name;
[0m14:54:56.594739 [debug] [MainThread]: Opening a new connection, currently in state init
[0m14:54:56.659274 [debug] [MainThread]: SQL status: SELECT 0 in 0.058 seconds
[0m14:54:56.661546 [debug] [MainThread]: Sending event: {'category': 'dbt', 'action': 'runnable_timing', 'label': '05840f92-9289-4ead-80d0-477af439b0ad', 'context': [<snowplow_tracker.self_describing_json.SelfDescribingJson object at 0x0000014676DAE1E0>]}
[0m14:54:56.666421 [debug] [MainThread]: On master: ROLLBACK
[0m14:54:56.668170 [debug] [MainThread]: On master: COMMIT
[0m14:54:56.674138 [debug] [MainThread]: Using postgres connection "master"
[0m14:54:56.676100 [debug] [MainThread]: On master: COMMIT
[0m14:54:56.676100 [debug] [MainThread]: SQL status: COMMIT in 0.004 seconds
[0m14:54:56.685250 [debug] [MainThread]: On master: Close
[0m14:54:56.693050 [debug] [Thread-1 (]: Began running node model.itsm_dbt.gold_itsm_tickets
[0m14:54:56.699660 [info ] [Thread-1 (]: 1 of 1 START sql table model gold.gold_itsm_tickets ............................ [RUN]
[0m14:54:56.699660 [debug] [Thread-1 (]: Acquiring new postgres connection 'model.itsm_dbt.gold_itsm_tickets'
[0m14:54:56.699660 [debug] [Thread-1 (]: Began compiling node model.itsm_dbt.gold_itsm_tickets
[0m14:54:56.735025 [debug] [Thread-1 (]: Writing injected SQL for node "model.itsm_dbt.gold_itsm_tickets"
[0m14:54:56.738120 [debug] [Thread-1 (]: Began executing node model.itsm_dbt.gold_itsm_tickets
[0m14:54:56.849874 [debug] [Thread-1 (]: Writing runtime sql for node "model.itsm_dbt.gold_itsm_tickets"
[0m14:54:56.849874 [debug] [Thread-1 (]: Using postgres connection "model.itsm_dbt.gold_itsm_tickets"
[0m14:54:56.859019 [debug] [Thread-1 (]: On model.itsm_dbt.gold_itsm_tickets: /* {"app": "dbt", "dbt_version": "1.11.12", "profile_name": "itsm_dbt", "target_name": "dev", "node_id": "model.itsm_dbt.gold_itsm_tickets"} */

  
    

  create  table "itsm_db"."gold"."gold_itsm_tickets__dbt_tmp"
  
  
    as
  
  (
    /*
    gold_itsm_tickets.sql
    -----------------------
    ETAPE 3 : creation des variables pour le Machine Learning (couche Gold).

    Ce modele part de silver.silver_itsm_tickets (donnees propres) et ajoute
    tout ce dont un modele de prediction a besoin :

      1) Des durees reelles, en minutes (au lieu de deux dates separees)
      2) Des variables temporelles (heure, jour, mois de creation)
      3) La marge SLA (Expected - Actual), gardee a titre informatif
      4) La longueur de la description (utile plus tard pour le NLP)
      5) LA VARIABLE CIBLE : long_resolution_flag

    Pourquoi cette cible et pas "depassement SLA" ?
    --------------------------------------------------
    On a verifie plus tot que dans ce dataset, AUCUN ticket ne depasse jamais
    son SLA (marge toujours >= 0). Une cible sans variance ne peut pas etre
    apprise par un modele. On suit donc la meme demarche que dans le rapport
    de reference : on remplace "depassement SLA" par "risque de resolution
    longue" (long MTTR), qui lui a une vraie variance dans les donnees.

    Definition retenue : un ticket est marque "resolution longue" (1) si
    sa duree de resolution reelle depasse le 75e percentile de l'ensemble
    des tickets. Sinon (0). Ce seuil est calcule automatiquement sur les
    donnees, pas fixe a la main.
*/

with base as (

    select * from "itsm_db"."silver"."silver_itsm_tickets"

),

with_durations as (

    select
        *,

        -- Durees reelles, en minutes
        extract(epoch from (first_response_time - created_time)) / 60
            as first_response_minutes,
        extract(epoch from (resolution_time - created_time)) / 60
            as resolution_minutes,
        extract(epoch from (close_time - created_time)) / 60
            as close_minutes,

        -- Bruit deterministe (+/- 60 min), seede sur ticket_id : simule la variabilite
        -- reelle (charge de travail, complexite imprevue) absente du dataset synthetique.
        -- Sans ce bruit, priority determine resolution_minutes de facon quasi parfaite
        -- (ecart-type ~6 min), ce qui rend toute prediction triviale (score parfait).
        (hashtext(ticket_id) % 121 - 60)::float as noise_minutes,

        -- Marge SLA : temps restant avant la limite (peut etre negatif si depasse)
        extract(epoch from (expected_sla_to_first_response - first_response_time)) / 60
            as sla_margin_first_response_min,
        extract(epoch from (expected_sla_to_resolve - resolution_time)) / 60
            as sla_margin_resolution_min,

        -- Variables temporelles utiles pour reperer des tendances (charge par heure, jour...)
        extract(hour from created_time)          as created_hour,
        to_char(created_time, 'Day')             as created_dayofweek,
        to_char(created_time, 'Month')           as created_month,
        date(created_time)                       as created_date,

        -- Longueur de la description : un proxy simple de complexite du ticket,
        -- utile plus tard pour le module NLP
        length(incident_description)             as description_length

    from base

),

with_realistic_duration as (

    select
        *,
        greatest(resolution_minutes + noise_minutes, 5) as resolution_minutes_realistic

    from with_durations

),

percentile_calc as (

    select
        percentile_cont(0.75) within group (order by resolution_minutes_realistic)
            as resolution_p75_threshold
    from with_realistic_duration
    where resolution_minutes_realistic is not null

),

with_target as (

    select
        w.*,
        p.resolution_p75_threshold

    from with_realistic_duration w
    cross join percentile_calc p
    where w.resolution_minutes_realistic is not null

)

select
    ticket_id,
    status,
    priority,
    priority_rank,
    source,
    topic,
    agent_group,
    product_group,

    created_time,
    created_date,
    created_hour,
    trim(created_dayofweek)  as created_dayofweek,
    trim(created_month)      as created_month,

    first_response_minutes,
    resolution_minutes,
    resolution_minutes_realistic,
    close_minutes,

    sla_margin_first_response_min,
    sla_margin_resolution_min,

    description_length,
    has_solution,

    resolution_p75_threshold,

    -- LA CIBLE : basee sur la duree "realiste" (avec bruit), pas la duree brute
    case
        when resolution_minutes_realistic >= resolution_p75_threshold then 1
        else 0
    end as long_resolution_flag

from with_target
  );
  
[0m14:54:56.859019 [debug] [Thread-1 (]: Opening a new connection, currently in state init
[0m14:54:58.915183 [debug] [Thread-1 (]: SQL status: SELECT 100000 in 2.054 seconds
[0m14:54:58.941393 [debug] [Thread-1 (]: Using postgres connection "model.itsm_dbt.gold_itsm_tickets"
[0m14:54:58.948444 [debug] [Thread-1 (]: On model.itsm_dbt.gold_itsm_tickets: /* {"app": "dbt", "dbt_version": "1.11.12", "profile_name": "itsm_dbt", "target_name": "dev", "node_id": "model.itsm_dbt.gold_itsm_tickets"} */
alter table "itsm_db"."gold"."gold_itsm_tickets" rename to "gold_itsm_tickets__dbt_backup"
[0m14:54:58.948444 [debug] [Thread-1 (]: SQL status: ALTER TABLE in 0.002 seconds
[0m14:54:58.962212 [debug] [Thread-1 (]: Using postgres connection "model.itsm_dbt.gold_itsm_tickets"
[0m14:54:58.966228 [debug] [Thread-1 (]: On model.itsm_dbt.gold_itsm_tickets: /* {"app": "dbt", "dbt_version": "1.11.12", "profile_name": "itsm_dbt", "target_name": "dev", "node_id": "model.itsm_dbt.gold_itsm_tickets"} */
alter table "itsm_db"."gold"."gold_itsm_tickets__dbt_tmp" rename to "gold_itsm_tickets"
[0m14:54:58.966228 [debug] [Thread-1 (]: SQL status: ALTER TABLE in 0.002 seconds
[0m14:54:59.022060 [debug] [Thread-1 (]: On model.itsm_dbt.gold_itsm_tickets: COMMIT
[0m14:54:59.024980 [debug] [Thread-1 (]: Using postgres connection "model.itsm_dbt.gold_itsm_tickets"
[0m14:54:59.027962 [debug] [Thread-1 (]: On model.itsm_dbt.gold_itsm_tickets: COMMIT
[0m14:54:59.096125 [debug] [Thread-1 (]: SQL status: COMMIT in 0.072 seconds
[0m14:54:59.112835 [debug] [Thread-1 (]: Applying DROP to: "itsm_db"."gold"."gold_itsm_tickets__dbt_backup"
[0m14:54:59.129200 [debug] [Thread-1 (]: Using postgres connection "model.itsm_dbt.gold_itsm_tickets"
[0m14:54:59.129200 [debug] [Thread-1 (]: On model.itsm_dbt.gold_itsm_tickets: /* {"app": "dbt", "dbt_version": "1.11.12", "profile_name": "itsm_dbt", "target_name": "dev", "node_id": "model.itsm_dbt.gold_itsm_tickets"} */
drop table if exists "itsm_db"."gold"."gold_itsm_tickets__dbt_backup" cascade
[0m14:54:59.148226 [debug] [Thread-1 (]: SQL status: DROP TABLE in 0.012 seconds
[0m14:54:59.158067 [debug] [Thread-1 (]: On model.itsm_dbt.gold_itsm_tickets: Close
[0m14:54:59.166200 [debug] [Thread-1 (]: Sending event: {'category': 'dbt', 'action': 'run_model', 'label': '05840f92-9289-4ead-80d0-477af439b0ad', 'context': [<snowplow_tracker.self_describing_json.SelfDescribingJson object at 0x00000146725C15B0>]}
[0m14:54:59.168224 [info ] [Thread-1 (]: 1 of 1 OK created sql table model gold.gold_itsm_tickets ....................... [[32mSELECT 100000[0m in 2.46s]
[0m14:54:59.170236 [debug] [Thread-1 (]: Finished running node model.itsm_dbt.gold_itsm_tickets
[0m14:54:59.175716 [debug] [MainThread]: On master: COMMIT
[0m14:54:59.177486 [debug] [MainThread]: Using postgres connection "master"
[0m14:54:59.178512 [debug] [MainThread]: On master: COMMIT
[0m14:54:59.178512 [debug] [MainThread]: Opening a new connection, currently in state closed
[0m14:54:59.236694 [debug] [MainThread]: SQL status: COMMIT in 0.055 seconds
[0m14:54:59.238707 [debug] [MainThread]: On master: Close
[0m14:54:59.241410 [debug] [MainThread]: Connection 'master' was properly closed.
[0m14:54:59.244973 [debug] [MainThread]: Connection 'list_itsm_db' was properly closed.
[0m14:54:59.247338 [debug] [MainThread]: Connection 'list_itsm_db_gold' was properly closed.
[0m14:54:59.247338 [debug] [MainThread]: Connection 'list_itsm_db_silver' was properly closed.
[0m14:54:59.249877 [debug] [MainThread]: Connection 'model.itsm_dbt.gold_itsm_tickets' was properly closed.
[0m14:54:59.253095 [info ] [MainThread]: 
[0m14:54:59.254665 [info ] [MainThread]: Finished running 1 table model in 0 hours 0 minutes and 3.11 seconds (3.11s).
[0m14:54:59.258120 [debug] [MainThread]: Command end result
[0m14:54:59.341109 [debug] [MainThread]: Wrote artifact WritableManifest to C:\Users\ahmed\Desktop\data science\itsm_project\dbt_project\target\manifest.json
[0m14:54:59.342911 [debug] [MainThread]: Wrote artifact SemanticManifest to C:\Users\ahmed\Desktop\data science\itsm_project\dbt_project\target\semantic_manifest.json
[0m14:54:59.367285 [debug] [MainThread]: Wrote artifact RunExecutionResult to C:\Users\ahmed\Desktop\data science\itsm_project\dbt_project\target\run_results.json
[0m14:54:59.367285 [info ] [MainThread]: 
[0m14:54:59.375760 [info ] [MainThread]: [32mCompleted successfully[0m
[0m14:54:59.375760 [info ] [MainThread]: 
[0m14:54:59.375760 [info ] [MainThread]: Done. PASS=1 WARN=0 ERROR=0 SKIP=0 NO-OP=0 TOTAL=1
[0m14:54:59.383838 [debug] [MainThread]: Command `dbt run` succeeded at 14:54:59.383838 after 5.87 seconds
[0m14:54:59.383838 [debug] [MainThread]: Sending event: {'category': 'dbt', 'action': 'invocation', 'label': 'end', 'context': [<snowplow_tracker.self_describing_json.SelfDescribingJson object at 0x0000014675387EF0>, <snowplow_tracker.self_describing_json.SelfDescribingJson object at 0x0000014676D88320>, <snowplow_tracker.self_describing_json.SelfDescribingJson object at 0x0000014674A74EC0>]}
[0m14:54:59.383838 [debug] [MainThread]: Flushing usage events
[0m14:55:01.286247 [debug] [MainThread]: An error was encountered while trying to flush usage events
[0m14:58:56.374826 [debug] [MainThread]: Sending event: {'category': 'dbt', 'action': 'invocation', 'label': 'start', 'context': [<snowplow_tracker.self_describing_json.SelfDescribingJson object at 0x000002091DF83FB0>, <snowplow_tracker.self_describing_json.SelfDescribingJson object at 0x000002091E3B1CA0>, <snowplow_tracker.self_describing_json.SelfDescribingJson object at 0x000002091E109D90>]}


============================== 14:58:56.389420 | 51b55ed0-a473-4bd0-92c4-3fbccefb926d ==============================
[0m14:58:56.389420 [info ] [MainThread]: Running with dbt=1.11.12
[0m14:58:56.399008 [debug] [MainThread]: running dbt with arguments {'version_check': 'True', 'no_print': 'None', 'static_parser': 'True', 'warn_error_options': 'WarnErrorOptionsV2(error=[], warn=[], silence=[])', 'target_path': 'None', 'printer_width': '80', 'write_json': 'True', 'empty': 'False', 'log_cache_events': 'False', 'introspect': 'True', 'cache_selected_only': 'False', 'fail_fast': 'False', 'debug': 'False', 'log_format': 'default', 'partial_parse': 'True', 'send_anonymous_usage_stats': 'True', 'quiet': 'False', 'warn_error': 'None', 'profiles_dir': '.', 'invocation_command': 'dbt run --profiles-dir . --select gold_itsm_tickets', 'use_colors': 'True', 'indirect_selection': 'eager', 'use_experimental_parser': 'False', 'log_path': 'C:\\Users\\ahmed\\Desktop\\data science\\itsm_project\\dbt_project\\logs'}
[0m14:58:56.801192 [debug] [MainThread]: Sending event: {'category': 'dbt', 'action': 'project_id', 'label': '51b55ed0-a473-4bd0-92c4-3fbccefb926d', 'context': [<snowplow_tracker.self_describing_json.SelfDescribingJson object at 0x000002091FBB4320>]}
[0m14:58:56.959417 [debug] [MainThread]: Sending event: {'category': 'dbt', 'action': 'adapter_info', 'label': '51b55ed0-a473-4bd0-92c4-3fbccefb926d', 'context': [<snowplow_tracker.self_describing_json.SelfDescribingJson object at 0x000002091BD46CC0>]}
[0m14:58:56.959417 [info ] [MainThread]: Registered adapter: postgres=1.10.2
[0m14:58:58.046525 [debug] [MainThread]: checksum: f368f5348cf42803b94ef7fb8257ecf3bf9a9a16dd9c8c51fe5172f2dbeb457f, vars: {}, profile: , target: , version: 1.11.12
[0m14:58:58.359256 [debug] [MainThread]: Partial parsing enabled: 0 files deleted, 0 files added, 0 files changed.
[0m14:58:58.375400 [debug] [MainThread]: Nothing changed, skipping partial parsing.
[0m14:58:58.375400 [debug] [MainThread]: Partial parsing enabled, no changes found, skipping parsing
[0m14:58:58.439710 [debug] [MainThread]: Sending event: {'category': 'dbt', 'action': 'load_project', 'label': '51b55ed0-a473-4bd0-92c4-3fbccefb926d', 'context': [<snowplow_tracker.self_describing_json.SelfDescribingJson object at 0x000002091E9D6690>]}
[0m14:58:58.605634 [debug] [MainThread]: Wrote artifact WritableManifest to C:\Users\ahmed\Desktop\data science\itsm_project\dbt_project\target\manifest.json
[0m14:58:58.615200 [debug] [MainThread]: Wrote artifact SemanticManifest to C:\Users\ahmed\Desktop\data science\itsm_project\dbt_project\target\semantic_manifest.json
[0m14:58:58.632488 [debug] [MainThread]: Sending event: {'category': 'dbt', 'action': 'resource_counts', 'label': '51b55ed0-a473-4bd0-92c4-3fbccefb926d', 'context': [<snowplow_tracker.self_describing_json.SelfDescribingJson object at 0x00000209200E1610>]}
[0m14:58:58.636290 [info ] [MainThread]: Found 2 models, 1 source, 476 macros
[0m14:58:58.639230 [debug] [MainThread]: Sending event: {'category': 'dbt', 'action': 'runnable_timing', 'label': '51b55ed0-a473-4bd0-92c4-3fbccefb926d', 'context': [<snowplow_tracker.self_describing_json.SelfDescribingJson object at 0x0000020920127140>]}
[0m14:58:58.647817 [info ] [MainThread]: 
[0m14:58:58.650089 [info ] [MainThread]: Concurrency: 4 threads (target='dev')
[0m14:58:58.652446 [info ] [MainThread]: 
[0m14:58:58.654136 [debug] [MainThread]: Acquiring new postgres connection 'master'
[0m14:58:58.654136 [debug] [ThreadPool]: Acquiring new postgres connection 'list_itsm_db'
[0m14:58:58.851452 [debug] [ThreadPool]: Using postgres connection "list_itsm_db"
[0m14:58:58.853481 [debug] [ThreadPool]: On list_itsm_db: /* {"app": "dbt", "dbt_version": "1.11.12", "profile_name": "itsm_dbt", "target_name": "dev", "connection_name": "list_itsm_db"} */

    select distinct nspname from pg_namespace
  
[0m14:58:58.855497 [debug] [ThreadPool]: Opening a new connection, currently in state init
[0m14:58:58.913998 [debug] [ThreadPool]: SQL status: SELECT 7 in 0.070 seconds
[0m14:58:58.930160 [debug] [ThreadPool]: On list_itsm_db: Close
[0m14:58:58.939631 [debug] [ThreadPool]: Acquiring new postgres connection 'list_itsm_db_silver'
[0m14:58:58.939631 [debug] [ThreadPool]: Acquiring new postgres connection 'list_itsm_db_gold'
[0m14:58:58.952259 [debug] [ThreadPool]: Using postgres connection "list_itsm_db_silver"
[0m14:58:58.962363 [debug] [ThreadPool]: Using postgres connection "list_itsm_db_gold"
[0m14:58:58.962363 [debug] [ThreadPool]: On list_itsm_db_silver: /* {"app": "dbt", "dbt_version": "1.11.12", "profile_name": "itsm_dbt", "target_name": "dev", "connection_name": "list_itsm_db_silver"} */
select
      'itsm_db' as database,
      tablename as name,
      schemaname as schema,
      'table' as type
    from pg_tables
    where schemaname ilike 'silver'
    union all
    select
      'itsm_db' as database,
      viewname as name,
      schemaname as schema,
      'view' as type
    from pg_views
    where schemaname ilike 'silver'
    union all
    select
      'itsm_db' as database,
      matviewname as name,
      schemaname as schema,
      'materialized_view' as type
    from pg_matviews
    where schemaname ilike 'silver'
  
[0m14:58:58.962363 [debug] [ThreadPool]: On list_itsm_db_gold: /* {"app": "dbt", "dbt_version": "1.11.12", "profile_name": "itsm_dbt", "target_name": "dev", "connection_name": "list_itsm_db_gold"} */
select
      'itsm_db' as database,
      tablename as name,
      schemaname as schema,
      'table' as type
    from pg_tables
    where schemaname ilike 'gold'
    union all
    select
      'itsm_db' as database,
      viewname as name,
      schemaname as schema,
      'view' as type
    from pg_views
    where schemaname ilike 'gold'
    union all
    select
      'itsm_db' as database,
      matviewname as name,
      schemaname as schema,
      'materialized_view' as type
    from pg_matviews
    where schemaname ilike 'gold'
  
[0m14:58:58.962363 [debug] [ThreadPool]: Opening a new connection, currently in state init
[0m14:58:58.962363 [debug] [ThreadPool]: Opening a new connection, currently in state init
[0m14:58:59.024894 [debug] [ThreadPool]: SQL status: SELECT 1 in 0.055 seconds
[0m14:58:59.024894 [debug] [ThreadPool]: SQL status: SELECT 1 in 0.055 seconds
[0m14:58:59.030763 [debug] [ThreadPool]: On list_itsm_db_silver: ROLLBACK
[0m14:58:59.030763 [debug] [ThreadPool]: On list_itsm_db_gold: ROLLBACK
[0m14:58:59.030763 [debug] [ThreadPool]: On list_itsm_db_silver: Close
[0m14:58:59.040949 [debug] [ThreadPool]: On list_itsm_db_gold: Close
[0m14:58:59.056754 [debug] [MainThread]: Using postgres connection "master"
[0m14:58:59.059735 [debug] [MainThread]: On master: /* {"app": "dbt", "dbt_version": "1.11.12", "profile_name": "itsm_dbt", "target_name": "dev", "connection_name": "master"} */
select distinct
        dependent_namespace.nspname as dependent_schema,
        dependent_class.relname as dependent_name,
        referenced_namespace.nspname as referenced_schema,
        referenced_class.relname as referenced_name

    -- Query for views: views are entries in pg_class with an entry in pg_rewrite, but we avoid
    -- a seq scan on pg_rewrite by leveraging the fact there is an "internal" row in pg_depend for
    -- the view...
    from pg_class as dependent_class
    join pg_namespace as dependent_namespace on dependent_namespace.oid = dependent_class.relnamespace
    join pg_depend as dependent_depend on dependent_depend.refobjid = dependent_class.oid
        and dependent_depend.classid = 'pg_rewrite'::regclass
        and dependent_depend.refclassid = 'pg_class'::regclass
        and dependent_depend.deptype = 'i'

    -- ... and via pg_depend (that has a row per column, hence the need for "distinct" above, and
    -- making sure to exclude the internal row to avoid a view appearing to depend on itself)...
    join pg_depend as joining_depend on joining_depend.objid = dependent_depend.objid
        and joining_depend.classid = 'pg_rewrite'::regclass
        and joining_depend.refclassid = 'pg_class'::regclass
        and joining_depend.refobjid != dependent_depend.refobjid

    -- ... we can find the tables they query from in pg_class, but excluding system tables. Note we
    -- don't need need to exclude _dependent_ system tables, because they only query from other
    -- system tables, and so are automatically excluded by excluding _referenced_ system tables
    join pg_class as referenced_class on referenced_class.oid = joining_depend.refobjid
    join pg_namespace as referenced_namespace on referenced_namespace.oid = referenced_class.relnamespace
        and referenced_namespace.nspname != 'information_schema'
        and referenced_namespace.nspname not like 'pg\_%'

    order by
        dependent_schema, dependent_name, referenced_schema, referenced_name;
[0m14:58:59.059735 [debug] [MainThread]: Opening a new connection, currently in state init
[0m14:58:59.127919 [debug] [MainThread]: SQL status: SELECT 0 in 0.065 seconds
[0m14:58:59.133446 [debug] [MainThread]: Sending event: {'category': 'dbt', 'action': 'runnable_timing', 'label': '51b55ed0-a473-4bd0-92c4-3fbccefb926d', 'context': [<snowplow_tracker.self_describing_json.SelfDescribingJson object at 0x000002091FD2A360>]}
[0m14:58:59.135455 [debug] [MainThread]: On master: ROLLBACK
[0m14:58:59.138479 [debug] [MainThread]: On master: COMMIT
[0m14:58:59.140487 [debug] [MainThread]: Using postgres connection "master"
[0m14:58:59.142496 [debug] [MainThread]: On master: COMMIT
[0m14:58:59.148524 [debug] [MainThread]: SQL status: COMMIT in 0.003 seconds
[0m14:58:59.150534 [debug] [MainThread]: On master: Close
[0m14:58:59.161524 [debug] [Thread-1 (]: Began running node model.itsm_dbt.gold_itsm_tickets
[0m14:58:59.165881 [info ] [Thread-1 (]: 1 of 1 START sql table model gold.gold_itsm_tickets ............................ [RUN]
[0m14:58:59.167945 [debug] [Thread-1 (]: Acquiring new postgres connection 'model.itsm_dbt.gold_itsm_tickets'
[0m14:58:59.171714 [debug] [Thread-1 (]: Began compiling node model.itsm_dbt.gold_itsm_tickets
[0m14:58:59.205116 [debug] [Thread-1 (]: Writing injected SQL for node "model.itsm_dbt.gold_itsm_tickets"
[0m14:58:59.205116 [debug] [Thread-1 (]: Began executing node model.itsm_dbt.gold_itsm_tickets
[0m14:58:59.407594 [debug] [Thread-1 (]: Writing runtime sql for node "model.itsm_dbt.gold_itsm_tickets"
[0m14:58:59.407594 [debug] [Thread-1 (]: Using postgres connection "model.itsm_dbt.gold_itsm_tickets"
[0m14:58:59.407594 [debug] [Thread-1 (]: On model.itsm_dbt.gold_itsm_tickets: /* {"app": "dbt", "dbt_version": "1.11.12", "profile_name": "itsm_dbt", "target_name": "dev", "node_id": "model.itsm_dbt.gold_itsm_tickets"} */

  
    

  create  table "itsm_db"."gold"."gold_itsm_tickets__dbt_tmp"
  
  
    as
  
  (
    /*
    gold_itsm_tickets.sql
    -----------------------
    ETAPE 3 : creation des variables pour le Machine Learning (couche Gold).

    Ce modele part de silver.silver_itsm_tickets (donnees propres) et ajoute
    tout ce dont un modele de prediction a besoin :

      1) Des durees reelles, en minutes (au lieu de deux dates separees)
      2) Des variables temporelles (heure, jour, mois de creation)
      3) La marge SLA (Expected - Actual), gardee a titre informatif
      4) La longueur de la description (utile plus tard pour le NLP)
      5) LA VARIABLE CIBLE : long_resolution_flag

    Pourquoi cette cible et pas "depassement SLA" ?
    --------------------------------------------------
    On a verifie plus tot que dans ce dataset, AUCUN ticket ne depasse jamais
    son SLA (marge toujours >= 0). Une cible sans variance ne peut pas etre
    apprise par un modele. On suit donc la meme demarche que dans le rapport
    de reference : on remplace "depassement SLA" par "risque de resolution
    longue" (long MTTR), qui lui a une vraie variance dans les donnees.

    Definition retenue : un ticket est marque "resolution longue" (1) si
    sa duree de resolution reelle depasse le 75e percentile de l'ensemble
    des tickets. Sinon (0). Ce seuil est calcule automatiquement sur les
    donnees, pas fixe a la main.
*/

with base as (

    select * from "itsm_db"."silver"."silver_itsm_tickets"

),

with_durations as (

    select
        *,

        -- Durees reelles, en minutes
        extract(epoch from (first_response_time - created_time)) / 60
            as first_response_minutes,
        extract(epoch from (resolution_time - created_time)) / 60
            as resolution_minutes,
        extract(epoch from (close_time - created_time)) / 60
            as close_minutes,

        -- Bruit deterministe (+/- 60 min), seede sur ticket_id : simule la variabilite
        -- reelle (charge de travail, complexite imprevue) absente du dataset synthetique.
        -- Sans ce bruit, priority determine resolution_minutes de facon quasi parfaite
        -- (ecart-type ~6 min), ce qui rend toute prediction triviale (score parfait).
        (hashtext(ticket_id) % 121 - 60)::float as noise_minutes,

        -- Marge SLA : temps restant avant la limite (peut etre negatif si depasse)
        extract(epoch from (expected_sla_to_first_response - first_response_time)) / 60
            as sla_margin_first_response_min,
        extract(epoch from (expected_sla_to_resolve - resolution_time)) / 60
            as sla_margin_resolution_min,

        -- Variables temporelles utiles pour reperer des tendances (charge par heure, jour...)
        extract(hour from created_time)          as created_hour,
        to_char(created_time, 'Day')             as created_dayofweek,
        to_char(created_time, 'Month')           as created_month,
        date(created_time)                       as created_date,

        -- Longueur de la description : un proxy simple de complexite du ticket,
        -- utile plus tard pour le module NLP
        length(incident_description)             as description_length

    from base

),

with_realistic_duration as (

    select
        *,
        greatest(resolution_minutes + noise_minutes, 5) as resolution_minutes_realistic

    from with_durations

),

percentile_calc as (

    select
        percentile_cont(0.75) within group (order by resolution_minutes_realistic)
            as resolution_p75_threshold
    from with_realistic_duration
    where resolution_minutes_realistic is not null

),

with_target as (

    select
        w.*,
        p.resolution_p75_threshold

    from with_realistic_duration w
    cross join percentile_calc p
    where w.resolution_minutes_realistic is not null

)

select
    ticket_id,
    status,
    priority,
    priority_rank,
    source,
    topic,
    agent_group,
    product_group,

    created_time,
    created_date,
    created_hour,
    trim(created_dayofweek)  as created_dayofweek,
    trim(created_month)      as created_month,

    first_response_minutes,
    resolution_minutes,
    resolution_minutes_realistic,
    close_minutes,

    sla_margin_first_response_min,
    sla_margin_resolution_min,

    description_length,
    has_solution,

    resolution_p75_threshold,

    -- LA CIBLE : basee sur la duree "realiste" (avec bruit), pas la duree brute
    case
        when resolution_minutes_realistic >= resolution_p75_threshold then 1
        else 0
    end as long_resolution_flag

from with_target
  );
  
[0m14:58:59.407594 [debug] [Thread-1 (]: Opening a new connection, currently in state init
[0m14:59:01.503556 [debug] [Thread-1 (]: SQL status: SELECT 100000 in 2.084 seconds
[0m14:59:01.531725 [debug] [Thread-1 (]: Using postgres connection "model.itsm_dbt.gold_itsm_tickets"
[0m14:59:01.531725 [debug] [Thread-1 (]: On model.itsm_dbt.gold_itsm_tickets: /* {"app": "dbt", "dbt_version": "1.11.12", "profile_name": "itsm_dbt", "target_name": "dev", "node_id": "model.itsm_dbt.gold_itsm_tickets"} */
alter table "itsm_db"."gold"."gold_itsm_tickets" rename to "gold_itsm_tickets__dbt_backup"
[0m14:59:01.543465 [debug] [Thread-1 (]: SQL status: ALTER TABLE in 0.003 seconds
[0m14:59:01.548264 [debug] [Thread-1 (]: Using postgres connection "model.itsm_dbt.gold_itsm_tickets"
[0m14:59:01.548264 [debug] [Thread-1 (]: On model.itsm_dbt.gold_itsm_tickets: /* {"app": "dbt", "dbt_version": "1.11.12", "profile_name": "itsm_dbt", "target_name": "dev", "node_id": "model.itsm_dbt.gold_itsm_tickets"} */
alter table "itsm_db"."gold"."gold_itsm_tickets__dbt_tmp" rename to "gold_itsm_tickets"
[0m14:59:01.548264 [debug] [Thread-1 (]: SQL status: ALTER TABLE in 0.002 seconds
[0m14:59:01.593378 [debug] [Thread-1 (]: On model.itsm_dbt.gold_itsm_tickets: COMMIT
[0m14:59:01.593378 [debug] [Thread-1 (]: Using postgres connection "model.itsm_dbt.gold_itsm_tickets"
[0m14:59:01.593378 [debug] [Thread-1 (]: On model.itsm_dbt.gold_itsm_tickets: COMMIT
[0m14:59:01.616137 [debug] [Thread-1 (]: SQL status: COMMIT in 0.011 seconds
[0m14:59:01.626051 [debug] [Thread-1 (]: Applying DROP to: "itsm_db"."gold"."gold_itsm_tickets__dbt_backup"
[0m14:59:01.641101 [debug] [Thread-1 (]: Using postgres connection "model.itsm_dbt.gold_itsm_tickets"
[0m14:59:01.641101 [debug] [Thread-1 (]: On model.itsm_dbt.gold_itsm_tickets: /* {"app": "dbt", "dbt_version": "1.11.12", "profile_name": "itsm_dbt", "target_name": "dev", "node_id": "model.itsm_dbt.gold_itsm_tickets"} */
drop table if exists "itsm_db"."gold"."gold_itsm_tickets__dbt_backup" cascade
[0m14:59:01.656749 [debug] [Thread-1 (]: SQL status: DROP TABLE in 0.009 seconds
[0m14:59:01.656749 [debug] [Thread-1 (]: On model.itsm_dbt.gold_itsm_tickets: Close
[0m14:59:01.678009 [debug] [Thread-1 (]: Sending event: {'category': 'dbt', 'action': 'run_model', 'label': '51b55ed0-a473-4bd0-92c4-3fbccefb926d', 'context': [<snowplow_tracker.self_describing_json.SelfDescribingJson object at 0x000002091B54D790>]}
[0m14:59:01.682043 [info ] [Thread-1 (]: 1 of 1 OK created sql table model gold.gold_itsm_tickets ....................... [[32mSELECT 100000[0m in 2.50s]
[0m14:59:01.682043 [debug] [Thread-1 (]: Finished running node model.itsm_dbt.gold_itsm_tickets
[0m14:59:01.689153 [debug] [MainThread]: On master: COMMIT
[0m14:59:01.689153 [debug] [MainThread]: Using postgres connection "master"
[0m14:59:01.689153 [debug] [MainThread]: On master: COMMIT
[0m14:59:01.689153 [debug] [MainThread]: Opening a new connection, currently in state closed
[0m14:59:01.752003 [debug] [MainThread]: SQL status: COMMIT in 0.055 seconds
[0m14:59:01.753239 [debug] [MainThread]: On master: Close
[0m14:59:01.755438 [debug] [MainThread]: Connection 'master' was properly closed.
[0m14:59:01.758526 [debug] [MainThread]: Connection 'list_itsm_db' was properly closed.
[0m14:59:01.762977 [debug] [MainThread]: Connection 'list_itsm_db_silver' was properly closed.
[0m14:59:01.764987 [debug] [MainThread]: Connection 'list_itsm_db_gold' was properly closed.
[0m14:59:01.766996 [debug] [MainThread]: Connection 'model.itsm_dbt.gold_itsm_tickets' was properly closed.
[0m14:59:01.768002 [info ] [MainThread]: 
[0m14:59:01.770014 [info ] [MainThread]: Finished running 1 table model in 0 hours 0 minutes and 3.11 seconds (3.11s).
[0m14:59:01.776056 [debug] [MainThread]: Command end result
[0m14:59:01.846980 [debug] [MainThread]: Wrote artifact WritableManifest to C:\Users\ahmed\Desktop\data science\itsm_project\dbt_project\target\manifest.json
[0m14:59:01.846980 [debug] [MainThread]: Wrote artifact SemanticManifest to C:\Users\ahmed\Desktop\data science\itsm_project\dbt_project\target\semantic_manifest.json
[0m14:59:01.879658 [debug] [MainThread]: Wrote artifact RunExecutionResult to C:\Users\ahmed\Desktop\data science\itsm_project\dbt_project\target\run_results.json
[0m14:59:01.881672 [info ] [MainThread]: 
[0m14:59:01.883700 [info ] [MainThread]: [32mCompleted successfully[0m
[0m14:59:01.883700 [info ] [MainThread]: 
[0m14:59:01.883700 [info ] [MainThread]: Done. PASS=1 WARN=0 ERROR=0 SKIP=0 NO-OP=0 TOTAL=1
[0m14:59:01.892555 [debug] [MainThread]: Command `dbt run` succeeded at 14:59:01.892555 after 5.93 seconds
[0m14:59:01.895140 [debug] [MainThread]: Sending event: {'category': 'dbt', 'action': 'invocation', 'label': 'end', 'context': [<snowplow_tracker.self_describing_json.SelfDescribingJson object at 0x000002092032BB00>, <snowplow_tracker.self_describing_json.SelfDescribingJson object at 0x000002091FD533B0>, <snowplow_tracker.self_describing_json.SelfDescribingJson object at 0x000002091D4E6900>]}
[0m14:59:01.898635 [debug] [MainThread]: Flushing usage events
[0m14:59:03.860285 [debug] [MainThread]: An error was encountered while trying to flush usage events
[0m15:09:12.087441 [debug] [MainThread]: Sending event: {'category': 'dbt', 'action': 'invocation', 'label': 'start', 'context': [<snowplow_tracker.self_describing_json.SelfDescribingJson object at 0x000001F285F2A720>, <snowplow_tracker.self_describing_json.SelfDescribingJson object at 0x000001F283DA49E0>, <snowplow_tracker.self_describing_json.SelfDescribingJson object at 0x000001F2865A9580>]}


============================== 15:09:12.108507 | a3ba5451-75cf-453b-a674-fc1b9c2e605c ==============================
[0m15:09:12.108507 [info ] [MainThread]: Running with dbt=1.11.12
[0m15:09:12.112525 [debug] [MainThread]: running dbt with arguments {'static_parser': 'True', 'no_print': 'None', 'version_check': 'True', 'target_path': 'None', 'warn_error_options': 'WarnErrorOptionsV2(error=[], warn=[], silence=[])', 'printer_width': '80', 'write_json': 'True', 'empty': 'False', 'log_cache_events': 'False', 'introspect': 'True', 'cache_selected_only': 'False', 'fail_fast': 'False', 'debug': 'False', 'log_format': 'default', 'partial_parse': 'True', 'send_anonymous_usage_stats': 'True', 'quiet': 'False', 'warn_error': 'None', 'profiles_dir': '.', 'use_colors': 'True', 'invocation_command': 'dbt run --profiles-dir .', 'indirect_selection': 'eager', 'use_experimental_parser': 'False', 'log_path': 'C:\\Users\\ahmed\\Desktop\\data science\\itsm_project\\dbt_project\\logs'}
[0m15:09:13.874051 [debug] [MainThread]: Sending event: {'category': 'dbt', 'action': 'project_id', 'label': 'a3ba5451-75cf-453b-a674-fc1b9c2e605c', 'context': [<snowplow_tracker.self_describing_json.SelfDescribingJson object at 0x000001F286A44470>]}
[0m15:09:13.984370 [debug] [MainThread]: Sending event: {'category': 'dbt', 'action': 'adapter_info', 'label': 'a3ba5451-75cf-453b-a674-fc1b9c2e605c', 'context': [<snowplow_tracker.self_describing_json.SelfDescribingJson object at 0x000001F28478D550>]}
[0m15:09:13.984370 [info ] [MainThread]: Registered adapter: postgres=1.10.2
[0m15:09:14.574408 [debug] [MainThread]: checksum: f368f5348cf42803b94ef7fb8257ecf3bf9a9a16dd9c8c51fe5172f2dbeb457f, vars: {}, profile: , target: , version: 1.11.12
[0m15:09:14.986667 [debug] [MainThread]: Partial parsing enabled: 0 files deleted, 0 files added, 0 files changed.
[0m15:09:14.986667 [debug] [MainThread]: Nothing changed, skipping partial parsing.
[0m15:09:14.986667 [debug] [MainThread]: Partial parsing enabled, no changes found, skipping parsing
[0m15:09:15.048999 [debug] [MainThread]: Sending event: {'category': 'dbt', 'action': 'load_project', 'label': 'a3ba5451-75cf-453b-a674-fc1b9c2e605c', 'context': [<snowplow_tracker.self_describing_json.SelfDescribingJson object at 0x000001F288406330>]}
[0m15:09:15.145180 [debug] [MainThread]: Wrote artifact WritableManifest to C:\Users\ahmed\Desktop\data science\itsm_project\dbt_project\target\manifest.json
[0m15:09:15.154815 [debug] [MainThread]: Wrote artifact SemanticManifest to C:\Users\ahmed\Desktop\data science\itsm_project\dbt_project\target\semantic_manifest.json
[0m15:09:15.207462 [debug] [MainThread]: Sending event: {'category': 'dbt', 'action': 'resource_counts', 'label': 'a3ba5451-75cf-453b-a674-fc1b9c2e605c', 'context': [<snowplow_tracker.self_describing_json.SelfDescribingJson object at 0x000001F288985550>]}
[0m15:09:15.207462 [info ] [MainThread]: Found 2 models, 1 source, 476 macros
[0m15:09:15.207462 [debug] [MainThread]: Sending event: {'category': 'dbt', 'action': 'runnable_timing', 'label': 'a3ba5451-75cf-453b-a674-fc1b9c2e605c', 'context': [<snowplow_tracker.self_describing_json.SelfDescribingJson object at 0x000001F2889C30B0>]}
[0m15:09:15.207462 [info ] [MainThread]: 
[0m15:09:15.207462 [info ] [MainThread]: Concurrency: 4 threads (target='dev')
[0m15:09:15.207462 [info ] [MainThread]: 
[0m15:09:15.207462 [debug] [MainThread]: Acquiring new postgres connection 'master'
[0m15:09:15.223148 [debug] [ThreadPool]: Acquiring new postgres connection 'list_itsm_db'
[0m15:09:15.223148 [debug] [ThreadPool]: Acquiring new postgres connection 'list_itsm_db'
[0m15:09:16.187450 [debug] [ThreadPool]: Using postgres connection "list_itsm_db"
[0m15:09:16.189458 [debug] [ThreadPool]: Using postgres connection "list_itsm_db"
[0m15:09:16.189458 [debug] [ThreadPool]: On list_itsm_db: /* {"app": "dbt", "dbt_version": "1.11.12", "profile_name": "itsm_dbt", "target_name": "dev", "connection_name": "list_itsm_db"} */

    select distinct nspname from pg_namespace
  
[0m15:09:16.189458 [debug] [ThreadPool]: On list_itsm_db: /* {"app": "dbt", "dbt_version": "1.11.12", "profile_name": "itsm_dbt", "target_name": "dev", "connection_name": "list_itsm_db"} */

    select distinct nspname from pg_namespace
  
[0m15:09:16.189458 [debug] [ThreadPool]: Opening a new connection, currently in state init
[0m15:09:16.189458 [debug] [ThreadPool]: Opening a new connection, currently in state init
[0m15:09:20.268735 [debug] [ThreadPool]: Postgres adapter: Got a retryable error when attempting to open a postgres connection.
1 attempts remaining. Retrying in 0 seconds.
Error:
connection to server at "localhost" (::1), port 5432 failed: Connection refused (0x0000274D/10061)
	Is the server running on that host and accepting TCP/IP connections?
connection to server at "localhost" (127.0.0.1), port 5432 failed: Connection refused (0x0000274D/10061)
	Is the server running on that host and accepting TCP/IP connections?

[0m15:09:20.300311 [debug] [ThreadPool]: Postgres adapter: Got a retryable error when attempting to open a postgres connection.
1 attempts remaining. Retrying in 0 seconds.
Error:
connection to server at "localhost" (::1), port 5432 failed: Connection refused (0x0000274D/10061)
	Is the server running on that host and accepting TCP/IP connections?
connection to server at "localhost" (127.0.0.1), port 5432 failed: Connection refused (0x0000274D/10061)
	Is the server running on that host and accepting TCP/IP connections?

[0m15:09:24.343107 [debug] [ThreadPool]: Postgres adapter: Error running SQL: /* {"app": "dbt", "dbt_version": "1.11.12", "profile_name": "itsm_dbt", "target_name": "dev", "connection_name": "list_itsm_db"} */

    select distinct nspname from pg_namespace
  
[0m15:09:24.343107 [debug] [ThreadPool]: Postgres adapter: Rolling back transaction.
[0m15:09:24.343107 [debug] [ThreadPool]: Postgres adapter: Error running SQL: macro list_schemas
[0m15:09:24.343107 [debug] [ThreadPool]: Postgres adapter: Rolling back transaction.
[0m15:09:24.343107 [debug] [ThreadPool]: On list_itsm_db: No close available on handle
[0m15:09:24.390686 [debug] [ThreadPool]: Postgres adapter: Error running SQL: /* {"app": "dbt", "dbt_version": "1.11.12", "profile_name": "itsm_dbt", "target_name": "dev", "connection_name": "list_itsm_db"} */

    select distinct nspname from pg_namespace
  
[0m15:09:24.392700 [debug] [ThreadPool]: Postgres adapter: Rolling back transaction.
[0m15:09:24.394715 [debug] [ThreadPool]: Postgres adapter: Error running SQL: macro list_schemas
[0m15:09:24.396730 [debug] [ThreadPool]: Postgres adapter: Rolling back transaction.
[0m15:09:24.398744 [debug] [ThreadPool]: On list_itsm_db: No close available on handle
[0m15:09:24.402711 [debug] [MainThread]: Connection 'master' was properly closed.
[0m15:09:24.406434 [debug] [MainThread]: Connection 'list_itsm_db' was properly closed.
[0m15:09:24.406434 [debug] [MainThread]: Connection 'list_itsm_db' was properly closed.
[0m15:09:24.406434 [info ] [MainThread]: 
[0m15:09:24.413601 [info ] [MainThread]: Finished running  in 0 hours 0 minutes and 9.20 seconds (9.20s).
[0m15:09:24.415617 [error] [MainThread]: Encountered an error:
Database Error
  connection to server at "localhost" (::1), port 5432 failed: Connection refused (0x0000274D/10061)
  	Is the server running on that host and accepting TCP/IP connections?
  connection to server at "localhost" (127.0.0.1), port 5432 failed: Connection refused (0x0000274D/10061)
  	Is the server running on that host and accepting TCP/IP connections?
  
[0m15:09:24.415617 [debug] [MainThread]: Command `dbt run` failed at 15:09:24.415617 after 12.52 seconds
[0m15:09:24.422641 [debug] [MainThread]: Sending event: {'category': 'dbt', 'action': 'invocation', 'label': 'end', 'context': [<snowplow_tracker.self_describing_json.SelfDescribingJson object at 0x000001F28332D820>, <snowplow_tracker.self_describing_json.SelfDescribingJson object at 0x000001F2889C3C50>, <snowplow_tracker.self_describing_json.SelfDescribingJson object at 0x000001F288405BE0>]}
[0m15:09:24.425168 [debug] [MainThread]: Flushing usage events
[0m15:09:29.857045 [debug] [MainThread]: An error was encountered while trying to flush usage events
[0m15:11:29.834784 [debug] [MainThread]: Sending event: {'category': 'dbt', 'action': 'invocation', 'label': 'start', 'context': [<snowplow_tracker.self_describing_json.SelfDescribingJson object at 0x000001C6AACC1AF0>, <snowplow_tracker.self_describing_json.SelfDescribingJson object at 0x000001C6ACBC2450>, <snowplow_tracker.self_describing_json.SelfDescribingJson object at 0x000001C6ACBC24E0>]}


============================== 15:11:29.834784 | f2246166-7d1d-48df-9c0c-b80d26407dcb ==============================
[0m15:11:29.834784 [info ] [MainThread]: Running with dbt=1.11.12
[0m15:11:29.834784 [debug] [MainThread]: running dbt with arguments {'version_check': 'True', 'no_print': 'None', 'static_parser': 'True', 'target_path': 'None', 'warn_error_options': 'WarnErrorOptionsV2(error=[], warn=[], silence=[])', 'printer_width': '80', 'write_json': 'True', 'empty': 'False', 'log_cache_events': 'False', 'introspect': 'True', 'cache_selected_only': 'False', 'log_format': 'default', 'debug': 'False', 'fail_fast': 'False', 'partial_parse': 'True', 'send_anonymous_usage_stats': 'True', 'quiet': 'False', 'warn_error': 'None', 'profiles_dir': '.', 'indirect_selection': 'eager', 'invocation_command': 'dbt run --profiles-dir .', 'use_colors': 'True', 'use_experimental_parser': 'False', 'log_path': 'C:\\Users\\ahmed\\Desktop\\data science\\itsm_project\\dbt_project\\logs'}
[0m15:11:30.164187 [debug] [MainThread]: Sending event: {'category': 'dbt', 'action': 'project_id', 'label': 'f2246166-7d1d-48df-9c0c-b80d26407dcb', 'context': [<snowplow_tracker.self_describing_json.SelfDescribingJson object at 0x000001C6AEC47080>]}
[0m15:11:30.257206 [debug] [MainThread]: Sending event: {'category': 'dbt', 'action': 'adapter_info', 'label': 'f2246166-7d1d-48df-9c0c-b80d26407dcb', 'context': [<snowplow_tracker.self_describing_json.SelfDescribingJson object at 0x000001C6AD1BED20>]}
[0m15:11:30.257206 [info ] [MainThread]: Registered adapter: postgres=1.10.2
[0m15:11:30.826985 [debug] [MainThread]: checksum: f368f5348cf42803b94ef7fb8257ecf3bf9a9a16dd9c8c51fe5172f2dbeb457f, vars: {}, profile: , target: , version: 1.11.12
[0m15:11:31.112269 [debug] [MainThread]: Partial parsing enabled: 0 files deleted, 0 files added, 0 files changed.
[0m15:11:31.114117 [debug] [MainThread]: Nothing changed, skipping partial parsing.
[0m15:11:31.116616 [debug] [MainThread]: Partial parsing enabled, no changes found, skipping parsing
[0m15:11:31.184995 [debug] [MainThread]: Sending event: {'category': 'dbt', 'action': 'load_project', 'label': 'f2246166-7d1d-48df-9c0c-b80d26407dcb', 'context': [<snowplow_tracker.self_describing_json.SelfDescribingJson object at 0x000001C6AEF808F0>]}
[0m15:11:31.303911 [debug] [MainThread]: Wrote artifact WritableManifest to C:\Users\ahmed\Desktop\data science\itsm_project\dbt_project\target\manifest.json
[0m15:11:31.311364 [debug] [MainThread]: Wrote artifact SemanticManifest to C:\Users\ahmed\Desktop\data science\itsm_project\dbt_project\target\semantic_manifest.json
[0m15:11:31.329557 [debug] [MainThread]: Sending event: {'category': 'dbt', 'action': 'resource_counts', 'label': 'f2246166-7d1d-48df-9c0c-b80d26407dcb', 'context': [<snowplow_tracker.self_describing_json.SelfDescribingJson object at 0x000001C6AF1C97C0>]}
[0m15:11:31.329557 [info ] [MainThread]: Found 2 models, 1 source, 476 macros
[0m15:11:31.332120 [debug] [MainThread]: Sending event: {'category': 'dbt', 'action': 'runnable_timing', 'label': 'f2246166-7d1d-48df-9c0c-b80d26407dcb', 'context': [<snowplow_tracker.self_describing_json.SelfDescribingJson object at 0x000001C6AF1E3080>]}
[0m15:11:31.335843 [info ] [MainThread]: 
[0m15:11:31.337859 [info ] [MainThread]: Concurrency: 4 threads (target='dev')
[0m15:11:31.337859 [info ] [MainThread]: 
[0m15:11:31.342093 [debug] [MainThread]: Acquiring new postgres connection 'master'
[0m15:11:31.343252 [debug] [ThreadPool]: Acquiring new postgres connection 'list_itsm_db'
[0m15:11:31.349939 [debug] [ThreadPool]: Acquiring new postgres connection 'list_itsm_db'
[0m15:11:31.504386 [debug] [ThreadPool]: Using postgres connection "list_itsm_db"
[0m15:11:31.504386 [debug] [ThreadPool]: Using postgres connection "list_itsm_db"
[0m15:11:31.504386 [debug] [ThreadPool]: On list_itsm_db: /* {"app": "dbt", "dbt_version": "1.11.12", "profile_name": "itsm_dbt", "target_name": "dev", "connection_name": "list_itsm_db"} */

    select distinct nspname from pg_namespace
  
[0m15:11:31.511034 [debug] [ThreadPool]: On list_itsm_db: /* {"app": "dbt", "dbt_version": "1.11.12", "profile_name": "itsm_dbt", "target_name": "dev", "connection_name": "list_itsm_db"} */

    select distinct nspname from pg_namespace
  
[0m15:11:31.513643 [debug] [ThreadPool]: Opening a new connection, currently in state init
[0m15:11:31.513643 [debug] [ThreadPool]: Opening a new connection, currently in state init
[0m15:11:31.595199 [debug] [ThreadPool]: SQL status: SELECT 7 in 0.086 seconds
[0m15:11:31.600207 [debug] [ThreadPool]: SQL status: SELECT 7 in 0.086 seconds
[0m15:11:31.602620 [debug] [ThreadPool]: On list_itsm_db: Close
[0m15:11:31.602620 [debug] [ThreadPool]: On list_itsm_db: Close
[0m15:11:31.617079 [debug] [ThreadPool]: Acquiring new postgres connection 'list_itsm_db_gold'
[0m15:11:31.617079 [debug] [ThreadPool]: Acquiring new postgres connection 'list_itsm_db_silver'
[0m15:11:31.637899 [debug] [ThreadPool]: Using postgres connection "list_itsm_db_gold"
[0m15:11:31.643327 [debug] [ThreadPool]: Using postgres connection "list_itsm_db_silver"
[0m15:11:31.647311 [debug] [ThreadPool]: On list_itsm_db_gold: /* {"app": "dbt", "dbt_version": "1.11.12", "profile_name": "itsm_dbt", "target_name": "dev", "connection_name": "list_itsm_db_gold"} */
select
      'itsm_db' as database,
      tablename as name,
      schemaname as schema,
      'table' as type
    from pg_tables
    where schemaname ilike 'gold'
    union all
    select
      'itsm_db' as database,
      viewname as name,
      schemaname as schema,
      'view' as type
    from pg_views
    where schemaname ilike 'gold'
    union all
    select
      'itsm_db' as database,
      matviewname as name,
      schemaname as schema,
      'materialized_view' as type
    from pg_matviews
    where schemaname ilike 'gold'
  
[0m15:11:31.649475 [debug] [ThreadPool]: On list_itsm_db_silver: /* {"app": "dbt", "dbt_version": "1.11.12", "profile_name": "itsm_dbt", "target_name": "dev", "connection_name": "list_itsm_db_silver"} */
select
      'itsm_db' as database,
      tablename as name,
      schemaname as schema,
      'table' as type
    from pg_tables
    where schemaname ilike 'silver'
    union all
    select
      'itsm_db' as database,
      viewname as name,
      schemaname as schema,
      'view' as type
    from pg_views
    where schemaname ilike 'silver'
    union all
    select
      'itsm_db' as database,
      matviewname as name,
      schemaname as schema,
      'materialized_view' as type
    from pg_matviews
    where schemaname ilike 'silver'
  
[0m15:11:31.651491 [debug] [ThreadPool]: Opening a new connection, currently in state init
[0m15:11:31.653506 [debug] [ThreadPool]: Opening a new connection, currently in state init
[0m15:11:31.723281 [debug] [ThreadPool]: SQL status: SELECT 1 in 0.072 seconds
[0m15:11:31.725096 [debug] [ThreadPool]: SQL status: SELECT 1 in 0.071 seconds
[0m15:11:31.727239 [debug] [ThreadPool]: On list_itsm_db_gold: ROLLBACK
[0m15:11:31.727239 [debug] [ThreadPool]: On list_itsm_db_silver: ROLLBACK
[0m15:11:31.738667 [debug] [ThreadPool]: On list_itsm_db_gold: Close
[0m15:11:31.738667 [debug] [ThreadPool]: On list_itsm_db_silver: Close
[0m15:11:31.761789 [debug] [MainThread]: Using postgres connection "master"
[0m15:11:31.761789 [debug] [MainThread]: On master: /* {"app": "dbt", "dbt_version": "1.11.12", "profile_name": "itsm_dbt", "target_name": "dev", "connection_name": "master"} */
select distinct
        dependent_namespace.nspname as dependent_schema,
        dependent_class.relname as dependent_name,
        referenced_namespace.nspname as referenced_schema,
        referenced_class.relname as referenced_name

    -- Query for views: views are entries in pg_class with an entry in pg_rewrite, but we avoid
    -- a seq scan on pg_rewrite by leveraging the fact there is an "internal" row in pg_depend for
    -- the view...
    from pg_class as dependent_class
    join pg_namespace as dependent_namespace on dependent_namespace.oid = dependent_class.relnamespace
    join pg_depend as dependent_depend on dependent_depend.refobjid = dependent_class.oid
        and dependent_depend.classid = 'pg_rewrite'::regclass
        and dependent_depend.refclassid = 'pg_class'::regclass
        and dependent_depend.deptype = 'i'

    -- ... and via pg_depend (that has a row per column, hence the need for "distinct" above, and
    -- making sure to exclude the internal row to avoid a view appearing to depend on itself)...
    join pg_depend as joining_depend on joining_depend.objid = dependent_depend.objid
        and joining_depend.classid = 'pg_rewrite'::regclass
        and joining_depend.refclassid = 'pg_class'::regclass
        and joining_depend.refobjid != dependent_depend.refobjid

    -- ... we can find the tables they query from in pg_class, but excluding system tables. Note we
    -- don't need need to exclude _dependent_ system tables, because they only query from other
    -- system tables, and so are automatically excluded by excluding _referenced_ system tables
    join pg_class as referenced_class on referenced_class.oid = joining_depend.refobjid
    join pg_namespace as referenced_namespace on referenced_namespace.oid = referenced_class.relnamespace
        and referenced_namespace.nspname != 'information_schema'
        and referenced_namespace.nspname not like 'pg\_%'

    order by
        dependent_schema, dependent_name, referenced_schema, referenced_name;
[0m15:11:31.761789 [debug] [MainThread]: Opening a new connection, currently in state init
[0m15:11:31.835020 [debug] [MainThread]: SQL status: SELECT 0 in 0.075 seconds
[0m15:11:31.844807 [debug] [MainThread]: Sending event: {'category': 'dbt', 'action': 'runnable_timing', 'label': 'f2246166-7d1d-48df-9c0c-b80d26407dcb', 'context': [<snowplow_tracker.self_describing_json.SelfDescribingJson object at 0x000001C6AED6EDE0>]}
[0m15:11:31.851011 [debug] [MainThread]: On master: ROLLBACK
[0m15:11:31.851011 [debug] [MainThread]: On master: COMMIT
[0m15:11:31.851011 [debug] [MainThread]: Using postgres connection "master"
[0m15:11:31.851011 [debug] [MainThread]: On master: COMMIT
[0m15:11:31.869643 [debug] [MainThread]: SQL status: COMMIT in 0.004 seconds
[0m15:11:31.872005 [debug] [MainThread]: On master: Close
[0m15:11:31.882712 [debug] [Thread-1 (]: Began running node model.itsm_dbt.silver_itsm_tickets
[0m15:11:31.896075 [info ] [Thread-1 (]: 1 of 2 START sql table model silver.silver_itsm_tickets ........................ [RUN]
[0m15:11:31.898489 [debug] [Thread-1 (]: Acquiring new postgres connection 'model.itsm_dbt.silver_itsm_tickets'
[0m15:11:31.898489 [debug] [Thread-1 (]: Began compiling node model.itsm_dbt.silver_itsm_tickets
[0m15:11:31.915007 [debug] [Thread-1 (]: Writing injected SQL for node "model.itsm_dbt.silver_itsm_tickets"
[0m15:11:31.915007 [debug] [Thread-1 (]: Began executing node model.itsm_dbt.silver_itsm_tickets
[0m15:11:31.993267 [debug] [Thread-1 (]: Writing runtime sql for node "model.itsm_dbt.silver_itsm_tickets"
[0m15:11:31.993267 [debug] [Thread-1 (]: Using postgres connection "model.itsm_dbt.silver_itsm_tickets"
[0m15:11:31.993267 [debug] [Thread-1 (]: On model.itsm_dbt.silver_itsm_tickets: /* {"app": "dbt", "dbt_version": "1.11.12", "profile_name": "itsm_dbt", "target_name": "dev", "node_id": "model.itsm_dbt.silver_itsm_tickets"} */

  
    

  create  table "itsm_db"."silver"."silver_itsm_tickets__dbt_tmp"
  
  
    as
  
  (
    /*
    silver_itsm_tickets.sql
    ------------------------
    ETAPE 2 : nettoyage des donnees (couche Silver).

    Ce modele part de bronze.itsm_tickets_raw (donnees brutes, tout en texte,
    non modifiees) et produit une version propre :
      - espaces superflus retires
      - valeurs vides transformees en vrai NULL (au lieu de chaines vides)
      - dates transformees de texte vers un vrai type TIMESTAMP
      - une ligne par ticket_id (protection anti-doublon)
      - Priority transforme aussi en version numerique ordonnee (priority_rank)
        pour faciliter les futurs tris/graphiques

    C'est l'equivalent SQL exact de ce qu'on avait fait avec pandas dans le
    notebook ITSM_Dataset_Organized.ipynb, mais cette fois le nettoyage vit
    dans la base de donnees et peut etre re-execute a tout moment avec `dbt run`.
*/

with source as (

    select * from "itsm_db"."bronze"."itsm_tickets_raw"

),

cleaned as (

    select
        nullif(trim(ticket_id), '')            as ticket_id,
        nullif(trim(status), '')                as status,
        nullif(trim(priority), '')              as priority,
        nullif(trim(source), '')                as source,
        nullif(trim(topic), '')                 as topic,
        nullif(trim(agent_group), '')           as agent_group,
        nullif(trim(product_group), '')         as product_group,

        -- Conversion des dates : texte "04/07/2024 12:42" -> vrai TIMESTAMP
        to_timestamp(nullif(trim(created_time), ''), 'DD/MM/YYYY HH24:MI')
            as created_time,
        to_timestamp(nullif(trim(expected_sla_to_resolve), ''), 'DD/MM/YYYY HH24:MI')
            as expected_sla_to_resolve,
        to_timestamp(nullif(trim(expected_sla_to_first_response), ''), 'DD/MM/YYYY HH24:MI')
            as expected_sla_to_first_response,
        to_timestamp(nullif(trim(first_response_time), ''), 'DD/MM/YYYY HH24:MI')
            as first_response_time,
        to_timestamp(nullif(trim(resolution_time), ''), 'DD/MM/YYYY HH24:MI')
            as resolution_time,
        to_timestamp(nullif(trim(close_time), ''), 'DD/MM/YYYY HH24:MI')
            as close_time,

        nullif(trim(incident_description), '') as incident_description,
        nullif(trim(solution_used), '')         as solution_used,

        -- Version numerique ordonnee de la priorite (utile pour trier/filtrer)
        case trim(priority)
            when 'Low'      then 1
            when 'Medium'   then 2
            when 'High'     then 3
            when 'Critical' then 4
            else null
        end as priority_rank,

        -- On garde une trace : est-ce que ce ticket a une solution renseignee ?
        (nullif(trim(solution_used), '') is not null) as has_solution

    from source

),

deduplicated as (

    select *,
        row_number() over (partition by ticket_id order by ticket_id) as row_num
    from cleaned
    where ticket_id is not null

)

select
    ticket_id,
    status,
    priority,
    priority_rank,
    source,
    topic,
    agent_group,
    product_group,
    created_time,
    expected_sla_to_resolve,
    expected_sla_to_first_response,
    first_response_time,
    resolution_time,
    close_time,
    incident_description,
    solution_used,
    has_solution
from deduplicated
where row_num = 1
  );
  
[0m15:11:31.999100 [debug] [Thread-1 (]: Opening a new connection, currently in state init
[0m15:11:34.555742 [debug] [Thread-1 (]: SQL status: SELECT 100000 in 2.564 seconds
[0m15:11:34.591914 [debug] [Thread-1 (]: Using postgres connection "model.itsm_dbt.silver_itsm_tickets"
[0m15:11:34.595945 [debug] [Thread-1 (]: On model.itsm_dbt.silver_itsm_tickets: /* {"app": "dbt", "dbt_version": "1.11.12", "profile_name": "itsm_dbt", "target_name": "dev", "node_id": "model.itsm_dbt.silver_itsm_tickets"} */
alter table "itsm_db"."silver"."silver_itsm_tickets" rename to "silver_itsm_tickets__dbt_backup"
[0m15:11:34.602746 [debug] [Thread-1 (]: SQL status: ALTER TABLE in 0.002 seconds
[0m15:11:34.614812 [debug] [Thread-1 (]: Using postgres connection "model.itsm_dbt.silver_itsm_tickets"
[0m15:11:34.617838 [debug] [Thread-1 (]: On model.itsm_dbt.silver_itsm_tickets: /* {"app": "dbt", "dbt_version": "1.11.12", "profile_name": "itsm_dbt", "target_name": "dev", "node_id": "model.itsm_dbt.silver_itsm_tickets"} */
alter table "itsm_db"."silver"."silver_itsm_tickets__dbt_tmp" rename to "silver_itsm_tickets"
[0m15:11:34.621464 [debug] [Thread-1 (]: SQL status: ALTER TABLE in 0.002 seconds
[0m15:11:34.663017 [debug] [Thread-1 (]: On model.itsm_dbt.silver_itsm_tickets: COMMIT
[0m15:11:34.664769 [debug] [Thread-1 (]: Using postgres connection "model.itsm_dbt.silver_itsm_tickets"
[0m15:11:34.664769 [debug] [Thread-1 (]: On model.itsm_dbt.silver_itsm_tickets: COMMIT
[0m15:11:34.691570 [debug] [Thread-1 (]: SQL status: COMMIT in 0.026 seconds
[0m15:11:34.706441 [debug] [Thread-1 (]: Applying DROP to: "itsm_db"."silver"."silver_itsm_tickets__dbt_backup"
[0m15:11:34.716175 [debug] [Thread-1 (]: Using postgres connection "model.itsm_dbt.silver_itsm_tickets"
[0m15:11:34.718194 [debug] [Thread-1 (]: On model.itsm_dbt.silver_itsm_tickets: /* {"app": "dbt", "dbt_version": "1.11.12", "profile_name": "itsm_dbt", "target_name": "dev", "node_id": "model.itsm_dbt.silver_itsm_tickets"} */
drop table if exists "itsm_db"."silver"."silver_itsm_tickets__dbt_backup" cascade
[0m15:11:34.734155 [debug] [Thread-1 (]: SQL status: DROP TABLE in 0.011 seconds
[0m15:11:34.738500 [debug] [Thread-1 (]: On model.itsm_dbt.silver_itsm_tickets: Close
[0m15:11:34.744675 [debug] [Thread-1 (]: Sending event: {'category': 'dbt', 'action': 'run_model', 'label': 'f2246166-7d1d-48df-9c0c-b80d26407dcb', 'context': [<snowplow_tracker.self_describing_json.SelfDescribingJson object at 0x000001C6AA66DB20>]}
[0m15:11:34.746684 [info ] [Thread-1 (]: 1 of 2 OK created sql table model silver.silver_itsm_tickets ................... [[32mSELECT 100000[0m in 2.84s]
[0m15:11:34.746684 [debug] [Thread-1 (]: Finished running node model.itsm_dbt.silver_itsm_tickets
[0m15:11:34.751867 [debug] [Thread-3 (]: Began running node model.itsm_dbt.gold_itsm_tickets
[0m15:11:34.754485 [info ] [Thread-3 (]: 2 of 2 START sql table model gold.gold_itsm_tickets ............................ [RUN]
[0m15:11:34.756823 [debug] [Thread-3 (]: Acquiring new postgres connection 'model.itsm_dbt.gold_itsm_tickets'
[0m15:11:34.758596 [debug] [Thread-3 (]: Began compiling node model.itsm_dbt.gold_itsm_tickets
[0m15:11:34.766720 [debug] [Thread-3 (]: Writing injected SQL for node "model.itsm_dbt.gold_itsm_tickets"
[0m15:11:34.774641 [debug] [Thread-3 (]: Began executing node model.itsm_dbt.gold_itsm_tickets
[0m15:11:34.783760 [debug] [Thread-3 (]: Writing runtime sql for node "model.itsm_dbt.gold_itsm_tickets"
[0m15:11:34.787781 [debug] [Thread-3 (]: Using postgres connection "model.itsm_dbt.gold_itsm_tickets"
[0m15:11:34.789791 [debug] [Thread-3 (]: On model.itsm_dbt.gold_itsm_tickets: /* {"app": "dbt", "dbt_version": "1.11.12", "profile_name": "itsm_dbt", "target_name": "dev", "node_id": "model.itsm_dbt.gold_itsm_tickets"} */

  
    

  create  table "itsm_db"."gold"."gold_itsm_tickets__dbt_tmp"
  
  
    as
  
  (
    /*
    gold_itsm_tickets.sql
    -----------------------
    ETAPE 3 : creation des variables pour le Machine Learning (couche Gold).

    Ce modele part de silver.silver_itsm_tickets (donnees propres) et ajoute
    tout ce dont un modele de prediction a besoin :

      1) Des durees reelles, en minutes (au lieu de deux dates separees)
      2) Des variables temporelles (heure, jour, mois de creation)
      3) La marge SLA (Expected - Actual), gardee a titre informatif
      4) La longueur de la description (utile plus tard pour le NLP)
      5) LA VARIABLE CIBLE : long_resolution_flag

    Pourquoi cette cible et pas "depassement SLA" ?
    --------------------------------------------------
    On a verifie plus tot que dans ce dataset, AUCUN ticket ne depasse jamais
    son SLA (marge toujours >= 0). Une cible sans variance ne peut pas etre
    apprise par un modele. On suit donc la meme demarche que dans le rapport
    de reference : on remplace "depassement SLA" par "risque de resolution
    longue" (long MTTR), qui lui a une vraie variance dans les donnees.

    Definition retenue : un ticket est marque "resolution longue" (1) si
    sa duree de resolution reelle depasse le 75e percentile de l'ensemble
    des tickets. Sinon (0). Ce seuil est calcule automatiquement sur les
    donnees, pas fixe a la main.
*/

with base as (

    select * from "itsm_db"."silver"."silver_itsm_tickets"

),

with_durations as (

    select
        *,

        -- Durees reelles, en minutes
        extract(epoch from (first_response_time - created_time)) / 60
            as first_response_minutes,
        extract(epoch from (resolution_time - created_time)) / 60
            as resolution_minutes,
        extract(epoch from (close_time - created_time)) / 60
            as close_minutes,

        -- Bruit deterministe (+/- 60 min), seede sur ticket_id : simule la variabilite
        -- reelle (charge de travail, complexite imprevue) absente du dataset synthetique.
        -- Sans ce bruit, priority determine resolution_minutes de facon quasi parfaite
        -- (ecart-type ~6 min), ce qui rend toute prediction triviale (score parfait).
        (hashtext(ticket_id) % 121 - 60)::float as noise_minutes,

        -- Marge SLA : temps restant avant la limite (peut etre negatif si depasse)
        extract(epoch from (expected_sla_to_first_response - first_response_time)) / 60
            as sla_margin_first_response_min,
        extract(epoch from (expected_sla_to_resolve - resolution_time)) / 60
            as sla_margin_resolution_min,

        -- Variables temporelles utiles pour reperer des tendances (charge par heure, jour...)
        extract(hour from created_time)          as created_hour,
        to_char(created_time, 'Day')             as created_dayofweek,
        to_char(created_time, 'Month')           as created_month,
        date(created_time)                       as created_date,

        -- Longueur de la description : un proxy simple de complexite du ticket,
        -- utile plus tard pour le module NLP
        length(incident_description)             as description_length

    from base

),

with_realistic_duration as (

    select
        *,
        greatest(resolution_minutes + noise_minutes, 5) as resolution_minutes_realistic

    from with_durations

),

percentile_calc as (

    select
        percentile_cont(0.75) within group (order by resolution_minutes_realistic)
            as resolution_p75_threshold
    from with_realistic_duration
    where resolution_minutes_realistic is not null

),

with_target as (

    select
        w.*,
        p.resolution_p75_threshold

    from with_realistic_duration w
    cross join percentile_calc p
    where w.resolution_minutes_realistic is not null

)

select
    ticket_id,
    status,
    priority,
    priority_rank,
    source,
    topic,
    agent_group,
    product_group,

    created_time,
    created_date,
    created_hour,
    trim(created_dayofweek)  as created_dayofweek,
    trim(created_month)      as created_month,

    first_response_minutes,
    resolution_minutes,
    resolution_minutes_realistic,
    close_minutes,

    sla_margin_first_response_min,
    sla_margin_resolution_min,

    description_length,
    has_solution,

    resolution_p75_threshold,

    -- LA CIBLE : basee sur la duree "realiste" (avec bruit), pas la duree brute
    case
        when resolution_minutes_realistic >= resolution_p75_threshold then 1
        else 0
    end as long_resolution_flag

from with_target
  );
  
[0m15:11:34.791802 [debug] [Thread-3 (]: Opening a new connection, currently in state init
[0m15:11:36.182492 [debug] [Thread-3 (]: SQL status: SELECT 100000 in 1.391 seconds
[0m15:11:36.189528 [debug] [Thread-3 (]: Using postgres connection "model.itsm_dbt.gold_itsm_tickets"
[0m15:11:36.191535 [debug] [Thread-3 (]: On model.itsm_dbt.gold_itsm_tickets: /* {"app": "dbt", "dbt_version": "1.11.12", "profile_name": "itsm_dbt", "target_name": "dev", "node_id": "model.itsm_dbt.gold_itsm_tickets"} */
alter table "itsm_db"."gold"."gold_itsm_tickets" rename to "gold_itsm_tickets__dbt_backup"
[0m15:11:36.195551 [debug] [Thread-3 (]: SQL status: ALTER TABLE in 0.001 seconds
[0m15:11:36.201313 [debug] [Thread-3 (]: Using postgres connection "model.itsm_dbt.gold_itsm_tickets"
[0m15:11:36.203324 [debug] [Thread-3 (]: On model.itsm_dbt.gold_itsm_tickets: /* {"app": "dbt", "dbt_version": "1.11.12", "profile_name": "itsm_dbt", "target_name": "dev", "node_id": "model.itsm_dbt.gold_itsm_tickets"} */
alter table "itsm_db"."gold"."gold_itsm_tickets__dbt_tmp" rename to "gold_itsm_tickets"
[0m15:11:36.205335 [debug] [Thread-3 (]: SQL status: ALTER TABLE in 0.002 seconds
[0m15:11:36.211368 [debug] [Thread-3 (]: On model.itsm_dbt.gold_itsm_tickets: COMMIT
[0m15:11:36.213386 [debug] [Thread-3 (]: Using postgres connection "model.itsm_dbt.gold_itsm_tickets"
[0m15:11:36.215399 [debug] [Thread-3 (]: On model.itsm_dbt.gold_itsm_tickets: COMMIT
[0m15:11:36.295891 [debug] [Thread-3 (]: SQL status: COMMIT in 0.078 seconds
[0m15:11:36.301933 [debug] [Thread-3 (]: Applying DROP to: "itsm_db"."gold"."gold_itsm_tickets__dbt_backup"
[0m15:11:36.301933 [debug] [Thread-3 (]: Using postgres connection "model.itsm_dbt.gold_itsm_tickets"
[0m15:11:36.301933 [debug] [Thread-3 (]: On model.itsm_dbt.gold_itsm_tickets: /* {"app": "dbt", "dbt_version": "1.11.12", "profile_name": "itsm_dbt", "target_name": "dev", "node_id": "model.itsm_dbt.gold_itsm_tickets"} */
drop table if exists "itsm_db"."gold"."gold_itsm_tickets__dbt_backup" cascade
[0m15:11:36.321692 [debug] [Thread-3 (]: SQL status: DROP TABLE in 0.010 seconds
[0m15:11:36.324170 [debug] [Thread-3 (]: On model.itsm_dbt.gold_itsm_tickets: Close
[0m15:11:36.326191 [debug] [Thread-3 (]: Sending event: {'category': 'dbt', 'action': 'run_model', 'label': 'f2246166-7d1d-48df-9c0c-b80d26407dcb', 'context': [<snowplow_tracker.self_describing_json.SelfDescribingJson object at 0x000001C6AF249D00>]}
[0m15:11:36.330032 [info ] [Thread-3 (]: 2 of 2 OK created sql table model gold.gold_itsm_tickets ....................... [[32mSELECT 100000[0m in 1.57s]
[0m15:11:36.332887 [debug] [Thread-3 (]: Finished running node model.itsm_dbt.gold_itsm_tickets
[0m15:11:36.335574 [debug] [MainThread]: On master: COMMIT
[0m15:11:36.338409 [debug] [MainThread]: Using postgres connection "master"
[0m15:11:36.340608 [debug] [MainThread]: On master: COMMIT
[0m15:11:36.340608 [debug] [MainThread]: Opening a new connection, currently in state closed
[0m15:11:36.385052 [debug] [MainThread]: SQL status: COMMIT in 0.049 seconds
[0m15:11:36.393873 [debug] [MainThread]: On master: Close
[0m15:11:36.393873 [debug] [MainThread]: Connection 'master' was properly closed.
[0m15:11:36.399191 [debug] [MainThread]: Connection 'list_itsm_db' was properly closed.
[0m15:11:36.399191 [debug] [MainThread]: Connection 'list_itsm_db' was properly closed.
[0m15:11:36.402339 [debug] [MainThread]: Connection 'list_itsm_db_gold' was properly closed.
[0m15:11:36.406808 [debug] [MainThread]: Connection 'list_itsm_db_silver' was properly closed.
[0m15:11:36.407820 [debug] [MainThread]: Connection 'model.itsm_dbt.silver_itsm_tickets' was properly closed.
[0m15:11:36.407820 [debug] [MainThread]: Connection 'model.itsm_dbt.gold_itsm_tickets' was properly closed.
[0m15:11:36.414370 [info ] [MainThread]: 
[0m15:11:36.414370 [info ] [MainThread]: Finished running 2 table models in 0 hours 0 minutes and 5.07 seconds (5.07s).
[0m15:11:36.414370 [debug] [MainThread]: Command end result
[0m15:11:36.499126 [debug] [MainThread]: Wrote artifact WritableManifest to C:\Users\ahmed\Desktop\data science\itsm_project\dbt_project\target\manifest.json
[0m15:11:36.502993 [debug] [MainThread]: Wrote artifact SemanticManifest to C:\Users\ahmed\Desktop\data science\itsm_project\dbt_project\target\semantic_manifest.json
[0m15:11:36.527589 [debug] [MainThread]: Wrote artifact RunExecutionResult to C:\Users\ahmed\Desktop\data science\itsm_project\dbt_project\target\run_results.json
[0m15:11:36.529602 [info ] [MainThread]: 
[0m15:11:36.529602 [info ] [MainThread]: [32mCompleted successfully[0m
[0m15:11:36.535677 [info ] [MainThread]: 
[0m15:11:36.537848 [info ] [MainThread]: Done. PASS=2 WARN=0 ERROR=0 SKIP=0 NO-OP=0 TOTAL=2
[0m15:11:36.537848 [debug] [MainThread]: Command `dbt run` succeeded at 15:11:36.537848 after 6.90 seconds
[0m15:11:36.537848 [debug] [MainThread]: Sending event: {'category': 'dbt', 'action': 'invocation', 'label': 'end', 'context': [<snowplow_tracker.self_describing_json.SelfDescribingJson object at 0x000001C6ACF260F0>, <snowplow_tracker.self_describing_json.SelfDescribingJson object at 0x000001C6ACAF69C0>, <snowplow_tracker.self_describing_json.SelfDescribingJson object at 0x000001C6ACAF49E0>]}
[0m15:11:36.537848 [debug] [MainThread]: Flushing usage events
[0m15:11:37.809964 [debug] [MainThread]: An error was encountered while trying to flush usage events
[0m15:59:01.690679 [debug] [MainThread]: Sending event: {'category': 'dbt', 'action': 'invocation', 'label': 'start', 'context': [<snowplow_tracker.self_describing_json.SelfDescribingJson object at 0x00000200B3B47EC0>, <snowplow_tracker.self_describing_json.SelfDescribingJson object at 0x00000200B1207860>, <snowplow_tracker.self_describing_json.SelfDescribingJson object at 0x00000200B3B78D40>]}


============================== 15:59:01.699564 | 1f29ed4e-8ab7-4a8b-925c-734826bb0b63 ==============================
[0m15:59:01.699564 [info ] [MainThread]: Running with dbt=1.11.12
[0m15:59:01.701574 [debug] [MainThread]: running dbt with arguments {'version_check': 'True', 'no_print': 'None', 'static_parser': 'True', 'warn_error_options': 'WarnErrorOptionsV2(error=[], warn=[], silence=[])', 'target_path': 'None', 'printer_width': '80', 'write_json': 'True', 'introspect': 'True', 'log_cache_events': 'False', 'empty': 'False', 'cache_selected_only': 'False', 'log_format': 'default', 'debug': 'False', 'fail_fast': 'False', 'profiles_dir': '.', 'send_anonymous_usage_stats': 'True', 'quiet': 'False', 'warn_error': 'None', 'partial_parse': 'True', 'indirect_selection': 'eager', 'invocation_command': 'dbt run --profiles-dir .', 'use_colors': 'True', 'use_experimental_parser': 'False', 'log_path': 'C:\\Users\\ahmed\\Desktop\\data science\\itsm_project\\dbt_project\\logs'}
[0m15:59:02.030982 [debug] [MainThread]: Sending event: {'category': 'dbt', 'action': 'project_id', 'label': '1f29ed4e-8ab7-4a8b-925c-734826bb0b63', 'context': [<snowplow_tracker.self_describing_json.SelfDescribingJson object at 0x00000200B55A3D40>]}
[0m15:59:02.125199 [debug] [MainThread]: Sending event: {'category': 'dbt', 'action': 'adapter_info', 'label': '1f29ed4e-8ab7-4a8b-925c-734826bb0b63', 'context': [<snowplow_tracker.self_describing_json.SelfDescribingJson object at 0x00000200B3A895B0>]}
[0m15:59:02.125199 [info ] [MainThread]: Registered adapter: postgres=1.10.2
[0m15:59:02.681207 [debug] [MainThread]: checksum: f368f5348cf42803b94ef7fb8257ecf3bf9a9a16dd9c8c51fe5172f2dbeb457f, vars: {}, profile: , target: , version: 1.11.12
[0m15:59:02.875947 [debug] [MainThread]: Partial parsing enabled: 0 files deleted, 0 files added, 0 files changed.
[0m15:59:02.875947 [debug] [MainThread]: Nothing changed, skipping partial parsing.
[0m15:59:02.875947 [debug] [MainThread]: Partial parsing enabled, no changes found, skipping parsing
[0m15:59:02.935533 [debug] [MainThread]: Sending event: {'category': 'dbt', 'action': 'load_project', 'label': '1f29ed4e-8ab7-4a8b-925c-734826bb0b63', 'context': [<snowplow_tracker.self_describing_json.SelfDescribingJson object at 0x00000200B5739DC0>]}
[0m15:59:03.094359 [debug] [MainThread]: Wrote artifact WritableManifest to C:\Users\ahmed\Desktop\data science\itsm_project\dbt_project\target\manifest.json
[0m15:59:03.100742 [debug] [MainThread]: Wrote artifact SemanticManifest to C:\Users\ahmed\Desktop\data science\itsm_project\dbt_project\target\semantic_manifest.json
[0m15:59:03.132536 [debug] [MainThread]: Sending event: {'category': 'dbt', 'action': 'resource_counts', 'label': '1f29ed4e-8ab7-4a8b-925c-734826bb0b63', 'context': [<snowplow_tracker.self_describing_json.SelfDescribingJson object at 0x00000200B5B09670>]}
[0m15:59:03.134852 [info ] [MainThread]: Found 2 models, 1 source, 476 macros
[0m15:59:03.137708 [debug] [MainThread]: Sending event: {'category': 'dbt', 'action': 'runnable_timing', 'label': '1f29ed4e-8ab7-4a8b-925c-734826bb0b63', 'context': [<snowplow_tracker.self_describing_json.SelfDescribingJson object at 0x00000200B4376750>]}
[0m15:59:03.147208 [info ] [MainThread]: 
[0m15:59:03.149737 [info ] [MainThread]: Concurrency: 4 threads (target='dev')
[0m15:59:03.151717 [info ] [MainThread]: 
[0m15:59:03.154129 [debug] [MainThread]: Acquiring new postgres connection 'master'
[0m15:59:03.168749 [debug] [ThreadPool]: Acquiring new postgres connection 'list_itsm_db'
[0m15:59:03.174759 [debug] [ThreadPool]: Acquiring new postgres connection 'list_itsm_db'
[0m15:59:03.403270 [debug] [ThreadPool]: Using postgres connection "list_itsm_db"
[0m15:59:03.403270 [debug] [ThreadPool]: Using postgres connection "list_itsm_db"
[0m15:59:03.403270 [debug] [ThreadPool]: On list_itsm_db: /* {"app": "dbt", "dbt_version": "1.11.12", "profile_name": "itsm_dbt", "target_name": "dev", "connection_name": "list_itsm_db"} */

    select distinct nspname from pg_namespace
  
[0m15:59:03.406283 [debug] [ThreadPool]: On list_itsm_db: /* {"app": "dbt", "dbt_version": "1.11.12", "profile_name": "itsm_dbt", "target_name": "dev", "connection_name": "list_itsm_db"} */

    select distinct nspname from pg_namespace
  
[0m15:59:03.407358 [debug] [ThreadPool]: Opening a new connection, currently in state init
[0m15:59:03.407358 [debug] [ThreadPool]: Opening a new connection, currently in state init
[0m15:59:03.485521 [debug] [ThreadPool]: SQL status: SELECT 7 in 0.080 seconds
[0m15:59:03.485521 [debug] [ThreadPool]: SQL status: SELECT 7 in 0.082 seconds
[0m15:59:03.485521 [debug] [ThreadPool]: On list_itsm_db: Close
[0m15:59:03.494518 [debug] [ThreadPool]: On list_itsm_db: Close
[0m15:59:03.505328 [debug] [ThreadPool]: Acquiring new postgres connection 'list_itsm_db_gold'
[0m15:59:03.507552 [debug] [ThreadPool]: Acquiring new postgres connection 'list_itsm_db_silver'
[0m15:59:03.522291 [debug] [ThreadPool]: Using postgres connection "list_itsm_db_gold"
[0m15:59:03.532812 [debug] [ThreadPool]: Using postgres connection "list_itsm_db_silver"
[0m15:59:03.534170 [debug] [ThreadPool]: On list_itsm_db_gold: /* {"app": "dbt", "dbt_version": "1.11.12", "profile_name": "itsm_dbt", "target_name": "dev", "connection_name": "list_itsm_db_gold"} */
select
      'itsm_db' as database,
      tablename as name,
      schemaname as schema,
      'table' as type
    from pg_tables
    where schemaname ilike 'gold'
    union all
    select
      'itsm_db' as database,
      viewname as name,
      schemaname as schema,
      'view' as type
    from pg_views
    where schemaname ilike 'gold'
    union all
    select
      'itsm_db' as database,
      matviewname as name,
      schemaname as schema,
      'materialized_view' as type
    from pg_matviews
    where schemaname ilike 'gold'
  
[0m15:59:03.534170 [debug] [ThreadPool]: On list_itsm_db_silver: /* {"app": "dbt", "dbt_version": "1.11.12", "profile_name": "itsm_dbt", "target_name": "dev", "connection_name": "list_itsm_db_silver"} */
select
      'itsm_db' as database,
      tablename as name,
      schemaname as schema,
      'table' as type
    from pg_tables
    where schemaname ilike 'silver'
    union all
    select
      'itsm_db' as database,
      viewname as name,
      schemaname as schema,
      'view' as type
    from pg_views
    where schemaname ilike 'silver'
    union all
    select
      'itsm_db' as database,
      matviewname as name,
      schemaname as schema,
      'materialized_view' as type
    from pg_matviews
    where schemaname ilike 'silver'
  
[0m15:59:03.539902 [debug] [ThreadPool]: Opening a new connection, currently in state init
[0m15:59:03.542154 [debug] [ThreadPool]: Opening a new connection, currently in state init
[0m15:59:03.608985 [debug] [ThreadPool]: SQL status: SELECT 1 in 0.066 seconds
[0m15:59:03.612842 [debug] [ThreadPool]: On list_itsm_db_silver: ROLLBACK
[0m15:59:03.612842 [debug] [ThreadPool]: SQL status: SELECT 1 in 0.075 seconds
[0m15:59:03.620709 [debug] [ThreadPool]: On list_itsm_db_gold: ROLLBACK
[0m15:59:03.620709 [debug] [ThreadPool]: On list_itsm_db_silver: Close
[0m15:59:03.627509 [debug] [ThreadPool]: On list_itsm_db_gold: Close
[0m15:59:03.644640 [debug] [MainThread]: Using postgres connection "master"
[0m15:59:03.650256 [debug] [MainThread]: On master: /* {"app": "dbt", "dbt_version": "1.11.12", "profile_name": "itsm_dbt", "target_name": "dev", "connection_name": "master"} */
select distinct
        dependent_namespace.nspname as dependent_schema,
        dependent_class.relname as dependent_name,
        referenced_namespace.nspname as referenced_schema,
        referenced_class.relname as referenced_name

    -- Query for views: views are entries in pg_class with an entry in pg_rewrite, but we avoid
    -- a seq scan on pg_rewrite by leveraging the fact there is an "internal" row in pg_depend for
    -- the view...
    from pg_class as dependent_class
    join pg_namespace as dependent_namespace on dependent_namespace.oid = dependent_class.relnamespace
    join pg_depend as dependent_depend on dependent_depend.refobjid = dependent_class.oid
        and dependent_depend.classid = 'pg_rewrite'::regclass
        and dependent_depend.refclassid = 'pg_class'::regclass
        and dependent_depend.deptype = 'i'

    -- ... and via pg_depend (that has a row per column, hence the need for "distinct" above, and
    -- making sure to exclude the internal row to avoid a view appearing to depend on itself)...
    join pg_depend as joining_depend on joining_depend.objid = dependent_depend.objid
        and joining_depend.classid = 'pg_rewrite'::regclass
        and joining_depend.refclassid = 'pg_class'::regclass
        and joining_depend.refobjid != dependent_depend.refobjid

    -- ... we can find the tables they query from in pg_class, but excluding system tables. Note we
    -- don't need need to exclude _dependent_ system tables, because they only query from other
    -- system tables, and so are automatically excluded by excluding _referenced_ system tables
    join pg_class as referenced_class on referenced_class.oid = joining_depend.refobjid
    join pg_namespace as referenced_namespace on referenced_namespace.oid = referenced_class.relnamespace
        and referenced_namespace.nspname != 'information_schema'
        and referenced_namespace.nspname not like 'pg\_%'

    order by
        dependent_schema, dependent_name, referenced_schema, referenced_name;
[0m15:59:03.650256 [debug] [MainThread]: Opening a new connection, currently in state init
[0m15:59:03.711362 [debug] [MainThread]: SQL status: SELECT 0 in 0.056 seconds
[0m15:59:03.716627 [debug] [MainThread]: Sending event: {'category': 'dbt', 'action': 'runnable_timing', 'label': '1f29ed4e-8ab7-4a8b-925c-734826bb0b63', 'context': [<snowplow_tracker.self_describing_json.SelfDescribingJson object at 0x00000200B10EE4B0>]}
[0m15:59:03.716627 [debug] [MainThread]: On master: ROLLBACK
[0m15:59:03.724285 [debug] [MainThread]: On master: COMMIT
[0m15:59:03.726253 [debug] [MainThread]: Using postgres connection "master"
[0m15:59:03.726253 [debug] [MainThread]: On master: COMMIT
[0m15:59:03.737341 [debug] [MainThread]: SQL status: COMMIT in 0.004 seconds
[0m15:59:03.741253 [debug] [MainThread]: On master: Close
[0m15:59:03.756031 [debug] [Thread-1 (]: Began running node model.itsm_dbt.silver_itsm_tickets
[0m15:59:03.758648 [info ] [Thread-1 (]: 1 of 2 START sql table model silver.silver_itsm_tickets ........................ [RUN]
[0m15:59:03.762158 [debug] [Thread-1 (]: Acquiring new postgres connection 'model.itsm_dbt.silver_itsm_tickets'
[0m15:59:03.767803 [debug] [Thread-1 (]: Began compiling node model.itsm_dbt.silver_itsm_tickets
[0m15:59:03.789547 [debug] [Thread-1 (]: Writing injected SQL for node "model.itsm_dbt.silver_itsm_tickets"
[0m15:59:03.789547 [debug] [Thread-1 (]: Began executing node model.itsm_dbt.silver_itsm_tickets
[0m15:59:03.851705 [debug] [Thread-1 (]: Writing runtime sql for node "model.itsm_dbt.silver_itsm_tickets"
[0m15:59:03.851705 [debug] [Thread-1 (]: Using postgres connection "model.itsm_dbt.silver_itsm_tickets"
[0m15:59:03.851705 [debug] [Thread-1 (]: On model.itsm_dbt.silver_itsm_tickets: /* {"app": "dbt", "dbt_version": "1.11.12", "profile_name": "itsm_dbt", "target_name": "dev", "node_id": "model.itsm_dbt.silver_itsm_tickets"} */

  
    

  create  table "itsm_db"."silver"."silver_itsm_tickets__dbt_tmp"
  
  
    as
  
  (
    /*
    silver_itsm_tickets.sql
    ------------------------
    ETAPE 2 : nettoyage des donnees (couche Silver).

    Ce modele part de bronze.itsm_tickets_raw (donnees brutes, tout en texte,
    non modifiees) et produit une version propre :
      - espaces superflus retires
      - valeurs vides transformees en vrai NULL (au lieu de chaines vides)
      - dates transformees de texte vers un vrai type TIMESTAMP
      - une ligne par ticket_id (protection anti-doublon)
      - Priority transforme aussi en version numerique ordonnee (priority_rank)
        pour faciliter les futurs tris/graphiques

    C'est l'equivalent SQL exact de ce qu'on avait fait avec pandas dans le
    notebook ITSM_Dataset_Organized.ipynb, mais cette fois le nettoyage vit
    dans la base de donnees et peut etre re-execute a tout moment avec `dbt run`.
*/

with source as (

    select * from "itsm_db"."bronze"."itsm_tickets_raw"

),

cleaned as (

    select
        nullif(trim(ticket_id), '')            as ticket_id,
        nullif(trim(status), '')                as status,
        nullif(trim(priority), '')              as priority,
        nullif(trim(source), '')                as source,
        nullif(trim(topic), '')                 as topic,
        nullif(trim(agent_group), '')           as agent_group,
        nullif(trim(product_group), '')         as product_group,

        -- Conversion des dates : texte "04/07/2024 12:42" -> vrai TIMESTAMP
        to_timestamp(nullif(trim(created_time), ''), 'DD/MM/YYYY HH24:MI')
            as created_time,
        to_timestamp(nullif(trim(expected_sla_to_resolve), ''), 'DD/MM/YYYY HH24:MI')
            as expected_sla_to_resolve,
        to_timestamp(nullif(trim(expected_sla_to_first_response), ''), 'DD/MM/YYYY HH24:MI')
            as expected_sla_to_first_response,
        to_timestamp(nullif(trim(first_response_time), ''), 'DD/MM/YYYY HH24:MI')
            as first_response_time,
        to_timestamp(nullif(trim(resolution_time), ''), 'DD/MM/YYYY HH24:MI')
            as resolution_time,
        to_timestamp(nullif(trim(close_time), ''), 'DD/MM/YYYY HH24:MI')
            as close_time,

        nullif(trim(incident_description), '') as incident_description,
        nullif(trim(solution_used), '')         as solution_used,

        -- Version numerique ordonnee de la priorite (utile pour trier/filtrer)
        case trim(priority)
            when 'Low'      then 1
            when 'Medium'   then 2
            when 'High'     then 3
            when 'Critical' then 4
            else null
        end as priority_rank,

        -- On garde une trace : est-ce que ce ticket a une solution renseignee ?
        (nullif(trim(solution_used), '') is not null) as has_solution

    from source

),

deduplicated as (

    select *,
        row_number() over (partition by ticket_id order by ticket_id) as row_num
    from cleaned
    where ticket_id is not null

)

select
    ticket_id,
    status,
    priority,
    priority_rank,
    source,
    topic,
    agent_group,
    product_group,
    created_time,
    expected_sla_to_resolve,
    expected_sla_to_first_response,
    first_response_time,
    resolution_time,
    close_time,
    incident_description,
    solution_used,
    has_solution
from deduplicated
where row_num = 1
  );
  
[0m15:59:03.857946 [debug] [Thread-1 (]: Opening a new connection, currently in state init
[0m15:59:06.527681 [debug] [Thread-1 (]: SQL status: SELECT 100000 in 2.669 seconds
[0m15:59:06.541724 [debug] [Thread-1 (]: Using postgres connection "model.itsm_dbt.silver_itsm_tickets"
[0m15:59:06.543230 [debug] [Thread-1 (]: On model.itsm_dbt.silver_itsm_tickets: /* {"app": "dbt", "dbt_version": "1.11.12", "profile_name": "itsm_dbt", "target_name": "dev", "node_id": "model.itsm_dbt.silver_itsm_tickets"} */
alter table "itsm_db"."silver"."silver_itsm_tickets" rename to "silver_itsm_tickets__dbt_backup"
[0m15:59:06.545809 [debug] [Thread-1 (]: SQL status: ALTER TABLE in 0.002 seconds
[0m15:59:06.553400 [debug] [Thread-1 (]: Using postgres connection "model.itsm_dbt.silver_itsm_tickets"
[0m15:59:06.553400 [debug] [Thread-1 (]: On model.itsm_dbt.silver_itsm_tickets: /* {"app": "dbt", "dbt_version": "1.11.12", "profile_name": "itsm_dbt", "target_name": "dev", "node_id": "model.itsm_dbt.silver_itsm_tickets"} */
alter table "itsm_db"."silver"."silver_itsm_tickets__dbt_tmp" rename to "silver_itsm_tickets"
[0m15:59:06.553400 [debug] [Thread-1 (]: SQL status: ALTER TABLE in 0.001 seconds
[0m15:59:06.576297 [debug] [Thread-1 (]: On model.itsm_dbt.silver_itsm_tickets: COMMIT
[0m15:59:06.576297 [debug] [Thread-1 (]: Using postgres connection "model.itsm_dbt.silver_itsm_tickets"
[0m15:59:06.576297 [debug] [Thread-1 (]: On model.itsm_dbt.silver_itsm_tickets: COMMIT
[0m15:59:06.590892 [debug] [Thread-1 (]: SQL status: COMMIT in 0.006 seconds
[0m15:59:06.593742 [debug] [Thread-1 (]: Applying DROP to: "itsm_db"."silver"."silver_itsm_tickets__dbt_backup"
[0m15:59:06.606683 [debug] [Thread-1 (]: Using postgres connection "model.itsm_dbt.silver_itsm_tickets"
[0m15:59:06.606683 [debug] [Thread-1 (]: On model.itsm_dbt.silver_itsm_tickets: /* {"app": "dbt", "dbt_version": "1.11.12", "profile_name": "itsm_dbt", "target_name": "dev", "node_id": "model.itsm_dbt.silver_itsm_tickets"} */
drop table if exists "itsm_db"."silver"."silver_itsm_tickets__dbt_backup" cascade
[0m15:59:06.622731 [debug] [Thread-1 (]: SQL status: DROP TABLE in 0.013 seconds
[0m15:59:06.625817 [debug] [Thread-1 (]: On model.itsm_dbt.silver_itsm_tickets: Close
[0m15:59:06.631684 [debug] [Thread-1 (]: Sending event: {'category': 'dbt', 'action': 'run_model', 'label': '1f29ed4e-8ab7-4a8b-925c-734826bb0b63', 'context': [<snowplow_tracker.self_describing_json.SelfDescribingJson object at 0x00000200B100DB50>]}
[0m15:59:06.635709 [info ] [Thread-1 (]: 1 of 2 OK created sql table model silver.silver_itsm_tickets ................... [[32mSELECT 100000[0m in 2.87s]
[0m15:59:06.638622 [debug] [Thread-1 (]: Finished running node model.itsm_dbt.silver_itsm_tickets
[0m15:59:06.638622 [debug] [Thread-3 (]: Began running node model.itsm_dbt.gold_itsm_tickets
[0m15:59:06.638622 [info ] [Thread-3 (]: 2 of 2 START sql table model gold.gold_itsm_tickets ............................ [RUN]
[0m15:59:06.638622 [debug] [Thread-3 (]: Acquiring new postgres connection 'model.itsm_dbt.gold_itsm_tickets'
[0m15:59:06.638622 [debug] [Thread-3 (]: Began compiling node model.itsm_dbt.gold_itsm_tickets
[0m15:59:06.654163 [debug] [Thread-3 (]: Writing injected SQL for node "model.itsm_dbt.gold_itsm_tickets"
[0m15:59:06.657994 [debug] [Thread-3 (]: Began executing node model.itsm_dbt.gold_itsm_tickets
[0m15:59:06.657994 [debug] [Thread-3 (]: Writing runtime sql for node "model.itsm_dbt.gold_itsm_tickets"
[0m15:59:06.667108 [debug] [Thread-3 (]: Using postgres connection "model.itsm_dbt.gold_itsm_tickets"
[0m15:59:06.670126 [debug] [Thread-3 (]: On model.itsm_dbt.gold_itsm_tickets: /* {"app": "dbt", "dbt_version": "1.11.12", "profile_name": "itsm_dbt", "target_name": "dev", "node_id": "model.itsm_dbt.gold_itsm_tickets"} */

  
    

  create  table "itsm_db"."gold"."gold_itsm_tickets__dbt_tmp"
  
  
    as
  
  (
    /*
    gold_itsm_tickets.sql
    -----------------------
    ETAPE 3 : creation des variables pour le Machine Learning (couche Gold).

    Ce modele part de silver.silver_itsm_tickets (donnees propres) et ajoute
    tout ce dont un modele de prediction a besoin :

      1) Des durees reelles, en minutes (au lieu de deux dates separees)
      2) Des variables temporelles (heure, jour, mois de creation)
      3) La marge SLA (Expected - Actual), gardee a titre informatif
      4) La longueur de la description (utile plus tard pour le NLP)
      5) LA VARIABLE CIBLE : long_resolution_flag

    Pourquoi cette cible et pas "depassement SLA" ?
    --------------------------------------------------
    On a verifie plus tot que dans ce dataset, AUCUN ticket ne depasse jamais
    son SLA (marge toujours >= 0). Une cible sans variance ne peut pas etre
    apprise par un modele. On suit donc la meme demarche que dans le rapport
    de reference : on remplace "depassement SLA" par "risque de resolution
    longue" (long MTTR), qui lui a une vraie variance dans les donnees.

    Definition retenue : un ticket est marque "resolution longue" (1) si
    sa duree de resolution reelle depasse le 75e percentile de l'ensemble
    des tickets. Sinon (0). Ce seuil est calcule automatiquement sur les
    donnees, pas fixe a la main.
*/

with base as (

    select * from "itsm_db"."silver"."silver_itsm_tickets"

),

with_durations as (

    select
        *,

        -- Durees reelles, en minutes
        extract(epoch from (first_response_time - created_time)) / 60
            as first_response_minutes,
        extract(epoch from (resolution_time - created_time)) / 60
            as resolution_minutes,
        extract(epoch from (close_time - created_time)) / 60
            as close_minutes,

        -- Bruit deterministe (+/- 60 min), seede sur ticket_id : simule la variabilite
        -- reelle (charge de travail, complexite imprevue) absente du dataset synthetique.
        -- Sans ce bruit, priority determine resolution_minutes de facon quasi parfaite
        -- (ecart-type ~6 min), ce qui rend toute prediction triviale (score parfait).
        (hashtext(ticket_id) % 121 - 60)::float as noise_minutes,

        -- Marge SLA : temps restant avant la limite (peut etre negatif si depasse)
        extract(epoch from (expected_sla_to_first_response - first_response_time)) / 60
            as sla_margin_first_response_min,
        extract(epoch from (expected_sla_to_resolve - resolution_time)) / 60
            as sla_margin_resolution_min,

        -- Variables temporelles utiles pour reperer des tendances (charge par heure, jour...)
        extract(hour from created_time)          as created_hour,
        to_char(created_time, 'Day')             as created_dayofweek,
        to_char(created_time, 'Month')           as created_month,
        date(created_time)                       as created_date,

        -- Longueur de la description : un proxy simple de complexite du ticket,
        -- utile plus tard pour le module NLP
        length(incident_description)             as description_length

    from base

),

with_realistic_duration as (

    select
        *,
        greatest(resolution_minutes + noise_minutes, 5) as resolution_minutes_realistic

    from with_durations

),

percentile_calc as (

    select
        percentile_cont(0.75) within group (order by resolution_minutes_realistic)
            as resolution_p75_threshold
    from with_realistic_duration
    where resolution_minutes_realistic is not null

),

with_target as (

    select
        w.*,
        p.resolution_p75_threshold

    from with_realistic_duration w
    cross join percentile_calc p
    where w.resolution_minutes_realistic is not null

)

select
    ticket_id,
    status,
    priority,
    priority_rank,
    source,
    topic,
    agent_group,
    product_group,

    created_time,
    created_date,
    created_hour,
    trim(created_dayofweek)  as created_dayofweek,
    trim(created_month)      as created_month,

    first_response_minutes,
    resolution_minutes,
    resolution_minutes_realistic,
    close_minutes,

    sla_margin_first_response_min,
    sla_margin_resolution_min,

    description_length,
    has_solution,

    resolution_p75_threshold,

    -- LA CIBLE : basee sur la duree "realiste" (avec bruit), pas la duree brute
    case
        when resolution_minutes_realistic >= resolution_p75_threshold then 1
        else 0
    end as long_resolution_flag

from with_target
  );
  
[0m15:59:06.672180 [debug] [Thread-3 (]: Opening a new connection, currently in state init
[0m15:59:07.746286 [debug] [Thread-3 (]: SQL status: SELECT 100000 in 1.073 seconds
[0m15:59:07.748476 [debug] [Thread-3 (]: Using postgres connection "model.itsm_dbt.gold_itsm_tickets"
[0m15:59:07.748476 [debug] [Thread-3 (]: On model.itsm_dbt.gold_itsm_tickets: /* {"app": "dbt", "dbt_version": "1.11.12", "profile_name": "itsm_dbt", "target_name": "dev", "node_id": "model.itsm_dbt.gold_itsm_tickets"} */
alter table "itsm_db"."gold"."gold_itsm_tickets" rename to "gold_itsm_tickets__dbt_backup"
[0m15:59:07.756153 [debug] [Thread-3 (]: SQL status: ALTER TABLE in 0.001 seconds
[0m15:59:07.758068 [debug] [Thread-3 (]: Using postgres connection "model.itsm_dbt.gold_itsm_tickets"
[0m15:59:07.758068 [debug] [Thread-3 (]: On model.itsm_dbt.gold_itsm_tickets: /* {"app": "dbt", "dbt_version": "1.11.12", "profile_name": "itsm_dbt", "target_name": "dev", "node_id": "model.itsm_dbt.gold_itsm_tickets"} */
alter table "itsm_db"."gold"."gold_itsm_tickets__dbt_tmp" rename to "gold_itsm_tickets"
[0m15:59:07.763201 [debug] [Thread-3 (]: SQL status: ALTER TABLE in 0.001 seconds
[0m15:59:07.767615 [debug] [Thread-3 (]: On model.itsm_dbt.gold_itsm_tickets: COMMIT
[0m15:59:07.769627 [debug] [Thread-3 (]: Using postgres connection "model.itsm_dbt.gold_itsm_tickets"
[0m15:59:07.769627 [debug] [Thread-3 (]: On model.itsm_dbt.gold_itsm_tickets: COMMIT
[0m15:59:07.795114 [debug] [Thread-3 (]: SQL status: COMMIT in 0.032 seconds
[0m15:59:07.815143 [debug] [Thread-3 (]: Applying DROP to: "itsm_db"."gold"."gold_itsm_tickets__dbt_backup"
[0m15:59:07.817159 [debug] [Thread-3 (]: Using postgres connection "model.itsm_dbt.gold_itsm_tickets"
[0m15:59:07.819174 [debug] [Thread-3 (]: On model.itsm_dbt.gold_itsm_tickets: /* {"app": "dbt", "dbt_version": "1.11.12", "profile_name": "itsm_dbt", "target_name": "dev", "node_id": "model.itsm_dbt.gold_itsm_tickets"} */
drop table if exists "itsm_db"."gold"."gold_itsm_tickets__dbt_backup" cascade
[0m15:59:07.827344 [debug] [Thread-3 (]: SQL status: DROP TABLE in 0.009 seconds
[0m15:59:07.837039 [debug] [Thread-3 (]: On model.itsm_dbt.gold_itsm_tickets: Close
[0m15:59:07.843429 [debug] [Thread-3 (]: Sending event: {'category': 'dbt', 'action': 'run_model', 'label': '1f29ed4e-8ab7-4a8b-925c-734826bb0b63', 'context': [<snowplow_tracker.self_describing_json.SelfDescribingJson object at 0x00000200B5B92C00>]}
[0m15:59:07.845855 [info ] [Thread-3 (]: 2 of 2 OK created sql table model gold.gold_itsm_tickets ....................... [[32mSELECT 100000[0m in 1.20s]
[0m15:59:07.845855 [debug] [Thread-3 (]: Finished running node model.itsm_dbt.gold_itsm_tickets
[0m15:59:07.857703 [debug] [MainThread]: On master: COMMIT
[0m15:59:07.858980 [debug] [MainThread]: Using postgres connection "master"
[0m15:59:07.861744 [debug] [MainThread]: On master: COMMIT
[0m15:59:07.861744 [debug] [MainThread]: Opening a new connection, currently in state closed
[0m15:59:07.905720 [debug] [MainThread]: SQL status: COMMIT in 0.040 seconds
[0m15:59:07.907431 [debug] [MainThread]: On master: Close
[0m15:59:07.913468 [debug] [MainThread]: Connection 'master' was properly closed.
[0m15:59:07.917008 [debug] [MainThread]: Connection 'list_itsm_db' was properly closed.
[0m15:59:07.918030 [debug] [MainThread]: Connection 'list_itsm_db' was properly closed.
[0m15:59:07.924349 [debug] [MainThread]: Connection 'list_itsm_db_gold' was properly closed.
[0m15:59:07.926292 [debug] [MainThread]: Connection 'list_itsm_db_silver' was properly closed.
[0m15:59:07.928766 [debug] [MainThread]: Connection 'model.itsm_dbt.silver_itsm_tickets' was properly closed.
[0m15:59:07.930776 [debug] [MainThread]: Connection 'model.itsm_dbt.gold_itsm_tickets' was properly closed.
[0m15:59:07.937538 [info ] [MainThread]: 
[0m15:59:07.940766 [info ] [MainThread]: Finished running 2 table models in 0 hours 0 minutes and 4.78 seconds (4.78s).
[0m15:59:07.947207 [debug] [MainThread]: Command end result
[0m15:59:08.034256 [debug] [MainThread]: Wrote artifact WritableManifest to C:\Users\ahmed\Desktop\data science\itsm_project\dbt_project\target\manifest.json
[0m15:59:08.037690 [debug] [MainThread]: Wrote artifact SemanticManifest to C:\Users\ahmed\Desktop\data science\itsm_project\dbt_project\target\semantic_manifest.json
[0m15:59:08.049312 [debug] [MainThread]: Wrote artifact RunExecutionResult to C:\Users\ahmed\Desktop\data science\itsm_project\dbt_project\target\run_results.json
[0m15:59:08.049312 [info ] [MainThread]: 
[0m15:59:08.049312 [info ] [MainThread]: [32mCompleted successfully[0m
[0m15:59:08.065050 [info ] [MainThread]: 
[0m15:59:08.065050 [info ] [MainThread]: Done. PASS=2 WARN=0 ERROR=0 SKIP=0 NO-OP=0 TOTAL=2
[0m15:59:08.065050 [debug] [MainThread]: Command `dbt run` succeeded at 15:59:08.065050 after 6.56 seconds
[0m15:59:08.065050 [debug] [MainThread]: Sending event: {'category': 'dbt', 'action': 'invocation', 'label': 'end', 'context': [<snowplow_tracker.self_describing_json.SelfDescribingJson object at 0x00000200B377AF60>, <snowplow_tracker.self_describing_json.SelfDescribingJson object at 0x00000200B1633F50>, <snowplow_tracker.self_describing_json.SelfDescribingJson object at 0x00000200B1630200>]}
[0m15:59:08.065050 [debug] [MainThread]: Flushing usage events
[0m15:59:09.278547 [debug] [MainThread]: An error was encountered while trying to flush usage events
[0m10:59:11.477553 [debug] [MainThread]: Sending event: {'category': 'dbt', 'action': 'invocation', 'label': 'start', 'context': [<snowplow_tracker.self_describing_json.SelfDescribingJson object at 0x000001CF37618BC0>, <snowplow_tracker.self_describing_json.SelfDescribingJson object at 0x000001CF36AAE870>, <snowplow_tracker.self_describing_json.SelfDescribingJson object at 0x000001CF36AAF0B0>]}


============================== 10:59:11.497857 | 079a17b5-82fb-4f3c-a8fd-f19b261c77da ==============================
[0m10:59:11.497857 [info ] [MainThread]: Running with dbt=1.11.12
[0m10:59:11.502005 [debug] [MainThread]: running dbt with arguments {'version_check': 'True', 'no_print': 'None', 'static_parser': 'True', 'target_path': 'None', 'warn_error_options': 'WarnErrorOptionsV2(error=[], warn=[], silence=[])', 'printer_width': '80', 'write_json': 'True', 'introspect': 'True', 'log_cache_events': 'False', 'empty': 'False', 'cache_selected_only': 'False', 'fail_fast': 'False', 'debug': 'False', 'log_format': 'default', 'profiles_dir': '.', 'send_anonymous_usage_stats': 'True', 'quiet': 'False', 'warn_error': 'None', 'partial_parse': 'True', 'indirect_selection': 'eager', 'invocation_command': 'dbt run --profiles-dir . --select gold_itsm_tickets', 'use_colors': 'True', 'use_experimental_parser': 'False', 'log_path': 'C:\\Users\\ahmed\\Desktop\\data science\\itsm_project\\dbt_project\\logs'}
[0m10:59:11.819899 [debug] [MainThread]: Sending event: {'category': 'dbt', 'action': 'project_id', 'label': '079a17b5-82fb-4f3c-a8fd-f19b261c77da', 'context': [<snowplow_tracker.self_describing_json.SelfDescribingJson object at 0x000001CF36EF0E30>]}
[0m10:59:11.910705 [debug] [MainThread]: Sending event: {'category': 'dbt', 'action': 'adapter_info', 'label': '079a17b5-82fb-4f3c-a8fd-f19b261c77da', 'context': [<snowplow_tracker.self_describing_json.SelfDescribingJson object at 0x000001CF36D8E210>]}
[0m10:59:11.910705 [info ] [MainThread]: Registered adapter: postgres=1.10.2
[0m10:59:12.527205 [debug] [MainThread]: checksum: f368f5348cf42803b94ef7fb8257ecf3bf9a9a16dd9c8c51fe5172f2dbeb457f, vars: {}, profile: , target: , version: 1.11.12
[0m10:59:12.771477 [debug] [MainThread]: Partial parsing enabled: 0 files deleted, 0 files added, 1 files changed.
[0m10:59:12.771477 [debug] [MainThread]: Partial parsing: updated file: itsm_dbt://models\gold\gold_itsm_tickets.sql
[0m10:59:13.205937 [debug] [MainThread]: Sending event: {'category': 'dbt', 'action': 'load_project', 'label': '079a17b5-82fb-4f3c-a8fd-f19b261c77da', 'context': [<snowplow_tracker.self_describing_json.SelfDescribingJson object at 0x000001CF38DE2E40>]}
[0m10:59:13.326598 [debug] [MainThread]: Wrote artifact WritableManifest to C:\Users\ahmed\Desktop\data science\itsm_project\dbt_project\target\manifest.json
[0m10:59:13.343237 [debug] [MainThread]: Wrote artifact SemanticManifest to C:\Users\ahmed\Desktop\data science\itsm_project\dbt_project\target\semantic_manifest.json
[0m10:59:13.359952 [debug] [MainThread]: Sending event: {'category': 'dbt', 'action': 'resource_counts', 'label': '079a17b5-82fb-4f3c-a8fd-f19b261c77da', 'context': [<snowplow_tracker.self_describing_json.SelfDescribingJson object at 0x000001CF38EE8B90>]}
[0m10:59:13.359952 [info ] [MainThread]: Found 2 models, 1 source, 476 macros
[0m10:59:13.375598 [debug] [MainThread]: Sending event: {'category': 'dbt', 'action': 'runnable_timing', 'label': '079a17b5-82fb-4f3c-a8fd-f19b261c77da', 'context': [<snowplow_tracker.self_describing_json.SelfDescribingJson object at 0x000001CF38ECE6F0>]}
[0m10:59:13.377164 [info ] [MainThread]: 
[0m10:59:13.377164 [info ] [MainThread]: Concurrency: 4 threads (target='dev')
[0m10:59:13.377164 [info ] [MainThread]: 
[0m10:59:13.377164 [debug] [MainThread]: Acquiring new postgres connection 'master'
[0m10:59:13.377164 [debug] [ThreadPool]: Acquiring new postgres connection 'list_itsm_db'
[0m10:59:13.666568 [debug] [ThreadPool]: Using postgres connection "list_itsm_db"
[0m10:59:13.668801 [debug] [ThreadPool]: On list_itsm_db: /* {"app": "dbt", "dbt_version": "1.11.12", "profile_name": "itsm_dbt", "target_name": "dev", "connection_name": "list_itsm_db"} */

    select distinct nspname from pg_namespace
  
[0m10:59:13.670508 [debug] [ThreadPool]: Opening a new connection, currently in state init
[0m10:59:13.729569 [debug] [ThreadPool]: SQL status: SELECT 7 in 0.059 seconds
[0m10:59:13.735505 [debug] [ThreadPool]: On list_itsm_db: Close
[0m10:59:13.740639 [debug] [ThreadPool]: Acquiring new postgres connection 'list_itsm_db_silver'
[0m10:59:13.742643 [debug] [ThreadPool]: Acquiring new postgres connection 'list_itsm_db_gold'
[0m10:59:13.753238 [debug] [ThreadPool]: Using postgres connection "list_itsm_db_silver"
[0m10:59:13.753238 [debug] [ThreadPool]: Using postgres connection "list_itsm_db_gold"
[0m10:59:13.769155 [debug] [ThreadPool]: On list_itsm_db_silver: /* {"app": "dbt", "dbt_version": "1.11.12", "profile_name": "itsm_dbt", "target_name": "dev", "connection_name": "list_itsm_db_silver"} */
select
      'itsm_db' as database,
      tablename as name,
      schemaname as schema,
      'table' as type
    from pg_tables
    where schemaname ilike 'silver'
    union all
    select
      'itsm_db' as database,
      viewname as name,
      schemaname as schema,
      'view' as type
    from pg_views
    where schemaname ilike 'silver'
    union all
    select
      'itsm_db' as database,
      matviewname as name,
      schemaname as schema,
      'materialized_view' as type
    from pg_matviews
    where schemaname ilike 'silver'
  
[0m10:59:13.769155 [debug] [ThreadPool]: On list_itsm_db_gold: /* {"app": "dbt", "dbt_version": "1.11.12", "profile_name": "itsm_dbt", "target_name": "dev", "connection_name": "list_itsm_db_gold"} */
select
      'itsm_db' as database,
      tablename as name,
      schemaname as schema,
      'table' as type
    from pg_tables
    where schemaname ilike 'gold'
    union all
    select
      'itsm_db' as database,
      viewname as name,
      schemaname as schema,
      'view' as type
    from pg_views
    where schemaname ilike 'gold'
    union all
    select
      'itsm_db' as database,
      matviewname as name,
      schemaname as schema,
      'materialized_view' as type
    from pg_matviews
    where schemaname ilike 'gold'
  
[0m10:59:13.769155 [debug] [ThreadPool]: Opening a new connection, currently in state init
[0m10:59:13.774514 [debug] [ThreadPool]: Opening a new connection, currently in state init
[0m10:59:13.816192 [debug] [ThreadPool]: SQL status: SELECT 1 in 0.043 seconds
[0m10:59:13.816192 [debug] [ThreadPool]: SQL status: SELECT 2 in 0.042 seconds
[0m10:59:13.816192 [debug] [ThreadPool]: On list_itsm_db_silver: ROLLBACK
[0m10:59:13.822123 [debug] [ThreadPool]: On list_itsm_db_gold: ROLLBACK
[0m10:59:13.822123 [debug] [ThreadPool]: On list_itsm_db_silver: Close
[0m10:59:13.822123 [debug] [ThreadPool]: On list_itsm_db_gold: Close
[0m10:59:13.831913 [debug] [MainThread]: Using postgres connection "master"
[0m10:59:13.831913 [debug] [MainThread]: On master: /* {"app": "dbt", "dbt_version": "1.11.12", "profile_name": "itsm_dbt", "target_name": "dev", "connection_name": "master"} */
select distinct
        dependent_namespace.nspname as dependent_schema,
        dependent_class.relname as dependent_name,
        referenced_namespace.nspname as referenced_schema,
        referenced_class.relname as referenced_name

    -- Query for views: views are entries in pg_class with an entry in pg_rewrite, but we avoid
    -- a seq scan on pg_rewrite by leveraging the fact there is an "internal" row in pg_depend for
    -- the view...
    from pg_class as dependent_class
    join pg_namespace as dependent_namespace on dependent_namespace.oid = dependent_class.relnamespace
    join pg_depend as dependent_depend on dependent_depend.refobjid = dependent_class.oid
        and dependent_depend.classid = 'pg_rewrite'::regclass
        and dependent_depend.refclassid = 'pg_class'::regclass
        and dependent_depend.deptype = 'i'

    -- ... and via pg_depend (that has a row per column, hence the need for "distinct" above, and
    -- making sure to exclude the internal row to avoid a view appearing to depend on itself)...
    join pg_depend as joining_depend on joining_depend.objid = dependent_depend.objid
        and joining_depend.classid = 'pg_rewrite'::regclass
        and joining_depend.refclassid = 'pg_class'::regclass
        and joining_depend.refobjid != dependent_depend.refobjid

    -- ... we can find the tables they query from in pg_class, but excluding system tables. Note we
    -- don't need need to exclude _dependent_ system tables, because they only query from other
    -- system tables, and so are automatically excluded by excluding _referenced_ system tables
    join pg_class as referenced_class on referenced_class.oid = joining_depend.refobjid
    join pg_namespace as referenced_namespace on referenced_namespace.oid = referenced_class.relnamespace
        and referenced_namespace.nspname != 'information_schema'
        and referenced_namespace.nspname not like 'pg\_%'

    order by
        dependent_schema, dependent_name, referenced_schema, referenced_name;
[0m10:59:13.831913 [debug] [MainThread]: Opening a new connection, currently in state init
[0m10:59:13.862689 [debug] [MainThread]: SQL status: SELECT 0 in 0.027 seconds
[0m10:59:13.866363 [debug] [MainThread]: Sending event: {'category': 'dbt', 'action': 'runnable_timing', 'label': '079a17b5-82fb-4f3c-a8fd-f19b261c77da', 'context': [<snowplow_tracker.self_describing_json.SelfDescribingJson object at 0x000001CF348F9490>]}
[0m10:59:13.868370 [debug] [MainThread]: On master: ROLLBACK
[0m10:59:13.868370 [debug] [MainThread]: On master: COMMIT
[0m10:59:13.868370 [debug] [MainThread]: Using postgres connection "master"
[0m10:59:13.868370 [debug] [MainThread]: On master: COMMIT
[0m10:59:13.876599 [debug] [MainThread]: SQL status: COMMIT in 0.002 seconds
[0m10:59:13.878650 [debug] [MainThread]: On master: Close
[0m10:59:13.879688 [debug] [Thread-1 (]: Began running node model.itsm_dbt.gold_itsm_tickets
[0m10:59:13.888294 [info ] [Thread-1 (]: 1 of 1 START sql table model gold.gold_itsm_tickets ............................ [RUN]
[0m10:59:13.890304 [debug] [Thread-1 (]: Acquiring new postgres connection 'model.itsm_dbt.gold_itsm_tickets'
[0m10:59:13.893663 [debug] [Thread-1 (]: Began compiling node model.itsm_dbt.gold_itsm_tickets
[0m10:59:13.908332 [debug] [Thread-1 (]: Writing injected SQL for node "model.itsm_dbt.gold_itsm_tickets"
[0m10:59:13.911649 [debug] [Thread-1 (]: Began executing node model.itsm_dbt.gold_itsm_tickets
[0m10:59:13.959714 [debug] [Thread-1 (]: Writing runtime sql for node "model.itsm_dbt.gold_itsm_tickets"
[0m10:59:13.959714 [debug] [Thread-1 (]: Using postgres connection "model.itsm_dbt.gold_itsm_tickets"
[0m10:59:13.976270 [debug] [Thread-1 (]: On model.itsm_dbt.gold_itsm_tickets: /* {"app": "dbt", "dbt_version": "1.11.12", "profile_name": "itsm_dbt", "target_name": "dev", "node_id": "model.itsm_dbt.gold_itsm_tickets"} */

  
    

  create  table "itsm_db"."gold"."gold_itsm_tickets__dbt_tmp"
  
  
    as
  
  (
    /*
    gold_itsm_tickets.sql
    -----------------------
    ETAPE 3 : creation des variables pour le Machine Learning (couche Gold).

    Ce modele part de silver.silver_itsm_tickets (donnees propres) et ajoute
    tout ce dont un modele de prediction a besoin :

      1) Des durees reelles, en minutes (au lieu de deux dates separees)
      2) Des variables temporelles (heure, jour, mois de creation)
      3) La marge SLA (Expected - Actual), gardee a titre informatif
      4) La longueur de la description (utile plus tard pour le NLP)
      5) LA VARIABLE CIBLE : long_resolution_flag

    Pourquoi cette cible et pas "depassement SLA" ?
    --------------------------------------------------
    On a verifie plus tot que dans ce dataset, AUCUN ticket ne depasse jamais
    son SLA (marge toujours >= 0). Une cible sans variance ne peut pas etre
    apprise par un modele. On suit donc la meme demarche que dans le rapport
    de reference : on remplace "depassement SLA" par "risque de resolution
    longue" (long MTTR), qui lui a une vraie variance dans les donnees.

    Definition retenue : un ticket est marque "resolution longue" (1) si
    sa duree de resolution reelle depasse le 75e percentile de l'ensemble
    des tickets. Sinon (0). Ce seuil est calcule automatiquement sur les
    donnees, pas fixe a la main.
*/

with base as (

    select * from "itsm_db"."silver"."silver_itsm_tickets"

),

with_durations as (

    select
        *,

        -- Durees reelles, en minutes
        extract(epoch from (first_response_time - created_time)) / 60
            as first_response_minutes,
        extract(epoch from (resolution_time - created_time)) / 60
            as resolution_minutes,
        extract(epoch from (close_time - created_time)) / 60
            as close_minutes,

        -- Bruit deterministe (+/- 60 min), seede sur ticket_id : simule la variabilite
        -- reelle (charge de travail, complexite imprevue) absente du dataset synthetique.
        -- Sans ce bruit, priority determine resolution_minutes de facon quasi parfaite
        -- (ecart-type ~6 min), ce qui rend toute prediction triviale (score parfait).
        (hashtext(ticket_id) % 121 - 60)::float as noise_minutes,

        -- Marge SLA : temps restant avant la limite (peut etre negatif si depasse)
        extract(epoch from (expected_sla_to_first_response - first_response_time)) / 60
            as sla_margin_first_response_min,
        extract(epoch from (expected_sla_to_resolve - resolution_time)) / 60
            as sla_margin_resolution_min,

        -- Variables temporelles utiles pour reperer des tendances (charge par heure, jour...)
        extract(hour from created_time)          as created_hour,
        to_char(created_time, 'Day')             as created_dayofweek,
        to_char(created_time, 'Month')           as created_month,
        date(created_time)                       as created_date,

        -- Longueur de la description : un proxy simple de complexite du ticket,
        -- utile plus tard pour le module NLP
        length(incident_description)             as description_length,

        -- Fenetre SLA (minutes) : utilisee par le moteur de decision (urgence)
        extract(epoch from (expected_sla_to_resolve - created_time)) / 60
            as sla_window_minutes

    from base

),

with_realistic_duration as (

    select
        *,
        greatest(resolution_minutes + noise_minutes, 5) as resolution_minutes_realistic

    from with_durations

),

percentile_calc as (

    select
        percentile_cont(0.75) within group (order by resolution_minutes_realistic)
            as resolution_p75_threshold
    from with_realistic_duration
    where resolution_minutes_realistic is not null

),

with_target as (

    select
        w.*,
        p.resolution_p75_threshold

    from with_realistic_duration w
    cross join percentile_calc p
    where w.resolution_minutes_realistic is not null

)

select
    ticket_id,
    status,
    priority,
    priority_rank,
    source,
    topic,
    agent_group,
    product_group,

    created_time,
    created_date,
    created_hour,
    trim(created_dayofweek)  as created_dayofweek,
    trim(created_month)      as created_month,

    first_response_minutes,
    resolution_minutes,
    resolution_minutes_realistic,
    close_minutes,

    sla_margin_first_response_min,
    sla_margin_resolution_min,

    description_length,
    has_solution,
    sla_window_minutes,

    resolution_p75_threshold,

    -- LA CIBLE : basee sur la duree "realiste" (avec bruit), pas la duree brute
    case
        when resolution_minutes_realistic >= resolution_p75_threshold then 1
        else 0
    end as long_resolution_flag

from with_target
  );
  
[0m10:59:13.976270 [debug] [Thread-1 (]: Opening a new connection, currently in state init
[0m10:59:15.679265 [debug] [Thread-1 (]: SQL status: SELECT 100000 in 1.707 seconds
[0m10:59:15.703148 [debug] [Thread-1 (]: Using postgres connection "model.itsm_dbt.gold_itsm_tickets"
[0m10:59:15.704796 [debug] [Thread-1 (]: On model.itsm_dbt.gold_itsm_tickets: /* {"app": "dbt", "dbt_version": "1.11.12", "profile_name": "itsm_dbt", "target_name": "dev", "node_id": "model.itsm_dbt.gold_itsm_tickets"} */
alter table "itsm_db"."gold"."gold_itsm_tickets" rename to "gold_itsm_tickets__dbt_backup"
[0m10:59:15.741432 [debug] [Thread-1 (]: SQL status: ALTER TABLE in 0.035 seconds
[0m10:59:15.755825 [debug] [Thread-1 (]: Using postgres connection "model.itsm_dbt.gold_itsm_tickets"
[0m10:59:15.758103 [debug] [Thread-1 (]: On model.itsm_dbt.gold_itsm_tickets: /* {"app": "dbt", "dbt_version": "1.11.12", "profile_name": "itsm_dbt", "target_name": "dev", "node_id": "model.itsm_dbt.gold_itsm_tickets"} */
alter table "itsm_db"."gold"."gold_itsm_tickets__dbt_tmp" rename to "gold_itsm_tickets"
[0m10:59:15.762260 [debug] [Thread-1 (]: SQL status: ALTER TABLE in 0.002 seconds
[0m10:59:15.858861 [debug] [Thread-1 (]: On model.itsm_dbt.gold_itsm_tickets: COMMIT
[0m10:59:15.858861 [debug] [Thread-1 (]: Using postgres connection "model.itsm_dbt.gold_itsm_tickets"
[0m10:59:15.858861 [debug] [Thread-1 (]: On model.itsm_dbt.gold_itsm_tickets: COMMIT
[0m10:59:15.878525 [debug] [Thread-1 (]: SQL status: COMMIT in 0.005 seconds
[0m10:59:15.893383 [debug] [Thread-1 (]: Applying DROP to: "itsm_db"."gold"."gold_itsm_tickets__dbt_backup"
[0m10:59:15.899193 [debug] [Thread-1 (]: Using postgres connection "model.itsm_dbt.gold_itsm_tickets"
[0m10:59:15.899193 [debug] [Thread-1 (]: On model.itsm_dbt.gold_itsm_tickets: /* {"app": "dbt", "dbt_version": "1.11.12", "profile_name": "itsm_dbt", "target_name": "dev", "node_id": "model.itsm_dbt.gold_itsm_tickets"} */
drop table if exists "itsm_db"."gold"."gold_itsm_tickets__dbt_backup" cascade
[0m10:59:15.915226 [debug] [Thread-1 (]: SQL status: DROP TABLE in 0.011 seconds
[0m10:59:15.918290 [debug] [Thread-1 (]: On model.itsm_dbt.gold_itsm_tickets: Close
[0m10:59:15.925434 [debug] [Thread-1 (]: Sending event: {'category': 'dbt', 'action': 'run_model', 'label': '079a17b5-82fb-4f3c-a8fd-f19b261c77da', 'context': [<snowplow_tracker.self_describing_json.SelfDescribingJson object at 0x000001CF38D09E80>]}
[0m10:59:15.925434 [info ] [Thread-1 (]: 1 of 1 OK created sql table model gold.gold_itsm_tickets ....................... [[32mSELECT 100000[0m in 2.03s]
[0m10:59:15.925434 [debug] [Thread-1 (]: Finished running node model.itsm_dbt.gold_itsm_tickets
[0m10:59:15.934354 [debug] [MainThread]: On master: COMMIT
[0m10:59:15.934354 [debug] [MainThread]: Using postgres connection "master"
[0m10:59:15.936360 [debug] [MainThread]: On master: COMMIT
[0m10:59:15.938368 [debug] [MainThread]: Opening a new connection, currently in state closed
[0m10:59:15.959267 [debug] [MainThread]: SQL status: COMMIT in 0.022 seconds
[0m10:59:15.959267 [debug] [MainThread]: On master: Close
[0m10:59:15.959267 [debug] [MainThread]: Connection 'master' was properly closed.
[0m10:59:15.959267 [debug] [MainThread]: Connection 'list_itsm_db' was properly closed.
[0m10:59:15.959267 [debug] [MainThread]: Connection 'list_itsm_db_silver' was properly closed.
[0m10:59:15.959267 [debug] [MainThread]: Connection 'list_itsm_db_gold' was properly closed.
[0m10:59:15.969479 [debug] [MainThread]: Connection 'model.itsm_dbt.gold_itsm_tickets' was properly closed.
[0m10:59:15.969479 [info ] [MainThread]: 
[0m10:59:15.969479 [info ] [MainThread]: Finished running 1 table model in 0 hours 0 minutes and 2.59 seconds (2.59s).
[0m10:59:15.975560 [debug] [MainThread]: Command end result
[0m10:59:16.025249 [debug] [MainThread]: Wrote artifact WritableManifest to C:\Users\ahmed\Desktop\data science\itsm_project\dbt_project\target\manifest.json
[0m10:59:16.025249 [debug] [MainThread]: Wrote artifact SemanticManifest to C:\Users\ahmed\Desktop\data science\itsm_project\dbt_project\target\semantic_manifest.json
[0m10:59:16.041412 [debug] [MainThread]: Wrote artifact RunExecutionResult to C:\Users\ahmed\Desktop\data science\itsm_project\dbt_project\target\run_results.json
[0m10:59:16.041967 [info ] [MainThread]: 
[0m10:59:16.041967 [info ] [MainThread]: [32mCompleted successfully[0m
[0m10:59:16.041967 [info ] [MainThread]: 
[0m10:59:16.041967 [info ] [MainThread]: Done. PASS=1 WARN=0 ERROR=0 SKIP=0 NO-OP=0 TOTAL=1
[0m10:59:16.041967 [debug] [MainThread]: Command `dbt run` succeeded at 10:59:16.041967 after 4.74 seconds
[0m10:59:16.041967 [debug] [MainThread]: Sending event: {'category': 'dbt', 'action': 'invocation', 'label': 'end', 'context': [<snowplow_tracker.self_describing_json.SelfDescribingJson object at 0x000001CF370DC8F0>, <snowplow_tracker.self_describing_json.SelfDescribingJson object at 0x000001CF35D180B0>, <snowplow_tracker.self_describing_json.SelfDescribingJson object at 0x000001CF36A46A80>]}
[0m10:59:16.041967 [debug] [MainThread]: Flushing usage events
[0m10:59:17.124596 [debug] [MainThread]: An error was encountered while trying to flush usage events
[0m11:54:11.674483 [debug] [MainThread]: Sending event: {'category': 'dbt', 'action': 'invocation', 'label': 'start', 'context': [<snowplow_tracker.self_describing_json.SelfDescribingJson object at 0x0000020782D14D70>, <snowplow_tracker.self_describing_json.SelfDescribingJson object at 0x0000020783AB07A0>, <snowplow_tracker.self_describing_json.SelfDescribingJson object at 0x0000020783AB1AF0>]}


============================== 11:54:11.674483 | 257b7aa2-186b-4083-ad09-4a6f4eaa24ac ==============================
[0m11:54:11.674483 [info ] [MainThread]: Running with dbt=1.11.12
[0m11:54:11.686815 [debug] [MainThread]: running dbt with arguments {'static_parser': 'True', 'no_print': 'None', 'version_check': 'True', 'warn_error_options': 'WarnErrorOptionsV2(error=[], warn=[], silence=[])', 'target_path': 'None', 'printer_width': '80', 'write_json': 'True', 'introspect': 'True', 'log_cache_events': 'False', 'empty': 'None', 'cache_selected_only': 'False', 'log_format': 'default', 'debug': 'False', 'fail_fast': 'False', 'profiles_dir': '.', 'send_anonymous_usage_stats': 'True', 'quiet': 'False', 'warn_error': 'None', 'partial_parse': 'True', 'use_colors': 'True', 'indirect_selection': 'eager', 'invocation_command': 'dbt debug --profiles-dir .', 'use_experimental_parser': 'False', 'log_path': 'C:\\Users\\ahmed\\Desktop\\data science\\itsm_project\\dbt_project\\logs'}
[0m11:54:11.769138 [info ] [MainThread]: dbt version: 1.11.12
[0m11:54:11.769138 [info ] [MainThread]: python version: 3.12.0
[0m11:54:11.773809 [info ] [MainThread]: python path: C:\Users\ahmed\AppData\Local\Programs\Python\Python312\python.exe
[0m11:54:11.777046 [info ] [MainThread]: os info: Windows-11-10.0.26200-SP0
[0m11:54:11.864128 [info ] [MainThread]: Using profiles dir at .
[0m11:54:11.879781 [info ] [MainThread]: Using profiles.yml file at .\profiles.yml
[0m11:54:11.879781 [info ] [MainThread]: Using dbt_project.yml file at C:\Users\ahmed\Desktop\data science\itsm_project\dbt_project\dbt_project.yml
[0m11:54:11.879781 [info ] [MainThread]: adapter type: postgres
[0m11:54:11.879781 [info ] [MainThread]: adapter version: 1.10.2
[0m11:54:12.021121 [info ] [MainThread]: Configuration:
[0m11:54:12.021121 [info ] [MainThread]:   profiles.yml file [[32mOK found and valid[0m]
[0m11:54:12.021121 [info ] [MainThread]:   dbt_project.yml file [[32mOK found and valid[0m]
[0m11:54:12.021121 [info ] [MainThread]: Required dependencies:
[0m11:54:12.034722 [debug] [MainThread]: Executing "git --help"
[0m11:54:12.156385 [debug] [MainThread]: STDOUT: "b"usage: git [-v | --version] [-h | --help] [-C <path>] [-c <name>=<value>]\n           [--exec-path[=<path>]] [--html-path] [--man-path] [--info-path]\n           [-p | --paginate | -P | --no-pager] [--no-replace-objects] [--no-lazy-fetch]\n           [--no-optional-locks] [--no-advice] [--bare] [--git-dir=<path>]\n           [--work-tree=<path>] [--namespace=<name>] [--config-env=<name>=<envvar>]\n           <command> [<args>]\n\nThese are common Git commands used in various situations:\n\nstart a working area (see also: git help tutorial)\n   clone      Clone a repository into a new directory\n   init       Create an empty Git repository or reinitialize an existing one\n\nwork on the current change (see also: git help everyday)\n   add        Add file contents to the index\n   mv         Move or rename a file, a directory, or a symlink\n   restore    Restore working tree files\n   rm         Remove files from the working tree and from the index\n\nexamine the history and state (see also: git help revisions)\n   bisect     Use binary search to find the commit that introduced a bug\n   diff       Show changes between commits, commit and working tree, etc\n   grep       Print lines matching a pattern\n   log        Show commit logs\n   show       Show various types of objects\n   status     Show the working tree status\n\ngrow, mark and tweak your common history\n   backfill   Download missing objects in a partial clone\n   branch     List, create, or delete branches\n   commit     Record changes to the repository\n   history    EXPERIMENTAL: Rewrite history\n   merge      Join two or more development histories together\n   rebase     Reapply commits on top of another base tip\n   reset      Set `HEAD` or the index to a known state\n   switch     Switch branches\n   tag        Create, list, delete or verify tags\n\ncollaborate (see also: git help workflows)\n   fetch      Download objects and refs from another repository\n   pull       Fetch from and integrate with another repository or a local branch\n   push       Update remote refs along with associated objects\n\n'git help -a' and 'git help -g' list available subcommands and some\nconcept guides. See 'git help <command>' or 'git help <concept>'\nto read about a specific subcommand or concept.\nSee 'git help git' for an overview of the system.\n""
[0m11:54:12.156385 [debug] [MainThread]: STDERR: "b''"
[0m11:54:12.161882 [info ] [MainThread]:  - git [[32mOK found[0m]

[0m11:54:12.164378 [info ] [MainThread]: Connection:
[0m11:54:12.164378 [info ] [MainThread]:   host: localhost
[0m11:54:12.169374 [info ] [MainThread]:   port: 5432
[0m11:54:12.169374 [info ] [MainThread]:   user: postgres
[0m11:54:12.171354 [info ] [MainThread]:   database: itsm_db
[0m11:54:12.172868 [info ] [MainThread]:   schema: public
[0m11:54:12.172868 [info ] [MainThread]:   connect_timeout: 10
[0m11:54:12.175086 [info ] [MainThread]:   role: None
[0m11:54:12.177099 [info ] [MainThread]:   search_path: None
[0m11:54:12.180093 [info ] [MainThread]:   keepalives_idle: 0
[0m11:54:12.181173 [info ] [MainThread]:   sslmode: None
[0m11:54:12.181677 [info ] [MainThread]:   sslcert: None
[0m11:54:12.183687 [info ] [MainThread]:   sslkey: None
[0m11:54:12.183687 [info ] [MainThread]:   sslrootcert: None
[0m11:54:12.183687 [info ] [MainThread]:   application_name: dbt
[0m11:54:12.183687 [info ] [MainThread]:   retries: 1
[0m11:54:12.183687 [info ] [MainThread]: Registered adapter: postgres=1.10.2
[0m11:54:12.741420 [debug] [MainThread]: Acquiring new postgres connection 'debug'
[0m11:54:13.079575 [debug] [MainThread]: Using postgres connection "debug"
[0m11:54:13.081270 [debug] [MainThread]: On debug: select 1 as id
[0m11:54:13.082351 [debug] [MainThread]: Opening a new connection, currently in state init
[0m11:54:13.132021 [debug] [MainThread]: SQL status: SELECT 1 in 0.049 seconds
[0m11:54:13.136068 [debug] [MainThread]: On debug: Close
[0m11:54:13.138490 [info ] [MainThread]:   Connection test: [[32mOK connection ok[0m]

[0m11:54:13.142260 [info ] [MainThread]: [32mAll checks passed![0m
[0m11:54:13.147723 [debug] [MainThread]: Command `dbt debug` succeeded at 11:54:13.147723 after 1.67 seconds
[0m11:54:13.151291 [debug] [MainThread]: Connection 'debug' was properly closed.
[0m11:54:13.153832 [debug] [MainThread]: Sending event: {'category': 'dbt', 'action': 'invocation', 'label': 'end', 'context': [<snowplow_tracker.self_describing_json.SelfDescribingJson object at 0x0000020782CEA1E0>, <snowplow_tracker.self_describing_json.SelfDescribingJson object at 0x0000020780C71DF0>, <snowplow_tracker.self_describing_json.SelfDescribingJson object at 0x00000207833CE300>]}
[0m11:54:13.156207 [debug] [MainThread]: Flushing usage events
[0m11:54:14.618931 [debug] [MainThread]: An error was encountered while trying to flush usage events
[0m11:54:30.866487 [debug] [MainThread]: Sending event: {'category': 'dbt', 'action': 'invocation', 'label': 'start', 'context': [<snowplow_tracker.self_describing_json.SelfDescribingJson object at 0x0000025F8618AB70>, <snowplow_tracker.self_describing_json.SelfDescribingJson object at 0x0000025F83754680>, <snowplow_tracker.self_describing_json.SelfDescribingJson object at 0x0000025F873C3320>]}


============================== 11:54:30.866487 | c2be53bf-1348-4955-a1ea-cc3128f6702e ==============================
[0m11:54:30.866487 [info ] [MainThread]: Running with dbt=1.11.12
[0m11:54:30.881350 [debug] [MainThread]: running dbt with arguments {'static_parser': 'True', 'no_print': 'None', 'version_check': 'True', 'target_path': 'None', 'warn_error_options': 'WarnErrorOptionsV2(error=[], warn=[], silence=[])', 'printer_width': '80', 'write_json': 'True', 'introspect': 'True', 'log_cache_events': 'False', 'empty': 'False', 'cache_selected_only': 'False', 'fail_fast': 'False', 'debug': 'False', 'log_format': 'default', 'profiles_dir': '.', 'send_anonymous_usage_stats': 'True', 'quiet': 'False', 'warn_error': 'None', 'partial_parse': 'True', 'indirect_selection': 'eager', 'invocation_command': 'dbt run --profiles-dir .', 'use_colors': 'True', 'use_experimental_parser': 'False', 'log_path': 'C:\\Users\\ahmed\\Desktop\\data science\\itsm_project\\dbt_project\\logs'}
[0m11:54:31.340145 [debug] [MainThread]: Sending event: {'category': 'dbt', 'action': 'project_id', 'label': 'c2be53bf-1348-4955-a1ea-cc3128f6702e', 'context': [<snowplow_tracker.self_describing_json.SelfDescribingJson object at 0x0000025F8882E390>]}
[0m11:54:31.420928 [debug] [MainThread]: Sending event: {'category': 'dbt', 'action': 'adapter_info', 'label': 'c2be53bf-1348-4955-a1ea-cc3128f6702e', 'context': [<snowplow_tracker.self_describing_json.SelfDescribingJson object at 0x0000025F88744080>]}
[0m11:54:31.436584 [info ] [MainThread]: Registered adapter: postgres=1.10.2
[0m11:54:32.104802 [debug] [MainThread]: checksum: f368f5348cf42803b94ef7fb8257ecf3bf9a9a16dd9c8c51fe5172f2dbeb457f, vars: {}, profile: , target: , version: 1.11.12
[0m11:54:32.481979 [debug] [MainThread]: Partial parsing enabled: 0 files deleted, 0 files added, 0 files changed.
[0m11:54:32.481979 [debug] [MainThread]: Nothing changed, skipping partial parsing.
[0m11:54:32.488267 [debug] [MainThread]: Partial parsing enabled, no changes found, skipping parsing
[0m11:54:32.565062 [debug] [MainThread]: Sending event: {'category': 'dbt', 'action': 'load_project', 'label': 'c2be53bf-1348-4955-a1ea-cc3128f6702e', 'context': [<snowplow_tracker.self_describing_json.SelfDescribingJson object at 0x0000025F870260C0>]}
[0m11:54:32.651521 [debug] [MainThread]: Wrote artifact WritableManifest to C:\Users\ahmed\Desktop\data science\itsm_project\dbt_project\target\manifest.json
[0m11:54:32.667397 [debug] [MainThread]: Wrote artifact SemanticManifest to C:\Users\ahmed\Desktop\data science\itsm_project\dbt_project\target\semantic_manifest.json
[0m11:54:32.683580 [debug] [MainThread]: Sending event: {'category': 'dbt', 'action': 'resource_counts', 'label': 'c2be53bf-1348-4955-a1ea-cc3128f6702e', 'context': [<snowplow_tracker.self_describing_json.SelfDescribingJson object at 0x0000025F88C797C0>]}
[0m11:54:32.683580 [info ] [MainThread]: Found 2 models, 1 source, 476 macros
[0m11:54:32.683580 [debug] [MainThread]: Sending event: {'category': 'dbt', 'action': 'runnable_timing', 'label': 'c2be53bf-1348-4955-a1ea-cc3128f6702e', 'context': [<snowplow_tracker.self_describing_json.SelfDescribingJson object at 0x0000025F88CABE30>]}
[0m11:54:32.702644 [info ] [MainThread]: 
[0m11:54:32.702644 [info ] [MainThread]: Concurrency: 4 threads (target='dev')
[0m11:54:32.704650 [info ] [MainThread]: 
[0m11:54:32.706656 [debug] [MainThread]: Acquiring new postgres connection 'master'
[0m11:54:32.710666 [debug] [ThreadPool]: Acquiring new postgres connection 'list_itsm_db'
[0m11:54:32.712672 [debug] [ThreadPool]: Acquiring new postgres connection 'list_itsm_db'
[0m11:54:32.858088 [debug] [ThreadPool]: Using postgres connection "list_itsm_db"
[0m11:54:32.858088 [debug] [ThreadPool]: Using postgres connection "list_itsm_db"
[0m11:54:32.862227 [debug] [ThreadPool]: On list_itsm_db: /* {"app": "dbt", "dbt_version": "1.11.12", "profile_name": "itsm_dbt", "target_name": "dev", "connection_name": "list_itsm_db"} */

    select distinct nspname from pg_namespace
  
[0m11:54:32.862227 [debug] [ThreadPool]: On list_itsm_db: /* {"app": "dbt", "dbt_version": "1.11.12", "profile_name": "itsm_dbt", "target_name": "dev", "connection_name": "list_itsm_db"} */

    select distinct nspname from pg_namespace
  
[0m11:54:32.862227 [debug] [ThreadPool]: Opening a new connection, currently in state init
[0m11:54:32.862227 [debug] [ThreadPool]: Opening a new connection, currently in state init
[0m11:54:32.896552 [debug] [ThreadPool]: SQL status: SELECT 7 in 0.035 seconds
[0m11:54:32.896552 [debug] [ThreadPool]: SQL status: SELECT 7 in 0.037 seconds
[0m11:54:32.902133 [debug] [ThreadPool]: On list_itsm_db: Close
[0m11:54:32.905647 [debug] [ThreadPool]: On list_itsm_db: Close
[0m11:54:32.910072 [debug] [ThreadPool]: Acquiring new postgres connection 'list_itsm_db_gold'
[0m11:54:32.910072 [debug] [ThreadPool]: Acquiring new postgres connection 'list_itsm_db_silver'
[0m11:54:32.910072 [debug] [ThreadPool]: Using postgres connection "list_itsm_db_gold"
[0m11:54:32.922724 [debug] [ThreadPool]: Using postgres connection "list_itsm_db_silver"
[0m11:54:32.922724 [debug] [ThreadPool]: On list_itsm_db_gold: /* {"app": "dbt", "dbt_version": "1.11.12", "profile_name": "itsm_dbt", "target_name": "dev", "connection_name": "list_itsm_db_gold"} */
select
      'itsm_db' as database,
      tablename as name,
      schemaname as schema,
      'table' as type
    from pg_tables
    where schemaname ilike 'gold'
    union all
    select
      'itsm_db' as database,
      viewname as name,
      schemaname as schema,
      'view' as type
    from pg_views
    where schemaname ilike 'gold'
    union all
    select
      'itsm_db' as database,
      matviewname as name,
      schemaname as schema,
      'materialized_view' as type
    from pg_matviews
    where schemaname ilike 'gold'
  
[0m11:54:32.925023 [debug] [ThreadPool]: On list_itsm_db_silver: /* {"app": "dbt", "dbt_version": "1.11.12", "profile_name": "itsm_dbt", "target_name": "dev", "connection_name": "list_itsm_db_silver"} */
select
      'itsm_db' as database,
      tablename as name,
      schemaname as schema,
      'table' as type
    from pg_tables
    where schemaname ilike 'silver'
    union all
    select
      'itsm_db' as database,
      viewname as name,
      schemaname as schema,
      'view' as type
    from pg_views
    where schemaname ilike 'silver'
    union all
    select
      'itsm_db' as database,
      matviewname as name,
      schemaname as schema,
      'materialized_view' as type
    from pg_matviews
    where schemaname ilike 'silver'
  
[0m11:54:32.925023 [debug] [ThreadPool]: Opening a new connection, currently in state init
[0m11:54:32.927030 [debug] [ThreadPool]: Opening a new connection, currently in state init
[0m11:54:32.974080 [debug] [ThreadPool]: SQL status: SELECT 3 in 0.050 seconds
[0m11:54:32.976590 [debug] [ThreadPool]: SQL status: SELECT 1 in 0.050 seconds
[0m11:54:32.978855 [debug] [ThreadPool]: On list_itsm_db_gold: ROLLBACK
[0m11:54:32.980951 [debug] [ThreadPool]: On list_itsm_db_silver: ROLLBACK
[0m11:54:32.983941 [debug] [ThreadPool]: On list_itsm_db_gold: Close
[0m11:54:32.983941 [debug] [ThreadPool]: On list_itsm_db_silver: Close
[0m11:54:32.993453 [debug] [MainThread]: Using postgres connection "master"
[0m11:54:32.993453 [debug] [MainThread]: On master: /* {"app": "dbt", "dbt_version": "1.11.12", "profile_name": "itsm_dbt", "target_name": "dev", "connection_name": "master"} */
select distinct
        dependent_namespace.nspname as dependent_schema,
        dependent_class.relname as dependent_name,
        referenced_namespace.nspname as referenced_schema,
        referenced_class.relname as referenced_name

    -- Query for views: views are entries in pg_class with an entry in pg_rewrite, but we avoid
    -- a seq scan on pg_rewrite by leveraging the fact there is an "internal" row in pg_depend for
    -- the view...
    from pg_class as dependent_class
    join pg_namespace as dependent_namespace on dependent_namespace.oid = dependent_class.relnamespace
    join pg_depend as dependent_depend on dependent_depend.refobjid = dependent_class.oid
        and dependent_depend.classid = 'pg_rewrite'::regclass
        and dependent_depend.refclassid = 'pg_class'::regclass
        and dependent_depend.deptype = 'i'

    -- ... and via pg_depend (that has a row per column, hence the need for "distinct" above, and
    -- making sure to exclude the internal row to avoid a view appearing to depend on itself)...
    join pg_depend as joining_depend on joining_depend.objid = dependent_depend.objid
        and joining_depend.classid = 'pg_rewrite'::regclass
        and joining_depend.refclassid = 'pg_class'::regclass
        and joining_depend.refobjid != dependent_depend.refobjid

    -- ... we can find the tables they query from in pg_class, but excluding system tables. Note we
    -- don't need need to exclude _dependent_ system tables, because they only query from other
    -- system tables, and so are automatically excluded by excluding _referenced_ system tables
    join pg_class as referenced_class on referenced_class.oid = joining_depend.refobjid
    join pg_namespace as referenced_namespace on referenced_namespace.oid = referenced_class.relnamespace
        and referenced_namespace.nspname != 'information_schema'
        and referenced_namespace.nspname not like 'pg\_%'

    order by
        dependent_schema, dependent_name, referenced_schema, referenced_name;
[0m11:54:32.993453 [debug] [MainThread]: Opening a new connection, currently in state init
[0m11:54:33.058609 [debug] [MainThread]: SQL status: SELECT 0 in 0.062 seconds
[0m11:54:33.063985 [debug] [MainThread]: Sending event: {'category': 'dbt', 'action': 'runnable_timing', 'label': 'c2be53bf-1348-4955-a1ea-cc3128f6702e', 'context': [<snowplow_tracker.self_describing_json.SelfDescribingJson object at 0x0000025F887B7D10>]}
[0m11:54:33.063985 [debug] [MainThread]: On master: ROLLBACK
[0m11:54:33.071530 [debug] [MainThread]: On master: COMMIT
[0m11:54:33.073544 [debug] [MainThread]: Using postgres connection "master"
[0m11:54:33.075557 [debug] [MainThread]: On master: COMMIT
[0m11:54:33.081741 [debug] [MainThread]: SQL status: COMMIT in 0.004 seconds
[0m11:54:33.081741 [debug] [MainThread]: On master: Close
[0m11:54:33.095557 [debug] [Thread-1 (]: Began running node model.itsm_dbt.silver_itsm_tickets
[0m11:54:33.102677 [info ] [Thread-1 (]: 1 of 2 START sql table model silver.silver_itsm_tickets ........................ [RUN]
[0m11:54:33.107736 [debug] [Thread-1 (]: Acquiring new postgres connection 'model.itsm_dbt.silver_itsm_tickets'
[0m11:54:33.111598 [debug] [Thread-1 (]: Began compiling node model.itsm_dbt.silver_itsm_tickets
[0m11:54:33.142214 [debug] [Thread-1 (]: Writing injected SQL for node "model.itsm_dbt.silver_itsm_tickets"
[0m11:54:33.146516 [debug] [Thread-1 (]: Began executing node model.itsm_dbt.silver_itsm_tickets
[0m11:54:33.223277 [debug] [Thread-1 (]: Writing runtime sql for node "model.itsm_dbt.silver_itsm_tickets"
[0m11:54:33.223277 [debug] [Thread-1 (]: Using postgres connection "model.itsm_dbt.silver_itsm_tickets"
[0m11:54:33.223277 [debug] [Thread-1 (]: On model.itsm_dbt.silver_itsm_tickets: /* {"app": "dbt", "dbt_version": "1.11.12", "profile_name": "itsm_dbt", "target_name": "dev", "node_id": "model.itsm_dbt.silver_itsm_tickets"} */

  
    

  create  table "itsm_db"."silver"."silver_itsm_tickets__dbt_tmp"
  
  
    as
  
  (
    /*
    silver_itsm_tickets.sql
    ------------------------
    ETAPE 2 : nettoyage des donnees (couche Silver).

    Ce modele part de bronze.itsm_tickets_raw (donnees brutes, tout en texte,
    non modifiees) et produit une version propre :
      - espaces superflus retires
      - valeurs vides transformees en vrai NULL (au lieu de chaines vides)
      - dates transformees de texte vers un vrai type TIMESTAMP
      - une ligne par ticket_id (protection anti-doublon)
      - Priority transforme aussi en version numerique ordonnee (priority_rank)
        pour faciliter les futurs tris/graphiques

    C'est l'equivalent SQL exact de ce qu'on avait fait avec pandas dans le
    notebook ITSM_Dataset_Organized.ipynb, mais cette fois le nettoyage vit
    dans la base de donnees et peut etre re-execute a tout moment avec `dbt run`.
*/

with source as (

    select * from "itsm_db"."bronze"."itsm_tickets_raw"

),

cleaned as (

    select
        nullif(trim(ticket_id), '')            as ticket_id,
        nullif(trim(status), '')                as status,
        nullif(trim(priority), '')              as priority,
        nullif(trim(source), '')                as source,
        nullif(trim(topic), '')                 as topic,
        nullif(trim(agent_group), '')           as agent_group,
        nullif(trim(product_group), '')         as product_group,

        -- Conversion des dates : texte "04/07/2024 12:42" -> vrai TIMESTAMP
        to_timestamp(nullif(trim(created_time), ''), 'DD/MM/YYYY HH24:MI')
            as created_time,
        to_timestamp(nullif(trim(expected_sla_to_resolve), ''), 'DD/MM/YYYY HH24:MI')
            as expected_sla_to_resolve,
        to_timestamp(nullif(trim(expected_sla_to_first_response), ''), 'DD/MM/YYYY HH24:MI')
            as expected_sla_to_first_response,
        to_timestamp(nullif(trim(first_response_time), ''), 'DD/MM/YYYY HH24:MI')
            as first_response_time,
        to_timestamp(nullif(trim(resolution_time), ''), 'DD/MM/YYYY HH24:MI')
            as resolution_time,
        to_timestamp(nullif(trim(close_time), ''), 'DD/MM/YYYY HH24:MI')
            as close_time,

        nullif(trim(incident_description), '') as incident_description,
        nullif(trim(solution_used), '')         as solution_used,

        -- Version numerique ordonnee de la priorite (utile pour trier/filtrer)
        case trim(priority)
            when 'Low'      then 1
            when 'Medium'   then 2
            when 'High'     then 3
            when 'Critical' then 4
            else null
        end as priority_rank,

        -- On garde une trace : est-ce que ce ticket a une solution renseignee ?
        (nullif(trim(solution_used), '') is not null) as has_solution

    from source

),

deduplicated as (

    select *,
        row_number() over (partition by ticket_id order by ticket_id) as row_num
    from cleaned
    where ticket_id is not null

)

select
    ticket_id,
    status,
    priority,
    priority_rank,
    source,
    topic,
    agent_group,
    product_group,
    created_time,
    expected_sla_to_resolve,
    expected_sla_to_first_response,
    first_response_time,
    resolution_time,
    close_time,
    incident_description,
    solution_used,
    has_solution
from deduplicated
where row_num = 1
  );
  
[0m11:54:33.223277 [debug] [Thread-1 (]: Opening a new connection, currently in state init
[0m11:54:44.827387 [debug] [Thread-1 (]: SQL status: SELECT 100000 in 11.589 seconds
[0m11:54:44.839843 [debug] [Thread-1 (]: Using postgres connection "model.itsm_dbt.silver_itsm_tickets"
[0m11:54:44.839843 [debug] [Thread-1 (]: On model.itsm_dbt.silver_itsm_tickets: /* {"app": "dbt", "dbt_version": "1.11.12", "profile_name": "itsm_dbt", "target_name": "dev", "node_id": "model.itsm_dbt.silver_itsm_tickets"} */
alter table "itsm_db"."silver"."silver_itsm_tickets" rename to "silver_itsm_tickets__dbt_backup"
[0m11:54:46.962467 [debug] [Thread-1 (]: SQL status: ALTER TABLE in 2.129 seconds
[0m11:54:46.978185 [debug] [Thread-1 (]: Using postgres connection "model.itsm_dbt.silver_itsm_tickets"
[0m11:54:46.982205 [debug] [Thread-1 (]: On model.itsm_dbt.silver_itsm_tickets: /* {"app": "dbt", "dbt_version": "1.11.12", "profile_name": "itsm_dbt", "target_name": "dev", "node_id": "model.itsm_dbt.silver_itsm_tickets"} */
alter table "itsm_db"."silver"."silver_itsm_tickets__dbt_tmp" rename to "silver_itsm_tickets"
[0m11:54:46.986231 [debug] [Thread-1 (]: SQL status: ALTER TABLE in 0.002 seconds
[0m11:54:47.026483 [debug] [Thread-1 (]: On model.itsm_dbt.silver_itsm_tickets: COMMIT
[0m11:54:47.026483 [debug] [Thread-1 (]: Using postgres connection "model.itsm_dbt.silver_itsm_tickets"
[0m11:54:47.026483 [debug] [Thread-1 (]: On model.itsm_dbt.silver_itsm_tickets: COMMIT
[0m11:54:47.895986 [debug] [Thread-1 (]: SQL status: COMMIT in 0.860 seconds
[0m11:54:47.913211 [debug] [Thread-1 (]: Applying DROP to: "itsm_db"."silver"."silver_itsm_tickets__dbt_backup"
[0m11:54:47.913211 [debug] [Thread-1 (]: Using postgres connection "model.itsm_dbt.silver_itsm_tickets"
[0m11:54:47.927390 [debug] [Thread-1 (]: On model.itsm_dbt.silver_itsm_tickets: /* {"app": "dbt", "dbt_version": "1.11.12", "profile_name": "itsm_dbt", "target_name": "dev", "node_id": "model.itsm_dbt.silver_itsm_tickets"} */
drop table if exists "itsm_db"."silver"."silver_itsm_tickets__dbt_backup" cascade
[0m11:54:49.910105 [debug] [Thread-1 (]: SQL status: DROP TABLE in 1.980 seconds
[0m11:54:49.911327 [debug] [Thread-1 (]: On model.itsm_dbt.silver_itsm_tickets: Close
[0m11:54:49.922014 [debug] [Thread-1 (]: Sending event: {'category': 'dbt', 'action': 'run_model', 'label': 'c2be53bf-1348-4955-a1ea-cc3128f6702e', 'context': [<snowplow_tracker.self_describing_json.SelfDescribingJson object at 0x0000025F888E3050>]}
[0m11:54:49.922014 [info ] [Thread-1 (]: 1 of 2 OK created sql table model silver.silver_itsm_tickets ................... [[32mSELECT 100000[0m in 16.81s]
[0m11:54:49.926957 [debug] [Thread-1 (]: Finished running node model.itsm_dbt.silver_itsm_tickets
[0m11:54:49.930446 [debug] [Thread-3 (]: Began running node model.itsm_dbt.gold_itsm_tickets
[0m11:54:49.930446 [info ] [Thread-3 (]: 2 of 2 START sql table model gold.gold_itsm_tickets ............................ [RUN]
[0m11:54:49.935171 [debug] [Thread-3 (]: Acquiring new postgres connection 'model.itsm_dbt.gold_itsm_tickets'
[0m11:54:49.937182 [debug] [Thread-3 (]: Began compiling node model.itsm_dbt.gold_itsm_tickets
[0m11:54:49.940706 [debug] [Thread-3 (]: Writing injected SQL for node "model.itsm_dbt.gold_itsm_tickets"
[0m11:54:50.052499 [debug] [Thread-3 (]: Began executing node model.itsm_dbt.gold_itsm_tickets
[0m11:54:50.057583 [debug] [Thread-3 (]: Writing runtime sql for node "model.itsm_dbt.gold_itsm_tickets"
[0m11:54:50.199363 [debug] [Thread-3 (]: Using postgres connection "model.itsm_dbt.gold_itsm_tickets"
[0m11:54:50.203914 [debug] [Thread-3 (]: On model.itsm_dbt.gold_itsm_tickets: /* {"app": "dbt", "dbt_version": "1.11.12", "profile_name": "itsm_dbt", "target_name": "dev", "node_id": "model.itsm_dbt.gold_itsm_tickets"} */

  
    

  create  table "itsm_db"."gold"."gold_itsm_tickets__dbt_tmp"
  
  
    as
  
  (
    /*
    gold_itsm_tickets.sql
    -----------------------
    ETAPE 3 : creation des variables pour le Machine Learning (couche Gold).

    Ce modele part de silver.silver_itsm_tickets (donnees propres) et ajoute
    tout ce dont un modele de prediction a besoin :

      1) Des durees reelles, en minutes (au lieu de deux dates separees)
      2) Des variables temporelles (heure, jour, mois de creation)
      3) La marge SLA (Expected - Actual), gardee a titre informatif
      4) La longueur de la description (utile plus tard pour le NLP)
      5) LA VARIABLE CIBLE : long_resolution_flag

    Pourquoi cette cible et pas "depassement SLA" ?
    --------------------------------------------------
    On a verifie plus tot que dans ce dataset, AUCUN ticket ne depasse jamais
    son SLA (marge toujours >= 0). Une cible sans variance ne peut pas etre
    apprise par un modele. On suit donc la meme demarche que dans le rapport
    de reference : on remplace "depassement SLA" par "risque de resolution
    longue" (long MTTR), qui lui a une vraie variance dans les donnees.

    Definition retenue : un ticket est marque "resolution longue" (1) si
    sa duree de resolution reelle depasse le 75e percentile de l'ensemble
    des tickets. Sinon (0). Ce seuil est calcule automatiquement sur les
    donnees, pas fixe a la main.
*/

with base as (

    select * from "itsm_db"."silver"."silver_itsm_tickets"

),

with_durations as (

    select
        *,

        -- Durees reelles, en minutes
        extract(epoch from (first_response_time - created_time)) / 60
            as first_response_minutes,
        extract(epoch from (resolution_time - created_time)) / 60
            as resolution_minutes,
        extract(epoch from (close_time - created_time)) / 60
            as close_minutes,

        -- Bruit deterministe (+/- 60 min), seede sur ticket_id : simule la variabilite
        -- reelle (charge de travail, complexite imprevue) absente du dataset synthetique.
        -- Sans ce bruit, priority determine resolution_minutes de facon quasi parfaite
        -- (ecart-type ~6 min), ce qui rend toute prediction triviale (score parfait).
        (hashtext(ticket_id) % 121 - 60)::float as noise_minutes,

        -- Marge SLA : temps restant avant la limite (peut etre negatif si depasse)
        extract(epoch from (expected_sla_to_first_response - first_response_time)) / 60
            as sla_margin_first_response_min,
        extract(epoch from (expected_sla_to_resolve - resolution_time)) / 60
            as sla_margin_resolution_min,

        -- Variables temporelles utiles pour reperer des tendances (charge par heure, jour...)
        extract(hour from created_time)          as created_hour,
        to_char(created_time, 'Day')             as created_dayofweek,
        to_char(created_time, 'Month')           as created_month,
        date(created_time)                       as created_date,

        -- Longueur de la description : un proxy simple de complexite du ticket,
        -- utile plus tard pour le module NLP
        length(incident_description)             as description_length,

        -- Fenetre SLA (minutes) : utilisee par le moteur de decision (urgence)
        extract(epoch from (expected_sla_to_resolve - created_time)) / 60
            as sla_window_minutes

    from base

),

with_realistic_duration as (

    select
        *,
        greatest(resolution_minutes + noise_minutes, 5) as resolution_minutes_realistic

    from with_durations

),

percentile_calc as (

    select
        percentile_cont(0.75) within group (order by resolution_minutes_realistic)
            as resolution_p75_threshold
    from with_realistic_duration
    where resolution_minutes_realistic is not null

),

with_target as (

    select
        w.*,
        p.resolution_p75_threshold

    from with_realistic_duration w
    cross join percentile_calc p
    where w.resolution_minutes_realistic is not null

)

select
    ticket_id,
    status,
    priority,
    priority_rank,
    source,
    topic,
    agent_group,
    product_group,

    created_time,
    created_date,
    created_hour,
    trim(created_dayofweek)  as created_dayofweek,
    trim(created_month)      as created_month,

    first_response_minutes,
    resolution_minutes,
    resolution_minutes_realistic,
    close_minutes,

    sla_margin_first_response_min,
    sla_margin_resolution_min,

    description_length,
    has_solution,
    sla_window_minutes,

    resolution_p75_threshold,

    -- LA CIBLE : basee sur la duree "realiste" (avec bruit), pas la duree brute
    case
        when resolution_minutes_realistic >= resolution_p75_threshold then 1
        else 0
    end as long_resolution_flag

from with_target
  );
  
[0m11:54:50.212113 [debug] [Thread-3 (]: Opening a new connection, currently in state init
[0m11:55:00.757530 [debug] [Thread-3 (]: SQL status: SELECT 100000 in 10.547 seconds
[0m11:55:00.759539 [debug] [Thread-3 (]: Using postgres connection "model.itsm_dbt.gold_itsm_tickets"
[0m11:55:00.759539 [debug] [Thread-3 (]: On model.itsm_dbt.gold_itsm_tickets: /* {"app": "dbt", "dbt_version": "1.11.12", "profile_name": "itsm_dbt", "target_name": "dev", "node_id": "model.itsm_dbt.gold_itsm_tickets"} */
alter table "itsm_db"."gold"."gold_itsm_tickets" rename to "gold_itsm_tickets__dbt_backup"
[0m11:55:00.768962 [debug] [Thread-3 (]: SQL status: ALTER TABLE in 0.002 seconds
[0m11:55:00.773376 [debug] [Thread-3 (]: Using postgres connection "model.itsm_dbt.gold_itsm_tickets"
[0m11:55:00.774705 [debug] [Thread-3 (]: On model.itsm_dbt.gold_itsm_tickets: /* {"app": "dbt", "dbt_version": "1.11.12", "profile_name": "itsm_dbt", "target_name": "dev", "node_id": "model.itsm_dbt.gold_itsm_tickets"} */
alter table "itsm_db"."gold"."gold_itsm_tickets__dbt_tmp" rename to "gold_itsm_tickets"
[0m11:55:00.780288 [debug] [Thread-3 (]: SQL status: ALTER TABLE in 0.001 seconds
[0m11:55:00.782296 [debug] [Thread-3 (]: On model.itsm_dbt.gold_itsm_tickets: COMMIT
[0m11:55:00.784305 [debug] [Thread-3 (]: Using postgres connection "model.itsm_dbt.gold_itsm_tickets"
[0m11:55:00.786321 [debug] [Thread-3 (]: On model.itsm_dbt.gold_itsm_tickets: COMMIT
[0m11:55:02.787280 [debug] [Thread-3 (]: SQL status: COMMIT in 2.001 seconds
[0m11:55:02.800149 [debug] [Thread-3 (]: Applying DROP to: "itsm_db"."gold"."gold_itsm_tickets__dbt_backup"
[0m11:55:02.813915 [debug] [Thread-3 (]: Using postgres connection "model.itsm_dbt.gold_itsm_tickets"
[0m11:55:02.816976 [debug] [Thread-3 (]: On model.itsm_dbt.gold_itsm_tickets: /* {"app": "dbt", "dbt_version": "1.11.12", "profile_name": "itsm_dbt", "target_name": "dev", "node_id": "model.itsm_dbt.gold_itsm_tickets"} */
drop table if exists "itsm_db"."gold"."gold_itsm_tickets__dbt_backup" cascade
[0m11:55:03.781655 [debug] [Thread-3 (]: SQL status: DROP TABLE in 0.962 seconds
[0m11:55:03.785681 [debug] [Thread-3 (]: On model.itsm_dbt.gold_itsm_tickets: Close
[0m11:55:03.791215 [debug] [Thread-3 (]: Sending event: {'category': 'dbt', 'action': 'run_model', 'label': 'c2be53bf-1348-4955-a1ea-cc3128f6702e', 'context': [<snowplow_tracker.self_describing_json.SelfDescribingJson object at 0x0000025F8910D880>]}
[0m11:55:03.794484 [info ] [Thread-3 (]: 2 of 2 OK created sql table model gold.gold_itsm_tickets ....................... [[32mSELECT 100000[0m in 13.85s]
[0m11:55:03.796501 [debug] [Thread-3 (]: Finished running node model.itsm_dbt.gold_itsm_tickets
[0m11:55:03.798514 [debug] [MainThread]: On master: COMMIT
[0m11:55:03.801804 [debug] [MainThread]: Using postgres connection "master"
[0m11:55:03.802820 [debug] [MainThread]: On master: COMMIT
[0m11:55:03.802820 [debug] [MainThread]: Opening a new connection, currently in state closed
[0m11:55:03.823684 [debug] [MainThread]: SQL status: COMMIT in 0.028 seconds
[0m11:55:03.834919 [debug] [MainThread]: On master: Close
[0m11:55:03.837488 [debug] [MainThread]: Connection 'master' was properly closed.
[0m11:55:03.838548 [debug] [MainThread]: Connection 'list_itsm_db' was properly closed.
[0m11:55:03.838548 [debug] [MainThread]: Connection 'list_itsm_db' was properly closed.
[0m11:55:03.838548 [debug] [MainThread]: Connection 'list_itsm_db_gold' was properly closed.
[0m11:55:03.842349 [debug] [MainThread]: Connection 'list_itsm_db_silver' was properly closed.
[0m11:55:03.842349 [debug] [MainThread]: Connection 'model.itsm_dbt.silver_itsm_tickets' was properly closed.
[0m11:55:03.845004 [debug] [MainThread]: Connection 'model.itsm_dbt.gold_itsm_tickets' was properly closed.
[0m11:55:03.845004 [info ] [MainThread]: 
[0m11:55:03.845004 [info ] [MainThread]: Finished running 2 table models in 0 hours 0 minutes and 31.14 seconds (31.14s).
[0m11:55:03.850715 [debug] [MainThread]: Command end result
[0m11:55:03.889620 [debug] [MainThread]: Wrote artifact WritableManifest to C:\Users\ahmed\Desktop\data science\itsm_project\dbt_project\target\manifest.json
[0m11:55:03.889620 [debug] [MainThread]: Wrote artifact SemanticManifest to C:\Users\ahmed\Desktop\data science\itsm_project\dbt_project\target\semantic_manifest.json
[0m11:55:03.897741 [debug] [MainThread]: Wrote artifact RunExecutionResult to C:\Users\ahmed\Desktop\data science\itsm_project\dbt_project\target\run_results.json
[0m11:55:03.897741 [info ] [MainThread]: 
[0m11:55:03.897741 [info ] [MainThread]: [32mCompleted successfully[0m
[0m11:55:03.897741 [info ] [MainThread]: 
[0m11:55:03.897741 [info ] [MainThread]: Done. PASS=2 WARN=0 ERROR=0 SKIP=0 NO-OP=0 TOTAL=2
[0m11:55:03.913540 [debug] [MainThread]: Command `dbt run` succeeded at 11:55:03.913540 after 33.33 seconds
[0m11:55:03.914894 [debug] [MainThread]: Sending event: {'category': 'dbt', 'action': 'invocation', 'label': 'end', 'context': [<snowplow_tracker.self_describing_json.SelfDescribingJson object at 0x0000025F871277A0>, <snowplow_tracker.self_describing_json.SelfDescribingJson object at 0x0000025F874FB0E0>, <snowplow_tracker.self_describing_json.SelfDescribingJson object at 0x0000025F87518EC0>]}
[0m11:55:03.917592 [debug] [MainThread]: Flushing usage events
[0m11:55:04.996766 [debug] [MainThread]: An error was encountered while trying to flush usage events
[0m12:00:07.570452 [debug] [MainThread]: Sending event: {'category': 'dbt', 'action': 'invocation', 'label': 'start', 'context': [<snowplow_tracker.self_describing_json.SelfDescribingJson object at 0x0000022AF6BC07D0>, <snowplow_tracker.self_describing_json.SelfDescribingJson object at 0x0000022AF40174A0>, <snowplow_tracker.self_describing_json.SelfDescribingJson object at 0x0000022AF4016DE0>]}


============================== 12:00:07.576473 | 4b94c099-6945-4f27-8282-706565e64eec ==============================
[0m12:00:07.576473 [info ] [MainThread]: Running with dbt=1.11.12
[0m12:00:07.578481 [debug] [MainThread]: running dbt with arguments {'static_parser': 'True', 'no_print': 'None', 'version_check': 'True', 'target_path': 'None', 'warn_error_options': 'WarnErrorOptionsV2(error=[], warn=[], silence=[])', 'printer_width': '80', 'write_json': 'True', 'introspect': 'True', 'log_cache_events': 'False', 'empty': 'False', 'cache_selected_only': 'False', 'log_format': 'default', 'debug': 'False', 'fail_fast': 'False', 'partial_parse': 'True', 'send_anonymous_usage_stats': 'True', 'quiet': 'False', 'warn_error': 'None', 'profiles_dir': '.', 'invocation_command': 'dbt run --profiles-dir .', 'use_colors': 'True', 'indirect_selection': 'eager', 'use_experimental_parser': 'False', 'log_path': 'C:\\Users\\ahmed\\Desktop\\data science\\itsm_project\\dbt_project\\logs'}
[0m12:00:08.140089 [debug] [MainThread]: Sending event: {'category': 'dbt', 'action': 'project_id', 'label': '4b94c099-6945-4f27-8282-706565e64eec', 'context': [<snowplow_tracker.self_describing_json.SelfDescribingJson object at 0x0000022AF7F09E20>]}
[0m12:00:08.435556 [debug] [MainThread]: Sending event: {'category': 'dbt', 'action': 'adapter_info', 'label': '4b94c099-6945-4f27-8282-706565e64eec', 'context': [<snowplow_tracker.self_describing_json.SelfDescribingJson object at 0x0000022AF6BC30E0>]}
[0m12:00:08.439595 [info ] [MainThread]: Registered adapter: postgres=1.10.2
[0m12:00:09.963944 [debug] [MainThread]: checksum: f368f5348cf42803b94ef7fb8257ecf3bf9a9a16dd9c8c51fe5172f2dbeb457f, vars: {}, profile: , target: , version: 1.11.12
[0m12:00:10.512389 [debug] [MainThread]: Partial parsing enabled: 0 files deleted, 0 files added, 0 files changed.
[0m12:00:10.512389 [debug] [MainThread]: Nothing changed, skipping partial parsing.
[0m12:00:10.512389 [debug] [MainThread]: Partial parsing enabled, no changes found, skipping parsing
[0m12:00:10.713078 [debug] [MainThread]: Sending event: {'category': 'dbt', 'action': 'load_project', 'label': '4b94c099-6945-4f27-8282-706565e64eec', 'context': [<snowplow_tracker.self_describing_json.SelfDescribingJson object at 0x0000022AF8204D70>]}
[0m12:00:11.126616 [debug] [MainThread]: Wrote artifact WritableManifest to C:\Users\ahmed\Desktop\data science\itsm_project\dbt_project\target\manifest.json
[0m12:00:11.128714 [debug] [MainThread]: Wrote artifact SemanticManifest to C:\Users\ahmed\Desktop\data science\itsm_project\dbt_project\target\semantic_manifest.json
[0m12:00:11.163408 [debug] [MainThread]: Sending event: {'category': 'dbt', 'action': 'resource_counts', 'label': '4b94c099-6945-4f27-8282-706565e64eec', 'context': [<snowplow_tracker.self_describing_json.SelfDescribingJson object at 0x0000022AF8438C20>]}
[0m12:00:11.170376 [info ] [MainThread]: Found 2 models, 1 source, 476 macros
[0m12:00:11.174275 [debug] [MainThread]: Sending event: {'category': 'dbt', 'action': 'runnable_timing', 'label': '4b94c099-6945-4f27-8282-706565e64eec', 'context': [<snowplow_tracker.self_describing_json.SelfDescribingJson object at 0x0000022AF846BE30>]}
[0m12:00:11.182599 [info ] [MainThread]: 
[0m12:00:11.187554 [info ] [MainThread]: Concurrency: 4 threads (target='dev')
[0m12:00:11.191479 [info ] [MainThread]: 
[0m12:00:11.191962 [debug] [MainThread]: Acquiring new postgres connection 'master'
[0m12:00:11.205566 [debug] [ThreadPool]: Acquiring new postgres connection 'list_itsm_db'
[0m12:00:11.205566 [debug] [ThreadPool]: Acquiring new postgres connection 'list_itsm_db'
[0m12:00:11.498679 [debug] [ThreadPool]: Using postgres connection "list_itsm_db"
[0m12:00:11.501392 [debug] [ThreadPool]: Using postgres connection "list_itsm_db"
[0m12:00:11.506071 [debug] [ThreadPool]: On list_itsm_db: /* {"app": "dbt", "dbt_version": "1.11.12", "profile_name": "itsm_dbt", "target_name": "dev", "connection_name": "list_itsm_db"} */

    select distinct nspname from pg_namespace
  
[0m12:00:11.508096 [debug] [ThreadPool]: On list_itsm_db: /* {"app": "dbt", "dbt_version": "1.11.12", "profile_name": "itsm_dbt", "target_name": "dev", "connection_name": "list_itsm_db"} */

    select distinct nspname from pg_namespace
  
[0m12:00:11.512132 [debug] [ThreadPool]: Opening a new connection, currently in state init
[0m12:00:11.514148 [debug] [ThreadPool]: Opening a new connection, currently in state init
[0m12:00:11.580479 [debug] [ThreadPool]: SQL status: SELECT 7 in 0.067 seconds
[0m12:00:11.583995 [debug] [ThreadPool]: SQL status: SELECT 7 in 0.072 seconds
[0m12:00:11.587239 [debug] [ThreadPool]: On list_itsm_db: Close
[0m12:00:11.587239 [debug] [ThreadPool]: On list_itsm_db: Close
[0m12:00:11.599343 [debug] [ThreadPool]: Acquiring new postgres connection 'list_itsm_db_gold'
[0m12:00:11.602675 [debug] [ThreadPool]: Acquiring new postgres connection 'list_itsm_db_silver'
[0m12:00:11.621946 [debug] [ThreadPool]: Using postgres connection "list_itsm_db_gold"
[0m12:00:11.628213 [debug] [ThreadPool]: Using postgres connection "list_itsm_db_silver"
[0m12:00:11.628213 [debug] [ThreadPool]: On list_itsm_db_gold: /* {"app": "dbt", "dbt_version": "1.11.12", "profile_name": "itsm_dbt", "target_name": "dev", "connection_name": "list_itsm_db_gold"} */
select
      'itsm_db' as database,
      tablename as name,
      schemaname as schema,
      'table' as type
    from pg_tables
    where schemaname ilike 'gold'
    union all
    select
      'itsm_db' as database,
      viewname as name,
      schemaname as schema,
      'view' as type
    from pg_views
    where schemaname ilike 'gold'
    union all
    select
      'itsm_db' as database,
      matviewname as name,
      schemaname as schema,
      'materialized_view' as type
    from pg_matviews
    where schemaname ilike 'gold'
  
[0m12:00:11.628213 [debug] [ThreadPool]: On list_itsm_db_silver: /* {"app": "dbt", "dbt_version": "1.11.12", "profile_name": "itsm_dbt", "target_name": "dev", "connection_name": "list_itsm_db_silver"} */
select
      'itsm_db' as database,
      tablename as name,
      schemaname as schema,
      'table' as type
    from pg_tables
    where schemaname ilike 'silver'
    union all
    select
      'itsm_db' as database,
      viewname as name,
      schemaname as schema,
      'view' as type
    from pg_views
    where schemaname ilike 'silver'
    union all
    select
      'itsm_db' as database,
      matviewname as name,
      schemaname as schema,
      'materialized_view' as type
    from pg_matviews
    where schemaname ilike 'silver'
  
[0m12:00:11.636416 [debug] [ThreadPool]: Opening a new connection, currently in state init
[0m12:00:11.639238 [debug] [ThreadPool]: Opening a new connection, currently in state init
[0m12:00:11.680562 [debug] [ThreadPool]: SQL status: SELECT 1 in 0.044 seconds
[0m12:00:11.685881 [debug] [ThreadPool]: On list_itsm_db_silver: ROLLBACK
[0m12:00:11.689463 [debug] [ThreadPool]: On list_itsm_db_silver: Close
[0m12:00:11.694090 [debug] [ThreadPool]: SQL status: SELECT 3 in 0.061 seconds
[0m12:00:11.700974 [debug] [ThreadPool]: On list_itsm_db_gold: ROLLBACK
[0m12:00:11.705460 [debug] [ThreadPool]: On list_itsm_db_gold: Close
[0m12:00:11.716193 [debug] [MainThread]: Using postgres connection "master"
[0m12:00:11.719332 [debug] [MainThread]: On master: /* {"app": "dbt", "dbt_version": "1.11.12", "profile_name": "itsm_dbt", "target_name": "dev", "connection_name": "master"} */
select distinct
        dependent_namespace.nspname as dependent_schema,
        dependent_class.relname as dependent_name,
        referenced_namespace.nspname as referenced_schema,
        referenced_class.relname as referenced_name

    -- Query for views: views are entries in pg_class with an entry in pg_rewrite, but we avoid
    -- a seq scan on pg_rewrite by leveraging the fact there is an "internal" row in pg_depend for
    -- the view...
    from pg_class as dependent_class
    join pg_namespace as dependent_namespace on dependent_namespace.oid = dependent_class.relnamespace
    join pg_depend as dependent_depend on dependent_depend.refobjid = dependent_class.oid
        and dependent_depend.classid = 'pg_rewrite'::regclass
        and dependent_depend.refclassid = 'pg_class'::regclass
        and dependent_depend.deptype = 'i'

    -- ... and via pg_depend (that has a row per column, hence the need for "distinct" above, and
    -- making sure to exclude the internal row to avoid a view appearing to depend on itself)...
    join pg_depend as joining_depend on joining_depend.objid = dependent_depend.objid
        and joining_depend.classid = 'pg_rewrite'::regclass
        and joining_depend.refclassid = 'pg_class'::regclass
        and joining_depend.refobjid != dependent_depend.refobjid

    -- ... we can find the tables they query from in pg_class, but excluding system tables. Note we
    -- don't need need to exclude _dependent_ system tables, because they only query from other
    -- system tables, and so are automatically excluded by excluding _referenced_ system tables
    join pg_class as referenced_class on referenced_class.oid = joining_depend.refobjid
    join pg_namespace as referenced_namespace on referenced_namespace.oid = referenced_class.relnamespace
        and referenced_namespace.nspname != 'information_schema'
        and referenced_namespace.nspname not like 'pg\_%'

    order by
        dependent_schema, dependent_name, referenced_schema, referenced_name;
[0m12:00:11.719332 [debug] [MainThread]: Opening a new connection, currently in state init
[0m12:00:11.779569 [debug] [MainThread]: SQL status: SELECT 0 in 0.060 seconds
[0m12:00:11.786140 [debug] [MainThread]: Sending event: {'category': 'dbt', 'action': 'runnable_timing', 'label': '4b94c099-6945-4f27-8282-706565e64eec', 'context': [<snowplow_tracker.self_describing_json.SelfDescribingJson object at 0x0000022AF84DA1E0>]}
[0m12:00:11.788153 [debug] [MainThread]: On master: ROLLBACK
[0m12:00:11.788153 [debug] [MainThread]: On master: COMMIT
[0m12:00:11.793254 [debug] [MainThread]: Using postgres connection "master"
[0m12:00:11.797246 [debug] [MainThread]: On master: COMMIT
[0m12:00:11.799885 [debug] [MainThread]: SQL status: COMMIT in 0.003 seconds
[0m12:00:11.806860 [debug] [MainThread]: On master: Close
[0m12:00:11.820846 [debug] [Thread-1 (]: Began running node model.itsm_dbt.silver_itsm_tickets
[0m12:00:11.820846 [info ] [Thread-1 (]: 1 of 2 START sql table model silver.silver_itsm_tickets ........................ [RUN]
[0m12:00:11.829223 [debug] [Thread-1 (]: Acquiring new postgres connection 'model.itsm_dbt.silver_itsm_tickets'
[0m12:00:11.832043 [debug] [Thread-1 (]: Began compiling node model.itsm_dbt.silver_itsm_tickets
[0m12:00:11.873857 [debug] [Thread-1 (]: Writing injected SQL for node "model.itsm_dbt.silver_itsm_tickets"
[0m12:00:11.886127 [debug] [Thread-1 (]: Began executing node model.itsm_dbt.silver_itsm_tickets
[0m12:00:12.054971 [debug] [Thread-1 (]: Writing runtime sql for node "model.itsm_dbt.silver_itsm_tickets"
[0m12:00:12.063068 [debug] [Thread-1 (]: Using postgres connection "model.itsm_dbt.silver_itsm_tickets"
[0m12:00:12.070944 [debug] [Thread-1 (]: On model.itsm_dbt.silver_itsm_tickets: /* {"app": "dbt", "dbt_version": "1.11.12", "profile_name": "itsm_dbt", "target_name": "dev", "node_id": "model.itsm_dbt.silver_itsm_tickets"} */

  
    

  create  table "itsm_db"."silver"."silver_itsm_tickets__dbt_tmp"
  
  
    as
  
  (
    /*
    silver_itsm_tickets.sql
    ------------------------
    ETAPE 2 : nettoyage des donnees (couche Silver).

    Ce modele part de bronze.itsm_tickets_raw (donnees brutes, tout en texte,
    non modifiees) et produit une version propre :
      - espaces superflus retires
      - valeurs vides transformees en vrai NULL (au lieu de chaines vides)
      - dates transformees de texte vers un vrai type TIMESTAMP
      - une ligne par ticket_id (protection anti-doublon)
      - Priority transforme aussi en version numerique ordonnee (priority_rank)
        pour faciliter les futurs tris/graphiques

    C'est l'equivalent SQL exact de ce qu'on avait fait avec pandas dans le
    notebook ITSM_Dataset_Organized.ipynb, mais cette fois le nettoyage vit
    dans la base de donnees et peut etre re-execute a tout moment avec `dbt run`.
*/

with source as (

    select * from "itsm_db"."bronze"."itsm_tickets_raw"

),

cleaned as (

    select
        nullif(trim(ticket_id), '')            as ticket_id,
        nullif(trim(status), '')                as status,
        nullif(trim(priority), '')              as priority,
        nullif(trim(source), '')                as source,
        nullif(trim(topic), '')                 as topic,
        nullif(trim(agent_group), '')           as agent_group,
        nullif(trim(product_group), '')         as product_group,

        -- Conversion des dates : texte "04/07/2024 12:42" -> vrai TIMESTAMP
        to_timestamp(nullif(trim(created_time), ''), 'DD/MM/YYYY HH24:MI')
            as created_time,
        to_timestamp(nullif(trim(expected_sla_to_resolve), ''), 'DD/MM/YYYY HH24:MI')
            as expected_sla_to_resolve,
        to_timestamp(nullif(trim(expected_sla_to_first_response), ''), 'DD/MM/YYYY HH24:MI')
            as expected_sla_to_first_response,
        to_timestamp(nullif(trim(first_response_time), ''), 'DD/MM/YYYY HH24:MI')
            as first_response_time,
        to_timestamp(nullif(trim(resolution_time), ''), 'DD/MM/YYYY HH24:MI')
            as resolution_time,
        to_timestamp(nullif(trim(close_time), ''), 'DD/MM/YYYY HH24:MI')
            as close_time,

        nullif(trim(incident_description), '') as incident_description,
        nullif(trim(solution_used), '')         as solution_used,

        -- Version numerique ordonnee de la priorite (utile pour trier/filtrer)
        case trim(priority)
            when 'Low'      then 1
            when 'Medium'   then 2
            when 'High'     then 3
            when 'Critical' then 4
            else null
        end as priority_rank,

        -- On garde une trace : est-ce que ce ticket a une solution renseignee ?
        (nullif(trim(solution_used), '') is not null) as has_solution

    from source

),

deduplicated as (

    select *,
        row_number() over (partition by ticket_id order by ticket_id) as row_num
    from cleaned
    where ticket_id is not null

)

select
    ticket_id,
    status,
    priority,
    priority_rank,
    source,
    topic,
    agent_group,
    product_group,
    created_time,
    expected_sla_to_resolve,
    expected_sla_to_first_response,
    first_response_time,
    resolution_time,
    close_time,
    incident_description,
    solution_used,
    has_solution
from deduplicated
where row_num = 1
  );
  
[0m12:00:12.076083 [debug] [Thread-1 (]: Opening a new connection, currently in state init
[0m12:00:14.546182 [debug] [Thread-1 (]: SQL status: SELECT 100000 in 2.470 seconds
[0m12:00:14.591893 [debug] [Thread-1 (]: Using postgres connection "model.itsm_dbt.silver_itsm_tickets"
[0m12:00:14.594730 [debug] [Thread-1 (]: On model.itsm_dbt.silver_itsm_tickets: /* {"app": "dbt", "dbt_version": "1.11.12", "profile_name": "itsm_dbt", "target_name": "dev", "node_id": "model.itsm_dbt.silver_itsm_tickets"} */
alter table "itsm_db"."silver"."silver_itsm_tickets" rename to "silver_itsm_tickets__dbt_backup"
[0m12:00:14.600781 [debug] [Thread-1 (]: SQL status: ALTER TABLE in 0.003 seconds
[0m12:00:14.636112 [debug] [Thread-1 (]: Using postgres connection "model.itsm_dbt.silver_itsm_tickets"
[0m12:00:14.645760 [debug] [Thread-1 (]: On model.itsm_dbt.silver_itsm_tickets: /* {"app": "dbt", "dbt_version": "1.11.12", "profile_name": "itsm_dbt", "target_name": "dev", "node_id": "model.itsm_dbt.silver_itsm_tickets"} */
alter table "itsm_db"."silver"."silver_itsm_tickets__dbt_tmp" rename to "silver_itsm_tickets"
[0m12:00:14.649027 [debug] [Thread-1 (]: SQL status: ALTER TABLE in 0.001 seconds
[0m12:00:14.716293 [debug] [Thread-1 (]: On model.itsm_dbt.silver_itsm_tickets: COMMIT
[0m12:00:14.720894 [debug] [Thread-1 (]: Using postgres connection "model.itsm_dbt.silver_itsm_tickets"
[0m12:00:14.723785 [debug] [Thread-1 (]: On model.itsm_dbt.silver_itsm_tickets: COMMIT
[0m12:00:14.734911 [debug] [Thread-1 (]: SQL status: COMMIT in 0.010 seconds
[0m12:00:14.744774 [debug] [Thread-1 (]: Applying DROP to: "itsm_db"."silver"."silver_itsm_tickets__dbt_backup"
[0m12:00:14.760075 [debug] [Thread-1 (]: Using postgres connection "model.itsm_dbt.silver_itsm_tickets"
[0m12:00:14.761698 [debug] [Thread-1 (]: On model.itsm_dbt.silver_itsm_tickets: /* {"app": "dbt", "dbt_version": "1.11.12", "profile_name": "itsm_dbt", "target_name": "dev", "node_id": "model.itsm_dbt.silver_itsm_tickets"} */
drop table if exists "itsm_db"."silver"."silver_itsm_tickets__dbt_backup" cascade
[0m12:00:14.771406 [debug] [Thread-1 (]: SQL status: DROP TABLE in 0.008 seconds
[0m12:00:14.775839 [debug] [Thread-1 (]: On model.itsm_dbt.silver_itsm_tickets: Close
[0m12:00:14.781099 [debug] [Thread-1 (]: Sending event: {'category': 'dbt', 'action': 'run_model', 'label': '4b94c099-6945-4f27-8282-706565e64eec', 'context': [<snowplow_tracker.self_describing_json.SelfDescribingJson object at 0x0000022AF398DCD0>]}
[0m12:00:14.783619 [info ] [Thread-1 (]: 1 of 2 OK created sql table model silver.silver_itsm_tickets ................... [[32mSELECT 100000[0m in 2.95s]
[0m12:00:14.786929 [debug] [Thread-1 (]: Finished running node model.itsm_dbt.silver_itsm_tickets
[0m12:00:14.789218 [debug] [Thread-3 (]: Began running node model.itsm_dbt.gold_itsm_tickets
[0m12:00:14.791536 [info ] [Thread-3 (]: 2 of 2 START sql table model gold.gold_itsm_tickets ............................ [RUN]
[0m12:00:14.791536 [debug] [Thread-3 (]: Acquiring new postgres connection 'model.itsm_dbt.gold_itsm_tickets'
[0m12:00:14.793546 [debug] [Thread-3 (]: Began compiling node model.itsm_dbt.gold_itsm_tickets
[0m12:00:14.799317 [debug] [Thread-3 (]: Writing injected SQL for node "model.itsm_dbt.gold_itsm_tickets"
[0m12:00:14.804680 [debug] [Thread-3 (]: Began executing node model.itsm_dbt.gold_itsm_tickets
[0m12:00:14.810937 [debug] [Thread-3 (]: Writing runtime sql for node "model.itsm_dbt.gold_itsm_tickets"
[0m12:00:14.810937 [debug] [Thread-3 (]: Using postgres connection "model.itsm_dbt.gold_itsm_tickets"
[0m12:00:14.816262 [debug] [Thread-3 (]: On model.itsm_dbt.gold_itsm_tickets: /* {"app": "dbt", "dbt_version": "1.11.12", "profile_name": "itsm_dbt", "target_name": "dev", "node_id": "model.itsm_dbt.gold_itsm_tickets"} */

  
    

  create  table "itsm_db"."gold"."gold_itsm_tickets__dbt_tmp"
  
  
    as
  
  (
    /*
    gold_itsm_tickets.sql
    -----------------------
    ETAPE 3 : creation des variables pour le Machine Learning (couche Gold).

    Ce modele part de silver.silver_itsm_tickets (donnees propres) et ajoute
    tout ce dont un modele de prediction a besoin :

      1) Des durees reelles, en minutes (au lieu de deux dates separees)
      2) Des variables temporelles (heure, jour, mois de creation)
      3) La marge SLA (Expected - Actual), gardee a titre informatif
      4) La longueur de la description (utile plus tard pour le NLP)
      5) LA VARIABLE CIBLE : long_resolution_flag

    Pourquoi cette cible et pas "depassement SLA" ?
    --------------------------------------------------
    On a verifie plus tot que dans ce dataset, AUCUN ticket ne depasse jamais
    son SLA (marge toujours >= 0). Une cible sans variance ne peut pas etre
    apprise par un modele. On suit donc la meme demarche que dans le rapport
    de reference : on remplace "depassement SLA" par "risque de resolution
    longue" (long MTTR), qui lui a une vraie variance dans les donnees.

    Definition retenue : un ticket est marque "resolution longue" (1) si
    sa duree de resolution reelle depasse le 75e percentile de l'ensemble
    des tickets. Sinon (0). Ce seuil est calcule automatiquement sur les
    donnees, pas fixe a la main.
*/

with base as (

    select * from "itsm_db"."silver"."silver_itsm_tickets"

),

with_durations as (

    select
        *,

        -- Durees reelles, en minutes
        extract(epoch from (first_response_time - created_time)) / 60
            as first_response_minutes,
        extract(epoch from (resolution_time - created_time)) / 60
            as resolution_minutes,
        extract(epoch from (close_time - created_time)) / 60
            as close_minutes,

        -- Bruit deterministe (+/- 60 min), seede sur ticket_id : simule la variabilite
        -- reelle (charge de travail, complexite imprevue) absente du dataset synthetique.
        -- Sans ce bruit, priority determine resolution_minutes de facon quasi parfaite
        -- (ecart-type ~6 min), ce qui rend toute prediction triviale (score parfait).
        (hashtext(ticket_id) % 121 - 60)::float as noise_minutes,

        -- Marge SLA : temps restant avant la limite (peut etre negatif si depasse)
        extract(epoch from (expected_sla_to_first_response - first_response_time)) / 60
            as sla_margin_first_response_min,
        extract(epoch from (expected_sla_to_resolve - resolution_time)) / 60
            as sla_margin_resolution_min,

        -- Variables temporelles utiles pour reperer des tendances (charge par heure, jour...)
        extract(hour from created_time)          as created_hour,
        to_char(created_time, 'Day')             as created_dayofweek,
        to_char(created_time, 'Month')           as created_month,
        date(created_time)                       as created_date,

        -- Longueur de la description : un proxy simple de complexite du ticket,
        -- utile plus tard pour le module NLP
        length(incident_description)             as description_length,

        -- Fenetre SLA (minutes) : utilisee par le moteur de decision (urgence)
        extract(epoch from (expected_sla_to_resolve - created_time)) / 60
            as sla_window_minutes

    from base

),

with_realistic_duration as (

    select
        *,
        greatest(resolution_minutes + noise_minutes, 5) as resolution_minutes_realistic

    from with_durations

),

percentile_calc as (

    select
        percentile_cont(0.75) within group (order by resolution_minutes_realistic)
            as resolution_p75_threshold
    from with_realistic_duration
    where resolution_minutes_realistic is not null

),

with_target as (

    select
        w.*,
        p.resolution_p75_threshold

    from with_realistic_duration w
    cross join percentile_calc p
    where w.resolution_minutes_realistic is not null

)

select
    ticket_id,
    status,
    priority,
    priority_rank,
    source,
    topic,
    agent_group,
    product_group,

    created_time,
    created_date,
    created_hour,
    trim(created_dayofweek)  as created_dayofweek,
    trim(created_month)      as created_month,

    first_response_minutes,
    resolution_minutes,
    resolution_minutes_realistic,
    close_minutes,

    sla_margin_first_response_min,
    sla_margin_resolution_min,

    description_length,
    has_solution,
    sla_window_minutes,

    resolution_p75_threshold,

    -- LA CIBLE : basee sur la duree "realiste" (avec bruit), pas la duree brute
    case
        when resolution_minutes_realistic >= resolution_p75_threshold then 1
        else 0
    end as long_resolution_flag

from with_target
  );
  
[0m12:00:14.818091 [debug] [Thread-3 (]: Opening a new connection, currently in state init
[0m12:00:16.056736 [debug] [Thread-3 (]: SQL status: SELECT 100000 in 1.239 seconds
[0m12:00:16.063267 [debug] [Thread-3 (]: Using postgres connection "model.itsm_dbt.gold_itsm_tickets"
[0m12:00:16.065278 [debug] [Thread-3 (]: On model.itsm_dbt.gold_itsm_tickets: /* {"app": "dbt", "dbt_version": "1.11.12", "profile_name": "itsm_dbt", "target_name": "dev", "node_id": "model.itsm_dbt.gold_itsm_tickets"} */
alter table "itsm_db"."gold"."gold_itsm_tickets" rename to "gold_itsm_tickets__dbt_backup"
[0m12:00:16.080512 [debug] [Thread-3 (]: SQL status: ALTER TABLE in 0.014 seconds
[0m12:00:16.085126 [debug] [Thread-3 (]: Using postgres connection "model.itsm_dbt.gold_itsm_tickets"
[0m12:00:16.093101 [debug] [Thread-3 (]: On model.itsm_dbt.gold_itsm_tickets: /* {"app": "dbt", "dbt_version": "1.11.12", "profile_name": "itsm_dbt", "target_name": "dev", "node_id": "model.itsm_dbt.gold_itsm_tickets"} */
alter table "itsm_db"."gold"."gold_itsm_tickets__dbt_tmp" rename to "gold_itsm_tickets"
[0m12:00:16.097772 [debug] [Thread-3 (]: SQL status: ALTER TABLE in 0.002 seconds
[0m12:00:16.100292 [debug] [Thread-3 (]: On model.itsm_dbt.gold_itsm_tickets: COMMIT
[0m12:00:16.100292 [debug] [Thread-3 (]: Using postgres connection "model.itsm_dbt.gold_itsm_tickets"
[0m12:00:16.107311 [debug] [Thread-3 (]: On model.itsm_dbt.gold_itsm_tickets: COMMIT
[0m12:00:16.123079 [debug] [Thread-3 (]: SQL status: COMMIT in 0.015 seconds
[0m12:00:16.128859 [debug] [Thread-3 (]: Applying DROP to: "itsm_db"."gold"."gold_itsm_tickets__dbt_backup"
[0m12:00:16.128859 [debug] [Thread-3 (]: Using postgres connection "model.itsm_dbt.gold_itsm_tickets"
[0m12:00:16.139028 [debug] [Thread-3 (]: On model.itsm_dbt.gold_itsm_tickets: /* {"app": "dbt", "dbt_version": "1.11.12", "profile_name": "itsm_dbt", "target_name": "dev", "node_id": "model.itsm_dbt.gold_itsm_tickets"} */
drop table if exists "itsm_db"."gold"."gold_itsm_tickets__dbt_backup" cascade
[0m12:00:16.148705 [debug] [Thread-3 (]: SQL status: DROP TABLE in 0.008 seconds
[0m12:00:16.152720 [debug] [Thread-3 (]: On model.itsm_dbt.gold_itsm_tickets: Close
[0m12:00:16.156775 [debug] [Thread-3 (]: Sending event: {'category': 'dbt', 'action': 'run_model', 'label': '4b94c099-6945-4f27-8282-706565e64eec', 'context': [<snowplow_tracker.self_describing_json.SelfDescribingJson object at 0x0000022AF84D94C0>]}
[0m12:00:16.156775 [info ] [Thread-3 (]: 2 of 2 OK created sql table model gold.gold_itsm_tickets ....................... [[32mSELECT 100000[0m in 1.36s]
[0m12:00:16.159846 [debug] [Thread-3 (]: Finished running node model.itsm_dbt.gold_itsm_tickets
[0m12:00:16.159846 [debug] [MainThread]: On master: COMMIT
[0m12:00:16.165638 [debug] [MainThread]: Using postgres connection "master"
[0m12:00:16.167648 [debug] [MainThread]: On master: COMMIT
[0m12:00:16.170667 [debug] [MainThread]: Opening a new connection, currently in state closed
[0m12:00:16.204124 [debug] [MainThread]: SQL status: COMMIT in 0.034 seconds
[0m12:00:16.204124 [debug] [MainThread]: On master: Close
[0m12:00:16.208115 [debug] [MainThread]: Connection 'master' was properly closed.
[0m12:00:16.209608 [debug] [MainThread]: Connection 'list_itsm_db' was properly closed.
[0m12:00:16.212929 [debug] [MainThread]: Connection 'list_itsm_db' was properly closed.
[0m12:00:16.212929 [debug] [MainThread]: Connection 'list_itsm_db_gold' was properly closed.
[0m12:00:16.214940 [debug] [MainThread]: Connection 'list_itsm_db_silver' was properly closed.
[0m12:00:16.216110 [debug] [MainThread]: Connection 'model.itsm_dbt.silver_itsm_tickets' was properly closed.
[0m12:00:16.217863 [debug] [MainThread]: Connection 'model.itsm_dbt.gold_itsm_tickets' was properly closed.
[0m12:00:16.218873 [info ] [MainThread]: 
[0m12:00:16.220175 [info ] [MainThread]: Finished running 2 table models in 0 hours 0 minutes and 5.03 seconds (5.03s).
[0m12:00:16.221694 [debug] [MainThread]: Command end result
[0m12:00:16.281222 [debug] [MainThread]: Wrote artifact WritableManifest to C:\Users\ahmed\Desktop\data science\itsm_project\dbt_project\target\manifest.json
[0m12:00:16.296978 [debug] [MainThread]: Wrote artifact SemanticManifest to C:\Users\ahmed\Desktop\data science\itsm_project\dbt_project\target\semantic_manifest.json
[0m12:00:16.307632 [debug] [MainThread]: Wrote artifact RunExecutionResult to C:\Users\ahmed\Desktop\data science\itsm_project\dbt_project\target\run_results.json
[0m12:00:16.309638 [info ] [MainThread]: 
[0m12:00:16.309638 [info ] [MainThread]: [32mCompleted successfully[0m
[0m12:00:16.312653 [info ] [MainThread]: 
[0m12:00:16.312653 [info ] [MainThread]: Done. PASS=2 WARN=0 ERROR=0 SKIP=0 NO-OP=0 TOTAL=2
[0m12:00:16.316670 [debug] [MainThread]: Command `dbt run` succeeded at 12:00:16.314661 after 8.96 seconds
[0m12:00:16.318679 [debug] [MainThread]: Sending event: {'category': 'dbt', 'action': 'invocation', 'label': 'end', 'context': [<snowplow_tracker.self_describing_json.SelfDescribingJson object at 0x0000022AF2FA19D0>, <snowplow_tracker.self_describing_json.SelfDescribingJson object at 0x0000022AF669D7F0>, <snowplow_tracker.self_describing_json.SelfDescribingJson object at 0x0000022AF69C8170>]}
[0m12:00:16.318679 [debug] [MainThread]: Flushing usage events
[0m12:00:17.724059 [debug] [MainThread]: An error was encountered while trying to flush usage events
[0m12:00:22.688577 [debug] [MainThread]: Sending event: {'category': 'dbt', 'action': 'invocation', 'label': 'start', 'context': [<snowplow_tracker.self_describing_json.SelfDescribingJson object at 0x000001B849719AC0>, <snowplow_tracker.self_describing_json.SelfDescribingJson object at 0x000001B84616DB50>, <snowplow_tracker.self_describing_json.SelfDescribingJson object at 0x000001B849718BF0>]}


============================== 12:00:22.692601 | 062487bb-c8a8-46ce-8074-b2c7392f6574 ==============================
[0m12:00:22.692601 [info ] [MainThread]: Running with dbt=1.11.12
[0m12:00:22.697473 [debug] [MainThread]: running dbt with arguments {'static_parser': 'True', 'no_print': 'None', 'version_check': 'True', 'target_path': 'None', 'warn_error_options': 'WarnErrorOptionsV2(error=[], warn=[], silence=[])', 'printer_width': '80', 'write_json': 'True', 'introspect': 'True', 'log_cache_events': 'False', 'empty': 'False', 'cache_selected_only': 'False', 'log_format': 'default', 'debug': 'False', 'fail_fast': 'False', 'profiles_dir': '.', 'send_anonymous_usage_stats': 'True', 'quiet': 'False', 'warn_error': 'None', 'partial_parse': 'True', 'invocation_command': 'dbt run --profiles-dir . --select gold_itsm_tickets', 'use_colors': 'True', 'indirect_selection': 'eager', 'use_experimental_parser': 'False', 'log_path': 'C:\\Users\\ahmed\\Desktop\\data science\\itsm_project\\dbt_project\\logs'}
[0m12:00:23.041255 [debug] [MainThread]: Sending event: {'category': 'dbt', 'action': 'project_id', 'label': '062487bb-c8a8-46ce-8074-b2c7392f6574', 'context': [<snowplow_tracker.self_describing_json.SelfDescribingJson object at 0x000001B84B25A570>]}
[0m12:00:23.139388 [debug] [MainThread]: Sending event: {'category': 'dbt', 'action': 'adapter_info', 'label': '062487bb-c8a8-46ce-8074-b2c7392f6574', 'context': [<snowplow_tracker.self_describing_json.SelfDescribingJson object at 0x000001B84910FEF0>]}
[0m12:00:23.139388 [info ] [MainThread]: Registered adapter: postgres=1.10.2
[0m12:00:23.738427 [debug] [MainThread]: checksum: f368f5348cf42803b94ef7fb8257ecf3bf9a9a16dd9c8c51fe5172f2dbeb457f, vars: {}, profile: , target: , version: 1.11.12
[0m12:00:24.050912 [debug] [MainThread]: Partial parsing enabled: 0 files deleted, 0 files added, 0 files changed.
[0m12:00:24.053575 [debug] [MainThread]: Nothing changed, skipping partial parsing.
[0m12:00:24.053575 [debug] [MainThread]: Partial parsing enabled, no changes found, skipping parsing
[0m12:00:24.131796 [debug] [MainThread]: Sending event: {'category': 'dbt', 'action': 'load_project', 'label': '062487bb-c8a8-46ce-8074-b2c7392f6574', 'context': [<snowplow_tracker.self_describing_json.SelfDescribingJson object at 0x000001B84B474CB0>]}
[0m12:00:24.263660 [debug] [MainThread]: Wrote artifact WritableManifest to C:\Users\ahmed\Desktop\data science\itsm_project\dbt_project\target\manifest.json
[0m12:00:24.274348 [debug] [MainThread]: Wrote artifact SemanticManifest to C:\Users\ahmed\Desktop\data science\itsm_project\dbt_project\target\semantic_manifest.json
[0m12:00:24.290862 [debug] [MainThread]: Sending event: {'category': 'dbt', 'action': 'resource_counts', 'label': '062487bb-c8a8-46ce-8074-b2c7392f6574', 'context': [<snowplow_tracker.self_describing_json.SelfDescribingJson object at 0x000001B84B6C7C50>]}
[0m12:00:24.292985 [info ] [MainThread]: Found 2 models, 1 source, 476 macros
[0m12:00:24.292985 [debug] [MainThread]: Sending event: {'category': 'dbt', 'action': 'runnable_timing', 'label': '062487bb-c8a8-46ce-8074-b2c7392f6574', 'context': [<snowplow_tracker.self_describing_json.SelfDescribingJson object at 0x000001B84B6FCFB0>]}
[0m12:00:24.297012 [info ] [MainThread]: 
[0m12:00:24.299021 [info ] [MainThread]: Concurrency: 4 threads (target='dev')
[0m12:00:24.300033 [info ] [MainThread]: 
[0m12:00:24.301293 [debug] [MainThread]: Acquiring new postgres connection 'master'
[0m12:00:24.302946 [debug] [ThreadPool]: Acquiring new postgres connection 'list_itsm_db'
[0m12:00:24.448761 [debug] [ThreadPool]: Using postgres connection "list_itsm_db"
[0m12:00:24.456021 [debug] [ThreadPool]: On list_itsm_db: /* {"app": "dbt", "dbt_version": "1.11.12", "profile_name": "itsm_dbt", "target_name": "dev", "connection_name": "list_itsm_db"} */

    select distinct nspname from pg_namespace
  
[0m12:00:24.456021 [debug] [ThreadPool]: Opening a new connection, currently in state init
[0m12:00:24.485182 [debug] [ThreadPool]: SQL status: SELECT 7 in 0.028 seconds
[0m12:00:24.487188 [debug] [ThreadPool]: On list_itsm_db: Close
[0m12:00:24.493079 [debug] [ThreadPool]: Acquiring new postgres connection 'list_itsm_db_silver'
[0m12:00:24.495091 [debug] [ThreadPool]: Acquiring new postgres connection 'list_itsm_db_gold'
[0m12:00:24.496112 [debug] [ThreadPool]: Using postgres connection "list_itsm_db_silver"
[0m12:00:24.512019 [debug] [ThreadPool]: Using postgres connection "list_itsm_db_gold"
[0m12:00:24.512019 [debug] [ThreadPool]: On list_itsm_db_silver: /* {"app": "dbt", "dbt_version": "1.11.12", "profile_name": "itsm_dbt", "target_name": "dev", "connection_name": "list_itsm_db_silver"} */
select
      'itsm_db' as database,
      tablename as name,
      schemaname as schema,
      'table' as type
    from pg_tables
    where schemaname ilike 'silver'
    union all
    select
      'itsm_db' as database,
      viewname as name,
      schemaname as schema,
      'view' as type
    from pg_views
    where schemaname ilike 'silver'
    union all
    select
      'itsm_db' as database,
      matviewname as name,
      schemaname as schema,
      'materialized_view' as type
    from pg_matviews
    where schemaname ilike 'silver'
  
[0m12:00:24.518649 [debug] [ThreadPool]: On list_itsm_db_gold: /* {"app": "dbt", "dbt_version": "1.11.12", "profile_name": "itsm_dbt", "target_name": "dev", "connection_name": "list_itsm_db_gold"} */
select
      'itsm_db' as database,
      tablename as name,
      schemaname as schema,
      'table' as type
    from pg_tables
    where schemaname ilike 'gold'
    union all
    select
      'itsm_db' as database,
      viewname as name,
      schemaname as schema,
      'view' as type
    from pg_views
    where schemaname ilike 'gold'
    union all
    select
      'itsm_db' as database,
      matviewname as name,
      schemaname as schema,
      'materialized_view' as type
    from pg_matviews
    where schemaname ilike 'gold'
  
[0m12:00:24.518649 [debug] [ThreadPool]: Opening a new connection, currently in state init
[0m12:00:24.523096 [debug] [ThreadPool]: Opening a new connection, currently in state init
[0m12:00:24.560099 [debug] [ThreadPool]: SQL status: SELECT 3 in 0.037 seconds
[0m12:00:24.563222 [debug] [ThreadPool]: On list_itsm_db_gold: ROLLBACK
[0m12:00:24.565233 [debug] [ThreadPool]: On list_itsm_db_gold: Close
[0m12:00:24.571941 [debug] [ThreadPool]: SQL status: SELECT 1 in 0.051 seconds
[0m12:00:24.576151 [debug] [ThreadPool]: On list_itsm_db_silver: ROLLBACK
[0m12:00:24.580171 [debug] [ThreadPool]: On list_itsm_db_silver: Close
[0m12:00:24.592159 [debug] [MainThread]: Using postgres connection "master"
[0m12:00:24.592159 [debug] [MainThread]: On master: /* {"app": "dbt", "dbt_version": "1.11.12", "profile_name": "itsm_dbt", "target_name": "dev", "connection_name": "master"} */
select distinct
        dependent_namespace.nspname as dependent_schema,
        dependent_class.relname as dependent_name,
        referenced_namespace.nspname as referenced_schema,
        referenced_class.relname as referenced_name

    -- Query for views: views are entries in pg_class with an entry in pg_rewrite, but we avoid
    -- a seq scan on pg_rewrite by leveraging the fact there is an "internal" row in pg_depend for
    -- the view...
    from pg_class as dependent_class
    join pg_namespace as dependent_namespace on dependent_namespace.oid = dependent_class.relnamespace
    join pg_depend as dependent_depend on dependent_depend.refobjid = dependent_class.oid
        and dependent_depend.classid = 'pg_rewrite'::regclass
        and dependent_depend.refclassid = 'pg_class'::regclass
        and dependent_depend.deptype = 'i'

    -- ... and via pg_depend (that has a row per column, hence the need for "distinct" above, and
    -- making sure to exclude the internal row to avoid a view appearing to depend on itself)...
    join pg_depend as joining_depend on joining_depend.objid = dependent_depend.objid
        and joining_depend.classid = 'pg_rewrite'::regclass
        and joining_depend.refclassid = 'pg_class'::regclass
        and joining_depend.refobjid != dependent_depend.refobjid

    -- ... we can find the tables they query from in pg_class, but excluding system tables. Note we
    -- don't need need to exclude _dependent_ system tables, because they only query from other
    -- system tables, and so are automatically excluded by excluding _referenced_ system tables
    join pg_class as referenced_class on referenced_class.oid = joining_depend.refobjid
    join pg_namespace as referenced_namespace on referenced_namespace.oid = referenced_class.relnamespace
        and referenced_namespace.nspname != 'information_schema'
        and referenced_namespace.nspname not like 'pg\_%'

    order by
        dependent_schema, dependent_name, referenced_schema, referenced_name;
[0m12:00:24.596072 [debug] [MainThread]: Opening a new connection, currently in state init
[0m12:00:24.624065 [debug] [MainThread]: SQL status: SELECT 0 in 0.032 seconds
[0m12:00:24.630853 [debug] [MainThread]: Sending event: {'category': 'dbt', 'action': 'runnable_timing', 'label': '062487bb-c8a8-46ce-8074-b2c7392f6574', 'context': [<snowplow_tracker.self_describing_json.SelfDescribingJson object at 0x000001B84B2E90A0>]}
[0m12:00:24.632863 [debug] [MainThread]: On master: ROLLBACK
[0m12:00:24.632863 [debug] [MainThread]: On master: COMMIT
[0m12:00:24.638706 [debug] [MainThread]: Using postgres connection "master"
[0m12:00:24.640578 [debug] [MainThread]: On master: COMMIT
[0m12:00:24.644060 [debug] [MainThread]: SQL status: COMMIT in 0.002 seconds
[0m12:00:24.646071 [debug] [MainThread]: On master: Close
[0m12:00:24.654812 [debug] [Thread-1 (]: Began running node model.itsm_dbt.gold_itsm_tickets
[0m12:00:24.656445 [info ] [Thread-1 (]: 1 of 1 START sql table model gold.gold_itsm_tickets ............................ [RUN]
[0m12:00:24.657493 [debug] [Thread-1 (]: Acquiring new postgres connection 'model.itsm_dbt.gold_itsm_tickets'
[0m12:00:24.657493 [debug] [Thread-1 (]: Began compiling node model.itsm_dbt.gold_itsm_tickets
[0m12:00:24.671623 [debug] [Thread-1 (]: Writing injected SQL for node "model.itsm_dbt.gold_itsm_tickets"
[0m12:00:24.671623 [debug] [Thread-1 (]: Began executing node model.itsm_dbt.gold_itsm_tickets
[0m12:00:24.738400 [debug] [Thread-1 (]: Writing runtime sql for node "model.itsm_dbt.gold_itsm_tickets"
[0m12:00:24.740409 [debug] [Thread-1 (]: Using postgres connection "model.itsm_dbt.gold_itsm_tickets"
[0m12:00:24.743389 [debug] [Thread-1 (]: On model.itsm_dbt.gold_itsm_tickets: /* {"app": "dbt", "dbt_version": "1.11.12", "profile_name": "itsm_dbt", "target_name": "dev", "node_id": "model.itsm_dbt.gold_itsm_tickets"} */

  
    

  create  table "itsm_db"."gold"."gold_itsm_tickets__dbt_tmp"
  
  
    as
  
  (
    /*
    gold_itsm_tickets.sql
    -----------------------
    ETAPE 3 : creation des variables pour le Machine Learning (couche Gold).

    Ce modele part de silver.silver_itsm_tickets (donnees propres) et ajoute
    tout ce dont un modele de prediction a besoin :

      1) Des durees reelles, en minutes (au lieu de deux dates separees)
      2) Des variables temporelles (heure, jour, mois de creation)
      3) La marge SLA (Expected - Actual), gardee a titre informatif
      4) La longueur de la description (utile plus tard pour le NLP)
      5) LA VARIABLE CIBLE : long_resolution_flag

    Pourquoi cette cible et pas "depassement SLA" ?
    --------------------------------------------------
    On a verifie plus tot que dans ce dataset, AUCUN ticket ne depasse jamais
    son SLA (marge toujours >= 0). Une cible sans variance ne peut pas etre
    apprise par un modele. On suit donc la meme demarche que dans le rapport
    de reference : on remplace "depassement SLA" par "risque de resolution
    longue" (long MTTR), qui lui a une vraie variance dans les donnees.

    Definition retenue : un ticket est marque "resolution longue" (1) si
    sa duree de resolution reelle depasse le 75e percentile de l'ensemble
    des tickets. Sinon (0). Ce seuil est calcule automatiquement sur les
    donnees, pas fixe a la main.
*/

with base as (

    select * from "itsm_db"."silver"."silver_itsm_tickets"

),

with_durations as (

    select
        *,

        -- Durees reelles, en minutes
        extract(epoch from (first_response_time - created_time)) / 60
            as first_response_minutes,
        extract(epoch from (resolution_time - created_time)) / 60
            as resolution_minutes,
        extract(epoch from (close_time - created_time)) / 60
            as close_minutes,

        -- Bruit deterministe (+/- 60 min), seede sur ticket_id : simule la variabilite
        -- reelle (charge de travail, complexite imprevue) absente du dataset synthetique.
        -- Sans ce bruit, priority determine resolution_minutes de facon quasi parfaite
        -- (ecart-type ~6 min), ce qui rend toute prediction triviale (score parfait).
        (hashtext(ticket_id) % 121 - 60)::float as noise_minutes,

        -- Marge SLA : temps restant avant la limite (peut etre negatif si depasse)
        extract(epoch from (expected_sla_to_first_response - first_response_time)) / 60
            as sla_margin_first_response_min,
        extract(epoch from (expected_sla_to_resolve - resolution_time)) / 60
            as sla_margin_resolution_min,

        -- Variables temporelles utiles pour reperer des tendances (charge par heure, jour...)
        extract(hour from created_time)          as created_hour,
        to_char(created_time, 'Day')             as created_dayofweek,
        to_char(created_time, 'Month')           as created_month,
        date(created_time)                       as created_date,

        -- Longueur de la description : un proxy simple de complexite du ticket,
        -- utile plus tard pour le module NLP
        length(incident_description)             as description_length,

        -- Fenetre SLA (minutes) : utilisee par le moteur de decision (urgence)
        extract(epoch from (expected_sla_to_resolve - created_time)) / 60
            as sla_window_minutes

    from base

),

with_realistic_duration as (

    select
        *,
        greatest(resolution_minutes + noise_minutes, 5) as resolution_minutes_realistic

    from with_durations

),

percentile_calc as (

    select
        percentile_cont(0.75) within group (order by resolution_minutes_realistic)
            as resolution_p75_threshold
    from with_realistic_duration
    where resolution_minutes_realistic is not null

),

with_target as (

    select
        w.*,
        p.resolution_p75_threshold

    from with_realistic_duration w
    cross join percentile_calc p
    where w.resolution_minutes_realistic is not null

)

select
    ticket_id,
    status,
    priority,
    priority_rank,
    source,
    topic,
    agent_group,
    product_group,

    created_time,
    created_date,
    created_hour,
    trim(created_dayofweek)  as created_dayofweek,
    trim(created_month)      as created_month,

    first_response_minutes,
    resolution_minutes,
    resolution_minutes_realistic,
    close_minutes,

    sla_margin_first_response_min,
    sla_margin_resolution_min,

    description_length,
    has_solution,
    sla_window_minutes,

    resolution_p75_threshold,

    -- LA CIBLE : basee sur la duree "realiste" (avec bruit), pas la duree brute
    case
        when resolution_minutes_realistic >= resolution_p75_threshold then 1
        else 0
    end as long_resolution_flag

from with_target
  );
  
[0m12:00:24.743389 [debug] [Thread-1 (]: Opening a new connection, currently in state init
[0m12:00:25.840705 [debug] [Thread-1 (]: SQL status: SELECT 100000 in 1.097 seconds
[0m12:00:25.848525 [debug] [Thread-1 (]: Using postgres connection "model.itsm_dbt.gold_itsm_tickets"
[0m12:00:25.848525 [debug] [Thread-1 (]: On model.itsm_dbt.gold_itsm_tickets: /* {"app": "dbt", "dbt_version": "1.11.12", "profile_name": "itsm_dbt", "target_name": "dev", "node_id": "model.itsm_dbt.gold_itsm_tickets"} */
alter table "itsm_db"."gold"."gold_itsm_tickets" rename to "gold_itsm_tickets__dbt_backup"
[0m12:00:25.859378 [debug] [Thread-1 (]: SQL status: ALTER TABLE in 0.001 seconds
[0m12:00:25.861571 [debug] [Thread-1 (]: Using postgres connection "model.itsm_dbt.gold_itsm_tickets"
[0m12:00:25.861571 [debug] [Thread-1 (]: On model.itsm_dbt.gold_itsm_tickets: /* {"app": "dbt", "dbt_version": "1.11.12", "profile_name": "itsm_dbt", "target_name": "dev", "node_id": "model.itsm_dbt.gold_itsm_tickets"} */
alter table "itsm_db"."gold"."gold_itsm_tickets__dbt_tmp" rename to "gold_itsm_tickets"
[0m12:00:25.867400 [debug] [Thread-1 (]: SQL status: ALTER TABLE in 0.001 seconds
[0m12:00:25.887543 [debug] [Thread-1 (]: On model.itsm_dbt.gold_itsm_tickets: COMMIT
[0m12:00:25.892658 [debug] [Thread-1 (]: Using postgres connection "model.itsm_dbt.gold_itsm_tickets"
[0m12:00:25.893720 [debug] [Thread-1 (]: On model.itsm_dbt.gold_itsm_tickets: COMMIT
[0m12:00:25.970227 [debug] [Thread-1 (]: SQL status: COMMIT in 0.074 seconds
[0m12:00:25.982224 [debug] [Thread-1 (]: Applying DROP to: "itsm_db"."gold"."gold_itsm_tickets__dbt_backup"
[0m12:00:25.993034 [debug] [Thread-1 (]: Using postgres connection "model.itsm_dbt.gold_itsm_tickets"
[0m12:00:25.995149 [debug] [Thread-1 (]: On model.itsm_dbt.gold_itsm_tickets: /* {"app": "dbt", "dbt_version": "1.11.12", "profile_name": "itsm_dbt", "target_name": "dev", "node_id": "model.itsm_dbt.gold_itsm_tickets"} */
drop table if exists "itsm_db"."gold"."gold_itsm_tickets__dbt_backup" cascade
[0m12:00:25.998836 [debug] [Thread-1 (]: SQL status: DROP TABLE in 0.005 seconds
[0m12:00:26.007640 [debug] [Thread-1 (]: On model.itsm_dbt.gold_itsm_tickets: Close
[0m12:00:26.016947 [debug] [Thread-1 (]: Sending event: {'category': 'dbt', 'action': 'run_model', 'label': '062487bb-c8a8-46ce-8074-b2c7392f6574', 'context': [<snowplow_tracker.self_describing_json.SelfDescribingJson object at 0x000001B846B5DDF0>]}
[0m12:00:26.020968 [info ] [Thread-1 (]: 1 of 1 OK created sql table model gold.gold_itsm_tickets ....................... [[32mSELECT 100000[0m in 1.35s]
[0m12:00:26.023668 [debug] [Thread-1 (]: Finished running node model.itsm_dbt.gold_itsm_tickets
[0m12:00:26.030728 [debug] [MainThread]: On master: COMMIT
[0m12:00:26.031893 [debug] [MainThread]: Using postgres connection "master"
[0m12:00:26.034916 [debug] [MainThread]: On master: COMMIT
[0m12:00:26.036928 [debug] [MainThread]: Opening a new connection, currently in state closed
[0m12:00:26.063476 [debug] [MainThread]: SQL status: COMMIT in 0.027 seconds
[0m12:00:26.064736 [debug] [MainThread]: On master: Close
[0m12:00:26.067985 [debug] [MainThread]: Connection 'master' was properly closed.
[0m12:00:26.069430 [debug] [MainThread]: Connection 'list_itsm_db' was properly closed.
[0m12:00:26.072333 [debug] [MainThread]: Connection 'list_itsm_db_silver' was properly closed.
[0m12:00:26.073378 [debug] [MainThread]: Connection 'list_itsm_db_gold' was properly closed.
[0m12:00:26.073378 [debug] [MainThread]: Connection 'model.itsm_dbt.gold_itsm_tickets' was properly closed.
[0m12:00:26.076093 [info ] [MainThread]: 
[0m12:00:26.076093 [info ] [MainThread]: Finished running 1 table model in 0 hours 0 minutes and 1.77 seconds (1.77s).
[0m12:00:26.081236 [debug] [MainThread]: Command end result
[0m12:00:26.129650 [debug] [MainThread]: Wrote artifact WritableManifest to C:\Users\ahmed\Desktop\data science\itsm_project\dbt_project\target\manifest.json
[0m12:00:26.129650 [debug] [MainThread]: Wrote artifact SemanticManifest to C:\Users\ahmed\Desktop\data science\itsm_project\dbt_project\target\semantic_manifest.json
[0m12:00:26.145708 [debug] [MainThread]: Wrote artifact RunExecutionResult to C:\Users\ahmed\Desktop\data science\itsm_project\dbt_project\target\run_results.json
[0m12:00:26.147715 [info ] [MainThread]: 
[0m12:00:26.149634 [info ] [MainThread]: [32mCompleted successfully[0m
[0m12:00:26.149634 [info ] [MainThread]: 
[0m12:00:26.149634 [info ] [MainThread]: Done. PASS=1 WARN=0 ERROR=0 SKIP=0 NO-OP=0 TOTAL=1
[0m12:00:26.149634 [debug] [MainThread]: Command `dbt run` succeeded at 12:00:26.149634 after 3.71 seconds
[0m12:00:26.156867 [debug] [MainThread]: Sending event: {'category': 'dbt', 'action': 'invocation', 'label': 'end', 'context': [<snowplow_tracker.self_describing_json.SelfDescribingJson object at 0x000001B846B5DDF0>, <snowplow_tracker.self_describing_json.SelfDescribingJson object at 0x000001B8494A85F0>, <snowplow_tracker.self_describing_json.SelfDescribingJson object at 0x000001B8494A97F0>]}
[0m12:00:26.158224 [debug] [MainThread]: Flushing usage events
[0m12:00:27.247311 [debug] [MainThread]: An error was encountered while trying to flush usage events
[0m15:57:55.791478 [debug] [MainThread]: Sending event: {'category': 'dbt', 'action': 'invocation', 'label': 'start', 'context': [<snowplow_tracker.self_describing_json.SelfDescribingJson object at 0x000001EFE5DBE600>, <snowplow_tracker.self_describing_json.SelfDescribingJson object at 0x000001EFE9FA9FA0>, <snowplow_tracker.self_describing_json.SelfDescribingJson object at 0x000001EFE9FABA70>]}


============================== 15:57:55.807470 | fe6c798a-c777-4ba1-85cc-73514dcf8db7 ==============================
[0m15:57:55.807470 [info ] [MainThread]: Running with dbt=1.11.12
[0m15:57:55.807470 [debug] [MainThread]: running dbt with arguments {'version_check': 'True', 'no_print': 'None', 'static_parser': 'True', 'warn_error_options': 'WarnErrorOptionsV2(error=[], warn=[], silence=[])', 'target_path': 'None', 'printer_width': '80', 'write_json': 'True', 'empty': 'False', 'log_cache_events': 'False', 'introspect': 'True', 'cache_selected_only': 'False', 'fail_fast': 'False', 'debug': 'False', 'log_format': 'default', 'partial_parse': 'True', 'send_anonymous_usage_stats': 'True', 'quiet': 'False', 'warn_error': 'None', 'profiles_dir': '.', 'indirect_selection': 'eager', 'use_colors': 'True', 'invocation_command': 'dbt run --profiles-dir .', 'use_experimental_parser': 'False', 'log_path': 'C:\\Users\\ahmed\\Desktop\\data science\\itsm_project\\dbt_project\\logs'}
[0m15:57:57.688123 [debug] [MainThread]: Sending event: {'category': 'dbt', 'action': 'project_id', 'label': 'fe6c798a-c777-4ba1-85cc-73514dcf8db7', 'context': [<snowplow_tracker.self_describing_json.SelfDescribingJson object at 0x000001EFEA86B710>]}
[0m15:57:57.771375 [debug] [MainThread]: Sending event: {'category': 'dbt', 'action': 'adapter_info', 'label': 'fe6c798a-c777-4ba1-85cc-73514dcf8db7', 'context': [<snowplow_tracker.self_describing_json.SelfDescribingJson object at 0x000001EFEA129EB0>]}
[0m15:57:57.771375 [info ] [MainThread]: Registered adapter: postgres=1.10.2
[0m15:57:58.346607 [debug] [MainThread]: checksum: f368f5348cf42803b94ef7fb8257ecf3bf9a9a16dd9c8c51fe5172f2dbeb457f, vars: {}, profile: , target: , version: 1.11.12
[0m15:57:58.735346 [debug] [MainThread]: Partial parsing enabled: 0 files deleted, 0 files added, 0 files changed.
[0m15:57:58.737353 [debug] [MainThread]: Nothing changed, skipping partial parsing.
[0m15:57:58.737353 [debug] [MainThread]: Partial parsing enabled, no changes found, skipping parsing
[0m15:57:58.779466 [debug] [MainThread]: Sending event: {'category': 'dbt', 'action': 'load_project', 'label': 'fe6c798a-c777-4ba1-85cc-73514dcf8db7', 'context': [<snowplow_tracker.self_describing_json.SelfDescribingJson object at 0x000001EFE9FD24E0>]}
[0m15:57:58.899658 [debug] [MainThread]: Wrote artifact WritableManifest to C:\Users\ahmed\Desktop\data science\itsm_project\dbt_project\target\manifest.json
[0m15:57:58.908278 [debug] [MainThread]: Wrote artifact SemanticManifest to C:\Users\ahmed\Desktop\data science\itsm_project\dbt_project\target\semantic_manifest.json
[0m15:57:58.967908 [debug] [MainThread]: Sending event: {'category': 'dbt', 'action': 'resource_counts', 'label': 'fe6c798a-c777-4ba1-85cc-73514dcf8db7', 'context': [<snowplow_tracker.self_describing_json.SelfDescribingJson object at 0x000001EFEBEC9460>]}
[0m15:57:58.967908 [info ] [MainThread]: Found 2 models, 1 source, 476 macros
[0m15:57:58.969920 [debug] [MainThread]: Sending event: {'category': 'dbt', 'action': 'runnable_timing', 'label': 'fe6c798a-c777-4ba1-85cc-73514dcf8db7', 'context': [<snowplow_tracker.self_describing_json.SelfDescribingJson object at 0x000001EFEBEFA4B0>]}
[0m15:57:58.973944 [info ] [MainThread]: 
[0m15:57:58.975691 [info ] [MainThread]: Concurrency: 4 threads (target='dev')
[0m15:57:58.975691 [info ] [MainThread]: 
[0m15:57:58.978208 [debug] [MainThread]: Acquiring new postgres connection 'master'
[0m15:57:58.984228 [debug] [ThreadPool]: Acquiring new postgres connection 'list_itsm_db'
[0m15:57:58.984228 [debug] [ThreadPool]: Acquiring new postgres connection 'list_itsm_db'
[0m15:58:00.041068 [debug] [ThreadPool]: Using postgres connection "list_itsm_db"
[0m15:58:00.043076 [debug] [ThreadPool]: Using postgres connection "list_itsm_db"
[0m15:58:00.045086 [debug] [ThreadPool]: On list_itsm_db: /* {"app": "dbt", "dbt_version": "1.11.12", "profile_name": "itsm_dbt", "target_name": "dev", "connection_name": "list_itsm_db"} */

    select distinct nspname from pg_namespace
  
[0m15:58:00.047100 [debug] [ThreadPool]: On list_itsm_db: /* {"app": "dbt", "dbt_version": "1.11.12", "profile_name": "itsm_dbt", "target_name": "dev", "connection_name": "list_itsm_db"} */

    select distinct nspname from pg_namespace
  
[0m15:58:00.047100 [debug] [ThreadPool]: Opening a new connection, currently in state init
[0m15:58:00.047100 [debug] [ThreadPool]: Opening a new connection, currently in state init
[0m15:58:04.158190 [debug] [ThreadPool]: Postgres adapter: Got a retryable error when attempting to open a postgres connection.
1 attempts remaining. Retrying in 0 seconds.
Error:
connection to server at "localhost" (::1), port 5432 failed: Connection refused (0x0000274D/10061)
	Is the server running on that host and accepting TCP/IP connections?
connection to server at "localhost" (127.0.0.1), port 5432 failed: Connection refused (0x0000274D/10061)
	Is the server running on that host and accepting TCP/IP connections?

[0m15:58:04.158190 [debug] [ThreadPool]: Postgres adapter: Got a retryable error when attempting to open a postgres connection.
1 attempts remaining. Retrying in 0 seconds.
Error:
connection to server at "localhost" (::1), port 5432 failed: Connection refused (0x0000274D/10061)
	Is the server running on that host and accepting TCP/IP connections?
connection to server at "localhost" (127.0.0.1), port 5432 failed: Connection refused (0x0000274D/10061)
	Is the server running on that host and accepting TCP/IP connections?

[0m15:58:08.242787 [debug] [ThreadPool]: Postgres adapter: Error running SQL: /* {"app": "dbt", "dbt_version": "1.11.12", "profile_name": "itsm_dbt", "target_name": "dev", "connection_name": "list_itsm_db"} */

    select distinct nspname from pg_namespace
  
[0m15:58:08.244801 [debug] [ThreadPool]: Postgres adapter: Rolling back transaction.
[0m15:58:08.246816 [debug] [ThreadPool]: Postgres adapter: Error running SQL: macro list_schemas
[0m15:58:08.248832 [debug] [ThreadPool]: Postgres adapter: Rolling back transaction.
[0m15:58:08.250847 [debug] [ThreadPool]: On list_itsm_db: No close available on handle
[0m15:58:08.258662 [debug] [ThreadPool]: Postgres adapter: Error running SQL: /* {"app": "dbt", "dbt_version": "1.11.12", "profile_name": "itsm_dbt", "target_name": "dev", "connection_name": "list_itsm_db"} */

    select distinct nspname from pg_namespace
  
[0m15:58:08.260678 [debug] [ThreadPool]: Postgres adapter: Rolling back transaction.
[0m15:58:08.262692 [debug] [ThreadPool]: Postgres adapter: Error running SQL: macro list_schemas
[0m15:58:08.264706 [debug] [ThreadPool]: Postgres adapter: Rolling back transaction.
[0m15:58:08.266718 [debug] [ThreadPool]: On list_itsm_db: No close available on handle
[0m15:58:08.268731 [debug] [MainThread]: Connection 'master' was properly closed.
[0m15:58:08.270794 [debug] [MainThread]: Connection 'list_itsm_db' was properly closed.
[0m15:58:08.270794 [debug] [MainThread]: Connection 'list_itsm_db' was properly closed.
[0m15:58:08.274762 [info ] [MainThread]: 
[0m15:58:08.278280 [info ] [MainThread]: Finished running  in 0 hours 0 minutes and 9.30 seconds (9.30s).
[0m15:58:08.280372 [error] [MainThread]: Encountered an error:
Database Error
  connection to server at "localhost" (::1), port 5432 failed: Connection refused (0x0000274D/10061)
  	Is the server running on that host and accepting TCP/IP connections?
  connection to server at "localhost" (127.0.0.1), port 5432 failed: Connection refused (0x0000274D/10061)
  	Is the server running on that host and accepting TCP/IP connections?
  
[0m15:58:08.282379 [debug] [MainThread]: Command `dbt run` failed at 15:58:08.282379 after 12.76 seconds
[0m15:58:08.284383 [debug] [MainThread]: Sending event: {'category': 'dbt', 'action': 'invocation', 'label': 'end', 'context': [<snowplow_tracker.self_describing_json.SelfDescribingJson object at 0x000001EFEA7B90A0>, <snowplow_tracker.self_describing_json.SelfDescribingJson object at 0x000001EFEBEFBBF0>, <snowplow_tracker.self_describing_json.SelfDescribingJson object at 0x000001EFEC28DC70>]}
[0m15:58:08.284383 [debug] [MainThread]: Flushing usage events
[0m15:58:09.610872 [debug] [MainThread]: An error was encountered while trying to flush usage events
[0m15:59:35.451104 [debug] [MainThread]: Sending event: {'category': 'dbt', 'action': 'invocation', 'label': 'start', 'context': [<snowplow_tracker.self_describing_json.SelfDescribingJson object at 0x0000020E718B4F80>, <snowplow_tracker.self_describing_json.SelfDescribingJson object at 0x0000020E6EEB56D0>, <snowplow_tracker.self_describing_json.SelfDescribingJson object at 0x0000020E71AABA10>]}


============================== 15:59:35.461870 | 8b1a01f1-992d-4401-be8a-f1c419d3d808 ==============================
[0m15:59:35.461870 [info ] [MainThread]: Running with dbt=1.11.12
[0m15:59:35.469630 [debug] [MainThread]: running dbt with arguments {'static_parser': 'True', 'no_print': 'None', 'version_check': 'True', 'target_path': 'None', 'warn_error_options': 'WarnErrorOptionsV2(error=[], warn=[], silence=[])', 'printer_width': '80', 'write_json': 'True', 'empty': 'False', 'log_cache_events': 'False', 'introspect': 'True', 'cache_selected_only': 'False', 'fail_fast': 'False', 'debug': 'False', 'log_format': 'default', 'partial_parse': 'True', 'send_anonymous_usage_stats': 'True', 'quiet': 'False', 'warn_error': 'None', 'profiles_dir': '.', 'indirect_selection': 'eager', 'invocation_command': 'dbt run --profiles-dir .', 'use_colors': 'True', 'use_experimental_parser': 'False', 'log_path': 'C:\\Users\\ahmed\\Desktop\\data science\\itsm_project\\dbt_project\\logs'}
[0m15:59:35.840462 [debug] [MainThread]: Sending event: {'category': 'dbt', 'action': 'project_id', 'label': '8b1a01f1-992d-4401-be8a-f1c419d3d808', 'context': [<snowplow_tracker.self_describing_json.SelfDescribingJson object at 0x0000020E718D86B0>]}
[0m15:59:35.928747 [debug] [MainThread]: Sending event: {'category': 'dbt', 'action': 'adapter_info', 'label': '8b1a01f1-992d-4401-be8a-f1c419d3d808', 'context': [<snowplow_tracker.self_describing_json.SelfDescribingJson object at 0x0000020E73688F80>]}
[0m15:59:35.928747 [info ] [MainThread]: Registered adapter: postgres=1.10.2
[0m15:59:36.453815 [debug] [MainThread]: checksum: f368f5348cf42803b94ef7fb8257ecf3bf9a9a16dd9c8c51fe5172f2dbeb457f, vars: {}, profile: , target: , version: 1.11.12
[0m15:59:36.665551 [debug] [MainThread]: Partial parsing enabled: 0 files deleted, 0 files added, 0 files changed.
[0m15:59:36.674618 [debug] [MainThread]: Nothing changed, skipping partial parsing.
[0m15:59:36.674618 [debug] [MainThread]: Partial parsing enabled, no changes found, skipping parsing
[0m15:59:36.720318 [debug] [MainThread]: Sending event: {'category': 'dbt', 'action': 'load_project', 'label': '8b1a01f1-992d-4401-be8a-f1c419d3d808', 'context': [<snowplow_tracker.self_describing_json.SelfDescribingJson object at 0x0000020E737A3440>]}
[0m15:59:36.816803 [debug] [MainThread]: Wrote artifact WritableManifest to C:\Users\ahmed\Desktop\data science\itsm_project\dbt_project\target\manifest.json
[0m15:59:36.826612 [debug] [MainThread]: Wrote artifact SemanticManifest to C:\Users\ahmed\Desktop\data science\itsm_project\dbt_project\target\semantic_manifest.json
[0m15:59:36.863019 [debug] [MainThread]: Sending event: {'category': 'dbt', 'action': 'resource_counts', 'label': '8b1a01f1-992d-4401-be8a-f1c419d3d808', 'context': [<snowplow_tracker.self_describing_json.SelfDescribingJson object at 0x0000020E73B392B0>]}
[0m15:59:36.865034 [info ] [MainThread]: Found 2 models, 1 source, 476 macros
[0m15:59:36.868317 [debug] [MainThread]: Sending event: {'category': 'dbt', 'action': 'runnable_timing', 'label': '8b1a01f1-992d-4401-be8a-f1c419d3d808', 'context': [<snowplow_tracker.self_describing_json.SelfDescribingJson object at 0x0000020E71C0E630>]}
[0m15:59:36.868317 [info ] [MainThread]: 
[0m15:59:36.868317 [info ] [MainThread]: Concurrency: 4 threads (target='dev')
[0m15:59:36.868317 [info ] [MainThread]: 
[0m15:59:36.877533 [debug] [MainThread]: Acquiring new postgres connection 'master'
[0m15:59:36.885096 [debug] [ThreadPool]: Acquiring new postgres connection 'list_itsm_db'
[0m15:59:36.889052 [debug] [ThreadPool]: Acquiring new postgres connection 'list_itsm_db'
[0m15:59:37.074749 [debug] [ThreadPool]: Using postgres connection "list_itsm_db"
[0m15:59:37.074749 [debug] [ThreadPool]: Using postgres connection "list_itsm_db"
[0m15:59:37.074749 [debug] [ThreadPool]: On list_itsm_db: /* {"app": "dbt", "dbt_version": "1.11.12", "profile_name": "itsm_dbt", "target_name": "dev", "connection_name": "list_itsm_db"} */

    select distinct nspname from pg_namespace
  
[0m15:59:37.074749 [debug] [ThreadPool]: On list_itsm_db: /* {"app": "dbt", "dbt_version": "1.11.12", "profile_name": "itsm_dbt", "target_name": "dev", "connection_name": "list_itsm_db"} */

    select distinct nspname from pg_namespace
  
[0m15:59:37.074749 [debug] [ThreadPool]: Opening a new connection, currently in state init
[0m15:59:37.085480 [debug] [ThreadPool]: Opening a new connection, currently in state init
[0m15:59:37.234271 [debug] [ThreadPool]: SQL status: SELECT 7 in 0.151 seconds
[0m15:59:37.237412 [debug] [ThreadPool]: SQL status: SELECT 7 in 0.154 seconds
[0m15:59:37.238994 [debug] [ThreadPool]: On list_itsm_db: Close
[0m15:59:37.243025 [debug] [ThreadPool]: On list_itsm_db: Close
[0m15:59:37.252161 [debug] [ThreadPool]: Acquiring new postgres connection 'list_itsm_db_gold'
[0m15:59:37.255302 [debug] [ThreadPool]: Acquiring new postgres connection 'list_itsm_db_silver'
[0m15:59:37.275085 [debug] [ThreadPool]: Using postgres connection "list_itsm_db_gold"
[0m15:59:37.280422 [debug] [ThreadPool]: Using postgres connection "list_itsm_db_silver"
[0m15:59:37.280422 [debug] [ThreadPool]: On list_itsm_db_gold: /* {"app": "dbt", "dbt_version": "1.11.12", "profile_name": "itsm_dbt", "target_name": "dev", "connection_name": "list_itsm_db_gold"} */
select
      'itsm_db' as database,
      tablename as name,
      schemaname as schema,
      'table' as type
    from pg_tables
    where schemaname ilike 'gold'
    union all
    select
      'itsm_db' as database,
      viewname as name,
      schemaname as schema,
      'view' as type
    from pg_views
    where schemaname ilike 'gold'
    union all
    select
      'itsm_db' as database,
      matviewname as name,
      schemaname as schema,
      'materialized_view' as type
    from pg_matviews
    where schemaname ilike 'gold'
  
[0m15:59:37.282434 [debug] [ThreadPool]: On list_itsm_db_silver: /* {"app": "dbt", "dbt_version": "1.11.12", "profile_name": "itsm_dbt", "target_name": "dev", "connection_name": "list_itsm_db_silver"} */
select
      'itsm_db' as database,
      tablename as name,
      schemaname as schema,
      'table' as type
    from pg_tables
    where schemaname ilike 'silver'
    union all
    select
      'itsm_db' as database,
      viewname as name,
      schemaname as schema,
      'view' as type
    from pg_views
    where schemaname ilike 'silver'
    union all
    select
      'itsm_db' as database,
      matviewname as name,
      schemaname as schema,
      'materialized_view' as type
    from pg_matviews
    where schemaname ilike 'silver'
  
[0m15:59:37.282434 [debug] [ThreadPool]: Opening a new connection, currently in state init
[0m15:59:37.282434 [debug] [ThreadPool]: Opening a new connection, currently in state init
[0m15:59:37.354523 [debug] [ThreadPool]: SQL status: SELECT 1 in 0.072 seconds
[0m15:59:37.354523 [debug] [ThreadPool]: SQL status: SELECT 3 in 0.074 seconds
[0m15:59:37.363037 [debug] [ThreadPool]: On list_itsm_db_silver: ROLLBACK
[0m15:59:37.367026 [debug] [ThreadPool]: On list_itsm_db_gold: ROLLBACK
[0m15:59:37.370089 [debug] [ThreadPool]: On list_itsm_db_silver: Close
[0m15:59:37.371727 [debug] [ThreadPool]: On list_itsm_db_gold: Close
[0m15:59:37.387149 [debug] [MainThread]: Using postgres connection "master"
[0m15:59:37.390133 [debug] [MainThread]: On master: /* {"app": "dbt", "dbt_version": "1.11.12", "profile_name": "itsm_dbt", "target_name": "dev", "connection_name": "master"} */
select distinct
        dependent_namespace.nspname as dependent_schema,
        dependent_class.relname as dependent_name,
        referenced_namespace.nspname as referenced_schema,
        referenced_class.relname as referenced_name

    -- Query for views: views are entries in pg_class with an entry in pg_rewrite, but we avoid
    -- a seq scan on pg_rewrite by leveraging the fact there is an "internal" row in pg_depend for
    -- the view...
    from pg_class as dependent_class
    join pg_namespace as dependent_namespace on dependent_namespace.oid = dependent_class.relnamespace
    join pg_depend as dependent_depend on dependent_depend.refobjid = dependent_class.oid
        and dependent_depend.classid = 'pg_rewrite'::regclass
        and dependent_depend.refclassid = 'pg_class'::regclass
        and dependent_depend.deptype = 'i'

    -- ... and via pg_depend (that has a row per column, hence the need for "distinct" above, and
    -- making sure to exclude the internal row to avoid a view appearing to depend on itself)...
    join pg_depend as joining_depend on joining_depend.objid = dependent_depend.objid
        and joining_depend.classid = 'pg_rewrite'::regclass
        and joining_depend.refclassid = 'pg_class'::regclass
        and joining_depend.refobjid != dependent_depend.refobjid

    -- ... we can find the tables they query from in pg_class, but excluding system tables. Note we
    -- don't need need to exclude _dependent_ system tables, because they only query from other
    -- system tables, and so are automatically excluded by excluding _referenced_ system tables
    join pg_class as referenced_class on referenced_class.oid = joining_depend.refobjid
    join pg_namespace as referenced_namespace on referenced_namespace.oid = referenced_class.relnamespace
        and referenced_namespace.nspname != 'information_schema'
        and referenced_namespace.nspname not like 'pg\_%'

    order by
        dependent_schema, dependent_name, referenced_schema, referenced_name;
[0m15:59:37.390133 [debug] [MainThread]: Opening a new connection, currently in state init
[0m15:59:37.470888 [debug] [MainThread]: SQL status: SELECT 0 in 0.078 seconds
[0m15:59:37.470888 [debug] [MainThread]: Sending event: {'category': 'dbt', 'action': 'runnable_timing', 'label': '8b1a01f1-992d-4401-be8a-f1c419d3d808', 'context': [<snowplow_tracker.self_describing_json.SelfDescribingJson object at 0x0000020E73A3D490>]}
[0m15:59:37.470888 [debug] [MainThread]: On master: ROLLBACK
[0m15:59:37.470888 [debug] [MainThread]: On master: COMMIT
[0m15:59:37.481858 [debug] [MainThread]: Using postgres connection "master"
[0m15:59:37.481858 [debug] [MainThread]: On master: COMMIT
[0m15:59:37.481858 [debug] [MainThread]: SQL status: COMMIT in 0.002 seconds
[0m15:59:37.481858 [debug] [MainThread]: On master: Close
[0m15:59:37.505455 [debug] [Thread-1 (]: Began running node model.itsm_dbt.silver_itsm_tickets
[0m15:59:37.506935 [info ] [Thread-1 (]: 1 of 2 START sql table model silver.silver_itsm_tickets ........................ [RUN]
[0m15:59:37.509024 [debug] [Thread-1 (]: Acquiring new postgres connection 'model.itsm_dbt.silver_itsm_tickets'
[0m15:59:37.509024 [debug] [Thread-1 (]: Began compiling node model.itsm_dbt.silver_itsm_tickets
[0m15:59:37.522936 [debug] [Thread-1 (]: Writing injected SQL for node "model.itsm_dbt.silver_itsm_tickets"
[0m15:59:37.526876 [debug] [Thread-1 (]: Began executing node model.itsm_dbt.silver_itsm_tickets
[0m15:59:37.582656 [debug] [Thread-1 (]: Writing runtime sql for node "model.itsm_dbt.silver_itsm_tickets"
[0m15:59:37.591359 [debug] [Thread-1 (]: Using postgres connection "model.itsm_dbt.silver_itsm_tickets"
[0m15:59:37.596353 [debug] [Thread-1 (]: On model.itsm_dbt.silver_itsm_tickets: /* {"app": "dbt", "dbt_version": "1.11.12", "profile_name": "itsm_dbt", "target_name": "dev", "node_id": "model.itsm_dbt.silver_itsm_tickets"} */

  
    

  create  table "itsm_db"."silver"."silver_itsm_tickets__dbt_tmp"
  
  
    as
  
  (
    /*
    silver_itsm_tickets.sql
    ------------------------
    ETAPE 2 : nettoyage des donnees (couche Silver).

    Ce modele part de bronze.itsm_tickets_raw (donnees brutes, tout en texte,
    non modifiees) et produit une version propre :
      - espaces superflus retires
      - valeurs vides transformees en vrai NULL (au lieu de chaines vides)
      - dates transformees de texte vers un vrai type TIMESTAMP
      - une ligne par ticket_id (protection anti-doublon)
      - Priority transforme aussi en version numerique ordonnee (priority_rank)
        pour faciliter les futurs tris/graphiques

    C'est l'equivalent SQL exact de ce qu'on avait fait avec pandas dans le
    notebook ITSM_Dataset_Organized.ipynb, mais cette fois le nettoyage vit
    dans la base de donnees et peut etre re-execute a tout moment avec `dbt run`.
*/

with source as (

    select * from "itsm_db"."bronze"."itsm_tickets_raw"

),

cleaned as (

    select
        nullif(trim(ticket_id), '')            as ticket_id,
        nullif(trim(status), '')                as status,
        nullif(trim(priority), '')              as priority,
        nullif(trim(source), '')                as source,
        nullif(trim(topic), '')                 as topic,
        nullif(trim(agent_group), '')           as agent_group,
        nullif(trim(product_group), '')         as product_group,

        -- Conversion des dates : texte "04/07/2024 12:42" -> vrai TIMESTAMP
        to_timestamp(nullif(trim(created_time), ''), 'DD/MM/YYYY HH24:MI')
            as created_time,
        to_timestamp(nullif(trim(expected_sla_to_resolve), ''), 'DD/MM/YYYY HH24:MI')
            as expected_sla_to_resolve,
        to_timestamp(nullif(trim(expected_sla_to_first_response), ''), 'DD/MM/YYYY HH24:MI')
            as expected_sla_to_first_response,
        to_timestamp(nullif(trim(first_response_time), ''), 'DD/MM/YYYY HH24:MI')
            as first_response_time,
        to_timestamp(nullif(trim(resolution_time), ''), 'DD/MM/YYYY HH24:MI')
            as resolution_time,
        to_timestamp(nullif(trim(close_time), ''), 'DD/MM/YYYY HH24:MI')
            as close_time,

        nullif(trim(incident_description), '') as incident_description,
        nullif(trim(solution_used), '')         as solution_used,

        -- Version numerique ordonnee de la priorite (utile pour trier/filtrer)
        case trim(priority)
            when 'Low'      then 1
            when 'Medium'   then 2
            when 'High'     then 3
            when 'Critical' then 4
            else null
        end as priority_rank,

        -- On garde une trace : est-ce que ce ticket a une solution renseignee ?
        (nullif(trim(solution_used), '') is not null) as has_solution

    from source

),

deduplicated as (

    select *,
        row_number() over (partition by ticket_id order by ticket_id) as row_num
    from cleaned
    where ticket_id is not null

)

select
    ticket_id,
    status,
    priority,
    priority_rank,
    source,
    topic,
    agent_group,
    product_group,
    created_time,
    expected_sla_to_resolve,
    expected_sla_to_first_response,
    first_response_time,
    resolution_time,
    close_time,
    incident_description,
    solution_used,
    has_solution
from deduplicated
where row_num = 1
  );
  
[0m15:59:37.598364 [debug] [Thread-1 (]: Opening a new connection, currently in state init
[0m15:59:39.254859 [debug] [Thread-1 (]: SQL status: SELECT 100000 in 1.656 seconds
[0m15:59:39.269022 [debug] [Thread-1 (]: Using postgres connection "model.itsm_dbt.silver_itsm_tickets"
[0m15:59:39.271030 [debug] [Thread-1 (]: On model.itsm_dbt.silver_itsm_tickets: /* {"app": "dbt", "dbt_version": "1.11.12", "profile_name": "itsm_dbt", "target_name": "dev", "node_id": "model.itsm_dbt.silver_itsm_tickets"} */
alter table "itsm_db"."silver"."silver_itsm_tickets" rename to "silver_itsm_tickets__dbt_backup"
[0m15:59:39.271030 [debug] [Thread-1 (]: SQL status: ALTER TABLE in 0.001 seconds
[0m15:59:39.276724 [debug] [Thread-1 (]: Using postgres connection "model.itsm_dbt.silver_itsm_tickets"
[0m15:59:39.278685 [debug] [Thread-1 (]: On model.itsm_dbt.silver_itsm_tickets: /* {"app": "dbt", "dbt_version": "1.11.12", "profile_name": "itsm_dbt", "target_name": "dev", "node_id": "model.itsm_dbt.silver_itsm_tickets"} */
alter table "itsm_db"."silver"."silver_itsm_tickets__dbt_tmp" rename to "silver_itsm_tickets"
[0m15:59:39.281378 [debug] [Thread-1 (]: SQL status: ALTER TABLE in 0.001 seconds
[0m15:59:39.299923 [debug] [Thread-1 (]: On model.itsm_dbt.silver_itsm_tickets: COMMIT
[0m15:59:39.309531 [debug] [Thread-1 (]: Using postgres connection "model.itsm_dbt.silver_itsm_tickets"
[0m15:59:39.309531 [debug] [Thread-1 (]: On model.itsm_dbt.silver_itsm_tickets: COMMIT
[0m15:59:39.352652 [debug] [Thread-1 (]: SQL status: COMMIT in 0.042 seconds
[0m15:59:39.356533 [debug] [Thread-1 (]: Applying DROP to: "itsm_db"."silver"."silver_itsm_tickets__dbt_backup"
[0m15:59:39.372250 [debug] [Thread-1 (]: Using postgres connection "model.itsm_dbt.silver_itsm_tickets"
[0m15:59:39.372250 [debug] [Thread-1 (]: On model.itsm_dbt.silver_itsm_tickets: /* {"app": "dbt", "dbt_version": "1.11.12", "profile_name": "itsm_dbt", "target_name": "dev", "node_id": "model.itsm_dbt.silver_itsm_tickets"} */
drop table if exists "itsm_db"."silver"."silver_itsm_tickets__dbt_backup" cascade
[0m15:59:39.388521 [debug] [Thread-1 (]: SQL status: DROP TABLE in 0.012 seconds
[0m15:59:39.388521 [debug] [Thread-1 (]: On model.itsm_dbt.silver_itsm_tickets: Close
[0m15:59:39.403888 [debug] [Thread-1 (]: Sending event: {'category': 'dbt', 'action': 'run_model', 'label': '8b1a01f1-992d-4401-be8a-f1c419d3d808', 'context': [<snowplow_tracker.self_describing_json.SelfDescribingJson object at 0x0000020E6EF9DB50>]}
[0m15:59:39.403888 [info ] [Thread-1 (]: 1 of 2 OK created sql table model silver.silver_itsm_tickets ................... [[32mSELECT 100000[0m in 1.89s]
[0m15:59:39.403888 [debug] [Thread-1 (]: Finished running node model.itsm_dbt.silver_itsm_tickets
[0m15:59:39.412140 [debug] [Thread-3 (]: Began running node model.itsm_dbt.gold_itsm_tickets
[0m15:59:39.412140 [info ] [Thread-3 (]: 2 of 2 START sql table model gold.gold_itsm_tickets ............................ [RUN]
[0m15:59:39.412140 [debug] [Thread-3 (]: Acquiring new postgres connection 'model.itsm_dbt.gold_itsm_tickets'
[0m15:59:39.419764 [debug] [Thread-3 (]: Began compiling node model.itsm_dbt.gold_itsm_tickets
[0m15:59:39.422682 [debug] [Thread-3 (]: Writing injected SQL for node "model.itsm_dbt.gold_itsm_tickets"
[0m15:59:39.422682 [debug] [Thread-3 (]: Began executing node model.itsm_dbt.gold_itsm_tickets
[0m15:59:39.430807 [debug] [Thread-3 (]: Writing runtime sql for node "model.itsm_dbt.gold_itsm_tickets"
[0m15:59:39.435613 [debug] [Thread-3 (]: Using postgres connection "model.itsm_dbt.gold_itsm_tickets"
[0m15:59:39.435613 [debug] [Thread-3 (]: On model.itsm_dbt.gold_itsm_tickets: /* {"app": "dbt", "dbt_version": "1.11.12", "profile_name": "itsm_dbt", "target_name": "dev", "node_id": "model.itsm_dbt.gold_itsm_tickets"} */

  
    

  create  table "itsm_db"."gold"."gold_itsm_tickets__dbt_tmp"
  
  
    as
  
  (
    /*
    gold_itsm_tickets.sql
    -----------------------
    ETAPE 3 : creation des variables pour le Machine Learning (couche Gold).

    Ce modele part de silver.silver_itsm_tickets (donnees propres) et ajoute
    tout ce dont un modele de prediction a besoin :

      1) Des durees reelles, en minutes (au lieu de deux dates separees)
      2) Des variables temporelles (heure, jour, mois de creation)
      3) La marge SLA (Expected - Actual), gardee a titre informatif
      4) La longueur de la description (utile plus tard pour le NLP)
      5) LA VARIABLE CIBLE : long_resolution_flag

    Pourquoi cette cible et pas "depassement SLA" ?
    --------------------------------------------------
    On a verifie plus tot que dans ce dataset, AUCUN ticket ne depasse jamais
    son SLA (marge toujours >= 0). Une cible sans variance ne peut pas etre
    apprise par un modele. On suit donc la meme demarche que dans le rapport
    de reference : on remplace "depassement SLA" par "risque de resolution
    longue" (long MTTR), qui lui a une vraie variance dans les donnees.

    Definition retenue : un ticket est marque "resolution longue" (1) si
    sa duree de resolution reelle depasse le 75e percentile de l'ensemble
    des tickets. Sinon (0). Ce seuil est calcule automatiquement sur les
    donnees, pas fixe a la main.
*/

with base as (

    select * from "itsm_db"."silver"."silver_itsm_tickets"

),

with_durations as (

    select
        *,

        -- Durees reelles, en minutes
        extract(epoch from (first_response_time - created_time)) / 60
            as first_response_minutes,
        extract(epoch from (resolution_time - created_time)) / 60
            as resolution_minutes,
        extract(epoch from (close_time - created_time)) / 60
            as close_minutes,

        -- Bruit deterministe (+/- 60 min), seede sur ticket_id : simule la variabilite
        -- reelle (charge de travail, complexite imprevue) absente du dataset synthetique.
        -- Sans ce bruit, priority determine resolution_minutes de facon quasi parfaite
        -- (ecart-type ~6 min), ce qui rend toute prediction triviale (score parfait).
        (hashtext(ticket_id) % 121 - 60)::float as noise_minutes,

        -- Marge SLA : temps restant avant la limite (peut etre negatif si depasse)
        extract(epoch from (expected_sla_to_first_response - first_response_time)) / 60
            as sla_margin_first_response_min,
        extract(epoch from (expected_sla_to_resolve - resolution_time)) / 60
            as sla_margin_resolution_min,

        -- Variables temporelles utiles pour reperer des tendances (charge par heure, jour...)
        extract(hour from created_time)          as created_hour,
        to_char(created_time, 'Day')             as created_dayofweek,
        to_char(created_time, 'Month')           as created_month,
        date(created_time)                       as created_date,

        -- Longueur de la description : un proxy simple de complexite du ticket,
        -- utile plus tard pour le module NLP
        length(incident_description)             as description_length,

        -- Fenetre SLA (minutes) : utilisee par le moteur de decision (urgence)
        extract(epoch from (expected_sla_to_resolve - created_time)) / 60
            as sla_window_minutes

    from base

),

with_realistic_duration as (

    select
        *,
        greatest(resolution_minutes + noise_minutes, 5) as resolution_minutes_realistic

    from with_durations

),

percentile_calc as (

    select
        percentile_cont(0.75) within group (order by resolution_minutes_realistic)
            as resolution_p75_threshold
    from with_realistic_duration
    where resolution_minutes_realistic is not null

),

with_target as (

    select
        w.*,
        p.resolution_p75_threshold

    from with_realistic_duration w
    cross join percentile_calc p
    where w.resolution_minutes_realistic is not null

)

select
    ticket_id,
    status,
    priority,
    priority_rank,
    source,
    topic,
    agent_group,
    product_group,

    created_time,
    created_date,
    created_hour,
    trim(created_dayofweek)  as created_dayofweek,
    trim(created_month)      as created_month,

    first_response_minutes,
    resolution_minutes,
    resolution_minutes_realistic,
    close_minutes,

    sla_margin_first_response_min,
    sla_margin_resolution_min,

    description_length,
    has_solution,
    sla_window_minutes,

    resolution_p75_threshold,

    -- LA CIBLE : basee sur la duree "realiste" (avec bruit), pas la duree brute
    case
        when resolution_minutes_realistic >= resolution_p75_threshold then 1
        else 0
    end as long_resolution_flag

from with_target
  );
  
[0m15:59:39.435613 [debug] [Thread-3 (]: Opening a new connection, currently in state init
[0m15:59:40.755957 [debug] [Thread-3 (]: SQL status: SELECT 100000 in 1.316 seconds
[0m15:59:40.761568 [debug] [Thread-3 (]: Using postgres connection "model.itsm_dbt.gold_itsm_tickets"
[0m15:59:40.764595 [debug] [Thread-3 (]: On model.itsm_dbt.gold_itsm_tickets: /* {"app": "dbt", "dbt_version": "1.11.12", "profile_name": "itsm_dbt", "target_name": "dev", "node_id": "model.itsm_dbt.gold_itsm_tickets"} */
alter table "itsm_db"."gold"."gold_itsm_tickets" rename to "gold_itsm_tickets__dbt_backup"
[0m15:59:40.764595 [debug] [Thread-3 (]: SQL status: ALTER TABLE in 0.001 seconds
[0m15:59:40.771994 [debug] [Thread-3 (]: Using postgres connection "model.itsm_dbt.gold_itsm_tickets"
[0m15:59:40.773762 [debug] [Thread-3 (]: On model.itsm_dbt.gold_itsm_tickets: /* {"app": "dbt", "dbt_version": "1.11.12", "profile_name": "itsm_dbt", "target_name": "dev", "node_id": "model.itsm_dbt.gold_itsm_tickets"} */
alter table "itsm_db"."gold"."gold_itsm_tickets__dbt_tmp" rename to "gold_itsm_tickets"
[0m15:59:40.776046 [debug] [Thread-3 (]: SQL status: ALTER TABLE in 0.001 seconds
[0m15:59:40.778758 [debug] [Thread-3 (]: On model.itsm_dbt.gold_itsm_tickets: COMMIT
[0m15:59:40.779898 [debug] [Thread-3 (]: Using postgres connection "model.itsm_dbt.gold_itsm_tickets"
[0m15:59:40.780990 [debug] [Thread-3 (]: On model.itsm_dbt.gold_itsm_tickets: COMMIT
[0m15:59:40.812230 [debug] [Thread-3 (]: SQL status: COMMIT in 0.030 seconds
[0m15:59:40.818914 [debug] [Thread-3 (]: Applying DROP to: "itsm_db"."gold"."gold_itsm_tickets__dbt_backup"
[0m15:59:40.821372 [debug] [Thread-3 (]: Using postgres connection "model.itsm_dbt.gold_itsm_tickets"
[0m15:59:40.823010 [debug] [Thread-3 (]: On model.itsm_dbt.gold_itsm_tickets: /* {"app": "dbt", "dbt_version": "1.11.12", "profile_name": "itsm_dbt", "target_name": "dev", "node_id": "model.itsm_dbt.gold_itsm_tickets"} */
drop table if exists "itsm_db"."gold"."gold_itsm_tickets__dbt_backup" cascade
[0m15:59:40.832826 [debug] [Thread-3 (]: SQL status: DROP TABLE in 0.007 seconds
[0m15:59:40.837674 [debug] [Thread-3 (]: On model.itsm_dbt.gold_itsm_tickets: Close
[0m15:59:40.840037 [debug] [Thread-3 (]: Sending event: {'category': 'dbt', 'action': 'run_model', 'label': '8b1a01f1-992d-4401-be8a-f1c419d3d808', 'context': [<snowplow_tracker.self_describing_json.SelfDescribingJson object at 0x0000020E73FDB5C0>]}
[0m15:59:40.844225 [info ] [Thread-3 (]: 2 of 2 OK created sql table model gold.gold_itsm_tickets ....................... [[32mSELECT 100000[0m in 1.43s]
[0m15:59:40.848282 [debug] [Thread-3 (]: Finished running node model.itsm_dbt.gold_itsm_tickets
[0m15:59:40.853124 [debug] [MainThread]: On master: COMMIT
[0m15:59:40.856141 [debug] [MainThread]: Using postgres connection "master"
[0m15:59:40.859458 [debug] [MainThread]: On master: COMMIT
[0m15:59:40.860624 [debug] [MainThread]: Opening a new connection, currently in state closed
[0m15:59:40.903901 [debug] [MainThread]: SQL status: COMMIT in 0.042 seconds
[0m15:59:40.906547 [debug] [MainThread]: On master: Close
[0m15:59:40.908980 [debug] [MainThread]: Connection 'master' was properly closed.
[0m15:59:40.911670 [debug] [MainThread]: Connection 'list_itsm_db' was properly closed.
[0m15:59:40.913427 [debug] [MainThread]: Connection 'list_itsm_db' was properly closed.
[0m15:59:40.913427 [debug] [MainThread]: Connection 'list_itsm_db_gold' was properly closed.
[0m15:59:40.913427 [debug] [MainThread]: Connection 'list_itsm_db_silver' was properly closed.
[0m15:59:40.913427 [debug] [MainThread]: Connection 'model.itsm_dbt.silver_itsm_tickets' was properly closed.
[0m15:59:40.920134 [debug] [MainThread]: Connection 'model.itsm_dbt.gold_itsm_tickets' was properly closed.
[0m15:59:40.920134 [info ] [MainThread]: 
[0m15:59:40.920134 [info ] [MainThread]: Finished running 2 table models in 0 hours 0 minutes and 4.04 seconds (4.04s).
[0m15:59:40.929655 [debug] [MainThread]: Command end result
[0m15:59:41.034104 [debug] [MainThread]: Wrote artifact WritableManifest to C:\Users\ahmed\Desktop\data science\itsm_project\dbt_project\target\manifest.json
[0m15:59:41.042044 [debug] [MainThread]: Wrote artifact SemanticManifest to C:\Users\ahmed\Desktop\data science\itsm_project\dbt_project\target\semantic_manifest.json
[0m15:59:41.065664 [debug] [MainThread]: Wrote artifact RunExecutionResult to C:\Users\ahmed\Desktop\data science\itsm_project\dbt_project\target\run_results.json
[0m15:59:41.068687 [info ] [MainThread]: 
[0m15:59:41.071567 [info ] [MainThread]: [32mCompleted successfully[0m
[0m15:59:41.077366 [info ] [MainThread]: 
[0m15:59:41.083199 [info ] [MainThread]: Done. PASS=2 WARN=0 ERROR=0 SKIP=0 NO-OP=0 TOTAL=2
[0m15:59:41.089880 [debug] [MainThread]: Command `dbt run` succeeded at 15:59:41.089880 after 5.88 seconds
[0m15:59:41.094057 [debug] [MainThread]: Sending event: {'category': 'dbt', 'action': 'invocation', 'label': 'end', 'context': [<snowplow_tracker.self_describing_json.SelfDescribingJson object at 0x0000020E6F3C7530>, <snowplow_tracker.self_describing_json.SelfDescribingJson object at 0x0000020E6E5B19D0>, <snowplow_tracker.self_describing_json.SelfDescribingJson object at 0x0000020E72273020>]}
[0m15:59:41.096588 [debug] [MainThread]: Flushing usage events
[0m15:59:42.542764 [debug] [MainThread]: An error was encountered while trying to flush usage events
[0m20:13:07.526397 [debug] [MainThread]: Sending event: {'category': 'dbt', 'action': 'invocation', 'label': 'start', 'context': [<snowplow_tracker.self_describing_json.SelfDescribingJson object at 0x0000017A7BADA840>, <snowplow_tracker.self_describing_json.SelfDescribingJson object at 0x0000017A7BEC68D0>, <snowplow_tracker.self_describing_json.SelfDescribingJson object at 0x0000017A7BEC6D20>]}


============================== 20:13:07.537022 | f67e0cab-cc82-4ae8-82c3-14afa3dbcc70 ==============================
[0m20:13:07.537022 [info ] [MainThread]: Running with dbt=1.11.12
[0m20:13:07.543380 [debug] [MainThread]: running dbt with arguments {'version_check': 'True', 'no_print': 'None', 'static_parser': 'True', 'warn_error_options': 'WarnErrorOptionsV2(error=[], warn=[], silence=[])', 'target_path': 'None', 'printer_width': '80', 'write_json': 'True', 'empty': 'None', 'log_cache_events': 'False', 'introspect': 'True', 'cache_selected_only': 'False', 'log_format': 'default', 'debug': 'False', 'fail_fast': 'False', 'partial_parse': 'True', 'send_anonymous_usage_stats': 'True', 'quiet': 'False', 'warn_error': 'None', 'profiles_dir': '.', 'invocation_command': 'dbt debug --profiles-dir .', 'indirect_selection': 'eager', 'use_colors': 'True', 'use_experimental_parser': 'False', 'log_path': 'C:\\Users\\ahmed\\Desktop\\data science\\itsm_project\\dbt_project\\logs'}
[0m20:13:07.587593 [info ] [MainThread]: dbt version: 1.11.12
[0m20:13:07.589599 [info ] [MainThread]: python version: 3.12.0
[0m20:13:07.590605 [info ] [MainThread]: python path: C:\Users\ahmed\AppData\Local\Programs\Python\Python312\python.exe
[0m20:13:07.590605 [info ] [MainThread]: os info: Windows-11-10.0.26200-SP0
[0m20:13:07.690009 [info ] [MainThread]: Using profiles dir at .
[0m20:13:07.690009 [info ] [MainThread]: Using profiles.yml file at .\profiles.yml
[0m20:13:07.690009 [info ] [MainThread]: Using dbt_project.yml file at C:\Users\ahmed\Desktop\data science\itsm_project\dbt_project\dbt_project.yml
[0m20:13:07.690009 [info ] [MainThread]: adapter type: postgres
[0m20:13:07.690009 [info ] [MainThread]: adapter version: 1.10.2
[0m20:13:07.834703 [info ] [MainThread]: Configuration:
[0m20:13:07.834703 [info ] [MainThread]:   profiles.yml file [[32mOK found and valid[0m]
[0m20:13:07.834703 [info ] [MainThread]:   dbt_project.yml file [[32mOK found and valid[0m]
[0m20:13:07.834703 [info ] [MainThread]: Required dependencies:
[0m20:13:07.834703 [debug] [MainThread]: Executing "git --help"
[0m20:13:07.943473 [debug] [MainThread]: STDOUT: "b"usage: git [-v | --version] [-h | --help] [-C <path>] [-c <name>=<value>]\n           [--exec-path[=<path>]] [--html-path] [--man-path] [--info-path]\n           [-p | --paginate | -P | --no-pager] [--no-replace-objects] [--no-lazy-fetch]\n           [--no-optional-locks] [--no-advice] [--bare] [--git-dir=<path>]\n           [--work-tree=<path>] [--namespace=<name>] [--config-env=<name>=<envvar>]\n           <command> [<args>]\n\nThese are common Git commands used in various situations:\n\nstart a working area (see also: git help tutorial)\n   clone      Clone a repository into a new directory\n   init       Create an empty Git repository or reinitialize an existing one\n\nwork on the current change (see also: git help everyday)\n   add        Add file contents to the index\n   mv         Move or rename a file, a directory, or a symlink\n   restore    Restore working tree files\n   rm         Remove files from the working tree and from the index\n\nexamine the history and state (see also: git help revisions)\n   bisect     Use binary search to find the commit that introduced a bug\n   diff       Show changes between commits, commit and working tree, etc\n   grep       Print lines matching a pattern\n   log        Show commit logs\n   show       Show various types of objects\n   status     Show the working tree status\n\ngrow, mark and tweak your common history\n   backfill   Download missing objects in a partial clone\n   branch     List, create, or delete branches\n   commit     Record changes to the repository\n   history    EXPERIMENTAL: Rewrite history\n   merge      Join two or more development histories together\n   rebase     Reapply commits on top of another base tip\n   reset      Set `HEAD` or the index to a known state\n   switch     Switch branches\n   tag        Create, list, delete or verify tags\n\ncollaborate (see also: git help workflows)\n   fetch      Download objects and refs from another repository\n   pull       Fetch from and integrate with another repository or a local branch\n   push       Update remote refs along with associated objects\n\n'git help -a' and 'git help -g' list available subcommands and some\nconcept guides. See 'git help <command>' or 'git help <concept>'\nto read about a specific subcommand or concept.\nSee 'git help git' for an overview of the system.\n""
[0m20:13:07.943473 [debug] [MainThread]: STDERR: "b''"
[0m20:13:07.947993 [info ] [MainThread]:  - git [[32mOK found[0m]

[0m20:13:07.950002 [info ] [MainThread]: Connection:
[0m20:13:07.952011 [info ] [MainThread]:   host: localhost
[0m20:13:07.954019 [info ] [MainThread]:   port: 5432
[0m20:13:07.954696 [info ] [MainThread]:   user: postgres
[0m20:13:07.954696 [info ] [MainThread]:   database: itsm_db
[0m20:13:07.956704 [info ] [MainThread]:   schema: public
[0m20:13:07.956704 [info ] [MainThread]:   connect_timeout: 10
[0m20:13:07.958712 [info ] [MainThread]:   role: None
[0m20:13:07.958712 [info ] [MainThread]:   search_path: None
[0m20:13:07.958712 [info ] [MainThread]:   keepalives_idle: 0
[0m20:13:07.958712 [info ] [MainThread]:   sslmode: None
[0m20:13:07.958712 [info ] [MainThread]:   sslcert: None
[0m20:13:07.958712 [info ] [MainThread]:   sslkey: None
[0m20:13:07.958712 [info ] [MainThread]:   sslrootcert: None
[0m20:13:07.969779 [info ] [MainThread]:   application_name: dbt
[0m20:13:07.969779 [info ] [MainThread]:   retries: 1
[0m20:13:07.969779 [info ] [MainThread]: Registered adapter: postgres=1.10.2
[0m20:13:08.492126 [debug] [MainThread]: Acquiring new postgres connection 'debug'
[0m20:13:08.645900 [debug] [MainThread]: Using postgres connection "debug"
[0m20:13:08.645900 [debug] [MainThread]: On debug: select 1 as id
[0m20:13:08.645900 [debug] [MainThread]: Opening a new connection, currently in state init
[0m20:13:08.667105 [debug] [MainThread]: SQL status: SELECT 1 in 0.031 seconds
[0m20:13:08.682917 [debug] [MainThread]: On debug: Close
[0m20:13:08.682917 [info ] [MainThread]:   Connection test: [[32mOK connection ok[0m]

[0m20:13:08.682917 [info ] [MainThread]: [32mAll checks passed![0m
[0m20:13:08.689700 [debug] [MainThread]: Command `dbt debug` succeeded at 20:13:08.689144 after 1.32 seconds
[0m20:13:08.690798 [debug] [MainThread]: Connection 'debug' was properly closed.
[0m20:13:08.692434 [debug] [MainThread]: Sending event: {'category': 'dbt', 'action': 'invocation', 'label': 'end', 'context': [<snowplow_tracker.self_describing_json.SelfDescribingJson object at 0x0000017A7BF8E6F0>, <snowplow_tracker.self_describing_json.SelfDescribingJson object at 0x0000017A7B9D7290>, <snowplow_tracker.self_describing_json.SelfDescribingJson object at 0x0000017A7C55B5C0>]}
[0m20:13:08.693536 [debug] [MainThread]: Flushing usage events
[0m20:13:09.727201 [debug] [MainThread]: An error was encountered while trying to flush usage events
[0m20:13:28.587653 [debug] [MainThread]: Sending event: {'category': 'dbt', 'action': 'invocation', 'label': 'start', 'context': [<snowplow_tracker.self_describing_json.SelfDescribingJson object at 0x000001477EC8EFF0>, <snowplow_tracker.self_describing_json.SelfDescribingJson object at 0x000001477F9BE570>, <snowplow_tracker.self_describing_json.SelfDescribingJson object at 0x0000014702C9B320>]}


============================== 20:13:28.599591 | e150293f-7e06-4e38-ab5e-7cefb2fd3ae4 ==============================
[0m20:13:28.599591 [info ] [MainThread]: Running with dbt=1.11.12
[0m20:13:28.599591 [debug] [MainThread]: running dbt with arguments {'version_check': 'True', 'no_print': 'None', 'static_parser': 'True', 'warn_error_options': 'WarnErrorOptionsV2(error=[], warn=[], silence=[])', 'target_path': 'None', 'printer_width': '80', 'write_json': 'True', 'introspect': 'True', 'log_cache_events': 'False', 'empty': 'False', 'cache_selected_only': 'False', 'fail_fast': 'False', 'debug': 'False', 'log_format': 'default', 'partial_parse': 'True', 'send_anonymous_usage_stats': 'True', 'quiet': 'False', 'warn_error': 'None', 'profiles_dir': '.', 'invocation_command': 'dbt run --profiles-dir .', 'use_colors': 'True', 'indirect_selection': 'eager', 'use_experimental_parser': 'False', 'log_path': 'C:\\Users\\ahmed\\Desktop\\data science\\itsm_project\\dbt_project\\logs'}
[0m20:13:28.866858 [debug] [MainThread]: Sending event: {'category': 'dbt', 'action': 'project_id', 'label': 'e150293f-7e06-4e38-ab5e-7cefb2fd3ae4', 'context': [<snowplow_tracker.self_describing_json.SelfDescribingJson object at 0x0000014702C85BE0>]}
[0m20:13:28.961863 [debug] [MainThread]: Sending event: {'category': 'dbt', 'action': 'adapter_info', 'label': 'e150293f-7e06-4e38-ab5e-7cefb2fd3ae4', 'context': [<snowplow_tracker.self_describing_json.SelfDescribingJson object at 0x0000014702234740>]}
[0m20:13:28.961863 [info ] [MainThread]: Registered adapter: postgres=1.10.2
[0m20:13:29.469711 [debug] [MainThread]: checksum: f368f5348cf42803b94ef7fb8257ecf3bf9a9a16dd9c8c51fe5172f2dbeb457f, vars: {}, profile: , target: , version: 1.11.12
[0m20:13:29.675773 [debug] [MainThread]: Partial parsing enabled: 0 files deleted, 0 files added, 0 files changed.
[0m20:13:29.675773 [debug] [MainThread]: Nothing changed, skipping partial parsing.
[0m20:13:29.675773 [debug] [MainThread]: Partial parsing enabled, no changes found, skipping parsing
[0m20:13:29.729073 [debug] [MainThread]: Sending event: {'category': 'dbt', 'action': 'load_project', 'label': 'e150293f-7e06-4e38-ab5e-7cefb2fd3ae4', 'context': [<snowplow_tracker.self_describing_json.SelfDescribingJson object at 0x0000014702DB0950>]}
[0m20:13:29.817591 [debug] [MainThread]: Wrote artifact WritableManifest to C:\Users\ahmed\Desktop\data science\itsm_project\dbt_project\target\manifest.json
[0m20:13:29.817591 [debug] [MainThread]: Wrote artifact SemanticManifest to C:\Users\ahmed\Desktop\data science\itsm_project\dbt_project\target\semantic_manifest.json
[0m20:13:29.849490 [debug] [MainThread]: Sending event: {'category': 'dbt', 'action': 'resource_counts', 'label': 'e150293f-7e06-4e38-ab5e-7cefb2fd3ae4', 'context': [<snowplow_tracker.self_describing_json.SelfDescribingJson object at 0x000001470439B6E0>]}
[0m20:13:29.849490 [info ] [MainThread]: Found 2 models, 1 source, 476 macros
[0m20:13:29.849490 [debug] [MainThread]: Sending event: {'category': 'dbt', 'action': 'runnable_timing', 'label': 'e150293f-7e06-4e38-ab5e-7cefb2fd3ae4', 'context': [<snowplow_tracker.self_describing_json.SelfDescribingJson object at 0x0000014704408620>]}
[0m20:13:29.856721 [info ] [MainThread]: 
[0m20:13:29.856721 [info ] [MainThread]: Concurrency: 4 threads (target='dev')
[0m20:13:29.858729 [info ] [MainThread]: 
[0m20:13:29.858729 [debug] [MainThread]: Acquiring new postgres connection 'master'
[0m20:13:29.864755 [debug] [ThreadPool]: Acquiring new postgres connection 'list_itsm_db'
[0m20:13:29.864755 [debug] [ThreadPool]: Acquiring new postgres connection 'list_itsm_db'
[0m20:13:29.993193 [debug] [ThreadPool]: Using postgres connection "list_itsm_db"
[0m20:13:29.993193 [debug] [ThreadPool]: Using postgres connection "list_itsm_db"
[0m20:13:29.993193 [debug] [ThreadPool]: On list_itsm_db: /* {"app": "dbt", "dbt_version": "1.11.12", "profile_name": "itsm_dbt", "target_name": "dev", "connection_name": "list_itsm_db"} */

    select distinct nspname from pg_namespace
  
[0m20:13:29.993193 [debug] [ThreadPool]: On list_itsm_db: /* {"app": "dbt", "dbt_version": "1.11.12", "profile_name": "itsm_dbt", "target_name": "dev", "connection_name": "list_itsm_db"} */

    select distinct nspname from pg_namespace
  
[0m20:13:30.008212 [debug] [ThreadPool]: Opening a new connection, currently in state init
[0m20:13:30.010221 [debug] [ThreadPool]: Opening a new connection, currently in state init
[0m20:13:30.039759 [debug] [ThreadPool]: SQL status: SELECT 7 in 0.037 seconds
[0m20:13:30.039759 [debug] [ThreadPool]: SQL status: SELECT 7 in 0.036 seconds
[0m20:13:30.039759 [debug] [ThreadPool]: On list_itsm_db: Close
[0m20:13:30.039759 [debug] [ThreadPool]: On list_itsm_db: Close
[0m20:13:30.039759 [debug] [ThreadPool]: Acquiring new postgres connection 'list_itsm_db_gold'
[0m20:13:30.039759 [debug] [ThreadPool]: Acquiring new postgres connection 'list_itsm_db_silver'
[0m20:13:30.061457 [debug] [ThreadPool]: Using postgres connection "list_itsm_db_gold"
[0m20:13:30.061457 [debug] [ThreadPool]: Using postgres connection "list_itsm_db_silver"
[0m20:13:30.061457 [debug] [ThreadPool]: On list_itsm_db_gold: /* {"app": "dbt", "dbt_version": "1.11.12", "profile_name": "itsm_dbt", "target_name": "dev", "connection_name": "list_itsm_db_gold"} */
select
      'itsm_db' as database,
      tablename as name,
      schemaname as schema,
      'table' as type
    from pg_tables
    where schemaname ilike 'gold'
    union all
    select
      'itsm_db' as database,
      viewname as name,
      schemaname as schema,
      'view' as type
    from pg_views
    where schemaname ilike 'gold'
    union all
    select
      'itsm_db' as database,
      matviewname as name,
      schemaname as schema,
      'materialized_view' as type
    from pg_matviews
    where schemaname ilike 'gold'
  
[0m20:13:30.061457 [debug] [ThreadPool]: On list_itsm_db_silver: /* {"app": "dbt", "dbt_version": "1.11.12", "profile_name": "itsm_dbt", "target_name": "dev", "connection_name": "list_itsm_db_silver"} */
select
      'itsm_db' as database,
      tablename as name,
      schemaname as schema,
      'table' as type
    from pg_tables
    where schemaname ilike 'silver'
    union all
    select
      'itsm_db' as database,
      viewname as name,
      schemaname as schema,
      'view' as type
    from pg_views
    where schemaname ilike 'silver'
    union all
    select
      'itsm_db' as database,
      matviewname as name,
      schemaname as schema,
      'materialized_view' as type
    from pg_matviews
    where schemaname ilike 'silver'
  
[0m20:13:30.061457 [debug] [ThreadPool]: Opening a new connection, currently in state init
[0m20:13:30.061457 [debug] [ThreadPool]: Opening a new connection, currently in state init
[0m20:13:30.105894 [debug] [ThreadPool]: SQL status: SELECT 3 in 0.039 seconds
[0m20:13:30.105894 [debug] [ThreadPool]: SQL status: SELECT 1 in 0.039 seconds
[0m20:13:30.105894 [debug] [ThreadPool]: On list_itsm_db_gold: ROLLBACK
[0m20:13:30.105894 [debug] [ThreadPool]: On list_itsm_db_silver: ROLLBACK
[0m20:13:30.105894 [debug] [ThreadPool]: On list_itsm_db_gold: Close
[0m20:13:30.105894 [debug] [ThreadPool]: On list_itsm_db_silver: Close
[0m20:13:30.122817 [debug] [MainThread]: Using postgres connection "master"
[0m20:13:30.124825 [debug] [MainThread]: On master: /* {"app": "dbt", "dbt_version": "1.11.12", "profile_name": "itsm_dbt", "target_name": "dev", "connection_name": "master"} */
select distinct
        dependent_namespace.nspname as dependent_schema,
        dependent_class.relname as dependent_name,
        referenced_namespace.nspname as referenced_schema,
        referenced_class.relname as referenced_name

    -- Query for views: views are entries in pg_class with an entry in pg_rewrite, but we avoid
    -- a seq scan on pg_rewrite by leveraging the fact there is an "internal" row in pg_depend for
    -- the view...
    from pg_class as dependent_class
    join pg_namespace as dependent_namespace on dependent_namespace.oid = dependent_class.relnamespace
    join pg_depend as dependent_depend on dependent_depend.refobjid = dependent_class.oid
        and dependent_depend.classid = 'pg_rewrite'::regclass
        and dependent_depend.refclassid = 'pg_class'::regclass
        and dependent_depend.deptype = 'i'

    -- ... and via pg_depend (that has a row per column, hence the need for "distinct" above, and
    -- making sure to exclude the internal row to avoid a view appearing to depend on itself)...
    join pg_depend as joining_depend on joining_depend.objid = dependent_depend.objid
        and joining_depend.classid = 'pg_rewrite'::regclass
        and joining_depend.refclassid = 'pg_class'::regclass
        and joining_depend.refobjid != dependent_depend.refobjid

    -- ... we can find the tables they query from in pg_class, but excluding system tables. Note we
    -- don't need need to exclude _dependent_ system tables, because they only query from other
    -- system tables, and so are automatically excluded by excluding _referenced_ system tables
    join pg_class as referenced_class on referenced_class.oid = joining_depend.refobjid
    join pg_namespace as referenced_namespace on referenced_namespace.oid = referenced_class.relnamespace
        and referenced_namespace.nspname != 'information_schema'
        and referenced_namespace.nspname not like 'pg\_%'

    order by
        dependent_schema, dependent_name, referenced_schema, referenced_name;
[0m20:13:30.124825 [debug] [MainThread]: Opening a new connection, currently in state init
[0m20:13:30.166307 [debug] [MainThread]: SQL status: SELECT 0 in 0.044 seconds
[0m20:13:30.171873 [debug] [MainThread]: Sending event: {'category': 'dbt', 'action': 'runnable_timing', 'label': 'e150293f-7e06-4e38-ab5e-7cefb2fd3ae4', 'context': [<snowplow_tracker.self_describing_json.SelfDescribingJson object at 0x0000014704439E20>]}
[0m20:13:30.171873 [debug] [MainThread]: On master: ROLLBACK
[0m20:13:30.171873 [debug] [MainThread]: On master: COMMIT
[0m20:13:30.171873 [debug] [MainThread]: Using postgres connection "master"
[0m20:13:30.171873 [debug] [MainThread]: On master: COMMIT
[0m20:13:30.179193 [debug] [MainThread]: SQL status: COMMIT in 0.001 seconds
[0m20:13:30.182210 [debug] [MainThread]: On master: Close
[0m20:13:30.189160 [debug] [Thread-1 (]: Began running node model.itsm_dbt.silver_itsm_tickets
[0m20:13:30.189160 [info ] [Thread-1 (]: 1 of 2 START sql table model silver.silver_itsm_tickets ........................ [RUN]
[0m20:13:30.189160 [debug] [Thread-1 (]: Acquiring new postgres connection 'model.itsm_dbt.silver_itsm_tickets'
[0m20:13:30.189160 [debug] [Thread-1 (]: Began compiling node model.itsm_dbt.silver_itsm_tickets
[0m20:13:30.198891 [debug] [Thread-1 (]: Writing injected SQL for node "model.itsm_dbt.silver_itsm_tickets"
[0m20:13:30.198891 [debug] [Thread-1 (]: Began executing node model.itsm_dbt.silver_itsm_tickets
[0m20:13:30.246307 [debug] [Thread-1 (]: Writing runtime sql for node "model.itsm_dbt.silver_itsm_tickets"
[0m20:13:30.246307 [debug] [Thread-1 (]: Using postgres connection "model.itsm_dbt.silver_itsm_tickets"
[0m20:13:30.246307 [debug] [Thread-1 (]: On model.itsm_dbt.silver_itsm_tickets: /* {"app": "dbt", "dbt_version": "1.11.12", "profile_name": "itsm_dbt", "target_name": "dev", "node_id": "model.itsm_dbt.silver_itsm_tickets"} */

  
    

  create  table "itsm_db"."silver"."silver_itsm_tickets__dbt_tmp"
  
  
    as
  
  (
    /*
    silver_itsm_tickets.sql
    ------------------------
    ETAPE 2 : nettoyage des donnees (couche Silver).

    Ce modele part de bronze.itsm_tickets_raw (donnees brutes, tout en texte,
    non modifiees) et produit une version propre :
      - espaces superflus retires
      - valeurs vides transformees en vrai NULL (au lieu de chaines vides)
      - dates transformees de texte vers un vrai type TIMESTAMP
      - une ligne par ticket_id (protection anti-doublon)
      - Priority transforme aussi en version numerique ordonnee (priority_rank)
        pour faciliter les futurs tris/graphiques

    C'est l'equivalent SQL exact de ce qu'on avait fait avec pandas dans le
    notebook ITSM_Dataset_Organized.ipynb, mais cette fois le nettoyage vit
    dans la base de donnees et peut etre re-execute a tout moment avec `dbt run`.
*/

with source as (

    select * from "itsm_db"."bronze"."itsm_tickets_raw"

),

cleaned as (

    select
        nullif(trim(ticket_id), '')            as ticket_id,
        nullif(trim(status), '')                as status,
        nullif(trim(priority), '')              as priority,
        nullif(trim(source), '')                as source,
        nullif(trim(topic), '')                 as topic,
        nullif(trim(agent_group), '')           as agent_group,
        nullif(trim(product_group), '')         as product_group,

        -- Conversion des dates : texte "04/07/2024 12:42" -> vrai TIMESTAMP
        to_timestamp(nullif(trim(created_time), ''), 'DD/MM/YYYY HH24:MI')
            as created_time,
        to_timestamp(nullif(trim(expected_sla_to_resolve), ''), 'DD/MM/YYYY HH24:MI')
            as expected_sla_to_resolve,
        to_timestamp(nullif(trim(expected_sla_to_first_response), ''), 'DD/MM/YYYY HH24:MI')
            as expected_sla_to_first_response,
        to_timestamp(nullif(trim(first_response_time), ''), 'DD/MM/YYYY HH24:MI')
            as first_response_time,
        to_timestamp(nullif(trim(resolution_time), ''), 'DD/MM/YYYY HH24:MI')
            as resolution_time,
        to_timestamp(nullif(trim(close_time), ''), 'DD/MM/YYYY HH24:MI')
            as close_time,

        nullif(trim(incident_description), '') as incident_description,
        nullif(trim(solution_used), '')         as solution_used,

        -- Version numerique ordonnee de la priorite (utile pour trier/filtrer)
        case trim(priority)
            when 'Low'      then 1
            when 'Medium'   then 2
            when 'High'     then 3
            when 'Critical' then 4
            else null
        end as priority_rank,

        -- On garde une trace : est-ce que ce ticket a une solution renseignee ?
        (nullif(trim(solution_used), '') is not null) as has_solution

    from source

),

deduplicated as (

    select *,
        row_number() over (partition by ticket_id order by ticket_id) as row_num
    from cleaned
    where ticket_id is not null

)

select
    ticket_id,
    status,
    priority,
    priority_rank,
    source,
    topic,
    agent_group,
    product_group,
    created_time,
    expected_sla_to_resolve,
    expected_sla_to_first_response,
    first_response_time,
    resolution_time,
    close_time,
    incident_description,
    solution_used,
    has_solution
from deduplicated
where row_num = 1
  );
  
[0m20:13:30.262258 [debug] [Thread-1 (]: Opening a new connection, currently in state init
[0m20:13:32.142361 [debug] [Thread-1 (]: SQL status: SELECT 100000 in 1.880 seconds
[0m20:13:32.156857 [debug] [Thread-1 (]: Using postgres connection "model.itsm_dbt.silver_itsm_tickets"
[0m20:13:32.157859 [debug] [Thread-1 (]: On model.itsm_dbt.silver_itsm_tickets: /* {"app": "dbt", "dbt_version": "1.11.12", "profile_name": "itsm_dbt", "target_name": "dev", "node_id": "model.itsm_dbt.silver_itsm_tickets"} */
alter table "itsm_db"."silver"."silver_itsm_tickets" rename to "silver_itsm_tickets__dbt_backup"
[0m20:13:32.159859 [debug] [Thread-1 (]: SQL status: ALTER TABLE in 0.001 seconds
[0m20:13:32.164858 [debug] [Thread-1 (]: Using postgres connection "model.itsm_dbt.silver_itsm_tickets"
[0m20:13:32.165862 [debug] [Thread-1 (]: On model.itsm_dbt.silver_itsm_tickets: /* {"app": "dbt", "dbt_version": "1.11.12", "profile_name": "itsm_dbt", "target_name": "dev", "node_id": "model.itsm_dbt.silver_itsm_tickets"} */
alter table "itsm_db"."silver"."silver_itsm_tickets__dbt_tmp" rename to "silver_itsm_tickets"
[0m20:13:32.168407 [debug] [Thread-1 (]: SQL status: ALTER TABLE in 0.001 seconds
[0m20:13:32.192284 [debug] [Thread-1 (]: On model.itsm_dbt.silver_itsm_tickets: COMMIT
[0m20:13:32.194396 [debug] [Thread-1 (]: Using postgres connection "model.itsm_dbt.silver_itsm_tickets"
[0m20:13:32.194396 [debug] [Thread-1 (]: On model.itsm_dbt.silver_itsm_tickets: COMMIT
[0m20:13:32.246416 [debug] [Thread-1 (]: SQL status: COMMIT in 0.057 seconds
[0m20:13:32.263407 [debug] [Thread-1 (]: Applying DROP to: "itsm_db"."silver"."silver_itsm_tickets__dbt_backup"
[0m20:13:32.269935 [debug] [Thread-1 (]: Using postgres connection "model.itsm_dbt.silver_itsm_tickets"
[0m20:13:32.271942 [debug] [Thread-1 (]: On model.itsm_dbt.silver_itsm_tickets: /* {"app": "dbt", "dbt_version": "1.11.12", "profile_name": "itsm_dbt", "target_name": "dev", "node_id": "model.itsm_dbt.silver_itsm_tickets"} */
drop table if exists "itsm_db"."silver"."silver_itsm_tickets__dbt_backup" cascade
[0m20:13:32.278576 [debug] [Thread-1 (]: SQL status: DROP TABLE in 0.008 seconds
[0m20:13:32.285529 [debug] [Thread-1 (]: On model.itsm_dbt.silver_itsm_tickets: Close
[0m20:13:32.288550 [debug] [Thread-1 (]: Sending event: {'category': 'dbt', 'action': 'run_model', 'label': 'e150293f-7e06-4e38-ab5e-7cefb2fd3ae4', 'context': [<snowplow_tracker.self_describing_json.SelfDescribingJson object at 0x0000014701D37FE0>]}
[0m20:13:32.290565 [info ] [Thread-1 (]: 1 of 2 OK created sql table model silver.silver_itsm_tickets ................... [[32mSELECT 100000[0m in 2.10s]
[0m20:13:32.293667 [debug] [Thread-1 (]: Finished running node model.itsm_dbt.silver_itsm_tickets
[0m20:13:32.294272 [debug] [Thread-3 (]: Began running node model.itsm_dbt.gold_itsm_tickets
[0m20:13:32.294272 [info ] [Thread-3 (]: 2 of 2 START sql table model gold.gold_itsm_tickets ............................ [RUN]
[0m20:13:32.294272 [debug] [Thread-3 (]: Acquiring new postgres connection 'model.itsm_dbt.gold_itsm_tickets'
[0m20:13:32.294272 [debug] [Thread-3 (]: Began compiling node model.itsm_dbt.gold_itsm_tickets
[0m20:13:32.305288 [debug] [Thread-3 (]: Writing injected SQL for node "model.itsm_dbt.gold_itsm_tickets"
[0m20:13:32.307295 [debug] [Thread-3 (]: Began executing node model.itsm_dbt.gold_itsm_tickets
[0m20:13:32.309301 [debug] [Thread-3 (]: Writing runtime sql for node "model.itsm_dbt.gold_itsm_tickets"
[0m20:13:32.309301 [debug] [Thread-3 (]: Using postgres connection "model.itsm_dbt.gold_itsm_tickets"
[0m20:13:32.309301 [debug] [Thread-3 (]: On model.itsm_dbt.gold_itsm_tickets: /* {"app": "dbt", "dbt_version": "1.11.12", "profile_name": "itsm_dbt", "target_name": "dev", "node_id": "model.itsm_dbt.gold_itsm_tickets"} */

  
    

  create  table "itsm_db"."gold"."gold_itsm_tickets__dbt_tmp"
  
  
    as
  
  (
    /*
    gold_itsm_tickets.sql
    -----------------------
    ETAPE 3 : creation des variables pour le Machine Learning (couche Gold).

    Ce modele part de silver.silver_itsm_tickets (donnees propres) et ajoute
    tout ce dont un modele de prediction a besoin :

      1) Des durees reelles, en minutes (au lieu de deux dates separees)
      2) Des variables temporelles (heure, jour, mois de creation)
      3) La marge SLA (Expected - Actual), gardee a titre informatif
      4) La longueur de la description (utile plus tard pour le NLP)
      5) LA VARIABLE CIBLE : long_resolution_flag

    Pourquoi cette cible et pas "depassement SLA" ?
    --------------------------------------------------
    On a verifie plus tot que dans ce dataset, AUCUN ticket ne depasse jamais
    son SLA (marge toujours >= 0). Une cible sans variance ne peut pas etre
    apprise par un modele. On suit donc la meme demarche que dans le rapport
    de reference : on remplace "depassement SLA" par "risque de resolution
    longue" (long MTTR), qui lui a une vraie variance dans les donnees.

    Definition retenue : un ticket est marque "resolution longue" (1) si
    sa duree de resolution reelle depasse le 75e percentile de l'ensemble
    des tickets. Sinon (0). Ce seuil est calcule automatiquement sur les
    donnees, pas fixe a la main.
*/

with base as (

    select * from "itsm_db"."silver"."silver_itsm_tickets"

),

with_durations as (

    select
        *,

        -- Durees reelles, en minutes
        extract(epoch from (first_response_time - created_time)) / 60
            as first_response_minutes,
        extract(epoch from (resolution_time - created_time)) / 60
            as resolution_minutes,
        extract(epoch from (close_time - created_time)) / 60
            as close_minutes,

        -- Bruit deterministe (+/- 60 min), seede sur ticket_id : simule la variabilite
        -- reelle (charge de travail, complexite imprevue) absente du dataset synthetique.
        -- Sans ce bruit, priority determine resolution_minutes de facon quasi parfaite
        -- (ecart-type ~6 min), ce qui rend toute prediction triviale (score parfait).
        (hashtext(ticket_id) % 121 - 60)::float as noise_minutes,

        -- Marge SLA : temps restant avant la limite (peut etre negatif si depasse)
        extract(epoch from (expected_sla_to_first_response - first_response_time)) / 60
            as sla_margin_first_response_min,
        extract(epoch from (expected_sla_to_resolve - resolution_time)) / 60
            as sla_margin_resolution_min,

        -- Variables temporelles utiles pour reperer des tendances (charge par heure, jour...)
        extract(hour from created_time)          as created_hour,
        to_char(created_time, 'Day')             as created_dayofweek,
        to_char(created_time, 'Month')           as created_month,
        date(created_time)                       as created_date,

        -- Longueur de la description : un proxy simple de complexite du ticket,
        -- utile plus tard pour le module NLP
        length(incident_description)             as description_length,

        -- Fenetre SLA (minutes) : utilisee par le moteur de decision (urgence)
        extract(epoch from (expected_sla_to_resolve - created_time)) / 60
            as sla_window_minutes

    from base

),

with_realistic_duration as (

    select
        *,
        greatest(resolution_minutes + noise_minutes, 5) as resolution_minutes_realistic

    from with_durations

),

percentile_calc as (

    select
        percentile_cont(0.75) within group (order by resolution_minutes_realistic)
            as resolution_p75_threshold
    from with_realistic_duration
    where resolution_minutes_realistic is not null

),

with_target as (

    select
        w.*,
        p.resolution_p75_threshold

    from with_realistic_duration w
    cross join percentile_calc p
    where w.resolution_minutes_realistic is not null

)

select
    ticket_id,
    status,
    priority,
    priority_rank,
    source,
    topic,
    agent_group,
    product_group,

    created_time,
    created_date,
    created_hour,
    trim(created_dayofweek)  as created_dayofweek,
    trim(created_month)      as created_month,

    first_response_minutes,
    resolution_minutes,
    resolution_minutes_realistic,
    close_minutes,

    sla_margin_first_response_min,
    sla_margin_resolution_min,

    description_length,
    has_solution,
    sla_window_minutes,

    resolution_p75_threshold,

    -- LA CIBLE : basee sur la duree "realiste" (avec bruit), pas la duree brute
    case
        when resolution_minutes_realistic >= resolution_p75_threshold then 1
        else 0
    end as long_resolution_flag

from with_target
  );
  
[0m20:13:32.309301 [debug] [Thread-3 (]: Opening a new connection, currently in state init
[0m20:13:33.513505 [debug] [Thread-3 (]: SQL status: SELECT 100000 in 1.198 seconds
[0m20:13:33.513505 [debug] [Thread-3 (]: Using postgres connection "model.itsm_dbt.gold_itsm_tickets"
[0m20:13:33.513505 [debug] [Thread-3 (]: On model.itsm_dbt.gold_itsm_tickets: /* {"app": "dbt", "dbt_version": "1.11.12", "profile_name": "itsm_dbt", "target_name": "dev", "node_id": "model.itsm_dbt.gold_itsm_tickets"} */
alter table "itsm_db"."gold"."gold_itsm_tickets" rename to "gold_itsm_tickets__dbt_backup"
[0m20:13:33.608112 [debug] [Thread-3 (]: SQL status: ALTER TABLE in 0.086 seconds
[0m20:13:33.619742 [debug] [Thread-3 (]: Using postgres connection "model.itsm_dbt.gold_itsm_tickets"
[0m20:13:33.620743 [debug] [Thread-3 (]: On model.itsm_dbt.gold_itsm_tickets: /* {"app": "dbt", "dbt_version": "1.11.12", "profile_name": "itsm_dbt", "target_name": "dev", "node_id": "model.itsm_dbt.gold_itsm_tickets"} */
alter table "itsm_db"."gold"."gold_itsm_tickets__dbt_tmp" rename to "gold_itsm_tickets"
[0m20:13:33.623742 [debug] [Thread-3 (]: SQL status: ALTER TABLE in 0.001 seconds
[0m20:13:33.626746 [debug] [Thread-3 (]: On model.itsm_dbt.gold_itsm_tickets: COMMIT
[0m20:13:33.626746 [debug] [Thread-3 (]: Using postgres connection "model.itsm_dbt.gold_itsm_tickets"
[0m20:13:33.626746 [debug] [Thread-3 (]: On model.itsm_dbt.gold_itsm_tickets: COMMIT
[0m20:13:33.641216 [debug] [Thread-3 (]: SQL status: COMMIT in 0.015 seconds
[0m20:13:33.654013 [debug] [Thread-3 (]: Applying DROP to: "itsm_db"."gold"."gold_itsm_tickets__dbt_backup"
[0m20:13:33.655989 [debug] [Thread-3 (]: Using postgres connection "model.itsm_dbt.gold_itsm_tickets"
[0m20:13:33.655989 [debug] [Thread-3 (]: On model.itsm_dbt.gold_itsm_tickets: /* {"app": "dbt", "dbt_version": "1.11.12", "profile_name": "itsm_dbt", "target_name": "dev", "node_id": "model.itsm_dbt.gold_itsm_tickets"} */
drop table if exists "itsm_db"."gold"."gold_itsm_tickets__dbt_backup" cascade
[0m20:13:33.655989 [debug] [Thread-3 (]: SQL status: DROP TABLE in 0.006 seconds
[0m20:13:33.669002 [debug] [Thread-3 (]: On model.itsm_dbt.gold_itsm_tickets: Close
[0m20:13:33.672111 [debug] [Thread-3 (]: Sending event: {'category': 'dbt', 'action': 'run_model', 'label': 'e150293f-7e06-4e38-ab5e-7cefb2fd3ae4', 'context': [<snowplow_tracker.self_describing_json.SelfDescribingJson object at 0x0000014704759580>]}
[0m20:13:33.672111 [info ] [Thread-3 (]: 2 of 2 OK created sql table model gold.gold_itsm_tickets ....................... [[32mSELECT 100000[0m in 1.38s]
[0m20:13:33.672111 [debug] [Thread-3 (]: Finished running node model.itsm_dbt.gold_itsm_tickets
[0m20:13:33.672111 [debug] [MainThread]: On master: COMMIT
[0m20:13:33.672111 [debug] [MainThread]: Using postgres connection "master"
[0m20:13:33.672111 [debug] [MainThread]: On master: COMMIT
[0m20:13:33.684315 [debug] [MainThread]: Opening a new connection, currently in state closed
[0m20:13:33.705510 [debug] [MainThread]: SQL status: COMMIT in 0.027 seconds
[0m20:13:33.713295 [debug] [MainThread]: On master: Close
[0m20:13:33.713295 [debug] [MainThread]: Connection 'master' was properly closed.
[0m20:13:33.713295 [debug] [MainThread]: Connection 'list_itsm_db' was properly closed.
[0m20:13:33.717570 [debug] [MainThread]: Connection 'list_itsm_db' was properly closed.
[0m20:13:33.719651 [debug] [MainThread]: Connection 'list_itsm_db_gold' was properly closed.
[0m20:13:33.720649 [debug] [MainThread]: Connection 'list_itsm_db_silver' was properly closed.
[0m20:13:33.721651 [debug] [MainThread]: Connection 'model.itsm_dbt.silver_itsm_tickets' was properly closed.
[0m20:13:33.722687 [debug] [MainThread]: Connection 'model.itsm_dbt.gold_itsm_tickets' was properly closed.
[0m20:13:33.724651 [info ] [MainThread]: 
[0m20:13:33.725655 [info ] [MainThread]: Finished running 2 table models in 0 hours 0 minutes and 3.87 seconds (3.87s).
[0m20:13:33.728710 [debug] [MainThread]: Command end result
[0m20:13:33.769371 [debug] [MainThread]: Wrote artifact WritableManifest to C:\Users\ahmed\Desktop\data science\itsm_project\dbt_project\target\manifest.json
[0m20:13:33.771340 [debug] [MainThread]: Wrote artifact SemanticManifest to C:\Users\ahmed\Desktop\data science\itsm_project\dbt_project\target\semantic_manifest.json
[0m20:13:33.788474 [debug] [MainThread]: Wrote artifact RunExecutionResult to C:\Users\ahmed\Desktop\data science\itsm_project\dbt_project\target\run_results.json
[0m20:13:33.789485 [info ] [MainThread]: 
[0m20:13:33.791482 [info ] [MainThread]: [32mCompleted successfully[0m
[0m20:13:33.793538 [info ] [MainThread]: 
[0m20:13:33.795638 [info ] [MainThread]: Done. PASS=2 WARN=0 ERROR=0 SKIP=0 NO-OP=0 TOTAL=2
[0m20:13:33.797651 [debug] [MainThread]: Command `dbt run` succeeded at 20:13:33.797651 after 5.36 seconds
[0m20:13:33.799681 [debug] [MainThread]: Sending event: {'category': 'dbt', 'action': 'invocation', 'label': 'end', 'context': [<snowplow_tracker.self_describing_json.SelfDescribingJson object at 0x000001477FE76870>, <snowplow_tracker.self_describing_json.SelfDescribingJson object at 0x0000014702C9B320>, <snowplow_tracker.self_describing_json.SelfDescribingJson object at 0x000001477FA80140>]}
[0m20:13:33.800682 [debug] [MainThread]: Flushing usage events
[0m20:13:34.803319 [debug] [MainThread]: An error was encountered while trying to flush usage events
[0m20:14:42.936708 [debug] [MainThread]: Sending event: {'category': 'dbt', 'action': 'invocation', 'label': 'start', 'context': [<snowplow_tracker.self_describing_json.SelfDescribingJson object at 0x0000026C122B2570>, <snowplow_tracker.self_describing_json.SelfDescribingJson object at 0x0000026C1198D010>, <snowplow_tracker.self_describing_json.SelfDescribingJson object at 0x0000026C1198FF50>]}


============================== 20:14:42.952591 | 990b53ce-80ce-4802-88cf-f477e80d18b8 ==============================
[0m20:14:42.952591 [info ] [MainThread]: Running with dbt=1.11.12
[0m20:14:42.952591 [debug] [MainThread]: running dbt with arguments {'static_parser': 'True', 'no_print': 'None', 'version_check': 'True', 'target_path': 'None', 'warn_error_options': 'WarnErrorOptionsV2(error=[], warn=[], silence=[])', 'printer_width': '80', 'write_json': 'True', 'introspect': 'True', 'log_cache_events': 'False', 'empty': 'False', 'cache_selected_only': 'False', 'log_format': 'default', 'debug': 'False', 'fail_fast': 'False', 'partial_parse': 'True', 'send_anonymous_usage_stats': 'True', 'quiet': 'False', 'warn_error': 'None', 'profiles_dir': '.', 'indirect_selection': 'eager', 'invocation_command': 'dbt run --profiles-dir .', 'use_colors': 'True', 'use_experimental_parser': 'False', 'log_path': 'C:\\Users\\ahmed\\Desktop\\data science\\itsm_project\\dbt_project\\logs'}
[0m20:14:43.229385 [debug] [MainThread]: Sending event: {'category': 'dbt', 'action': 'project_id', 'label': '990b53ce-80ce-4802-88cf-f477e80d18b8', 'context': [<snowplow_tracker.self_describing_json.SelfDescribingJson object at 0x0000026C11C74A40>]}
[0m20:14:43.323210 [debug] [MainThread]: Sending event: {'category': 'dbt', 'action': 'adapter_info', 'label': '990b53ce-80ce-4802-88cf-f477e80d18b8', 'context': [<snowplow_tracker.self_describing_json.SelfDescribingJson object at 0x0000026C1253ACC0>]}
[0m20:14:43.323210 [info ] [MainThread]: Registered adapter: postgres=1.10.2
[0m20:14:43.870706 [debug] [MainThread]: checksum: f368f5348cf42803b94ef7fb8257ecf3bf9a9a16dd9c8c51fe5172f2dbeb457f, vars: {}, profile: , target: , version: 1.11.12
[0m20:14:44.089988 [debug] [MainThread]: Partial parsing enabled: 0 files deleted, 0 files added, 0 files changed.
[0m20:14:44.089988 [debug] [MainThread]: Nothing changed, skipping partial parsing.
[0m20:14:44.089988 [debug] [MainThread]: Partial parsing enabled, no changes found, skipping parsing
[0m20:14:44.153928 [debug] [MainThread]: Sending event: {'category': 'dbt', 'action': 'load_project', 'label': '990b53ce-80ce-4802-88cf-f477e80d18b8', 'context': [<snowplow_tracker.self_describing_json.SelfDescribingJson object at 0x0000026C13CD7D70>]}
[0m20:14:44.252776 [debug] [MainThread]: Wrote artifact WritableManifest to C:\Users\ahmed\Desktop\data science\itsm_project\dbt_project\target\manifest.json
[0m20:14:44.252776 [debug] [MainThread]: Wrote artifact SemanticManifest to C:\Users\ahmed\Desktop\data science\itsm_project\dbt_project\target\semantic_manifest.json
[0m20:14:44.274633 [debug] [MainThread]: Sending event: {'category': 'dbt', 'action': 'resource_counts', 'label': '990b53ce-80ce-4802-88cf-f477e80d18b8', 'context': [<snowplow_tracker.self_describing_json.SelfDescribingJson object at 0x0000026C140988C0>]}
[0m20:14:44.276640 [info ] [MainThread]: Found 2 models, 1 source, 476 macros
[0m20:14:44.276640 [debug] [MainThread]: Sending event: {'category': 'dbt', 'action': 'runnable_timing', 'label': '990b53ce-80ce-4802-88cf-f477e80d18b8', 'context': [<snowplow_tracker.self_describing_json.SelfDescribingJson object at 0x0000026C140CB0E0>]}
[0m20:14:44.280401 [info ] [MainThread]: 
[0m20:14:44.280401 [info ] [MainThread]: Concurrency: 4 threads (target='dev')
[0m20:14:44.280401 [info ] [MainThread]: 
[0m20:14:44.280401 [debug] [MainThread]: Acquiring new postgres connection 'master'
[0m20:14:44.280401 [debug] [ThreadPool]: Acquiring new postgres connection 'list_itsm_db'
[0m20:14:44.280401 [debug] [ThreadPool]: Acquiring new postgres connection 'list_itsm_db'
[0m20:14:44.451640 [debug] [ThreadPool]: Using postgres connection "list_itsm_db"
[0m20:14:44.451640 [debug] [ThreadPool]: Using postgres connection "list_itsm_db"
[0m20:14:44.451640 [debug] [ThreadPool]: On list_itsm_db: /* {"app": "dbt", "dbt_version": "1.11.12", "profile_name": "itsm_dbt", "target_name": "dev", "connection_name": "list_itsm_db"} */

    select distinct nspname from pg_namespace
  
[0m20:14:44.453645 [debug] [ThreadPool]: On list_itsm_db: /* {"app": "dbt", "dbt_version": "1.11.12", "profile_name": "itsm_dbt", "target_name": "dev", "connection_name": "list_itsm_db"} */

    select distinct nspname from pg_namespace
  
[0m20:14:44.453645 [debug] [ThreadPool]: Opening a new connection, currently in state init
[0m20:14:44.453645 [debug] [ThreadPool]: Opening a new connection, currently in state init
[0m20:14:44.485518 [debug] [ThreadPool]: SQL status: SELECT 7 in 0.040 seconds
[0m20:14:44.494987 [debug] [ThreadPool]: SQL status: SELECT 7 in 0.039 seconds
[0m20:14:44.496993 [debug] [ThreadPool]: On list_itsm_db: Close
[0m20:14:44.496993 [debug] [ThreadPool]: On list_itsm_db: Close
[0m20:14:44.505117 [debug] [ThreadPool]: Acquiring new postgres connection 'list_itsm_db_silver'
[0m20:14:44.505117 [debug] [ThreadPool]: Acquiring new postgres connection 'list_itsm_db_gold'
[0m20:14:44.518104 [debug] [ThreadPool]: Using postgres connection "list_itsm_db_silver"
[0m20:14:44.523307 [debug] [ThreadPool]: Using postgres connection "list_itsm_db_gold"
[0m20:14:44.525313 [debug] [ThreadPool]: On list_itsm_db_silver: /* {"app": "dbt", "dbt_version": "1.11.12", "profile_name": "itsm_dbt", "target_name": "dev", "connection_name": "list_itsm_db_silver"} */
select
      'itsm_db' as database,
      tablename as name,
      schemaname as schema,
      'table' as type
    from pg_tables
    where schemaname ilike 'silver'
    union all
    select
      'itsm_db' as database,
      viewname as name,
      schemaname as schema,
      'view' as type
    from pg_views
    where schemaname ilike 'silver'
    union all
    select
      'itsm_db' as database,
      matviewname as name,
      schemaname as schema,
      'materialized_view' as type
    from pg_matviews
    where schemaname ilike 'silver'
  
[0m20:14:44.525313 [debug] [ThreadPool]: On list_itsm_db_gold: /* {"app": "dbt", "dbt_version": "1.11.12", "profile_name": "itsm_dbt", "target_name": "dev", "connection_name": "list_itsm_db_gold"} */
select
      'itsm_db' as database,
      tablename as name,
      schemaname as schema,
      'table' as type
    from pg_tables
    where schemaname ilike 'gold'
    union all
    select
      'itsm_db' as database,
      viewname as name,
      schemaname as schema,
      'view' as type
    from pg_views
    where schemaname ilike 'gold'
    union all
    select
      'itsm_db' as database,
      matviewname as name,
      schemaname as schema,
      'materialized_view' as type
    from pg_matviews
    where schemaname ilike 'gold'
  
[0m20:14:44.525313 [debug] [ThreadPool]: Opening a new connection, currently in state init
[0m20:14:44.525313 [debug] [ThreadPool]: Opening a new connection, currently in state init
[0m20:14:44.553568 [debug] [ThreadPool]: SQL status: SELECT 1 in 0.026 seconds
[0m20:14:44.553568 [debug] [ThreadPool]: SQL status: SELECT 3 in 0.025 seconds
[0m20:14:44.553568 [debug] [ThreadPool]: On list_itsm_db_silver: ROLLBACK
[0m20:14:44.553568 [debug] [ThreadPool]: On list_itsm_db_gold: ROLLBACK
[0m20:14:44.553568 [debug] [ThreadPool]: On list_itsm_db_silver: Close
[0m20:14:44.553568 [debug] [ThreadPool]: On list_itsm_db_gold: Close
[0m20:14:44.569610 [debug] [MainThread]: Using postgres connection "master"
[0m20:14:44.569610 [debug] [MainThread]: On master: /* {"app": "dbt", "dbt_version": "1.11.12", "profile_name": "itsm_dbt", "target_name": "dev", "connection_name": "master"} */
select distinct
        dependent_namespace.nspname as dependent_schema,
        dependent_class.relname as dependent_name,
        referenced_namespace.nspname as referenced_schema,
        referenced_class.relname as referenced_name

    -- Query for views: views are entries in pg_class with an entry in pg_rewrite, but we avoid
    -- a seq scan on pg_rewrite by leveraging the fact there is an "internal" row in pg_depend for
    -- the view...
    from pg_class as dependent_class
    join pg_namespace as dependent_namespace on dependent_namespace.oid = dependent_class.relnamespace
    join pg_depend as dependent_depend on dependent_depend.refobjid = dependent_class.oid
        and dependent_depend.classid = 'pg_rewrite'::regclass
        and dependent_depend.refclassid = 'pg_class'::regclass
        and dependent_depend.deptype = 'i'

    -- ... and via pg_depend (that has a row per column, hence the need for "distinct" above, and
    -- making sure to exclude the internal row to avoid a view appearing to depend on itself)...
    join pg_depend as joining_depend on joining_depend.objid = dependent_depend.objid
        and joining_depend.classid = 'pg_rewrite'::regclass
        and joining_depend.refclassid = 'pg_class'::regclass
        and joining_depend.refobjid != dependent_depend.refobjid

    -- ... we can find the tables they query from in pg_class, but excluding system tables. Note we
    -- don't need need to exclude _dependent_ system tables, because they only query from other
    -- system tables, and so are automatically excluded by excluding _referenced_ system tables
    join pg_class as referenced_class on referenced_class.oid = joining_depend.refobjid
    join pg_namespace as referenced_namespace on referenced_namespace.oid = referenced_class.relnamespace
        and referenced_namespace.nspname != 'information_schema'
        and referenced_namespace.nspname not like 'pg\_%'

    order by
        dependent_schema, dependent_name, referenced_schema, referenced_name;
[0m20:14:44.569610 [debug] [MainThread]: Opening a new connection, currently in state init
[0m20:14:44.599688 [debug] [MainThread]: SQL status: SELECT 0 in 0.025 seconds
[0m20:14:44.599688 [debug] [MainThread]: Sending event: {'category': 'dbt', 'action': 'runnable_timing', 'label': '990b53ce-80ce-4802-88cf-f477e80d18b8', 'context': [<snowplow_tracker.self_describing_json.SelfDescribingJson object at 0x0000026C13CCF6B0>]}
[0m20:14:44.599688 [debug] [MainThread]: On master: ROLLBACK
[0m20:14:44.599688 [debug] [MainThread]: On master: COMMIT
[0m20:14:44.599688 [debug] [MainThread]: Using postgres connection "master"
[0m20:14:44.599688 [debug] [MainThread]: On master: COMMIT
[0m20:14:44.611526 [debug] [MainThread]: SQL status: COMMIT in 0.002 seconds
[0m20:14:44.613538 [debug] [MainThread]: On master: Close
[0m20:14:44.617151 [debug] [Thread-1 (]: Began running node model.itsm_dbt.silver_itsm_tickets
[0m20:14:44.620505 [info ] [Thread-1 (]: 1 of 2 START sql table model silver.silver_itsm_tickets ........................ [RUN]
[0m20:14:44.620505 [debug] [Thread-1 (]: Acquiring new postgres connection 'model.itsm_dbt.silver_itsm_tickets'
[0m20:14:44.620505 [debug] [Thread-1 (]: Began compiling node model.itsm_dbt.silver_itsm_tickets
[0m20:14:44.628076 [debug] [Thread-1 (]: Writing injected SQL for node "model.itsm_dbt.silver_itsm_tickets"
[0m20:14:44.628076 [debug] [Thread-1 (]: Began executing node model.itsm_dbt.silver_itsm_tickets
[0m20:14:44.675495 [debug] [Thread-1 (]: Writing runtime sql for node "model.itsm_dbt.silver_itsm_tickets"
[0m20:14:44.675495 [debug] [Thread-1 (]: Using postgres connection "model.itsm_dbt.silver_itsm_tickets"
[0m20:14:44.675495 [debug] [Thread-1 (]: On model.itsm_dbt.silver_itsm_tickets: /* {"app": "dbt", "dbt_version": "1.11.12", "profile_name": "itsm_dbt", "target_name": "dev", "node_id": "model.itsm_dbt.silver_itsm_tickets"} */

  
    

  create  table "itsm_db"."silver"."silver_itsm_tickets__dbt_tmp"
  
  
    as
  
  (
    /*
    silver_itsm_tickets.sql
    ------------------------
    ETAPE 2 : nettoyage des donnees (couche Silver).

    Ce modele part de bronze.itsm_tickets_raw (donnees brutes, tout en texte,
    non modifiees) et produit une version propre :
      - espaces superflus retires
      - valeurs vides transformees en vrai NULL (au lieu de chaines vides)
      - dates transformees de texte vers un vrai type TIMESTAMP
      - une ligne par ticket_id (protection anti-doublon)
      - Priority transforme aussi en version numerique ordonnee (priority_rank)
        pour faciliter les futurs tris/graphiques

    C'est l'equivalent SQL exact de ce qu'on avait fait avec pandas dans le
    notebook ITSM_Dataset_Organized.ipynb, mais cette fois le nettoyage vit
    dans la base de donnees et peut etre re-execute a tout moment avec `dbt run`.
*/

with source as (

    select * from "itsm_db"."bronze"."itsm_tickets_raw"

),

cleaned as (

    select
        nullif(trim(ticket_id), '')            as ticket_id,
        nullif(trim(status), '')                as status,
        nullif(trim(priority), '')              as priority,
        nullif(trim(source), '')                as source,
        nullif(trim(topic), '')                 as topic,
        nullif(trim(agent_group), '')           as agent_group,
        nullif(trim(product_group), '')         as product_group,

        -- Conversion des dates : texte "04/07/2024 12:42" -> vrai TIMESTAMP
        to_timestamp(nullif(trim(created_time), ''), 'DD/MM/YYYY HH24:MI')
            as created_time,
        to_timestamp(nullif(trim(expected_sla_to_resolve), ''), 'DD/MM/YYYY HH24:MI')
            as expected_sla_to_resolve,
        to_timestamp(nullif(trim(expected_sla_to_first_response), ''), 'DD/MM/YYYY HH24:MI')
            as expected_sla_to_first_response,
        to_timestamp(nullif(trim(first_response_time), ''), 'DD/MM/YYYY HH24:MI')
            as first_response_time,
        to_timestamp(nullif(trim(resolution_time), ''), 'DD/MM/YYYY HH24:MI')
            as resolution_time,
        to_timestamp(nullif(trim(close_time), ''), 'DD/MM/YYYY HH24:MI')
            as close_time,

        nullif(trim(incident_description), '') as incident_description,
        nullif(trim(solution_used), '')         as solution_used,

        -- Version numerique ordonnee de la priorite (utile pour trier/filtrer)
        case trim(priority)
            when 'Low'      then 1
            when 'Medium'   then 2
            when 'High'     then 3
            when 'Critical' then 4
            else null
        end as priority_rank,

        -- On garde une trace : est-ce que ce ticket a une solution renseignee ?
        (nullif(trim(solution_used), '') is not null) as has_solution

    from source

),

deduplicated as (

    select *,
        row_number() over (partition by ticket_id order by ticket_id) as row_num
    from cleaned
    where ticket_id is not null

)

select
    ticket_id,
    status,
    priority,
    priority_rank,
    source,
    topic,
    agent_group,
    product_group,
    created_time,
    expected_sla_to_resolve,
    expected_sla_to_first_response,
    first_response_time,
    resolution_time,
    close_time,
    incident_description,
    solution_used,
    has_solution
from deduplicated
where row_num = 1
  );
  
[0m20:14:44.694823 [debug] [Thread-1 (]: Opening a new connection, currently in state init
[0m20:14:46.555808 [debug] [Thread-1 (]: SQL status: SELECT 100000 in 1.867 seconds
[0m20:14:46.575570 [debug] [Thread-1 (]: Using postgres connection "model.itsm_dbt.silver_itsm_tickets"
[0m20:14:46.575570 [debug] [Thread-1 (]: On model.itsm_dbt.silver_itsm_tickets: /* {"app": "dbt", "dbt_version": "1.11.12", "profile_name": "itsm_dbt", "target_name": "dev", "node_id": "model.itsm_dbt.silver_itsm_tickets"} */
alter table "itsm_db"."silver"."silver_itsm_tickets" rename to "silver_itsm_tickets__dbt_backup"
[0m20:14:46.575570 [debug] [Thread-1 (]: SQL status: ALTER TABLE in 0.001 seconds
[0m20:14:46.585427 [debug] [Thread-1 (]: Using postgres connection "model.itsm_dbt.silver_itsm_tickets"
[0m20:14:46.585427 [debug] [Thread-1 (]: On model.itsm_dbt.silver_itsm_tickets: /* {"app": "dbt", "dbt_version": "1.11.12", "profile_name": "itsm_dbt", "target_name": "dev", "node_id": "model.itsm_dbt.silver_itsm_tickets"} */
alter table "itsm_db"."silver"."silver_itsm_tickets__dbt_tmp" rename to "silver_itsm_tickets"
[0m20:14:46.585427 [debug] [Thread-1 (]: SQL status: ALTER TABLE in 0.001 seconds
[0m20:14:46.617168 [debug] [Thread-1 (]: On model.itsm_dbt.silver_itsm_tickets: COMMIT
[0m20:14:46.617168 [debug] [Thread-1 (]: Using postgres connection "model.itsm_dbt.silver_itsm_tickets"
[0m20:14:46.622238 [debug] [Thread-1 (]: On model.itsm_dbt.silver_itsm_tickets: COMMIT
[0m20:14:46.633831 [debug] [Thread-1 (]: SQL status: COMMIT in 0.019 seconds
[0m20:14:46.648421 [debug] [Thread-1 (]: Applying DROP to: "itsm_db"."silver"."silver_itsm_tickets__dbt_backup"
[0m20:14:46.664362 [debug] [Thread-1 (]: Using postgres connection "model.itsm_dbt.silver_itsm_tickets"
[0m20:14:46.664362 [debug] [Thread-1 (]: On model.itsm_dbt.silver_itsm_tickets: /* {"app": "dbt", "dbt_version": "1.11.12", "profile_name": "itsm_dbt", "target_name": "dev", "node_id": "model.itsm_dbt.silver_itsm_tickets"} */
drop table if exists "itsm_db"."silver"."silver_itsm_tickets__dbt_backup" cascade
[0m20:14:46.674833 [debug] [Thread-1 (]: SQL status: DROP TABLE in 0.008 seconds
[0m20:14:46.679851 [debug] [Thread-1 (]: On model.itsm_dbt.silver_itsm_tickets: Close
[0m20:14:46.683869 [debug] [Thread-1 (]: Sending event: {'category': 'dbt', 'action': 'run_model', 'label': '990b53ce-80ce-4802-88cf-f477e80d18b8', 'context': [<snowplow_tracker.self_describing_json.SelfDescribingJson object at 0x0000026C0F52DB20>]}
[0m20:14:46.685879 [info ] [Thread-1 (]: 1 of 2 OK created sql table model silver.silver_itsm_tickets ................... [[32mSELECT 100000[0m in 2.06s]
[0m20:14:46.685879 [debug] [Thread-1 (]: Finished running node model.itsm_dbt.silver_itsm_tickets
[0m20:14:46.685879 [debug] [Thread-3 (]: Began running node model.itsm_dbt.gold_itsm_tickets
[0m20:14:46.685879 [info ] [Thread-3 (]: 2 of 2 START sql table model gold.gold_itsm_tickets ............................ [RUN]
[0m20:14:46.685879 [debug] [Thread-3 (]: Acquiring new postgres connection 'model.itsm_dbt.gold_itsm_tickets'
[0m20:14:46.698385 [debug] [Thread-3 (]: Began compiling node model.itsm_dbt.gold_itsm_tickets
[0m20:14:46.702399 [debug] [Thread-3 (]: Writing injected SQL for node "model.itsm_dbt.gold_itsm_tickets"
[0m20:14:46.704405 [debug] [Thread-3 (]: Began executing node model.itsm_dbt.gold_itsm_tickets
[0m20:14:46.710423 [debug] [Thread-3 (]: Writing runtime sql for node "model.itsm_dbt.gold_itsm_tickets"
[0m20:14:46.711928 [debug] [Thread-3 (]: Using postgres connection "model.itsm_dbt.gold_itsm_tickets"
[0m20:14:46.711928 [debug] [Thread-3 (]: On model.itsm_dbt.gold_itsm_tickets: /* {"app": "dbt", "dbt_version": "1.11.12", "profile_name": "itsm_dbt", "target_name": "dev", "node_id": "model.itsm_dbt.gold_itsm_tickets"} */

  
    

  create  table "itsm_db"."gold"."gold_itsm_tickets__dbt_tmp"
  
  
    as
  
  (
    /*
    gold_itsm_tickets.sql
    -----------------------
    ETAPE 3 : creation des variables pour le Machine Learning (couche Gold).

    Ce modele part de silver.silver_itsm_tickets (donnees propres) et ajoute
    tout ce dont un modele de prediction a besoin :

      1) Des durees reelles, en minutes (au lieu de deux dates separees)
      2) Des variables temporelles (heure, jour, mois de creation)
      3) La marge SLA (Expected - Actual), gardee a titre informatif
      4) La longueur de la description (utile plus tard pour le NLP)
      5) LA VARIABLE CIBLE : long_resolution_flag

    Pourquoi cette cible et pas "depassement SLA" ?
    --------------------------------------------------
    On a verifie plus tot que dans ce dataset, AUCUN ticket ne depasse jamais
    son SLA (marge toujours >= 0). Une cible sans variance ne peut pas etre
    apprise par un modele. On suit donc la meme demarche que dans le rapport
    de reference : on remplace "depassement SLA" par "risque de resolution
    longue" (long MTTR), qui lui a une vraie variance dans les donnees.

    Definition retenue : un ticket est marque "resolution longue" (1) si
    sa duree de resolution reelle depasse le 75e percentile de l'ensemble
    des tickets. Sinon (0). Ce seuil est calcule automatiquement sur les
    donnees, pas fixe a la main.
*/

with base as (

    select * from "itsm_db"."silver"."silver_itsm_tickets"

),

with_durations as (

    select
        *,

        -- Durees reelles, en minutes
        extract(epoch from (first_response_time - created_time)) / 60
            as first_response_minutes,
        extract(epoch from (resolution_time - created_time)) / 60
            as resolution_minutes,
        extract(epoch from (close_time - created_time)) / 60
            as close_minutes,

        -- Bruit deterministe (+/- 60 min), seede sur ticket_id : simule la variabilite
        -- reelle (charge de travail, complexite imprevue) absente du dataset synthetique.
        -- Sans ce bruit, priority determine resolution_minutes de facon quasi parfaite
        -- (ecart-type ~6 min), ce qui rend toute prediction triviale (score parfait).
        (hashtext(ticket_id) % 121 - 60)::float as noise_minutes,

        -- Marge SLA : temps restant avant la limite (peut etre negatif si depasse)
        extract(epoch from (expected_sla_to_first_response - first_response_time)) / 60
            as sla_margin_first_response_min,
        extract(epoch from (expected_sla_to_resolve - resolution_time)) / 60
            as sla_margin_resolution_min,

        -- Variables temporelles utiles pour reperer des tendances (charge par heure, jour...)
        extract(hour from created_time)          as created_hour,
        to_char(created_time, 'Day')             as created_dayofweek,
        to_char(created_time, 'Month')           as created_month,
        date(created_time)                       as created_date,

        -- Longueur de la description : un proxy simple de complexite du ticket,
        -- utile plus tard pour le module NLP
        length(incident_description)             as description_length,

        -- Fenetre SLA (minutes) : utilisee par le moteur de decision (urgence)
        extract(epoch from (expected_sla_to_resolve - created_time)) / 60
            as sla_window_minutes

    from base

),

with_realistic_duration as (

    select
        *,
        greatest(resolution_minutes + noise_minutes, 5) as resolution_minutes_realistic

    from with_durations

),

percentile_calc as (

    select
        percentile_cont(0.75) within group (order by resolution_minutes_realistic)
            as resolution_p75_threshold
    from with_realistic_duration
    where resolution_minutes_realistic is not null

),

with_target as (

    select
        w.*,
        p.resolution_p75_threshold

    from with_realistic_duration w
    cross join percentile_calc p
    where w.resolution_minutes_realistic is not null

)

select
    ticket_id,
    status,
    priority,
    priority_rank,
    source,
    topic,
    agent_group,
    product_group,

    created_time,
    created_date,
    created_hour,
    trim(created_dayofweek)  as created_dayofweek,
    trim(created_month)      as created_month,

    first_response_minutes,
    resolution_minutes,
    resolution_minutes_realistic,
    close_minutes,

    sla_margin_first_response_min,
    sla_margin_resolution_min,

    description_length,
    has_solution,
    sla_window_minutes,

    resolution_p75_threshold,

    -- LA CIBLE : basee sur la duree "realiste" (avec bruit), pas la duree brute
    case
        when resolution_minutes_realistic >= resolution_p75_threshold then 1
        else 0
    end as long_resolution_flag

from with_target
  );
  
[0m20:14:46.711928 [debug] [Thread-3 (]: Opening a new connection, currently in state init
[0m20:14:47.649683 [debug] [Thread-3 (]: SQL status: SELECT 100000 in 0.940 seconds
[0m20:14:47.656470 [debug] [Thread-3 (]: Using postgres connection "model.itsm_dbt.gold_itsm_tickets"
[0m20:14:47.665845 [debug] [Thread-3 (]: On model.itsm_dbt.gold_itsm_tickets: /* {"app": "dbt", "dbt_version": "1.11.12", "profile_name": "itsm_dbt", "target_name": "dev", "node_id": "model.itsm_dbt.gold_itsm_tickets"} */
alter table "itsm_db"."gold"."gold_itsm_tickets" rename to "gold_itsm_tickets__dbt_backup"
[0m20:14:47.667854 [debug] [Thread-3 (]: SQL status: ALTER TABLE in 0.001 seconds
[0m20:14:47.675886 [debug] [Thread-3 (]: Using postgres connection "model.itsm_dbt.gold_itsm_tickets"
[0m20:14:47.677892 [debug] [Thread-3 (]: On model.itsm_dbt.gold_itsm_tickets: /* {"app": "dbt", "dbt_version": "1.11.12", "profile_name": "itsm_dbt", "target_name": "dev", "node_id": "model.itsm_dbt.gold_itsm_tickets"} */
alter table "itsm_db"."gold"."gold_itsm_tickets__dbt_tmp" rename to "gold_itsm_tickets"
[0m20:14:47.679900 [debug] [Thread-3 (]: SQL status: ALTER TABLE in 0.001 seconds
[0m20:14:47.681650 [debug] [Thread-3 (]: On model.itsm_dbt.gold_itsm_tickets: COMMIT
[0m20:14:47.683657 [debug] [Thread-3 (]: Using postgres connection "model.itsm_dbt.gold_itsm_tickets"
[0m20:14:47.685664 [debug] [Thread-3 (]: On model.itsm_dbt.gold_itsm_tickets: COMMIT
[0m20:14:47.701184 [debug] [Thread-3 (]: SQL status: COMMIT in 0.015 seconds
[0m20:14:47.707210 [debug] [Thread-3 (]: Applying DROP to: "itsm_db"."gold"."gold_itsm_tickets__dbt_backup"
[0m20:14:47.707210 [debug] [Thread-3 (]: Using postgres connection "model.itsm_dbt.gold_itsm_tickets"
[0m20:14:47.709215 [debug] [Thread-3 (]: On model.itsm_dbt.gold_itsm_tickets: /* {"app": "dbt", "dbt_version": "1.11.12", "profile_name": "itsm_dbt", "target_name": "dev", "node_id": "model.itsm_dbt.gold_itsm_tickets"} */
drop table if exists "itsm_db"."gold"."gold_itsm_tickets__dbt_backup" cascade
[0m20:14:47.714976 [debug] [Thread-3 (]: SQL status: DROP TABLE in 0.005 seconds
[0m20:14:47.718131 [debug] [Thread-3 (]: On model.itsm_dbt.gold_itsm_tickets: Close
[0m20:14:47.718131 [debug] [Thread-3 (]: Sending event: {'category': 'dbt', 'action': 'run_model', 'label': '990b53ce-80ce-4802-88cf-f477e80d18b8', 'context': [<snowplow_tracker.self_describing_json.SelfDescribingJson object at 0x0000026C1440C920>]}
[0m20:14:47.720141 [info ] [Thread-3 (]: 2 of 2 OK created sql table model gold.gold_itsm_tickets ....................... [[32mSELECT 100000[0m in 1.03s]
[0m20:14:47.722154 [debug] [Thread-3 (]: Finished running node model.itsm_dbt.gold_itsm_tickets
[0m20:14:47.724168 [debug] [MainThread]: On master: COMMIT
[0m20:14:47.724168 [debug] [MainThread]: Using postgres connection "master"
[0m20:14:47.728929 [debug] [MainThread]: On master: COMMIT
[0m20:14:47.730193 [debug] [MainThread]: Opening a new connection, currently in state closed
[0m20:14:47.764490 [debug] [MainThread]: SQL status: COMMIT in 0.035 seconds
[0m20:14:47.766500 [debug] [MainThread]: On master: Close
[0m20:14:47.766500 [debug] [MainThread]: Connection 'master' was properly closed.
[0m20:14:47.768508 [debug] [MainThread]: Connection 'list_itsm_db' was properly closed.
[0m20:14:47.768508 [debug] [MainThread]: Connection 'list_itsm_db' was properly closed.
[0m20:14:47.768508 [debug] [MainThread]: Connection 'list_itsm_db_silver' was properly closed.
[0m20:14:47.768508 [debug] [MainThread]: Connection 'list_itsm_db_gold' was properly closed.
[0m20:14:47.768508 [debug] [MainThread]: Connection 'model.itsm_dbt.silver_itsm_tickets' was properly closed.
[0m20:14:47.776419 [debug] [MainThread]: Connection 'model.itsm_dbt.gold_itsm_tickets' was properly closed.
[0m20:14:47.776419 [info ] [MainThread]: 
[0m20:14:47.776419 [info ] [MainThread]: Finished running 2 table models in 0 hours 0 minutes and 3.50 seconds (3.50s).
[0m20:14:47.776419 [debug] [MainThread]: Command end result
[0m20:14:47.864720 [debug] [MainThread]: Wrote artifact WritableManifest to C:\Users\ahmed\Desktop\data science\itsm_project\dbt_project\target\manifest.json
[0m20:14:47.872521 [debug] [MainThread]: Wrote artifact SemanticManifest to C:\Users\ahmed\Desktop\data science\itsm_project\dbt_project\target\semantic_manifest.json
[0m20:14:47.890392 [debug] [MainThread]: Wrote artifact RunExecutionResult to C:\Users\ahmed\Desktop\data science\itsm_project\dbt_project\target\run_results.json
[0m20:14:47.892402 [info ] [MainThread]: 
[0m20:14:47.894420 [info ] [MainThread]: [32mCompleted successfully[0m
[0m20:14:47.896458 [info ] [MainThread]: 
[0m20:14:47.898475 [info ] [MainThread]: Done. PASS=2 WARN=0 ERROR=0 SKIP=0 NO-OP=0 TOTAL=2
[0m20:14:47.902240 [debug] [MainThread]: Command `dbt run` succeeded at 20:14:47.902240 after 5.12 seconds
[0m20:14:47.902240 [debug] [MainThread]: Sending event: {'category': 'dbt', 'action': 'invocation', 'label': 'end', 'context': [<snowplow_tracker.self_describing_json.SelfDescribingJson object at 0x0000026C13CCE000>, <snowplow_tracker.self_describing_json.SelfDescribingJson object at 0x0000026C13C83A10>, <snowplow_tracker.self_describing_json.SelfDescribingJson object at 0x0000026C13C4B440>]}
[0m20:14:47.902240 [debug] [MainThread]: Flushing usage events
[0m20:14:48.993902 [debug] [MainThread]: An error was encountered while trying to flush usage events
[0m20:15:01.209979 [debug] [MainThread]: Sending event: {'category': 'dbt', 'action': 'invocation', 'label': 'start', 'context': [<snowplow_tracker.self_describing_json.SelfDescribingJson object at 0x000001A6320A5370>, <snowplow_tracker.self_describing_json.SelfDescribingJson object at 0x000001A6345C4E90>, <snowplow_tracker.self_describing_json.SelfDescribingJson object at 0x000001A6345C6510>]}


============================== 20:15:01.209979 | 7c64b11a-425f-4016-87ff-3944b82d69c5 ==============================
[0m20:15:01.209979 [info ] [MainThread]: Running with dbt=1.11.12
[0m20:15:01.209979 [debug] [MainThread]: running dbt with arguments {'static_parser': 'True', 'no_print': 'None', 'version_check': 'True', 'target_path': 'None', 'warn_error_options': 'WarnErrorOptionsV2(error=[], warn=[], silence=[])', 'printer_width': '80', 'write_json': 'True', 'introspect': 'True', 'log_cache_events': 'False', 'empty': 'False', 'cache_selected_only': 'False', 'log_format': 'default', 'debug': 'False', 'fail_fast': 'False', 'profiles_dir': '.', 'send_anonymous_usage_stats': 'True', 'quiet': 'False', 'warn_error': 'None', 'partial_parse': 'True', 'invocation_command': 'dbt run --profiles-dir . --select gold_itsm_tickets', 'use_colors': 'True', 'indirect_selection': 'eager', 'use_experimental_parser': 'False', 'log_path': 'C:\\Users\\ahmed\\Desktop\\data science\\itsm_project\\dbt_project\\logs'}
[0m20:15:01.501095 [debug] [MainThread]: Sending event: {'category': 'dbt', 'action': 'project_id', 'label': '7c64b11a-425f-4016-87ff-3944b82d69c5', 'context': [<snowplow_tracker.self_describing_json.SelfDescribingJson object at 0x000001A635589A90>]}
[0m20:15:01.623835 [debug] [MainThread]: Sending event: {'category': 'dbt', 'action': 'adapter_info', 'label': '7c64b11a-425f-4016-87ff-3944b82d69c5', 'context': [<snowplow_tracker.self_describing_json.SelfDescribingJson object at 0x000001A634C5F050>]}
[0m20:15:01.626843 [info ] [MainThread]: Registered adapter: postgres=1.10.2
[0m20:15:02.395805 [debug] [MainThread]: checksum: f368f5348cf42803b94ef7fb8257ecf3bf9a9a16dd9c8c51fe5172f2dbeb457f, vars: {}, profile: , target: , version: 1.11.12
[0m20:15:02.594924 [debug] [MainThread]: Partial parsing enabled: 0 files deleted, 0 files added, 0 files changed.
[0m20:15:02.594924 [debug] [MainThread]: Nothing changed, skipping partial parsing.
[0m20:15:02.594924 [debug] [MainThread]: Partial parsing enabled, no changes found, skipping parsing
[0m20:15:02.683334 [debug] [MainThread]: Sending event: {'category': 'dbt', 'action': 'load_project', 'label': '7c64b11a-425f-4016-87ff-3944b82d69c5', 'context': [<snowplow_tracker.self_describing_json.SelfDescribingJson object at 0x000001A636A38D40>]}
[0m20:15:02.834499 [debug] [MainThread]: Wrote artifact WritableManifest to C:\Users\ahmed\Desktop\data science\itsm_project\dbt_project\target\manifest.json
[0m20:15:02.836247 [debug] [MainThread]: Wrote artifact SemanticManifest to C:\Users\ahmed\Desktop\data science\itsm_project\dbt_project\target\semantic_manifest.json
[0m20:15:02.853664 [debug] [MainThread]: Sending event: {'category': 'dbt', 'action': 'resource_counts', 'label': '7c64b11a-425f-4016-87ff-3944b82d69c5', 'context': [<snowplow_tracker.self_describing_json.SelfDescribingJson object at 0x000001A636C6B680>]}
[0m20:15:02.855673 [info ] [MainThread]: Found 2 models, 1 source, 476 macros
[0m20:15:02.855673 [debug] [MainThread]: Sending event: {'category': 'dbt', 'action': 'runnable_timing', 'label': '7c64b11a-425f-4016-87ff-3944b82d69c5', 'context': [<snowplow_tracker.self_describing_json.SelfDescribingJson object at 0x000001A636CDCF50>]}
[0m20:15:02.861211 [info ] [MainThread]: 
[0m20:15:02.863218 [info ] [MainThread]: Concurrency: 4 threads (target='dev')
[0m20:15:02.863218 [info ] [MainThread]: 
[0m20:15:02.865224 [debug] [MainThread]: Acquiring new postgres connection 'master'
[0m20:15:02.867858 [debug] [ThreadPool]: Acquiring new postgres connection 'list_itsm_db'
[0m20:15:03.026221 [debug] [ThreadPool]: Using postgres connection "list_itsm_db"
[0m20:15:03.027220 [debug] [ThreadPool]: On list_itsm_db: /* {"app": "dbt", "dbt_version": "1.11.12", "profile_name": "itsm_dbt", "target_name": "dev", "connection_name": "list_itsm_db"} */

    select distinct nspname from pg_namespace
  
[0m20:15:03.028223 [debug] [ThreadPool]: Opening a new connection, currently in state init
[0m20:15:03.061361 [debug] [ThreadPool]: SQL status: SELECT 7 in 0.034 seconds
[0m20:15:03.065546 [debug] [ThreadPool]: On list_itsm_db: Close
[0m20:15:03.067557 [debug] [ThreadPool]: Acquiring new postgres connection 'list_itsm_db_silver'
[0m20:15:03.069759 [debug] [ThreadPool]: Acquiring new postgres connection 'list_itsm_db_gold'
[0m20:15:03.080095 [debug] [ThreadPool]: Using postgres connection "list_itsm_db_silver"
[0m20:15:03.088517 [debug] [ThreadPool]: Using postgres connection "list_itsm_db_gold"
[0m20:15:03.090639 [debug] [ThreadPool]: On list_itsm_db_silver: /* {"app": "dbt", "dbt_version": "1.11.12", "profile_name": "itsm_dbt", "target_name": "dev", "connection_name": "list_itsm_db_silver"} */
select
      'itsm_db' as database,
      tablename as name,
      schemaname as schema,
      'table' as type
    from pg_tables
    where schemaname ilike 'silver'
    union all
    select
      'itsm_db' as database,
      viewname as name,
      schemaname as schema,
      'view' as type
    from pg_views
    where schemaname ilike 'silver'
    union all
    select
      'itsm_db' as database,
      matviewname as name,
      schemaname as schema,
      'materialized_view' as type
    from pg_matviews
    where schemaname ilike 'silver'
  
[0m20:15:03.092070 [debug] [ThreadPool]: On list_itsm_db_gold: /* {"app": "dbt", "dbt_version": "1.11.12", "profile_name": "itsm_dbt", "target_name": "dev", "connection_name": "list_itsm_db_gold"} */
select
      'itsm_db' as database,
      tablename as name,
      schemaname as schema,
      'table' as type
    from pg_tables
    where schemaname ilike 'gold'
    union all
    select
      'itsm_db' as database,
      viewname as name,
      schemaname as schema,
      'view' as type
    from pg_views
    where schemaname ilike 'gold'
    union all
    select
      'itsm_db' as database,
      matviewname as name,
      schemaname as schema,
      'materialized_view' as type
    from pg_matviews
    where schemaname ilike 'gold'
  
[0m20:15:03.092070 [debug] [ThreadPool]: Opening a new connection, currently in state init
[0m20:15:03.095387 [debug] [ThreadPool]: Opening a new connection, currently in state init
[0m20:15:03.126024 [debug] [ThreadPool]: SQL status: SELECT 3 in 0.033 seconds
[0m20:15:03.126024 [debug] [ThreadPool]: SQL status: SELECT 1 in 0.037 seconds
[0m20:15:03.126024 [debug] [ThreadPool]: On list_itsm_db_gold: ROLLBACK
[0m20:15:03.126024 [debug] [ThreadPool]: On list_itsm_db_silver: ROLLBACK
[0m20:15:03.126024 [debug] [ThreadPool]: On list_itsm_db_gold: Close
[0m20:15:03.137648 [debug] [ThreadPool]: On list_itsm_db_silver: Close
[0m20:15:03.148657 [debug] [MainThread]: Using postgres connection "master"
[0m20:15:03.150164 [debug] [MainThread]: On master: /* {"app": "dbt", "dbt_version": "1.11.12", "profile_name": "itsm_dbt", "target_name": "dev", "connection_name": "master"} */
select distinct
        dependent_namespace.nspname as dependent_schema,
        dependent_class.relname as dependent_name,
        referenced_namespace.nspname as referenced_schema,
        referenced_class.relname as referenced_name

    -- Query for views: views are entries in pg_class with an entry in pg_rewrite, but we avoid
    -- a seq scan on pg_rewrite by leveraging the fact there is an "internal" row in pg_depend for
    -- the view...
    from pg_class as dependent_class
    join pg_namespace as dependent_namespace on dependent_namespace.oid = dependent_class.relnamespace
    join pg_depend as dependent_depend on dependent_depend.refobjid = dependent_class.oid
        and dependent_depend.classid = 'pg_rewrite'::regclass
        and dependent_depend.refclassid = 'pg_class'::regclass
        and dependent_depend.deptype = 'i'

    -- ... and via pg_depend (that has a row per column, hence the need for "distinct" above, and
    -- making sure to exclude the internal row to avoid a view appearing to depend on itself)...
    join pg_depend as joining_depend on joining_depend.objid = dependent_depend.objid
        and joining_depend.classid = 'pg_rewrite'::regclass
        and joining_depend.refclassid = 'pg_class'::regclass
        and joining_depend.refobjid != dependent_depend.refobjid

    -- ... we can find the tables they query from in pg_class, but excluding system tables. Note we
    -- don't need need to exclude _dependent_ system tables, because they only query from other
    -- system tables, and so are automatically excluded by excluding _referenced_ system tables
    join pg_class as referenced_class on referenced_class.oid = joining_depend.refobjid
    join pg_namespace as referenced_namespace on referenced_namespace.oid = referenced_class.relnamespace
        and referenced_namespace.nspname != 'information_schema'
        and referenced_namespace.nspname not like 'pg\_%'

    order by
        dependent_schema, dependent_name, referenced_schema, referenced_name;
[0m20:15:03.151178 [debug] [MainThread]: Opening a new connection, currently in state init
[0m20:15:03.170858 [debug] [MainThread]: SQL status: SELECT 0 in 0.023 seconds
[0m20:15:03.170858 [debug] [MainThread]: Sending event: {'category': 'dbt', 'action': 'runnable_timing', 'label': '7c64b11a-425f-4016-87ff-3944b82d69c5', 'context': [<snowplow_tracker.self_describing_json.SelfDescribingJson object at 0x000001A636C6A540>]}
[0m20:15:03.178980 [debug] [MainThread]: On master: ROLLBACK
[0m20:15:03.178980 [debug] [MainThread]: On master: COMMIT
[0m20:15:03.178980 [debug] [MainThread]: Using postgres connection "master"
[0m20:15:03.178980 [debug] [MainThread]: On master: COMMIT
[0m20:15:03.178980 [debug] [MainThread]: SQL status: COMMIT in 0.001 seconds
[0m20:15:03.186884 [debug] [MainThread]: On master: Close
[0m20:15:03.191512 [debug] [Thread-1 (]: Began running node model.itsm_dbt.gold_itsm_tickets
[0m20:15:03.191512 [info ] [Thread-1 (]: 1 of 1 START sql table model gold.gold_itsm_tickets ............................ [RUN]
[0m20:15:03.191512 [debug] [Thread-1 (]: Acquiring new postgres connection 'model.itsm_dbt.gold_itsm_tickets'
[0m20:15:03.191512 [debug] [Thread-1 (]: Began compiling node model.itsm_dbt.gold_itsm_tickets
[0m20:15:03.212415 [debug] [Thread-1 (]: Writing injected SQL for node "model.itsm_dbt.gold_itsm_tickets"
[0m20:15:03.214379 [debug] [Thread-1 (]: Began executing node model.itsm_dbt.gold_itsm_tickets
[0m20:15:03.271075 [debug] [Thread-1 (]: Writing runtime sql for node "model.itsm_dbt.gold_itsm_tickets"
[0m20:15:03.271075 [debug] [Thread-1 (]: Using postgres connection "model.itsm_dbt.gold_itsm_tickets"
[0m20:15:03.286343 [debug] [Thread-1 (]: On model.itsm_dbt.gold_itsm_tickets: /* {"app": "dbt", "dbt_version": "1.11.12", "profile_name": "itsm_dbt", "target_name": "dev", "node_id": "model.itsm_dbt.gold_itsm_tickets"} */

  
    

  create  table "itsm_db"."gold"."gold_itsm_tickets__dbt_tmp"
  
  
    as
  
  (
    /*
    gold_itsm_tickets.sql
    -----------------------
    ETAPE 3 : creation des variables pour le Machine Learning (couche Gold).

    Ce modele part de silver.silver_itsm_tickets (donnees propres) et ajoute
    tout ce dont un modele de prediction a besoin :

      1) Des durees reelles, en minutes (au lieu de deux dates separees)
      2) Des variables temporelles (heure, jour, mois de creation)
      3) La marge SLA (Expected - Actual), gardee a titre informatif
      4) La longueur de la description (utile plus tard pour le NLP)
      5) LA VARIABLE CIBLE : long_resolution_flag

    Pourquoi cette cible et pas "depassement SLA" ?
    --------------------------------------------------
    On a verifie plus tot que dans ce dataset, AUCUN ticket ne depasse jamais
    son SLA (marge toujours >= 0). Une cible sans variance ne peut pas etre
    apprise par un modele. On suit donc la meme demarche que dans le rapport
    de reference : on remplace "depassement SLA" par "risque de resolution
    longue" (long MTTR), qui lui a une vraie variance dans les donnees.

    Definition retenue : un ticket est marque "resolution longue" (1) si
    sa duree de resolution reelle depasse le 75e percentile de l'ensemble
    des tickets. Sinon (0). Ce seuil est calcule automatiquement sur les
    donnees, pas fixe a la main.
*/

with base as (

    select * from "itsm_db"."silver"."silver_itsm_tickets"

),

with_durations as (

    select
        *,

        -- Durees reelles, en minutes
        extract(epoch from (first_response_time - created_time)) / 60
            as first_response_minutes,
        extract(epoch from (resolution_time - created_time)) / 60
            as resolution_minutes,
        extract(epoch from (close_time - created_time)) / 60
            as close_minutes,

        -- Bruit deterministe (+/- 60 min), seede sur ticket_id : simule la variabilite
        -- reelle (charge de travail, complexite imprevue) absente du dataset synthetique.
        -- Sans ce bruit, priority determine resolution_minutes de facon quasi parfaite
        -- (ecart-type ~6 min), ce qui rend toute prediction triviale (score parfait).
        (hashtext(ticket_id) % 121 - 60)::float as noise_minutes,

        -- Marge SLA : temps restant avant la limite (peut etre negatif si depasse)
        extract(epoch from (expected_sla_to_first_response - first_response_time)) / 60
            as sla_margin_first_response_min,
        extract(epoch from (expected_sla_to_resolve - resolution_time)) / 60
            as sla_margin_resolution_min,

        -- Variables temporelles utiles pour reperer des tendances (charge par heure, jour...)
        extract(hour from created_time)          as created_hour,
        to_char(created_time, 'Day')             as created_dayofweek,
        to_char(created_time, 'Month')           as created_month,
        date(created_time)                       as created_date,

        -- Longueur de la description : un proxy simple de complexite du ticket,
        -- utile plus tard pour le module NLP
        length(incident_description)             as description_length,

        -- Fenetre SLA (minutes) : utilisee par le moteur de decision (urgence)
        extract(epoch from (expected_sla_to_resolve - created_time)) / 60
            as sla_window_minutes

    from base

),

with_realistic_duration as (

    select
        *,
        greatest(resolution_minutes + noise_minutes, 5) as resolution_minutes_realistic

    from with_durations

),

percentile_calc as (

    select
        percentile_cont(0.75) within group (order by resolution_minutes_realistic)
            as resolution_p75_threshold
    from with_realistic_duration
    where resolution_minutes_realistic is not null

),

with_target as (

    select
        w.*,
        p.resolution_p75_threshold

    from with_realistic_duration w
    cross join percentile_calc p
    where w.resolution_minutes_realistic is not null

)

select
    ticket_id,
    status,
    priority,
    priority_rank,
    source,
    topic,
    agent_group,
    product_group,

    created_time,
    created_date,
    created_hour,
    trim(created_dayofweek)  as created_dayofweek,
    trim(created_month)      as created_month,

    first_response_minutes,
    resolution_minutes,
    resolution_minutes_realistic,
    close_minutes,

    sla_margin_first_response_min,
    sla_margin_resolution_min,

    description_length,
    has_solution,
    sla_window_minutes,

    resolution_p75_threshold,

    -- LA CIBLE : basee sur la duree "realiste" (avec bruit), pas la duree brute
    case
        when resolution_minutes_realistic >= resolution_p75_threshold then 1
        else 0
    end as long_resolution_flag

from with_target
  );
  
[0m20:15:03.286343 [debug] [Thread-1 (]: Opening a new connection, currently in state init
[0m20:15:04.293667 [debug] [Thread-1 (]: SQL status: SELECT 100000 in 1.004 seconds
[0m20:15:04.305810 [debug] [Thread-1 (]: Using postgres connection "model.itsm_dbt.gold_itsm_tickets"
[0m20:15:04.307779 [debug] [Thread-1 (]: On model.itsm_dbt.gold_itsm_tickets: /* {"app": "dbt", "dbt_version": "1.11.12", "profile_name": "itsm_dbt", "target_name": "dev", "node_id": "model.itsm_dbt.gold_itsm_tickets"} */
alter table "itsm_db"."gold"."gold_itsm_tickets" rename to "gold_itsm_tickets__dbt_backup"
[0m20:15:04.309774 [debug] [Thread-1 (]: SQL status: ALTER TABLE in 0.001 seconds
[0m20:15:04.313808 [debug] [Thread-1 (]: Using postgres connection "model.itsm_dbt.gold_itsm_tickets"
[0m20:15:04.314808 [debug] [Thread-1 (]: On model.itsm_dbt.gold_itsm_tickets: /* {"app": "dbt", "dbt_version": "1.11.12", "profile_name": "itsm_dbt", "target_name": "dev", "node_id": "model.itsm_dbt.gold_itsm_tickets"} */
alter table "itsm_db"."gold"."gold_itsm_tickets__dbt_tmp" rename to "gold_itsm_tickets"
[0m20:15:04.316773 [debug] [Thread-1 (]: SQL status: ALTER TABLE in 0.001 seconds
[0m20:15:04.335803 [debug] [Thread-1 (]: On model.itsm_dbt.gold_itsm_tickets: COMMIT
[0m20:15:04.335803 [debug] [Thread-1 (]: Using postgres connection "model.itsm_dbt.gold_itsm_tickets"
[0m20:15:04.335803 [debug] [Thread-1 (]: On model.itsm_dbt.gold_itsm_tickets: COMMIT
[0m20:15:04.354658 [debug] [Thread-1 (]: SQL status: COMMIT in 0.018 seconds
[0m20:15:04.368310 [debug] [Thread-1 (]: Applying DROP to: "itsm_db"."gold"."gold_itsm_tickets__dbt_backup"
[0m20:15:04.383720 [debug] [Thread-1 (]: Using postgres connection "model.itsm_dbt.gold_itsm_tickets"
[0m20:15:04.383720 [debug] [Thread-1 (]: On model.itsm_dbt.gold_itsm_tickets: /* {"app": "dbt", "dbt_version": "1.11.12", "profile_name": "itsm_dbt", "target_name": "dev", "node_id": "model.itsm_dbt.gold_itsm_tickets"} */
drop table if exists "itsm_db"."gold"."gold_itsm_tickets__dbt_backup" cascade
[0m20:15:04.383720 [debug] [Thread-1 (]: SQL status: DROP TABLE in 0.005 seconds
[0m20:15:04.399546 [debug] [Thread-1 (]: On model.itsm_dbt.gold_itsm_tickets: Close
[0m20:15:04.399546 [debug] [Thread-1 (]: Sending event: {'category': 'dbt', 'action': 'run_model', 'label': '7c64b11a-425f-4016-87ff-3944b82d69c5', 'context': [<snowplow_tracker.self_describing_json.SelfDescribingJson object at 0x000001A63218D940>]}
[0m20:15:04.399546 [info ] [Thread-1 (]: 1 of 1 OK created sql table model gold.gold_itsm_tickets ....................... [[32mSELECT 100000[0m in 1.21s]
[0m20:15:04.399546 [debug] [Thread-1 (]: Finished running node model.itsm_dbt.gold_itsm_tickets
[0m20:15:04.399546 [debug] [MainThread]: On master: COMMIT
[0m20:15:04.399546 [debug] [MainThread]: Using postgres connection "master"
[0m20:15:04.399546 [debug] [MainThread]: On master: COMMIT
[0m20:15:04.399546 [debug] [MainThread]: Opening a new connection, currently in state closed
[0m20:15:04.447295 [debug] [MainThread]: SQL status: COMMIT in 0.038 seconds
[0m20:15:04.453285 [debug] [MainThread]: On master: Close
[0m20:15:04.455293 [debug] [MainThread]: Connection 'master' was properly closed.
[0m20:15:04.455293 [debug] [MainThread]: Connection 'list_itsm_db' was properly closed.
[0m20:15:04.457301 [debug] [MainThread]: Connection 'list_itsm_db_silver' was properly closed.
[0m20:15:04.457301 [debug] [MainThread]: Connection 'list_itsm_db_gold' was properly closed.
[0m20:15:04.459310 [debug] [MainThread]: Connection 'model.itsm_dbt.gold_itsm_tickets' was properly closed.
[0m20:15:04.459310 [info ] [MainThread]: 
[0m20:15:04.461819 [info ] [MainThread]: Finished running 1 table model in 0 hours 0 minutes and 1.59 seconds (1.59s).
[0m20:15:04.463948 [debug] [MainThread]: Command end result
[0m20:15:04.494807 [debug] [MainThread]: Wrote artifact WritableManifest to C:\Users\ahmed\Desktop\data science\itsm_project\dbt_project\target\manifest.json
[0m20:15:04.510799 [debug] [MainThread]: Wrote artifact SemanticManifest to C:\Users\ahmed\Desktop\data science\itsm_project\dbt_project\target\semantic_manifest.json
[0m20:15:04.510799 [debug] [MainThread]: Wrote artifact RunExecutionResult to C:\Users\ahmed\Desktop\data science\itsm_project\dbt_project\target\run_results.json
[0m20:15:04.510799 [info ] [MainThread]: 
[0m20:15:04.510799 [info ] [MainThread]: [32mCompleted successfully[0m
[0m20:15:04.526590 [info ] [MainThread]: 
[0m20:15:04.526590 [info ] [MainThread]: Done. PASS=1 WARN=0 ERROR=0 SKIP=0 NO-OP=0 TOTAL=1
[0m20:15:04.526590 [debug] [MainThread]: Command `dbt run` succeeded at 20:15:04.526590 after 3.50 seconds
[0m20:15:04.526590 [debug] [MainThread]: Sending event: {'category': 'dbt', 'action': 'invocation', 'label': 'end', 'context': [<snowplow_tracker.self_describing_json.SelfDescribingJson object at 0x000001A634B72F00>, <snowplow_tracker.self_describing_json.SelfDescribingJson object at 0x000001A635505D30>, <snowplow_tracker.self_describing_json.SelfDescribingJson object at 0x000001A633BFBF80>]}
[0m20:15:04.526590 [debug] [MainThread]: Flushing usage events
[0m20:15:05.425125 [debug] [MainThread]: An error was encountered while trying to flush usage events
[0m21:05:05.430715 [debug] [MainThread]: Sending event: {'category': 'dbt', 'action': 'invocation', 'label': 'start', 'context': [<snowplow_tracker.self_describing_json.SelfDescribingJson object at 0x0000016633B8A9C0>, <snowplow_tracker.self_describing_json.SelfDescribingJson object at 0x0000016634D6CD10>, <snowplow_tracker.self_describing_json.SelfDescribingJson object at 0x00000166341A60F0>]}


============================== 21:05:05.430715 | 05147496-4feb-4376-8bf9-fa5ae584dbd9 ==============================
[0m21:05:05.430715 [info ] [MainThread]: Running with dbt=1.11.12
[0m21:05:05.440326 [debug] [MainThread]: running dbt with arguments {'static_parser': 'True', 'no_print': 'None', 'version_check': 'True', 'target_path': 'None', 'warn_error_options': 'WarnErrorOptionsV2(error=[], warn=[], silence=[])', 'printer_width': '80', 'write_json': 'True', 'empty': 'None', 'log_cache_events': 'False', 'introspect': 'True', 'cache_selected_only': 'False', 'log_format': 'default', 'debug': 'False', 'fail_fast': 'False', 'profiles_dir': '.', 'send_anonymous_usage_stats': 'True', 'quiet': 'False', 'warn_error': 'None', 'partial_parse': 'True', 'invocation_command': 'dbt debug --profiles-dir .', 'indirect_selection': 'eager', 'use_colors': 'True', 'use_experimental_parser': 'False', 'log_path': 'C:\\Users\\ahmed\\Desktop\\data science\\itsm_project\\dbt_project\\logs'}
[0m21:05:05.458042 [info ] [MainThread]: dbt version: 1.11.12
[0m21:05:05.458042 [info ] [MainThread]: python version: 3.12.0
[0m21:05:05.458042 [info ] [MainThread]: python path: C:\Users\ahmed\AppData\Local\Programs\Python\Python312\python.exe
[0m21:05:05.475267 [info ] [MainThread]: os info: Windows-11-10.0.26200-SP0
[0m21:05:05.559371 [info ] [MainThread]: Using profiles dir at .
[0m21:05:05.559371 [info ] [MainThread]: Using profiles.yml file at .\profiles.yml
[0m21:05:05.561381 [info ] [MainThread]: Using dbt_project.yml file at C:\Users\ahmed\Desktop\data science\itsm_project\dbt_project\dbt_project.yml
[0m21:05:05.563391 [info ] [MainThread]: adapter type: postgres
[0m21:05:05.565397 [info ] [MainThread]: adapter version: 1.10.2
[0m21:05:05.718196 [info ] [MainThread]: Configuration:
[0m21:05:05.718196 [info ] [MainThread]:   profiles.yml file [[32mOK found and valid[0m]
[0m21:05:05.720206 [info ] [MainThread]:   dbt_project.yml file [[32mOK found and valid[0m]
[0m21:05:05.723521 [info ] [MainThread]: Required dependencies:
[0m21:05:05.725551 [debug] [MainThread]: Executing "git --help"
[0m21:05:05.798894 [debug] [MainThread]: STDOUT: "b"usage: git [-v | --version] [-h | --help] [-C <path>] [-c <name>=<value>]\n           [--exec-path[=<path>]] [--html-path] [--man-path] [--info-path]\n           [-p | --paginate | -P | --no-pager] [--no-replace-objects] [--no-lazy-fetch]\n           [--no-optional-locks] [--no-advice] [--bare] [--git-dir=<path>]\n           [--work-tree=<path>] [--namespace=<name>] [--config-env=<name>=<envvar>]\n           <command> [<args>]\n\nThese are common Git commands used in various situations:\n\nstart a working area (see also: git help tutorial)\n   clone      Clone a repository into a new directory\n   init       Create an empty Git repository or reinitialize an existing one\n\nwork on the current change (see also: git help everyday)\n   add        Add file contents to the index\n   mv         Move or rename a file, a directory, or a symlink\n   restore    Restore working tree files\n   rm         Remove files from the working tree and from the index\n\nexamine the history and state (see also: git help revisions)\n   bisect     Use binary search to find the commit that introduced a bug\n   diff       Show changes between commits, commit and working tree, etc\n   grep       Print lines matching a pattern\n   log        Show commit logs\n   show       Show various types of objects\n   status     Show the working tree status\n\ngrow, mark and tweak your common history\n   backfill   Download missing objects in a partial clone\n   branch     List, create, or delete branches\n   commit     Record changes to the repository\n   history    EXPERIMENTAL: Rewrite history\n   merge      Join two or more development histories together\n   rebase     Reapply commits on top of another base tip\n   reset      Set `HEAD` or the index to a known state\n   switch     Switch branches\n   tag        Create, list, delete or verify tags\n\ncollaborate (see also: git help workflows)\n   fetch      Download objects and refs from another repository\n   pull       Fetch from and integrate with another repository or a local branch\n   push       Update remote refs along with associated objects\n\n'git help -a' and 'git help -g' list available subcommands and some\nconcept guides. See 'git help <command>' or 'git help <concept>'\nto read about a specific subcommand or concept.\nSee 'git help git' for an overview of the system.\n""
[0m21:05:05.798894 [debug] [MainThread]: STDERR: "b''"
[0m21:05:05.805769 [info ] [MainThread]:  - git [[32mOK found[0m]

[0m21:05:05.806626 [info ] [MainThread]: Connection:
[0m21:05:05.806626 [info ] [MainThread]:   host: localhost
[0m21:05:05.806626 [info ] [MainThread]:   port: 5432
[0m21:05:05.806626 [info ] [MainThread]:   user: postgres
[0m21:05:05.806626 [info ] [MainThread]:   database: itsm_db
[0m21:05:05.806626 [info ] [MainThread]:   schema: public
[0m21:05:05.806626 [info ] [MainThread]:   connect_timeout: 10
[0m21:05:05.806626 [info ] [MainThread]:   role: None
[0m21:05:05.818197 [info ] [MainThread]:   search_path: None
[0m21:05:05.818197 [info ] [MainThread]:   keepalives_idle: 0
[0m21:05:05.818197 [info ] [MainThread]:   sslmode: None
[0m21:05:05.822453 [info ] [MainThread]:   sslcert: None
[0m21:05:05.823465 [info ] [MainThread]:   sslkey: None
[0m21:05:05.823465 [info ] [MainThread]:   sslrootcert: None
[0m21:05:05.823465 [info ] [MainThread]:   application_name: dbt
[0m21:05:05.823465 [info ] [MainThread]:   retries: 1
[0m21:05:05.823465 [info ] [MainThread]: Registered adapter: postgres=1.10.2
[0m21:05:06.354310 [debug] [MainThread]: Acquiring new postgres connection 'debug'
[0m21:05:06.492686 [debug] [MainThread]: Using postgres connection "debug"
[0m21:05:06.492686 [debug] [MainThread]: On debug: select 1 as id
[0m21:05:06.492686 [debug] [MainThread]: Opening a new connection, currently in state init
[0m21:05:06.522958 [debug] [MainThread]: SQL status: SELECT 1 in 0.034 seconds
[0m21:05:06.537027 [debug] [MainThread]: On debug: Close
[0m21:05:06.537027 [info ] [MainThread]:   Connection test: [[32mOK connection ok[0m]

[0m21:05:06.539904 [info ] [MainThread]: [32mAll checks passed![0m
[0m21:05:06.544362 [debug] [MainThread]: Command `dbt debug` succeeded at 21:05:06.544362 after 1.29 seconds
[0m21:05:06.544362 [debug] [MainThread]: Connection 'debug' was properly closed.
[0m21:05:06.546965 [debug] [MainThread]: Sending event: {'category': 'dbt', 'action': 'invocation', 'label': 'end', 'context': [<snowplow_tracker.self_describing_json.SelfDescribingJson object at 0x0000016636111910>, <snowplow_tracker.self_describing_json.SelfDescribingJson object at 0x00000166343EFE30>, <snowplow_tracker.self_describing_json.SelfDescribingJson object at 0x0000016634EB39E0>]}
[0m21:05:06.546965 [debug] [MainThread]: Flushing usage events
[0m21:05:07.855542 [debug] [MainThread]: An error was encountered while trying to flush usage events
[0m21:05:22.492564 [debug] [MainThread]: Sending event: {'category': 'dbt', 'action': 'invocation', 'label': 'start', 'context': [<snowplow_tracker.self_describing_json.SelfDescribingJson object at 0x00000265BC08E600>, <snowplow_tracker.self_describing_json.SelfDescribingJson object at 0x00000265C0ACB320>, <snowplow_tracker.self_describing_json.SelfDescribingJson object at 0x00000265BFCE9E80>]}


============================== 21:05:22.508418 | e070c486-1bee-44f0-ad71-fecab85043fe ==============================
[0m21:05:22.508418 [info ] [MainThread]: Running with dbt=1.11.12
[0m21:05:22.510426 [debug] [MainThread]: running dbt with arguments {'version_check': 'True', 'no_print': 'None', 'static_parser': 'True', 'warn_error_options': 'WarnErrorOptionsV2(error=[], warn=[], silence=[])', 'target_path': 'None', 'printer_width': '80', 'write_json': 'True', 'introspect': 'True', 'log_cache_events': 'False', 'empty': 'False', 'cache_selected_only': 'False', 'log_format': 'default', 'debug': 'False', 'fail_fast': 'False', 'partial_parse': 'True', 'send_anonymous_usage_stats': 'True', 'quiet': 'False', 'warn_error': 'None', 'profiles_dir': '.', 'invocation_command': 'dbt run --profiles-dir .', 'indirect_selection': 'eager', 'use_colors': 'True', 'use_experimental_parser': 'False', 'log_path': 'C:\\Users\\ahmed\\Desktop\\data science\\itsm_project\\dbt_project\\logs'}
[0m21:05:22.793417 [debug] [MainThread]: Sending event: {'category': 'dbt', 'action': 'project_id', 'label': 'e070c486-1bee-44f0-ad71-fecab85043fe', 'context': [<snowplow_tracker.self_describing_json.SelfDescribingJson object at 0x00000265C0B39100>]}
[0m21:05:22.875403 [debug] [MainThread]: Sending event: {'category': 'dbt', 'action': 'adapter_info', 'label': 'e070c486-1bee-44f0-ad71-fecab85043fe', 'context': [<snowplow_tracker.self_describing_json.SelfDescribingJson object at 0x00000265BFFD7C20>]}
[0m21:05:22.875403 [info ] [MainThread]: Registered adapter: postgres=1.10.2
[0m21:05:23.380397 [debug] [MainThread]: checksum: f368f5348cf42803b94ef7fb8257ecf3bf9a9a16dd9c8c51fe5172f2dbeb457f, vars: {}, profile: , target: , version: 1.11.12
[0m21:05:23.563610 [debug] [MainThread]: Partial parsing enabled: 0 files deleted, 0 files added, 0 files changed.
[0m21:05:23.565617 [debug] [MainThread]: Nothing changed, skipping partial parsing.
[0m21:05:23.565617 [debug] [MainThread]: Partial parsing enabled, no changes found, skipping parsing
[0m21:05:23.602237 [debug] [MainThread]: Sending event: {'category': 'dbt', 'action': 'load_project', 'label': 'e070c486-1bee-44f0-ad71-fecab85043fe', 'context': [<snowplow_tracker.self_describing_json.SelfDescribingJson object at 0x00000265C1D86930>]}
[0m21:05:23.699480 [debug] [MainThread]: Wrote artifact WritableManifest to C:\Users\ahmed\Desktop\data science\itsm_project\dbt_project\target\manifest.json
[0m21:05:23.713025 [debug] [MainThread]: Wrote artifact SemanticManifest to C:\Users\ahmed\Desktop\data science\itsm_project\dbt_project\target\semantic_manifest.json
[0m21:05:23.729155 [debug] [MainThread]: Sending event: {'category': 'dbt', 'action': 'resource_counts', 'label': 'e070c486-1bee-44f0-ad71-fecab85043fe', 'context': [<snowplow_tracker.self_describing_json.SelfDescribingJson object at 0x00000265C21BB890>]}
[0m21:05:23.729155 [info ] [MainThread]: Found 2 models, 1 source, 476 macros
[0m21:05:23.731164 [debug] [MainThread]: Sending event: {'category': 'dbt', 'action': 'runnable_timing', 'label': 'e070c486-1bee-44f0-ad71-fecab85043fe', 'context': [<snowplow_tracker.self_describing_json.SelfDescribingJson object at 0x00000265C2229FD0>]}
[0m21:05:23.733170 [info ] [MainThread]: 
[0m21:05:23.735177 [info ] [MainThread]: Concurrency: 4 threads (target='dev')
[0m21:05:23.737186 [info ] [MainThread]: 
[0m21:05:23.737186 [debug] [MainThread]: Acquiring new postgres connection 'master'
[0m21:05:23.743204 [debug] [ThreadPool]: Acquiring new postgres connection 'list_itsm_db'
[0m21:05:23.743204 [debug] [ThreadPool]: Acquiring new postgres connection 'list_itsm_db'
[0m21:05:23.872306 [debug] [ThreadPool]: Using postgres connection "list_itsm_db"
[0m21:05:23.872306 [debug] [ThreadPool]: Using postgres connection "list_itsm_db"
[0m21:05:23.872306 [debug] [ThreadPool]: On list_itsm_db: /* {"app": "dbt", "dbt_version": "1.11.12", "profile_name": "itsm_dbt", "target_name": "dev", "connection_name": "list_itsm_db"} */

    select distinct nspname from pg_namespace
  
[0m21:05:23.872306 [debug] [ThreadPool]: On list_itsm_db: /* {"app": "dbt", "dbt_version": "1.11.12", "profile_name": "itsm_dbt", "target_name": "dev", "connection_name": "list_itsm_db"} */

    select distinct nspname from pg_namespace
  
[0m21:05:23.872306 [debug] [ThreadPool]: Opening a new connection, currently in state init
[0m21:05:23.872306 [debug] [ThreadPool]: Opening a new connection, currently in state init
[0m21:05:23.912124 [debug] [ThreadPool]: SQL status: SELECT 7 in 0.034 seconds
[0m21:05:23.912124 [debug] [ThreadPool]: SQL status: SELECT 7 in 0.033 seconds
[0m21:05:23.921740 [debug] [ThreadPool]: On list_itsm_db: Close
[0m21:05:23.923747 [debug] [ThreadPool]: On list_itsm_db: Close
[0m21:05:23.925757 [debug] [ThreadPool]: Acquiring new postgres connection 'list_itsm_db_silver'
[0m21:05:23.925757 [debug] [ThreadPool]: Acquiring new postgres connection 'list_itsm_db_gold'
[0m21:05:23.935498 [debug] [ThreadPool]: Using postgres connection "list_itsm_db_silver"
[0m21:05:23.935498 [debug] [ThreadPool]: Using postgres connection "list_itsm_db_gold"
[0m21:05:23.935498 [debug] [ThreadPool]: On list_itsm_db_silver: /* {"app": "dbt", "dbt_version": "1.11.12", "profile_name": "itsm_dbt", "target_name": "dev", "connection_name": "list_itsm_db_silver"} */
select
      'itsm_db' as database,
      tablename as name,
      schemaname as schema,
      'table' as type
    from pg_tables
    where schemaname ilike 'silver'
    union all
    select
      'itsm_db' as database,
      viewname as name,
      schemaname as schema,
      'view' as type
    from pg_views
    where schemaname ilike 'silver'
    union all
    select
      'itsm_db' as database,
      matviewname as name,
      schemaname as schema,
      'materialized_view' as type
    from pg_matviews
    where schemaname ilike 'silver'
  
[0m21:05:23.935498 [debug] [ThreadPool]: On list_itsm_db_gold: /* {"app": "dbt", "dbt_version": "1.11.12", "profile_name": "itsm_dbt", "target_name": "dev", "connection_name": "list_itsm_db_gold"} */
select
      'itsm_db' as database,
      tablename as name,
      schemaname as schema,
      'table' as type
    from pg_tables
    where schemaname ilike 'gold'
    union all
    select
      'itsm_db' as database,
      viewname as name,
      schemaname as schema,
      'view' as type
    from pg_views
    where schemaname ilike 'gold'
    union all
    select
      'itsm_db' as database,
      matviewname as name,
      schemaname as schema,
      'materialized_view' as type
    from pg_matviews
    where schemaname ilike 'gold'
  
[0m21:05:23.935498 [debug] [ThreadPool]: Opening a new connection, currently in state init
[0m21:05:23.935498 [debug] [ThreadPool]: Opening a new connection, currently in state init
[0m21:05:23.967748 [debug] [ThreadPool]: SQL status: SELECT 3 in 0.025 seconds
[0m21:05:23.967748 [debug] [ThreadPool]: SQL status: SELECT 1 in 0.027 seconds
[0m21:05:23.967748 [debug] [ThreadPool]: On list_itsm_db_gold: ROLLBACK
[0m21:05:23.967748 [debug] [ThreadPool]: On list_itsm_db_silver: ROLLBACK
[0m21:05:23.967748 [debug] [ThreadPool]: On list_itsm_db_gold: Close
[0m21:05:23.967748 [debug] [ThreadPool]: On list_itsm_db_silver: Close
[0m21:05:23.982837 [debug] [MainThread]: Using postgres connection "master"
[0m21:05:23.982837 [debug] [MainThread]: On master: /* {"app": "dbt", "dbt_version": "1.11.12", "profile_name": "itsm_dbt", "target_name": "dev", "connection_name": "master"} */
select distinct
        dependent_namespace.nspname as dependent_schema,
        dependent_class.relname as dependent_name,
        referenced_namespace.nspname as referenced_schema,
        referenced_class.relname as referenced_name

    -- Query for views: views are entries in pg_class with an entry in pg_rewrite, but we avoid
    -- a seq scan on pg_rewrite by leveraging the fact there is an "internal" row in pg_depend for
    -- the view...
    from pg_class as dependent_class
    join pg_namespace as dependent_namespace on dependent_namespace.oid = dependent_class.relnamespace
    join pg_depend as dependent_depend on dependent_depend.refobjid = dependent_class.oid
        and dependent_depend.classid = 'pg_rewrite'::regclass
        and dependent_depend.refclassid = 'pg_class'::regclass
        and dependent_depend.deptype = 'i'

    -- ... and via pg_depend (that has a row per column, hence the need for "distinct" above, and
    -- making sure to exclude the internal row to avoid a view appearing to depend on itself)...
    join pg_depend as joining_depend on joining_depend.objid = dependent_depend.objid
        and joining_depend.classid = 'pg_rewrite'::regclass
        and joining_depend.refclassid = 'pg_class'::regclass
        and joining_depend.refobjid != dependent_depend.refobjid

    -- ... we can find the tables they query from in pg_class, but excluding system tables. Note we
    -- don't need need to exclude _dependent_ system tables, because they only query from other
    -- system tables, and so are automatically excluded by excluding _referenced_ system tables
    join pg_class as referenced_class on referenced_class.oid = joining_depend.refobjid
    join pg_namespace as referenced_namespace on referenced_namespace.oid = referenced_class.relnamespace
        and referenced_namespace.nspname != 'information_schema'
        and referenced_namespace.nspname not like 'pg\_%'

    order by
        dependent_schema, dependent_name, referenced_schema, referenced_name;
[0m21:05:23.982837 [debug] [MainThread]: Opening a new connection, currently in state init
[0m21:05:24.016863 [debug] [MainThread]: SQL status: SELECT 0 in 0.028 seconds
[0m21:05:24.020884 [debug] [MainThread]: Sending event: {'category': 'dbt', 'action': 'runnable_timing', 'label': 'e070c486-1bee-44f0-ad71-fecab85043fe', 'context': [<snowplow_tracker.self_describing_json.SelfDescribingJson object at 0x00000265C256C7A0>]}
[0m21:05:24.022892 [debug] [MainThread]: On master: ROLLBACK
[0m21:05:24.024898 [debug] [MainThread]: On master: COMMIT
[0m21:05:24.024898 [debug] [MainThread]: Using postgres connection "master"
[0m21:05:24.028345 [debug] [MainThread]: On master: COMMIT
[0m21:05:24.030981 [debug] [MainThread]: SQL status: COMMIT in 0.002 seconds
[0m21:05:24.031675 [debug] [MainThread]: On master: Close
[0m21:05:24.036328 [debug] [Thread-1 (]: Began running node model.itsm_dbt.silver_itsm_tickets
[0m21:05:24.036328 [info ] [Thread-1 (]: 1 of 2 START sql table model silver.silver_itsm_tickets ........................ [RUN]
[0m21:05:24.036328 [debug] [Thread-1 (]: Acquiring new postgres connection 'model.itsm_dbt.silver_itsm_tickets'
[0m21:05:24.036328 [debug] [Thread-1 (]: Began compiling node model.itsm_dbt.silver_itsm_tickets
[0m21:05:24.047006 [debug] [Thread-1 (]: Writing injected SQL for node "model.itsm_dbt.silver_itsm_tickets"
[0m21:05:24.047006 [debug] [Thread-1 (]: Began executing node model.itsm_dbt.silver_itsm_tickets
[0m21:05:24.094587 [debug] [Thread-1 (]: Writing runtime sql for node "model.itsm_dbt.silver_itsm_tickets"
[0m21:05:24.094587 [debug] [Thread-1 (]: Using postgres connection "model.itsm_dbt.silver_itsm_tickets"
[0m21:05:24.094587 [debug] [Thread-1 (]: On model.itsm_dbt.silver_itsm_tickets: /* {"app": "dbt", "dbt_version": "1.11.12", "profile_name": "itsm_dbt", "target_name": "dev", "node_id": "model.itsm_dbt.silver_itsm_tickets"} */

  
    

  create  table "itsm_db"."silver"."silver_itsm_tickets__dbt_tmp"
  
  
    as
  
  (
    /*
    silver_itsm_tickets.sql
    ------------------------
    ETAPE 2 : nettoyage des donnees (couche Silver).

    Ce modele part de bronze.itsm_tickets_raw (donnees brutes, tout en texte,
    non modifiees) et produit une version propre :
      - espaces superflus retires
      - valeurs vides transformees en vrai NULL (au lieu de chaines vides)
      - dates transformees de texte vers un vrai type TIMESTAMP
      - une ligne par ticket_id (protection anti-doublon)
      - Priority transforme aussi en version numerique ordonnee (priority_rank)
        pour faciliter les futurs tris/graphiques

    C'est l'equivalent SQL exact de ce qu'on avait fait avec pandas dans le
    notebook ITSM_Dataset_Organized.ipynb, mais cette fois le nettoyage vit
    dans la base de donnees et peut etre re-execute a tout moment avec `dbt run`.
*/

with source as (

    select * from "itsm_db"."bronze"."itsm_tickets_raw"

),

cleaned as (

    select
        nullif(trim(ticket_id), '')            as ticket_id,
        nullif(trim(status), '')                as status,
        nullif(trim(priority), '')              as priority,
        nullif(trim(source), '')                as source,
        nullif(trim(topic), '')                 as topic,
        nullif(trim(agent_group), '')           as agent_group,
        nullif(trim(product_group), '')         as product_group,

        -- Conversion des dates : texte "04/07/2024 12:42" -> vrai TIMESTAMP
        to_timestamp(nullif(trim(created_time), ''), 'DD/MM/YYYY HH24:MI')
            as created_time,
        to_timestamp(nullif(trim(expected_sla_to_resolve), ''), 'DD/MM/YYYY HH24:MI')
            as expected_sla_to_resolve,
        to_timestamp(nullif(trim(expected_sla_to_first_response), ''), 'DD/MM/YYYY HH24:MI')
            as expected_sla_to_first_response,
        to_timestamp(nullif(trim(first_response_time), ''), 'DD/MM/YYYY HH24:MI')
            as first_response_time,
        to_timestamp(nullif(trim(resolution_time), ''), 'DD/MM/YYYY HH24:MI')
            as resolution_time,
        to_timestamp(nullif(trim(close_time), ''), 'DD/MM/YYYY HH24:MI')
            as close_time,

        nullif(trim(incident_description), '') as incident_description,
        nullif(trim(solution_used), '')         as solution_used,

        -- Version numerique ordonnee de la priorite (utile pour trier/filtrer)
        case trim(priority)
            when 'Low'      then 1
            when 'Medium'   then 2
            when 'High'     then 3
            when 'Critical' then 4
            else null
        end as priority_rank,

        -- On garde une trace : est-ce que ce ticket a une solution renseignee ?
        (nullif(trim(solution_used), '') is not null) as has_solution

    from source

),

deduplicated as (

    select *,
        row_number() over (partition by ticket_id order by ticket_id) as row_num
    from cleaned
    where ticket_id is not null

)

select
    ticket_id,
    status,
    priority,
    priority_rank,
    source,
    topic,
    agent_group,
    product_group,
    created_time,
    expected_sla_to_resolve,
    expected_sla_to_first_response,
    first_response_time,
    resolution_time,
    close_time,
    incident_description,
    solution_used,
    has_solution
from deduplicated
where row_num = 1
  );
  
[0m21:05:24.094587 [debug] [Thread-1 (]: Opening a new connection, currently in state init
[0m21:05:25.904973 [debug] [Thread-1 (]: SQL status: SELECT 100000 in 1.796 seconds
[0m21:05:25.908522 [debug] [Thread-1 (]: Using postgres connection "model.itsm_dbt.silver_itsm_tickets"
[0m21:05:25.908522 [debug] [Thread-1 (]: On model.itsm_dbt.silver_itsm_tickets: /* {"app": "dbt", "dbt_version": "1.11.12", "profile_name": "itsm_dbt", "target_name": "dev", "node_id": "model.itsm_dbt.silver_itsm_tickets"} */
alter table "itsm_db"."silver"."silver_itsm_tickets" rename to "silver_itsm_tickets__dbt_backup"
[0m21:05:25.908522 [debug] [Thread-1 (]: SQL status: ALTER TABLE in 0.001 seconds
[0m21:05:25.927183 [debug] [Thread-1 (]: Using postgres connection "model.itsm_dbt.silver_itsm_tickets"
[0m21:05:25.927183 [debug] [Thread-1 (]: On model.itsm_dbt.silver_itsm_tickets: /* {"app": "dbt", "dbt_version": "1.11.12", "profile_name": "itsm_dbt", "target_name": "dev", "node_id": "model.itsm_dbt.silver_itsm_tickets"} */
alter table "itsm_db"."silver"."silver_itsm_tickets__dbt_tmp" rename to "silver_itsm_tickets"
[0m21:05:25.931197 [debug] [Thread-1 (]: SQL status: ALTER TABLE in 0.001 seconds
[0m21:05:25.955069 [debug] [Thread-1 (]: On model.itsm_dbt.silver_itsm_tickets: COMMIT
[0m21:05:25.956869 [debug] [Thread-1 (]: Using postgres connection "model.itsm_dbt.silver_itsm_tickets"
[0m21:05:25.956869 [debug] [Thread-1 (]: On model.itsm_dbt.silver_itsm_tickets: COMMIT
[0m21:05:25.976688 [debug] [Thread-1 (]: SQL status: COMMIT in 0.018 seconds
[0m21:05:25.984708 [debug] [Thread-1 (]: Applying DROP to: "itsm_db"."silver"."silver_itsm_tickets__dbt_backup"
[0m21:05:25.988082 [debug] [Thread-1 (]: Using postgres connection "model.itsm_dbt.silver_itsm_tickets"
[0m21:05:25.988082 [debug] [Thread-1 (]: On model.itsm_dbt.silver_itsm_tickets: /* {"app": "dbt", "dbt_version": "1.11.12", "profile_name": "itsm_dbt", "target_name": "dev", "node_id": "model.itsm_dbt.silver_itsm_tickets"} */
drop table if exists "itsm_db"."silver"."silver_itsm_tickets__dbt_backup" cascade
[0m21:05:25.988082 [debug] [Thread-1 (]: SQL status: DROP TABLE in 0.007 seconds
[0m21:05:26.005780 [debug] [Thread-1 (]: On model.itsm_dbt.silver_itsm_tickets: Close
[0m21:05:26.011802 [debug] [Thread-1 (]: Sending event: {'category': 'dbt', 'action': 'run_model', 'label': 'e070c486-1bee-44f0-ad71-fecab85043fe', 'context': [<snowplow_tracker.self_describing_json.SelfDescribingJson object at 0x00000265BD6ADDF0>]}
[0m21:05:26.013809 [info ] [Thread-1 (]: 1 of 2 OK created sql table model silver.silver_itsm_tickets ................... [[32mSELECT 100000[0m in 1.97s]
[0m21:05:26.013809 [debug] [Thread-1 (]: Finished running node model.itsm_dbt.silver_itsm_tickets
[0m21:05:26.019582 [debug] [Thread-3 (]: Began running node model.itsm_dbt.gold_itsm_tickets
[0m21:05:26.019582 [info ] [Thread-3 (]: 2 of 2 START sql table model gold.gold_itsm_tickets ............................ [RUN]
[0m21:05:26.021705 [debug] [Thread-3 (]: Acquiring new postgres connection 'model.itsm_dbt.gold_itsm_tickets'
[0m21:05:26.021705 [debug] [Thread-3 (]: Began compiling node model.itsm_dbt.gold_itsm_tickets
[0m21:05:26.021705 [debug] [Thread-3 (]: Writing injected SQL for node "model.itsm_dbt.gold_itsm_tickets"
[0m21:05:26.032027 [debug] [Thread-3 (]: Began executing node model.itsm_dbt.gold_itsm_tickets
[0m21:05:26.036049 [debug] [Thread-3 (]: Writing runtime sql for node "model.itsm_dbt.gold_itsm_tickets"
[0m21:05:26.036049 [debug] [Thread-3 (]: Using postgres connection "model.itsm_dbt.gold_itsm_tickets"
[0m21:05:26.040825 [debug] [Thread-3 (]: On model.itsm_dbt.gold_itsm_tickets: /* {"app": "dbt", "dbt_version": "1.11.12", "profile_name": "itsm_dbt", "target_name": "dev", "node_id": "model.itsm_dbt.gold_itsm_tickets"} */

  
    

  create  table "itsm_db"."gold"."gold_itsm_tickets__dbt_tmp"
  
  
    as
  
  (
    /*
    gold_itsm_tickets.sql
    -----------------------
    ETAPE 3 : creation des variables pour le Machine Learning (couche Gold).

    Ce modele part de silver.silver_itsm_tickets (donnees propres) et ajoute
    tout ce dont un modele de prediction a besoin :

      1) Des durees reelles, en minutes (au lieu de deux dates separees)
      2) Des variables temporelles (heure, jour, mois de creation)
      3) La marge SLA (Expected - Actual), gardee a titre informatif
      4) La longueur de la description (utile plus tard pour le NLP)
      5) LA VARIABLE CIBLE : long_resolution_flag

    Pourquoi cette cible et pas "depassement SLA" ?
    --------------------------------------------------
    On a verifie plus tot que dans ce dataset, AUCUN ticket ne depasse jamais
    son SLA (marge toujours >= 0). Une cible sans variance ne peut pas etre
    apprise par un modele. On suit donc la meme demarche que dans le rapport
    de reference : on remplace "depassement SLA" par "risque de resolution
    longue" (long MTTR), qui lui a une vraie variance dans les donnees.

    Definition retenue : un ticket est marque "resolution longue" (1) si
    sa duree de resolution reelle depasse le 75e percentile de l'ensemble
    des tickets. Sinon (0). Ce seuil est calcule automatiquement sur les
    donnees, pas fixe a la main.
*/

with base as (

    select * from "itsm_db"."silver"."silver_itsm_tickets"

),

with_durations as (

    select
        *,

        -- Durees reelles, en minutes
        extract(epoch from (first_response_time - created_time)) / 60
            as first_response_minutes,
        extract(epoch from (resolution_time - created_time)) / 60
            as resolution_minutes,
        extract(epoch from (close_time - created_time)) / 60
            as close_minutes,

        -- Bruit deterministe (+/- 60 min), seede sur ticket_id : simule la variabilite
        -- reelle (charge de travail, complexite imprevue) absente du dataset synthetique.
        -- Sans ce bruit, priority determine resolution_minutes de facon quasi parfaite
        -- (ecart-type ~6 min), ce qui rend toute prediction triviale (score parfait).
        (hashtext(ticket_id) % 121 - 60)::float as noise_minutes,

        -- Marge SLA : temps restant avant la limite (peut etre negatif si depasse)
        extract(epoch from (expected_sla_to_first_response - first_response_time)) / 60
            as sla_margin_first_response_min,
        extract(epoch from (expected_sla_to_resolve - resolution_time)) / 60
            as sla_margin_resolution_min,

        -- Variables temporelles utiles pour reperer des tendances (charge par heure, jour...)
        extract(hour from created_time)          as created_hour,
        to_char(created_time, 'Day')             as created_dayofweek,
        to_char(created_time, 'Month')           as created_month,
        date(created_time)                       as created_date,

        -- Longueur de la description : un proxy simple de complexite du ticket,
        -- utile plus tard pour le module NLP
        length(incident_description)             as description_length,

        -- Fenetre SLA (minutes) : utilisee par le moteur de decision (urgence)
        extract(epoch from (expected_sla_to_resolve - created_time)) / 60
            as sla_window_minutes

    from base

),

with_realistic_duration as (

    select
        *,
        greatest(resolution_minutes + noise_minutes, 5) as resolution_minutes_realistic

    from with_durations

),

percentile_calc as (

    select
        percentile_cont(0.75) within group (order by resolution_minutes_realistic)
            as resolution_p75_threshold
    from with_realistic_duration
    where resolution_minutes_realistic is not null

),

with_target as (

    select
        w.*,
        p.resolution_p75_threshold

    from with_realistic_duration w
    cross join percentile_calc p
    where w.resolution_minutes_realistic is not null

)

select
    ticket_id,
    status,
    priority,
    priority_rank,
    source,
    topic,
    agent_group,
    product_group,

    created_time,
    created_date,
    created_hour,
    trim(created_dayofweek)  as created_dayofweek,
    trim(created_month)      as created_month,

    first_response_minutes,
    resolution_minutes,
    resolution_minutes_realistic,
    close_minutes,

    sla_margin_first_response_min,
    sla_margin_resolution_min,

    description_length,
    has_solution,
    sla_window_minutes,

    resolution_p75_threshold,

    -- LA CIBLE : basee sur la duree "realiste" (avec bruit), pas la duree brute
    case
        when resolution_minutes_realistic >= resolution_p75_threshold then 1
        else 0
    end as long_resolution_flag

from with_target
  );
  
[0m21:05:26.040825 [debug] [Thread-3 (]: Opening a new connection, currently in state init
[0m21:05:27.149268 [debug] [Thread-3 (]: SQL status: SELECT 100000 in 1.108 seconds
[0m21:05:27.154196 [debug] [Thread-3 (]: Using postgres connection "model.itsm_dbt.gold_itsm_tickets"
[0m21:05:27.156944 [debug] [Thread-3 (]: On model.itsm_dbt.gold_itsm_tickets: /* {"app": "dbt", "dbt_version": "1.11.12", "profile_name": "itsm_dbt", "target_name": "dev", "node_id": "model.itsm_dbt.gold_itsm_tickets"} */
alter table "itsm_db"."gold"."gold_itsm_tickets" rename to "gold_itsm_tickets__dbt_backup"
[0m21:05:27.159019 [debug] [Thread-3 (]: SQL status: ALTER TABLE in 0.001 seconds
[0m21:05:27.162156 [debug] [Thread-3 (]: Using postgres connection "model.itsm_dbt.gold_itsm_tickets"
[0m21:05:27.164163 [debug] [Thread-3 (]: On model.itsm_dbt.gold_itsm_tickets: /* {"app": "dbt", "dbt_version": "1.11.12", "profile_name": "itsm_dbt", "target_name": "dev", "node_id": "model.itsm_dbt.gold_itsm_tickets"} */
alter table "itsm_db"."gold"."gold_itsm_tickets__dbt_tmp" rename to "gold_itsm_tickets"
[0m21:05:27.164163 [debug] [Thread-3 (]: SQL status: ALTER TABLE in 0.001 seconds
[0m21:05:27.164163 [debug] [Thread-3 (]: On model.itsm_dbt.gold_itsm_tickets: COMMIT
[0m21:05:27.169558 [debug] [Thread-3 (]: Using postgres connection "model.itsm_dbt.gold_itsm_tickets"
[0m21:05:27.169558 [debug] [Thread-3 (]: On model.itsm_dbt.gold_itsm_tickets: COMMIT
[0m21:05:27.222226 [debug] [Thread-3 (]: SQL status: COMMIT in 0.057 seconds
[0m21:05:27.222226 [debug] [Thread-3 (]: Applying DROP to: "itsm_db"."gold"."gold_itsm_tickets__dbt_backup"
[0m21:05:27.234184 [debug] [Thread-3 (]: Using postgres connection "model.itsm_dbt.gold_itsm_tickets"
[0m21:05:27.234184 [debug] [Thread-3 (]: On model.itsm_dbt.gold_itsm_tickets: /* {"app": "dbt", "dbt_version": "1.11.12", "profile_name": "itsm_dbt", "target_name": "dev", "node_id": "model.itsm_dbt.gold_itsm_tickets"} */
drop table if exists "itsm_db"."gold"."gold_itsm_tickets__dbt_backup" cascade
[0m21:05:27.238689 [debug] [Thread-3 (]: SQL status: DROP TABLE in 0.006 seconds
[0m21:05:27.238689 [debug] [Thread-3 (]: On model.itsm_dbt.gold_itsm_tickets: Close
[0m21:05:27.238689 [debug] [Thread-3 (]: Sending event: {'category': 'dbt', 'action': 'run_model', 'label': 'e070c486-1bee-44f0-ad71-fecab85043fe', 'context': [<snowplow_tracker.self_describing_json.SelfDescribingJson object at 0x00000265BFB70980>]}
[0m21:05:27.248431 [info ] [Thread-3 (]: 2 of 2 OK created sql table model gold.gold_itsm_tickets ....................... [[32mSELECT 100000[0m in 1.22s]
[0m21:05:27.250447 [debug] [Thread-3 (]: Finished running node model.itsm_dbt.gold_itsm_tickets
[0m21:05:27.253868 [debug] [MainThread]: On master: COMMIT
[0m21:05:27.253868 [debug] [MainThread]: Using postgres connection "master"
[0m21:05:27.253868 [debug] [MainThread]: On master: COMMIT
[0m21:05:27.253868 [debug] [MainThread]: Opening a new connection, currently in state closed
[0m21:05:27.269795 [debug] [MainThread]: SQL status: COMMIT in 0.026 seconds
[0m21:05:27.269795 [debug] [MainThread]: On master: Close
[0m21:05:27.285819 [debug] [MainThread]: Connection 'master' was properly closed.
[0m21:05:27.285819 [debug] [MainThread]: Connection 'list_itsm_db' was properly closed.
[0m21:05:27.288110 [debug] [MainThread]: Connection 'list_itsm_db' was properly closed.
[0m21:05:27.288110 [debug] [MainThread]: Connection 'list_itsm_db_silver' was properly closed.
[0m21:05:27.290115 [debug] [MainThread]: Connection 'list_itsm_db_gold' was properly closed.
[0m21:05:27.290115 [debug] [MainThread]: Connection 'model.itsm_dbt.silver_itsm_tickets' was properly closed.
[0m21:05:27.292120 [debug] [MainThread]: Connection 'model.itsm_dbt.gold_itsm_tickets' was properly closed.
[0m21:05:27.292120 [info ] [MainThread]: 
[0m21:05:27.294126 [info ] [MainThread]: Finished running 2 table models in 0 hours 0 minutes and 3.55 seconds (3.55s).
[0m21:05:27.296135 [debug] [MainThread]: Command end result
[0m21:05:27.333409 [debug] [MainThread]: Wrote artifact WritableManifest to C:\Users\ahmed\Desktop\data science\itsm_project\dbt_project\target\manifest.json
[0m21:05:27.333409 [debug] [MainThread]: Wrote artifact SemanticManifest to C:\Users\ahmed\Desktop\data science\itsm_project\dbt_project\target\semantic_manifest.json
[0m21:05:27.333409 [debug] [MainThread]: Wrote artifact RunExecutionResult to C:\Users\ahmed\Desktop\data science\itsm_project\dbt_project\target\run_results.json
[0m21:05:27.349439 [info ] [MainThread]: 
[0m21:05:27.351450 [info ] [MainThread]: [32mCompleted successfully[0m
[0m21:05:27.351450 [info ] [MainThread]: 
[0m21:05:27.353464 [info ] [MainThread]: Done. PASS=2 WARN=0 ERROR=0 SKIP=0 NO-OP=0 TOTAL=2
[0m21:05:27.353464 [debug] [MainThread]: Command `dbt run` succeeded at 21:05:27.353464 after 5.02 seconds
[0m21:05:27.357512 [debug] [MainThread]: Sending event: {'category': 'dbt', 'action': 'invocation', 'label': 'end', 'context': [<snowplow_tracker.self_describing_json.SelfDescribingJson object at 0x00000265C0264E60>, <snowplow_tracker.self_describing_json.SelfDescribingJson object at 0x00000265C0266D80>, <snowplow_tracker.self_describing_json.SelfDescribingJson object at 0x00000265C0264110>]}
[0m21:05:27.357512 [debug] [MainThread]: Flushing usage events
[0m21:05:28.254128 [debug] [MainThread]: An error was encountered while trying to flush usage events
[0m15:14:36.318399 [debug] [MainThread]: Sending event: {'category': 'dbt', 'action': 'invocation', 'label': 'start', 'context': [<snowplow_tracker.self_describing_json.SelfDescribingJson object at 0x0000023C8B25AA80>, <snowplow_tracker.self_describing_json.SelfDescribingJson object at 0x0000023C8BF42DB0>, <snowplow_tracker.self_describing_json.SelfDescribingJson object at 0x0000023C8B65E630>]}


============================== 15:14:36.329775 | 17c1a660-5acc-434d-8ed0-a80074a8f848 ==============================
[0m15:14:36.329775 [info ] [MainThread]: Running with dbt=1.11.12
[0m15:14:36.329775 [debug] [MainThread]: running dbt with arguments {'version_check': 'True', 'no_print': 'None', 'static_parser': 'True', 'target_path': 'None', 'warn_error_options': 'WarnErrorOptionsV2(error=[], warn=[], silence=[])', 'printer_width': '80', 'write_json': 'True', 'empty': 'None', 'log_cache_events': 'False', 'introspect': 'True', 'cache_selected_only': 'False', 'log_format': 'default', 'debug': 'False', 'fail_fast': 'False', 'profiles_dir': '.', 'send_anonymous_usage_stats': 'True', 'quiet': 'False', 'warn_error': 'None', 'partial_parse': 'True', 'use_colors': 'True', 'invocation_command': 'dbt debug --profiles-dir .', 'indirect_selection': 'eager', 'use_experimental_parser': 'False', 'log_path': 'C:\\Users\\ahmed\\Desktop\\data science\\itsm_project\\dbt_project\\logs'}
[0m15:14:36.409136 [info ] [MainThread]: dbt version: 1.11.12
[0m15:14:36.424935 [info ] [MainThread]: python version: 3.12.0
[0m15:14:36.424935 [info ] [MainThread]: python path: C:\Users\ahmed\AppData\Local\Programs\Python\Python312\python.exe
[0m15:14:36.424935 [info ] [MainThread]: os info: Windows-11-10.0.26200-SP0
[0m15:14:36.575997 [info ] [MainThread]: Using profiles dir at .
[0m15:14:36.578008 [info ] [MainThread]: Using profiles.yml file at .\profiles.yml
[0m15:14:36.580017 [info ] [MainThread]: Using dbt_project.yml file at C:\Users\ahmed\Desktop\data science\itsm_project\dbt_project\dbt_project.yml
[0m15:14:36.581767 [info ] [MainThread]: adapter type: postgres
[0m15:14:36.581767 [info ] [MainThread]: adapter version: 1.10.2
[0m15:14:36.727763 [info ] [MainThread]: Configuration:
[0m15:14:36.727763 [info ] [MainThread]:   profiles.yml file [[32mOK found and valid[0m]
[0m15:14:36.729795 [info ] [MainThread]:   dbt_project.yml file [[32mOK found and valid[0m]
[0m15:14:36.731815 [info ] [MainThread]: Required dependencies:
[0m15:14:36.735848 [debug] [MainThread]: Executing "git --help"
[0m15:14:36.919546 [debug] [MainThread]: STDOUT: "b"usage: git [-v | --version] [-h | --help] [-C <path>] [-c <name>=<value>]\n           [--exec-path[=<path>]] [--html-path] [--man-path] [--info-path]\n           [-p | --paginate | -P | --no-pager] [--no-replace-objects] [--no-lazy-fetch]\n           [--no-optional-locks] [--no-advice] [--bare] [--git-dir=<path>]\n           [--work-tree=<path>] [--namespace=<name>] [--config-env=<name>=<envvar>]\n           <command> [<args>]\n\nThese are common Git commands used in various situations:\n\nstart a working area (see also: git help tutorial)\n   clone      Clone a repository into a new directory\n   init       Create an empty Git repository or reinitialize an existing one\n\nwork on the current change (see also: git help everyday)\n   add        Add file contents to the index\n   mv         Move or rename a file, a directory, or a symlink\n   restore    Restore working tree files\n   rm         Remove files from the working tree and from the index\n\nexamine the history and state (see also: git help revisions)\n   bisect     Use binary search to find the commit that introduced a bug\n   diff       Show changes between commits, commit and working tree, etc\n   grep       Print lines matching a pattern\n   log        Show commit logs\n   show       Show various types of objects\n   status     Show the working tree status\n\ngrow, mark and tweak your common history\n   backfill   Download missing objects in a partial clone\n   branch     List, create, or delete branches\n   commit     Record changes to the repository\n   history    EXPERIMENTAL: Rewrite history\n   merge      Join two or more development histories together\n   rebase     Reapply commits on top of another base tip\n   reset      Set `HEAD` or the index to a known state\n   switch     Switch branches\n   tag        Create, list, delete or verify tags\n\ncollaborate (see also: git help workflows)\n   fetch      Download objects and refs from another repository\n   pull       Fetch from and integrate with another repository or a local branch\n   push       Update remote refs along with associated objects\n\n'git help -a' and 'git help -g' list available subcommands and some\nconcept guides. See 'git help <command>' or 'git help <concept>'\nto read about a specific subcommand or concept.\nSee 'git help git' for an overview of the system.\n""
[0m15:14:36.919546 [debug] [MainThread]: STDERR: "b''"
[0m15:14:36.919546 [info ] [MainThread]:  - git [[32mOK found[0m]

[0m15:14:36.919546 [info ] [MainThread]: Connection:
[0m15:14:36.919546 [info ] [MainThread]:   host: localhost
[0m15:14:36.930893 [info ] [MainThread]:   port: 5432
[0m15:14:36.930893 [info ] [MainThread]:   user: postgres
[0m15:14:36.930893 [info ] [MainThread]:   database: itsm_db
[0m15:14:36.930893 [info ] [MainThread]:   schema: public
[0m15:14:36.930893 [info ] [MainThread]:   connect_timeout: 10
[0m15:14:36.930893 [info ] [MainThread]:   role: None
[0m15:14:36.947060 [info ] [MainThread]:   search_path: None
[0m15:14:36.949236 [info ] [MainThread]:   keepalives_idle: 0
[0m15:14:36.949236 [info ] [MainThread]:   sslmode: None
[0m15:14:36.949236 [info ] [MainThread]:   sslcert: None
[0m15:14:36.949236 [info ] [MainThread]:   sslkey: None
[0m15:14:36.959177 [info ] [MainThread]:   sslrootcert: None
[0m15:14:36.962795 [info ] [MainThread]:   application_name: dbt
[0m15:14:36.962795 [info ] [MainThread]:   retries: 1
[0m15:14:36.962795 [info ] [MainThread]: Registered adapter: postgres=1.10.2
[0m15:14:37.611974 [debug] [MainThread]: Acquiring new postgres connection 'debug'
[0m15:14:37.911350 [debug] [MainThread]: Using postgres connection "debug"
[0m15:14:37.911350 [debug] [MainThread]: On debug: select 1 as id
[0m15:14:37.911350 [debug] [MainThread]: Opening a new connection, currently in state init
[0m15:14:37.958145 [debug] [MainThread]: SQL status: SELECT 1 in 0.044 seconds
[0m15:14:37.958145 [debug] [MainThread]: On debug: Close
[0m15:14:37.958145 [info ] [MainThread]:   Connection test: [[32mOK connection ok[0m]

[0m15:14:37.967204 [info ] [MainThread]: [32mAll checks passed![0m
[0m15:14:37.970309 [debug] [MainThread]: Command `dbt debug` succeeded at 15:14:37.970309 after 1.88 seconds
[0m15:14:37.974081 [debug] [MainThread]: Connection 'debug' was properly closed.
[0m15:14:37.974081 [debug] [MainThread]: Sending event: {'category': 'dbt', 'action': 'invocation', 'label': 'end', 'context': [<snowplow_tracker.self_describing_json.SelfDescribingJson object at 0x0000023C89846060>, <snowplow_tracker.self_describing_json.SelfDescribingJson object at 0x0000023C89847680>, <snowplow_tracker.self_describing_json.SelfDescribingJson object at 0x0000023C8B65E630>]}
[0m15:14:37.977729 [debug] [MainThread]: Flushing usage events
[0m15:14:39.309801 [debug] [MainThread]: An error was encountered while trying to flush usage events
[0m15:15:15.416390 [debug] [MainThread]: Sending event: {'category': 'dbt', 'action': 'invocation', 'label': 'start', 'context': [<snowplow_tracker.self_describing_json.SelfDescribingJson object at 0x0000020CB75869C0>, <snowplow_tracker.self_describing_json.SelfDescribingJson object at 0x0000020CB7AFBFB0>, <snowplow_tracker.self_describing_json.SelfDescribingJson object at 0x0000020CB7AF9400>]}


============================== 15:15:15.421132 | c3420159-d7ca-4c7b-b05c-7cfa3a85cb45 ==============================
[0m15:15:15.421132 [info ] [MainThread]: Running with dbt=1.11.12
[0m15:15:15.433812 [debug] [MainThread]: running dbt with arguments {'static_parser': 'True', 'no_print': 'None', 'version_check': 'True', 'target_path': 'None', 'warn_error_options': 'WarnErrorOptionsV2(error=[], warn=[], silence=[])', 'printer_width': '80', 'write_json': 'True', 'empty': 'False', 'log_cache_events': 'False', 'introspect': 'True', 'cache_selected_only': 'False', 'fail_fast': 'False', 'debug': 'False', 'log_format': 'default', 'partial_parse': 'True', 'send_anonymous_usage_stats': 'True', 'quiet': 'False', 'warn_error': 'None', 'profiles_dir': '.', 'use_colors': 'True', 'indirect_selection': 'eager', 'invocation_command': 'dbt run --profiles-dir .', 'use_experimental_parser': 'False', 'log_path': 'C:\\Users\\ahmed\\Desktop\\data science\\itsm_project\\dbt_project\\logs'}
[0m15:15:16.204262 [debug] [MainThread]: Sending event: {'category': 'dbt', 'action': 'project_id', 'label': 'c3420159-d7ca-4c7b-b05c-7cfa3a85cb45', 'context': [<snowplow_tracker.self_describing_json.SelfDescribingJson object at 0x0000020CB857A720>]}
[0m15:15:16.483384 [debug] [MainThread]: Sending event: {'category': 'dbt', 'action': 'adapter_info', 'label': 'c3420159-d7ca-4c7b-b05c-7cfa3a85cb45', 'context': [<snowplow_tracker.self_describing_json.SelfDescribingJson object at 0x0000020CB80D3110>]}
[0m15:15:16.491597 [info ] [MainThread]: Registered adapter: postgres=1.10.2
[0m15:15:17.969402 [debug] [MainThread]: checksum: f368f5348cf42803b94ef7fb8257ecf3bf9a9a16dd9c8c51fe5172f2dbeb457f, vars: {}, profile: , target: , version: 1.11.12
[0m15:15:18.500605 [debug] [MainThread]: Partial parsing enabled: 0 files deleted, 0 files added, 0 files changed.
[0m15:15:18.502885 [debug] [MainThread]: Nothing changed, skipping partial parsing.
[0m15:15:18.502885 [debug] [MainThread]: Partial parsing enabled, no changes found, skipping parsing
[0m15:15:18.639790 [debug] [MainThread]: Sending event: {'category': 'dbt', 'action': 'load_project', 'label': 'c3420159-d7ca-4c7b-b05c-7cfa3a85cb45', 'context': [<snowplow_tracker.self_describing_json.SelfDescribingJson object at 0x0000020CB9736ED0>]}
[0m15:15:18.938554 [debug] [MainThread]: Wrote artifact WritableManifest to C:\Users\ahmed\Desktop\data science\itsm_project\dbt_project\target\manifest.json
[0m15:15:18.950395 [debug] [MainThread]: Wrote artifact SemanticManifest to C:\Users\ahmed\Desktop\data science\itsm_project\dbt_project\target\semantic_manifest.json
[0m15:15:19.002768 [debug] [MainThread]: Sending event: {'category': 'dbt', 'action': 'resource_counts', 'label': 'c3420159-d7ca-4c7b-b05c-7cfa3a85cb45', 'context': [<snowplow_tracker.self_describing_json.SelfDescribingJson object at 0x0000020CB9BBB7D0>]}
[0m15:15:19.002768 [info ] [MainThread]: Found 2 models, 1 source, 476 macros
[0m15:15:19.002768 [debug] [MainThread]: Sending event: {'category': 'dbt', 'action': 'runnable_timing', 'label': 'c3420159-d7ca-4c7b-b05c-7cfa3a85cb45', 'context': [<snowplow_tracker.self_describing_json.SelfDescribingJson object at 0x0000020CB9C11310>]}
[0m15:15:19.024860 [info ] [MainThread]: 
[0m15:15:19.026880 [info ] [MainThread]: Concurrency: 4 threads (target='dev')
[0m15:15:19.030514 [info ] [MainThread]: 
[0m15:15:19.035836 [debug] [MainThread]: Acquiring new postgres connection 'master'
[0m15:15:19.047326 [debug] [ThreadPool]: Acquiring new postgres connection 'list_itsm_db'
[0m15:15:19.054289 [debug] [ThreadPool]: Acquiring new postgres connection 'list_itsm_db'
[0m15:15:19.449530 [debug] [ThreadPool]: Using postgres connection "list_itsm_db"
[0m15:15:19.451542 [debug] [ThreadPool]: Using postgres connection "list_itsm_db"
[0m15:15:19.453559 [debug] [ThreadPool]: On list_itsm_db: /* {"app": "dbt", "dbt_version": "1.11.12", "profile_name": "itsm_dbt", "target_name": "dev", "connection_name": "list_itsm_db"} */

    select distinct nspname from pg_namespace
  
[0m15:15:19.455583 [debug] [ThreadPool]: On list_itsm_db: /* {"app": "dbt", "dbt_version": "1.11.12", "profile_name": "itsm_dbt", "target_name": "dev", "connection_name": "list_itsm_db"} */

    select distinct nspname from pg_namespace
  
[0m15:15:19.460275 [debug] [ThreadPool]: Opening a new connection, currently in state init
[0m15:15:19.462291 [debug] [ThreadPool]: Opening a new connection, currently in state init
[0m15:15:19.522223 [debug] [ThreadPool]: SQL status: SELECT 7 in 0.067 seconds
[0m15:15:19.537912 [debug] [ThreadPool]: On list_itsm_db: Close
[0m15:15:19.539047 [debug] [ThreadPool]: SQL status: SELECT 7 in 0.079 seconds
[0m15:15:19.546856 [debug] [ThreadPool]: On list_itsm_db: Close
[0m15:15:19.556516 [debug] [ThreadPool]: Acquiring new postgres connection 'list_itsm_db_gold'
[0m15:15:19.558975 [debug] [ThreadPool]: Acquiring new postgres connection 'list_itsm_db_silver'
[0m15:15:19.579863 [debug] [ThreadPool]: Using postgres connection "list_itsm_db_gold"
[0m15:15:19.591456 [debug] [ThreadPool]: Using postgres connection "list_itsm_db_silver"
[0m15:15:19.597660 [debug] [ThreadPool]: On list_itsm_db_gold: /* {"app": "dbt", "dbt_version": "1.11.12", "profile_name": "itsm_dbt", "target_name": "dev", "connection_name": "list_itsm_db_gold"} */
select
      'itsm_db' as database,
      tablename as name,
      schemaname as schema,
      'table' as type
    from pg_tables
    where schemaname ilike 'gold'
    union all
    select
      'itsm_db' as database,
      viewname as name,
      schemaname as schema,
      'view' as type
    from pg_views
    where schemaname ilike 'gold'
    union all
    select
      'itsm_db' as database,
      matviewname as name,
      schemaname as schema,
      'materialized_view' as type
    from pg_matviews
    where schemaname ilike 'gold'
  
[0m15:15:19.597660 [debug] [ThreadPool]: On list_itsm_db_silver: /* {"app": "dbt", "dbt_version": "1.11.12", "profile_name": "itsm_dbt", "target_name": "dev", "connection_name": "list_itsm_db_silver"} */
select
      'itsm_db' as database,
      tablename as name,
      schemaname as schema,
      'table' as type
    from pg_tables
    where schemaname ilike 'silver'
    union all
    select
      'itsm_db' as database,
      viewname as name,
      schemaname as schema,
      'view' as type
    from pg_views
    where schemaname ilike 'silver'
    union all
    select
      'itsm_db' as database,
      matviewname as name,
      schemaname as schema,
      'materialized_view' as type
    from pg_matviews
    where schemaname ilike 'silver'
  
[0m15:15:19.605155 [debug] [ThreadPool]: Opening a new connection, currently in state init
[0m15:15:19.608020 [debug] [ThreadPool]: Opening a new connection, currently in state init
[0m15:15:19.666606 [debug] [ThreadPool]: SQL status: SELECT 1 in 0.058 seconds
[0m15:15:19.666606 [debug] [ThreadPool]: SQL status: SELECT 3 in 0.062 seconds
[0m15:15:19.670645 [debug] [ThreadPool]: On list_itsm_db_silver: ROLLBACK
[0m15:15:19.674670 [debug] [ThreadPool]: On list_itsm_db_gold: ROLLBACK
[0m15:15:19.676679 [debug] [ThreadPool]: On list_itsm_db_silver: Close
[0m15:15:19.680443 [debug] [ThreadPool]: On list_itsm_db_gold: Close
[0m15:15:19.691822 [debug] [MainThread]: Using postgres connection "master"
[0m15:15:19.696766 [debug] [MainThread]: On master: /* {"app": "dbt", "dbt_version": "1.11.12", "profile_name": "itsm_dbt", "target_name": "dev", "connection_name": "master"} */
select distinct
        dependent_namespace.nspname as dependent_schema,
        dependent_class.relname as dependent_name,
        referenced_namespace.nspname as referenced_schema,
        referenced_class.relname as referenced_name

    -- Query for views: views are entries in pg_class with an entry in pg_rewrite, but we avoid
    -- a seq scan on pg_rewrite by leveraging the fact there is an "internal" row in pg_depend for
    -- the view...
    from pg_class as dependent_class
    join pg_namespace as dependent_namespace on dependent_namespace.oid = dependent_class.relnamespace
    join pg_depend as dependent_depend on dependent_depend.refobjid = dependent_class.oid
        and dependent_depend.classid = 'pg_rewrite'::regclass
        and dependent_depend.refclassid = 'pg_class'::regclass
        and dependent_depend.deptype = 'i'

    -- ... and via pg_depend (that has a row per column, hence the need for "distinct" above, and
    -- making sure to exclude the internal row to avoid a view appearing to depend on itself)...
    join pg_depend as joining_depend on joining_depend.objid = dependent_depend.objid
        and joining_depend.classid = 'pg_rewrite'::regclass
        and joining_depend.refclassid = 'pg_class'::regclass
        and joining_depend.refobjid != dependent_depend.refobjid

    -- ... we can find the tables they query from in pg_class, but excluding system tables. Note we
    -- don't need need to exclude _dependent_ system tables, because they only query from other
    -- system tables, and so are automatically excluded by excluding _referenced_ system tables
    join pg_class as referenced_class on referenced_class.oid = joining_depend.refobjid
    join pg_namespace as referenced_namespace on referenced_namespace.oid = referenced_class.relnamespace
        and referenced_namespace.nspname != 'information_schema'
        and referenced_namespace.nspname not like 'pg\_%'

    order by
        dependent_schema, dependent_name, referenced_schema, referenced_name;
[0m15:15:19.698847 [debug] [MainThread]: Opening a new connection, currently in state init
[0m15:15:19.765202 [debug] [MainThread]: SQL status: SELECT 0 in 0.067 seconds
[0m15:15:19.770828 [debug] [MainThread]: Sending event: {'category': 'dbt', 'action': 'runnable_timing', 'label': 'c3420159-d7ca-4c7b-b05c-7cfa3a85cb45', 'context': [<snowplow_tracker.self_describing_json.SelfDescribingJson object at 0x0000020CB98230E0>]}
[0m15:15:19.770828 [debug] [MainThread]: On master: ROLLBACK
[0m15:15:19.776844 [debug] [MainThread]: On master: COMMIT
[0m15:15:19.777330 [debug] [MainThread]: Using postgres connection "master"
[0m15:15:19.780200 [debug] [MainThread]: On master: COMMIT
[0m15:15:19.786045 [debug] [MainThread]: SQL status: COMMIT in 0.002 seconds
[0m15:15:19.786045 [debug] [MainThread]: On master: Close
[0m15:15:19.803077 [debug] [Thread-1 (]: Began running node model.itsm_dbt.silver_itsm_tickets
[0m15:15:19.807119 [info ] [Thread-1 (]: 1 of 2 START sql table model silver.silver_itsm_tickets ........................ [RUN]
[0m15:15:19.811525 [debug] [Thread-1 (]: Acquiring new postgres connection 'model.itsm_dbt.silver_itsm_tickets'
[0m15:15:19.816121 [debug] [Thread-1 (]: Began compiling node model.itsm_dbt.silver_itsm_tickets
[0m15:15:19.842547 [debug] [Thread-1 (]: Writing injected SQL for node "model.itsm_dbt.silver_itsm_tickets"
[0m15:15:19.845963 [debug] [Thread-1 (]: Began executing node model.itsm_dbt.silver_itsm_tickets
[0m15:15:19.982901 [debug] [Thread-1 (]: Writing runtime sql for node "model.itsm_dbt.silver_itsm_tickets"
[0m15:15:19.986830 [debug] [Thread-1 (]: Using postgres connection "model.itsm_dbt.silver_itsm_tickets"
[0m15:15:19.989687 [debug] [Thread-1 (]: On model.itsm_dbt.silver_itsm_tickets: /* {"app": "dbt", "dbt_version": "1.11.12", "profile_name": "itsm_dbt", "target_name": "dev", "node_id": "model.itsm_dbt.silver_itsm_tickets"} */

  
    

  create  table "itsm_db"."silver"."silver_itsm_tickets__dbt_tmp"
  
  
    as
  
  (
    /*
    silver_itsm_tickets.sql
    ------------------------
    ETAPE 2 : nettoyage des donnees (couche Silver).

    Ce modele part de bronze.itsm_tickets_raw (donnees brutes, tout en texte,
    non modifiees) et produit une version propre :
      - espaces superflus retires
      - valeurs vides transformees en vrai NULL (au lieu de chaines vides)
      - dates transformees de texte vers un vrai type TIMESTAMP
      - une ligne par ticket_id (protection anti-doublon)
      - Priority transforme aussi en version numerique ordonnee (priority_rank)
        pour faciliter les futurs tris/graphiques

    C'est l'equivalent SQL exact de ce qu'on avait fait avec pandas dans le
    notebook ITSM_Dataset_Organized.ipynb, mais cette fois le nettoyage vit
    dans la base de donnees et peut etre re-execute a tout moment avec `dbt run`.
*/

with source as (

    select * from "itsm_db"."bronze"."itsm_tickets_raw"

),

cleaned as (

    select
        nullif(trim(ticket_id), '')            as ticket_id,
        nullif(trim(status), '')                as status,
        nullif(trim(priority), '')              as priority,
        nullif(trim(source), '')                as source,
        nullif(trim(topic), '')                 as topic,
        nullif(trim(agent_group), '')           as agent_group,
        nullif(trim(product_group), '')         as product_group,

        -- Conversion des dates : texte "04/07/2024 12:42" -> vrai TIMESTAMP
        to_timestamp(nullif(trim(created_time), ''), 'DD/MM/YYYY HH24:MI')
            as created_time,
        to_timestamp(nullif(trim(expected_sla_to_resolve), ''), 'DD/MM/YYYY HH24:MI')
            as expected_sla_to_resolve,
        to_timestamp(nullif(trim(expected_sla_to_first_response), ''), 'DD/MM/YYYY HH24:MI')
            as expected_sla_to_first_response,
        to_timestamp(nullif(trim(first_response_time), ''), 'DD/MM/YYYY HH24:MI')
            as first_response_time,
        to_timestamp(nullif(trim(resolution_time), ''), 'DD/MM/YYYY HH24:MI')
            as resolution_time,
        to_timestamp(nullif(trim(close_time), ''), 'DD/MM/YYYY HH24:MI')
            as close_time,

        nullif(trim(incident_description), '') as incident_description,
        nullif(trim(solution_used), '')         as solution_used,

        -- Version numerique ordonnee de la priorite (utile pour trier/filtrer)
        case trim(priority)
            when 'Low'      then 1
            when 'Medium'   then 2
            when 'High'     then 3
            when 'Critical' then 4
            else null
        end as priority_rank,

        -- On garde une trace : est-ce que ce ticket a une solution renseignee ?
        (nullif(trim(solution_used), '') is not null) as has_solution

    from source

),

deduplicated as (

    select *,
        row_number() over (partition by ticket_id order by ticket_id) as row_num
    from cleaned
    where ticket_id is not null

)

select
    ticket_id,
    status,
    priority,
    priority_rank,
    source,
    topic,
    agent_group,
    product_group,
    created_time,
    expected_sla_to_resolve,
    expected_sla_to_first_response,
    first_response_time,
    resolution_time,
    close_time,
    incident_description,
    solution_used,
    has_solution
from deduplicated
where row_num = 1
  );
  
[0m15:15:19.992402 [debug] [Thread-1 (]: Opening a new connection, currently in state init
[0m15:15:22.987141 [debug] [Thread-1 (]: SQL status: SELECT 100000 in 3.001 seconds
[0m15:15:23.029413 [debug] [Thread-1 (]: Using postgres connection "model.itsm_dbt.silver_itsm_tickets"
[0m15:15:23.033163 [debug] [Thread-1 (]: On model.itsm_dbt.silver_itsm_tickets: /* {"app": "dbt", "dbt_version": "1.11.12", "profile_name": "itsm_dbt", "target_name": "dev", "node_id": "model.itsm_dbt.silver_itsm_tickets"} */
alter table "itsm_db"."silver"."silver_itsm_tickets" rename to "silver_itsm_tickets__dbt_backup"
[0m15:15:23.033163 [debug] [Thread-1 (]: SQL status: ALTER TABLE in 0.003 seconds
[0m15:15:23.043115 [debug] [Thread-1 (]: Using postgres connection "model.itsm_dbt.silver_itsm_tickets"
[0m15:15:23.060977 [debug] [Thread-1 (]: On model.itsm_dbt.silver_itsm_tickets: /* {"app": "dbt", "dbt_version": "1.11.12", "profile_name": "itsm_dbt", "target_name": "dev", "node_id": "model.itsm_dbt.silver_itsm_tickets"} */
alter table "itsm_db"."silver"."silver_itsm_tickets__dbt_tmp" rename to "silver_itsm_tickets"
[0m15:15:23.064999 [debug] [Thread-1 (]: SQL status: ALTER TABLE in 0.002 seconds
[0m15:15:23.155014 [debug] [Thread-1 (]: On model.itsm_dbt.silver_itsm_tickets: COMMIT
[0m15:15:23.155014 [debug] [Thread-1 (]: Using postgres connection "model.itsm_dbt.silver_itsm_tickets"
[0m15:15:23.155014 [debug] [Thread-1 (]: On model.itsm_dbt.silver_itsm_tickets: COMMIT
[0m15:15:23.205952 [debug] [Thread-1 (]: SQL status: COMMIT in 0.040 seconds
[0m15:15:23.237482 [debug] [Thread-1 (]: Applying DROP to: "itsm_db"."silver"."silver_itsm_tickets__dbt_backup"
[0m15:15:23.253699 [debug] [Thread-1 (]: Using postgres connection "model.itsm_dbt.silver_itsm_tickets"
[0m15:15:23.255225 [debug] [Thread-1 (]: On model.itsm_dbt.silver_itsm_tickets: /* {"app": "dbt", "dbt_version": "1.11.12", "profile_name": "itsm_dbt", "target_name": "dev", "node_id": "model.itsm_dbt.silver_itsm_tickets"} */
drop table if exists "itsm_db"."silver"."silver_itsm_tickets__dbt_backup" cascade
[0m15:15:23.265647 [debug] [Thread-1 (]: SQL status: DROP TABLE in 0.009 seconds
[0m15:15:23.270962 [debug] [Thread-1 (]: On model.itsm_dbt.silver_itsm_tickets: Close
[0m15:15:23.270962 [debug] [Thread-1 (]: Sending event: {'category': 'dbt', 'action': 'run_model', 'label': 'c3420159-d7ca-4c7b-b05c-7cfa3a85cb45', 'context': [<snowplow_tracker.self_describing_json.SelfDescribingJson object at 0x0000020CB9783050>]}
[0m15:15:23.279422 [info ] [Thread-1 (]: 1 of 2 OK created sql table model silver.silver_itsm_tickets ................... [[32mSELECT 100000[0m in 3.46s]
[0m15:15:23.281468 [debug] [Thread-1 (]: Finished running node model.itsm_dbt.silver_itsm_tickets
[0m15:15:23.283589 [debug] [Thread-3 (]: Began running node model.itsm_dbt.gold_itsm_tickets
[0m15:15:23.285253 [info ] [Thread-3 (]: 2 of 2 START sql table model gold.gold_itsm_tickets ............................ [RUN]
[0m15:15:23.285253 [debug] [Thread-3 (]: Acquiring new postgres connection 'model.itsm_dbt.gold_itsm_tickets'
[0m15:15:23.285253 [debug] [Thread-3 (]: Began compiling node model.itsm_dbt.gold_itsm_tickets
[0m15:15:23.291300 [debug] [Thread-3 (]: Writing injected SQL for node "model.itsm_dbt.gold_itsm_tickets"
[0m15:15:23.297221 [debug] [Thread-3 (]: Began executing node model.itsm_dbt.gold_itsm_tickets
[0m15:15:23.307467 [debug] [Thread-3 (]: Writing runtime sql for node "model.itsm_dbt.gold_itsm_tickets"
[0m15:15:23.309812 [debug] [Thread-3 (]: Using postgres connection "model.itsm_dbt.gold_itsm_tickets"
[0m15:15:23.311829 [debug] [Thread-3 (]: On model.itsm_dbt.gold_itsm_tickets: /* {"app": "dbt", "dbt_version": "1.11.12", "profile_name": "itsm_dbt", "target_name": "dev", "node_id": "model.itsm_dbt.gold_itsm_tickets"} */

  
    

  create  table "itsm_db"."gold"."gold_itsm_tickets__dbt_tmp"
  
  
    as
  
  (
    /*
    gold_itsm_tickets.sql
    -----------------------
    ETAPE 3 : creation des variables pour le Machine Learning (couche Gold).

    Ce modele part de silver.silver_itsm_tickets (donnees propres) et ajoute
    tout ce dont un modele de prediction a besoin :

      1) Des durees reelles, en minutes (au lieu de deux dates separees)
      2) Des variables temporelles (heure, jour, mois de creation)
      3) La marge SLA (Expected - Actual), gardee a titre informatif
      4) La longueur de la description (utile plus tard pour le NLP)
      5) LA VARIABLE CIBLE : long_resolution_flag

    Pourquoi cette cible et pas "depassement SLA" ?
    --------------------------------------------------
    On a verifie plus tot que dans ce dataset, AUCUN ticket ne depasse jamais
    son SLA (marge toujours >= 0). Une cible sans variance ne peut pas etre
    apprise par un modele. On suit donc la meme demarche que dans le rapport
    de reference : on remplace "depassement SLA" par "risque de resolution
    longue" (long MTTR), qui lui a une vraie variance dans les donnees.

    Definition retenue : un ticket est marque "resolution longue" (1) si
    sa duree de resolution reelle depasse le 75e percentile de l'ensemble
    des tickets. Sinon (0). Ce seuil est calcule automatiquement sur les
    donnees, pas fixe a la main.
*/

with base as (

    select * from "itsm_db"."silver"."silver_itsm_tickets"

),

with_durations as (

    select
        *,

        -- Durees reelles, en minutes
        extract(epoch from (first_response_time - created_time)) / 60
            as first_response_minutes,
        extract(epoch from (resolution_time - created_time)) / 60
            as resolution_minutes,
        extract(epoch from (close_time - created_time)) / 60
            as close_minutes,

        -- Bruit deterministe (+/- 60 min), seede sur ticket_id : simule la variabilite
        -- reelle (charge de travail, complexite imprevue) absente du dataset synthetique.
        -- Sans ce bruit, priority determine resolution_minutes de facon quasi parfaite
        -- (ecart-type ~6 min), ce qui rend toute prediction triviale (score parfait).
        (hashtext(ticket_id) % 121 - 60)::float as noise_minutes,

        -- Marge SLA : temps restant avant la limite (peut etre negatif si depasse)
        extract(epoch from (expected_sla_to_first_response - first_response_time)) / 60
            as sla_margin_first_response_min,
        extract(epoch from (expected_sla_to_resolve - resolution_time)) / 60
            as sla_margin_resolution_min,

        -- Variables temporelles utiles pour reperer des tendances (charge par heure, jour...)
        extract(hour from created_time)          as created_hour,
        to_char(created_time, 'Day')             as created_dayofweek,
        to_char(created_time, 'Month')           as created_month,
        date(created_time)                       as created_date,

        -- Longueur de la description : un proxy simple de complexite du ticket,
        -- utile plus tard pour le module NLP
        length(incident_description)             as description_length,

        -- Fenetre SLA (minutes) : utilisee par le moteur de decision (urgence)
        extract(epoch from (expected_sla_to_resolve - created_time)) / 60
            as sla_window_minutes

    from base

),

with_realistic_duration as (

    select
        *,
        greatest(resolution_minutes + noise_minutes, 5) as resolution_minutes_realistic

    from with_durations

),

percentile_calc as (

    select
        percentile_cont(0.75) within group (order by resolution_minutes_realistic)
            as resolution_p75_threshold
    from with_realistic_duration
    where resolution_minutes_realistic is not null

),

with_target as (

    select
        w.*,
        p.resolution_p75_threshold

    from with_realistic_duration w
    cross join percentile_calc p
    where w.resolution_minutes_realistic is not null

)

select
    ticket_id,
    status,
    priority,
    priority_rank,
    source,
    topic,
    agent_group,
    product_group,

    created_time,
    created_date,
    created_hour,
    trim(created_dayofweek)  as created_dayofweek,
    trim(created_month)      as created_month,

    first_response_minutes,
    resolution_minutes,
    resolution_minutes_realistic,
    close_minutes,

    sla_margin_first_response_min,
    sla_margin_resolution_min,

    description_length,
    has_solution,
    sla_window_minutes,

    resolution_p75_threshold,

    -- LA CIBLE : basee sur la duree "realiste" (avec bruit), pas la duree brute
    case
        when resolution_minutes_realistic >= resolution_p75_threshold then 1
        else 0
    end as long_resolution_flag

from with_target
  );
  
[0m15:15:23.313957 [debug] [Thread-3 (]: Opening a new connection, currently in state init
[0m15:15:25.172133 [debug] [Thread-3 (]: SQL status: SELECT 100000 in 1.857 seconds
[0m15:15:25.176575 [debug] [Thread-3 (]: Using postgres connection "model.itsm_dbt.gold_itsm_tickets"
[0m15:15:25.176575 [debug] [Thread-3 (]: On model.itsm_dbt.gold_itsm_tickets: /* {"app": "dbt", "dbt_version": "1.11.12", "profile_name": "itsm_dbt", "target_name": "dev", "node_id": "model.itsm_dbt.gold_itsm_tickets"} */
alter table "itsm_db"."gold"."gold_itsm_tickets" rename to "gold_itsm_tickets__dbt_backup"
[0m15:15:25.176575 [debug] [Thread-3 (]: SQL status: ALTER TABLE in 0.003 seconds
[0m15:15:25.192222 [debug] [Thread-3 (]: Using postgres connection "model.itsm_dbt.gold_itsm_tickets"
[0m15:15:25.192222 [debug] [Thread-3 (]: On model.itsm_dbt.gold_itsm_tickets: /* {"app": "dbt", "dbt_version": "1.11.12", "profile_name": "itsm_dbt", "target_name": "dev", "node_id": "model.itsm_dbt.gold_itsm_tickets"} */
alter table "itsm_db"."gold"."gold_itsm_tickets__dbt_tmp" rename to "gold_itsm_tickets"
[0m15:15:25.192222 [debug] [Thread-3 (]: SQL status: ALTER TABLE in 0.002 seconds
[0m15:15:25.208280 [debug] [Thread-3 (]: On model.itsm_dbt.gold_itsm_tickets: COMMIT
[0m15:15:25.208280 [debug] [Thread-3 (]: Using postgres connection "model.itsm_dbt.gold_itsm_tickets"
[0m15:15:25.208280 [debug] [Thread-3 (]: On model.itsm_dbt.gold_itsm_tickets: COMMIT
[0m15:15:25.240095 [debug] [Thread-3 (]: SQL status: COMMIT in 0.028 seconds
[0m15:15:25.245737 [debug] [Thread-3 (]: Applying DROP to: "itsm_db"."gold"."gold_itsm_tickets__dbt_backup"
[0m15:15:25.257377 [debug] [Thread-3 (]: Using postgres connection "model.itsm_dbt.gold_itsm_tickets"
[0m15:15:25.259834 [debug] [Thread-3 (]: On model.itsm_dbt.gold_itsm_tickets: /* {"app": "dbt", "dbt_version": "1.11.12", "profile_name": "itsm_dbt", "target_name": "dev", "node_id": "model.itsm_dbt.gold_itsm_tickets"} */
drop table if exists "itsm_db"."gold"."gold_itsm_tickets__dbt_backup" cascade
[0m15:15:25.276173 [debug] [Thread-3 (]: SQL status: DROP TABLE in 0.013 seconds
[0m15:15:25.280195 [debug] [Thread-3 (]: On model.itsm_dbt.gold_itsm_tickets: Close
[0m15:15:25.284217 [debug] [Thread-3 (]: Sending event: {'category': 'dbt', 'action': 'run_model', 'label': 'c3420159-d7ca-4c7b-b05c-7cfa3a85cb45', 'context': [<snowplow_tracker.self_describing_json.SelfDescribingJson object at 0x0000020CBA3FBE60>]}
[0m15:15:25.287740 [info ] [Thread-3 (]: 2 of 2 OK created sql table model gold.gold_itsm_tickets ....................... [[32mSELECT 100000[0m in 2.00s]
[0m15:15:25.292686 [debug] [Thread-3 (]: Finished running node model.itsm_dbt.gold_itsm_tickets
[0m15:15:25.300321 [debug] [MainThread]: On master: COMMIT
[0m15:15:25.303706 [debug] [MainThread]: Using postgres connection "master"
[0m15:15:25.306208 [debug] [MainThread]: On master: COMMIT
[0m15:15:25.308804 [debug] [MainThread]: Opening a new connection, currently in state closed
[0m15:15:25.367622 [debug] [MainThread]: SQL status: COMMIT in 0.061 seconds
[0m15:15:25.367622 [debug] [MainThread]: On master: Close
[0m15:15:25.376196 [debug] [MainThread]: Connection 'master' was properly closed.
[0m15:15:25.378217 [debug] [MainThread]: Connection 'list_itsm_db' was properly closed.
[0m15:15:25.385014 [debug] [MainThread]: Connection 'list_itsm_db' was properly closed.
[0m15:15:25.385014 [debug] [MainThread]: Connection 'list_itsm_db_gold' was properly closed.
[0m15:15:25.385014 [debug] [MainThread]: Connection 'list_itsm_db_silver' was properly closed.
[0m15:15:25.385014 [debug] [MainThread]: Connection 'model.itsm_dbt.silver_itsm_tickets' was properly closed.
[0m15:15:25.385014 [debug] [MainThread]: Connection 'model.itsm_dbt.gold_itsm_tickets' was properly closed.
[0m15:15:25.385014 [info ] [MainThread]: 
[0m15:15:25.399354 [info ] [MainThread]: Finished running 2 table models in 0 hours 0 minutes and 6.35 seconds (6.35s).
[0m15:15:25.403581 [debug] [MainThread]: Command end result
[0m15:15:25.479229 [debug] [MainThread]: Wrote artifact WritableManifest to C:\Users\ahmed\Desktop\data science\itsm_project\dbt_project\target\manifest.json
[0m15:15:25.503573 [debug] [MainThread]: Wrote artifact SemanticManifest to C:\Users\ahmed\Desktop\data science\itsm_project\dbt_project\target\semantic_manifest.json
[0m15:15:25.527531 [debug] [MainThread]: Wrote artifact RunExecutionResult to C:\Users\ahmed\Desktop\data science\itsm_project\dbt_project\target\run_results.json
[0m15:15:25.527531 [info ] [MainThread]: 
[0m15:15:25.527531 [info ] [MainThread]: [32mCompleted successfully[0m
[0m15:15:25.527531 [info ] [MainThread]: 
[0m15:15:25.527531 [info ] [MainThread]: Done. PASS=2 WARN=0 ERROR=0 SKIP=0 NO-OP=0 TOTAL=2
[0m15:15:25.527531 [debug] [MainThread]: Command `dbt run` succeeded at 15:15:25.527531 after 10.50 seconds
[0m15:15:25.543222 [debug] [MainThread]: Sending event: {'category': 'dbt', 'action': 'invocation', 'label': 'end', 'context': [<snowplow_tracker.self_describing_json.SelfDescribingJson object at 0x0000020CB7900CB0>, <snowplow_tracker.self_describing_json.SelfDescribingJson object at 0x0000020CB4731A30>, <snowplow_tracker.self_describing_json.SelfDescribingJson object at 0x0000020CB8138170>]}
[0m15:15:25.543222 [debug] [MainThread]: Flushing usage events
[0m15:15:27.419422 [debug] [MainThread]: An error was encountered while trying to flush usage events
[0m15:27:09.846471 [debug] [MainThread]: Sending event: {'category': 'dbt', 'action': 'invocation', 'label': 'start', 'context': [<snowplow_tracker.self_describing_json.SelfDescribingJson object at 0x000001BF331A8FE0>, <snowplow_tracker.self_describing_json.SelfDescribingJson object at 0x000001BF334EE9F0>, <snowplow_tracker.self_describing_json.SelfDescribingJson object at 0x000001BF3322F4D0>]}


============================== 15:27:09.860529 | a2d00c4f-97a2-4208-8d4e-22faab93f65b ==============================
[0m15:27:09.860529 [info ] [MainThread]: Running with dbt=1.11.12
[0m15:27:09.860529 [debug] [MainThread]: running dbt with arguments {'version_check': 'True', 'no_print': 'None', 'static_parser': 'True', 'target_path': 'None', 'warn_error_options': 'WarnErrorOptionsV2(error=[], warn=[], silence=[])', 'printer_width': '80', 'write_json': 'True', 'introspect': 'True', 'log_cache_events': 'False', 'empty': 'False', 'cache_selected_only': 'False', 'fail_fast': 'False', 'debug': 'False', 'log_format': 'default', 'partial_parse': 'True', 'send_anonymous_usage_stats': 'True', 'quiet': 'False', 'warn_error': 'None', 'profiles_dir': '.', 'indirect_selection': 'eager', 'use_colors': 'True', 'invocation_command': 'dbt run --profiles-dir .', 'use_experimental_parser': 'False', 'log_path': 'C:\\Users\\ahmed\\Desktop\\data science\\itsm_project\\dbt_project\\logs'}
[0m15:27:10.687453 [debug] [MainThread]: Sending event: {'category': 'dbt', 'action': 'project_id', 'label': 'a2d00c4f-97a2-4208-8d4e-22faab93f65b', 'context': [<snowplow_tracker.self_describing_json.SelfDescribingJson object at 0x000001BF34CC7B00>]}
[0m15:27:10.783030 [debug] [MainThread]: Sending event: {'category': 'dbt', 'action': 'adapter_info', 'label': 'a2d00c4f-97a2-4208-8d4e-22faab93f65b', 'context': [<snowplow_tracker.self_describing_json.SelfDescribingJson object at 0x000001BF32AA77A0>]}
[0m15:27:10.783030 [info ] [MainThread]: Registered adapter: postgres=1.10.2
[0m15:27:11.354318 [debug] [MainThread]: checksum: f368f5348cf42803b94ef7fb8257ecf3bf9a9a16dd9c8c51fe5172f2dbeb457f, vars: {}, profile: , target: , version: 1.11.12
[0m15:27:11.669862 [debug] [MainThread]: Partial parsing enabled: 0 files deleted, 0 files added, 0 files changed.
[0m15:27:11.669862 [debug] [MainThread]: Nothing changed, skipping partial parsing.
[0m15:27:11.669862 [debug] [MainThread]: Partial parsing enabled, no changes found, skipping parsing
[0m15:27:11.717421 [debug] [MainThread]: Sending event: {'category': 'dbt', 'action': 'load_project', 'label': 'a2d00c4f-97a2-4208-8d4e-22faab93f65b', 'context': [<snowplow_tracker.self_describing_json.SelfDescribingJson object at 0x000001BF34CD8080>]}
[0m15:27:11.822359 [debug] [MainThread]: Wrote artifact WritableManifest to C:\Users\ahmed\Desktop\data science\itsm_project\dbt_project\target\manifest.json
[0m15:27:11.827377 [debug] [MainThread]: Wrote artifact SemanticManifest to C:\Users\ahmed\Desktop\data science\itsm_project\dbt_project\target\semantic_manifest.json
[0m15:27:11.858918 [debug] [MainThread]: Sending event: {'category': 'dbt', 'action': 'resource_counts', 'label': 'a2d00c4f-97a2-4208-8d4e-22faab93f65b', 'context': [<snowplow_tracker.self_describing_json.SelfDescribingJson object at 0x000001BF351E8A70>]}
[0m15:27:11.858918 [info ] [MainThread]: Found 2 models, 1 source, 476 macros
[0m15:27:11.858918 [debug] [MainThread]: Sending event: {'category': 'dbt', 'action': 'runnable_timing', 'label': 'a2d00c4f-97a2-4208-8d4e-22faab93f65b', 'context': [<snowplow_tracker.self_describing_json.SelfDescribingJson object at 0x000001BF35218BF0>]}
[0m15:27:11.874644 [info ] [MainThread]: 
[0m15:27:11.874644 [info ] [MainThread]: Concurrency: 4 threads (target='dev')
[0m15:27:11.874644 [info ] [MainThread]: 
[0m15:27:11.874644 [debug] [MainThread]: Acquiring new postgres connection 'master'
[0m15:27:11.886151 [debug] [ThreadPool]: Acquiring new postgres connection 'list_itsm_db'
[0m15:27:11.888159 [debug] [ThreadPool]: Acquiring new postgres connection 'list_itsm_db'
[0m15:27:12.573069 [debug] [ThreadPool]: Using postgres connection "list_itsm_db"
[0m15:27:12.575080 [debug] [ThreadPool]: Using postgres connection "list_itsm_db"
[0m15:27:12.575080 [debug] [ThreadPool]: On list_itsm_db: /* {"app": "dbt", "dbt_version": "1.11.12", "profile_name": "itsm_dbt", "target_name": "dev", "connection_name": "list_itsm_db"} */

    select distinct nspname from pg_namespace
  
[0m15:27:12.575080 [debug] [ThreadPool]: On list_itsm_db: /* {"app": "dbt", "dbt_version": "1.11.12", "profile_name": "itsm_dbt", "target_name": "dev", "connection_name": "list_itsm_db"} */

    select distinct nspname from pg_namespace
  
[0m15:27:12.580524 [debug] [ThreadPool]: Opening a new connection, currently in state init
[0m15:27:12.580524 [debug] [ThreadPool]: Opening a new connection, currently in state init
[0m15:27:12.664890 [debug] [ThreadPool]: Postgres adapter: Got a retryable error when attempting to open a postgres connection.
1 attempts remaining. Retrying in 0 seconds.
Error:
connection to server at "localhost" (::1), port 5432 failed: FATAL:  database "itsm_db" does not exist

[0m15:27:12.665896 [debug] [ThreadPool]: Postgres adapter: Got a retryable error when attempting to open a postgres connection.
1 attempts remaining. Retrying in 0 seconds.
Error:
connection to server at "localhost" (::1), port 5432 failed: FATAL:  database "itsm_db" does not exist

[0m15:27:12.713307 [debug] [ThreadPool]: Postgres adapter: Error running SQL: /* {"app": "dbt", "dbt_version": "1.11.12", "profile_name": "itsm_dbt", "target_name": "dev", "connection_name": "list_itsm_db"} */

    select distinct nspname from pg_namespace
  
[0m15:27:12.713307 [debug] [ThreadPool]: Postgres adapter: Rolling back transaction.
[0m15:27:12.717980 [debug] [ThreadPool]: Postgres adapter: Error running SQL: macro list_schemas
[0m15:27:12.719990 [debug] [ThreadPool]: Postgres adapter: Rolling back transaction.
[0m15:27:12.719990 [debug] [ThreadPool]: On list_itsm_db: No close available on handle
[0m15:27:12.729438 [debug] [ThreadPool]: Postgres adapter: Error running SQL: /* {"app": "dbt", "dbt_version": "1.11.12", "profile_name": "itsm_dbt", "target_name": "dev", "connection_name": "list_itsm_db"} */

    select distinct nspname from pg_namespace
  
[0m15:27:12.729438 [debug] [ThreadPool]: Postgres adapter: Rolling back transaction.
[0m15:27:12.736161 [debug] [ThreadPool]: Postgres adapter: Error running SQL: macro list_schemas
[0m15:27:12.736161 [debug] [ThreadPool]: Postgres adapter: Rolling back transaction.
[0m15:27:12.736161 [debug] [ThreadPool]: On list_itsm_db: No close available on handle
[0m15:27:12.736161 [debug] [MainThread]: Connection 'master' was properly closed.
[0m15:27:12.736161 [debug] [MainThread]: Connection 'list_itsm_db' was properly closed.
[0m15:27:12.736161 [debug] [MainThread]: Connection 'list_itsm_db' was properly closed.
[0m15:27:12.736161 [info ] [MainThread]: 
[0m15:27:12.736161 [info ] [MainThread]: Finished running  in 0 hours 0 minutes and 0.86 seconds (0.86s).
[0m15:27:12.746178 [error] [MainThread]: Encountered an error:
Database Error
  connection to server at "localhost" (::1), port 5432 failed: FATAL:  database "itsm_db" does not exist
  
[0m15:27:12.746178 [debug] [MainThread]: Command `dbt run` failed at 15:27:12.746178 after 3.16 seconds
[0m15:27:12.746178 [debug] [MainThread]: Sending event: {'category': 'dbt', 'action': 'invocation', 'label': 'end', 'context': [<snowplow_tracker.self_describing_json.SelfDescribingJson object at 0x000001BF32FB76E0>, <snowplow_tracker.self_describing_json.SelfDescribingJson object at 0x000001BF3521B0B0>, <snowplow_tracker.self_describing_json.SelfDescribingJson object at 0x000001BF3521BBF0>]}
[0m15:27:12.746178 [debug] [MainThread]: Flushing usage events
[0m15:27:13.695426 [debug] [MainThread]: An error was encountered while trying to flush usage events
[0m15:27:42.259421 [debug] [MainThread]: Sending event: {'category': 'dbt', 'action': 'invocation', 'label': 'start', 'context': [<snowplow_tracker.self_describing_json.SelfDescribingJson object at 0x000001A2EA132960>, <snowplow_tracker.self_describing_json.SelfDescribingJson object at 0x000001A2E9CA1820>, <snowplow_tracker.self_describing_json.SelfDescribingJson object at 0x000001A2E77FD010>]}


============================== 15:27:42.265491 | d5be3677-922c-4bbd-8c50-0c2054182080 ==============================
[0m15:27:42.265491 [info ] [MainThread]: Running with dbt=1.11.12
[0m15:27:42.267666 [debug] [MainThread]: running dbt with arguments {'static_parser': 'True', 'no_print': 'None', 'version_check': 'True', 'warn_error_options': 'WarnErrorOptionsV2(error=[], warn=[], silence=[])', 'target_path': 'None', 'printer_width': '80', 'write_json': 'True', 'introspect': 'True', 'log_cache_events': 'False', 'empty': 'None', 'cache_selected_only': 'False', 'fail_fast': 'False', 'debug': 'False', 'log_format': 'default', 'profiles_dir': '.', 'send_anonymous_usage_stats': 'True', 'quiet': 'False', 'warn_error': 'None', 'partial_parse': 'True', 'indirect_selection': 'eager', 'invocation_command': 'dbt debug --profiles-dir .', 'use_colors': 'True', 'use_experimental_parser': 'False', 'log_path': 'C:\\Users\\ahmed\\Desktop\\data science\\itsm_project\\dbt_project\\logs'}
[0m15:27:42.294056 [info ] [MainThread]: dbt version: 1.11.12
[0m15:27:42.294056 [info ] [MainThread]: python version: 3.12.0
[0m15:27:42.294056 [info ] [MainThread]: python path: C:\Users\ahmed\AppData\Local\Programs\Python\Python312\python.exe
[0m15:27:42.294056 [info ] [MainThread]: os info: Windows-11-10.0.26200-SP0
[0m15:27:42.403088 [info ] [MainThread]: Using profiles dir at .
[0m15:27:42.405464 [info ] [MainThread]: Using profiles.yml file at .\profiles.yml
[0m15:27:42.405464 [info ] [MainThread]: Using dbt_project.yml file at C:\Users\ahmed\Desktop\data science\itsm_project\dbt_project\dbt_project.yml
[0m15:27:42.409517 [info ] [MainThread]: adapter type: postgres
[0m15:27:42.411528 [info ] [MainThread]: adapter version: 1.10.2
[0m15:27:42.677028 [info ] [MainThread]: Configuration:
[0m15:27:42.679037 [info ] [MainThread]:   profiles.yml file [[32mOK found and valid[0m]
[0m15:27:42.681052 [info ] [MainThread]:   dbt_project.yml file [[32mOK found and valid[0m]
[0m15:27:42.683064 [info ] [MainThread]: Required dependencies:
[0m15:27:42.685077 [debug] [MainThread]: Executing "git --help"
[0m15:27:42.789937 [debug] [MainThread]: STDOUT: "b"usage: git [-v | --version] [-h | --help] [-C <path>] [-c <name>=<value>]\n           [--exec-path[=<path>]] [--html-path] [--man-path] [--info-path]\n           [-p | --paginate | -P | --no-pager] [--no-replace-objects] [--no-lazy-fetch]\n           [--no-optional-locks] [--no-advice] [--bare] [--git-dir=<path>]\n           [--work-tree=<path>] [--namespace=<name>] [--config-env=<name>=<envvar>]\n           <command> [<args>]\n\nThese are common Git commands used in various situations:\n\nstart a working area (see also: git help tutorial)\n   clone      Clone a repository into a new directory\n   init       Create an empty Git repository or reinitialize an existing one\n\nwork on the current change (see also: git help everyday)\n   add        Add file contents to the index\n   mv         Move or rename a file, a directory, or a symlink\n   restore    Restore working tree files\n   rm         Remove files from the working tree and from the index\n\nexamine the history and state (see also: git help revisions)\n   bisect     Use binary search to find the commit that introduced a bug\n   diff       Show changes between commits, commit and working tree, etc\n   grep       Print lines matching a pattern\n   log        Show commit logs\n   show       Show various types of objects\n   status     Show the working tree status\n\ngrow, mark and tweak your common history\n   backfill   Download missing objects in a partial clone\n   branch     List, create, or delete branches\n   commit     Record changes to the repository\n   history    EXPERIMENTAL: Rewrite history\n   merge      Join two or more development histories together\n   rebase     Reapply commits on top of another base tip\n   reset      Set `HEAD` or the index to a known state\n   switch     Switch branches\n   tag        Create, list, delete or verify tags\n\ncollaborate (see also: git help workflows)\n   fetch      Download objects and refs from another repository\n   pull       Fetch from and integrate with another repository or a local branch\n   push       Update remote refs along with associated objects\n\n'git help -a' and 'git help -g' list available subcommands and some\nconcept guides. See 'git help <command>' or 'git help <concept>'\nto read about a specific subcommand or concept.\nSee 'git help git' for an overview of the system.\n""
[0m15:27:42.791944 [debug] [MainThread]: STDERR: "b''"
[0m15:27:42.791944 [info ] [MainThread]:  - git [[32mOK found[0m]

[0m15:27:42.791944 [info ] [MainThread]: Connection:
[0m15:27:42.791944 [info ] [MainThread]:   host: localhost
[0m15:27:42.791944 [info ] [MainThread]:   port: 5432
[0m15:27:42.791944 [info ] [MainThread]:   user: postgres
[0m15:27:42.791944 [info ] [MainThread]:   database: itsm_db
[0m15:27:42.801877 [info ] [MainThread]:   schema: public
[0m15:27:42.801877 [info ] [MainThread]:   connect_timeout: 10
[0m15:27:42.801877 [info ] [MainThread]:   role: None
[0m15:27:42.801877 [info ] [MainThread]:   search_path: None
[0m15:27:42.801877 [info ] [MainThread]:   keepalives_idle: 0
[0m15:27:42.801877 [info ] [MainThread]:   sslmode: None
[0m15:27:42.801877 [info ] [MainThread]:   sslcert: None
[0m15:27:42.801877 [info ] [MainThread]:   sslkey: None
[0m15:27:42.801877 [info ] [MainThread]:   sslrootcert: None
[0m15:27:42.801877 [info ] [MainThread]:   application_name: dbt
[0m15:27:42.801877 [info ] [MainThread]:   retries: 1
[0m15:27:42.801877 [info ] [MainThread]: Registered adapter: postgres=1.10.2
[0m15:27:43.351958 [debug] [MainThread]: Acquiring new postgres connection 'debug'
[0m15:27:43.503442 [debug] [MainThread]: Using postgres connection "debug"
[0m15:27:43.505452 [debug] [MainThread]: On debug: select 1 as id
[0m15:27:43.505452 [debug] [MainThread]: Opening a new connection, currently in state init
[0m15:27:43.559315 [debug] [MainThread]: Postgres adapter: Got a retryable error when attempting to open a postgres connection.
1 attempts remaining. Retrying in 0 seconds.
Error:
connection to server at "localhost" (::1), port 5432 failed: FATAL:  database "itsm_db" does not exist

[0m15:27:43.606838 [debug] [MainThread]: Postgres adapter: Error running SQL: select 1 as id
[0m15:27:43.609361 [debug] [MainThread]: Postgres adapter: Rolling back transaction.
[0m15:27:43.611548 [debug] [MainThread]: On debug: No close available on handle
[0m15:27:43.611548 [info ] [MainThread]:   Connection test: [[31mERROR[0m]

[0m15:27:43.613559 [info ] [MainThread]: [31m1 check failed:[0m
[0m15:27:43.613559 [info ] [MainThread]: dbt was unable to connect to the specified database.
The database returned the following error:

  >Database Error
  connection to server at "localhost" (::1), port 5432 failed: FATAL:  database "itsm_db" does not exist
  

Check your database credentials and try again. For more information, visit:
https://docs.getdbt.com/docs/configure-your-profile


[0m15:27:43.613559 [debug] [MainThread]: Command `dbt debug` failed at 15:27:43.613559 after 1.55 seconds
[0m15:27:43.613559 [debug] [MainThread]: Connection 'debug' was properly closed.
[0m15:27:43.619583 [debug] [MainThread]: Sending event: {'category': 'dbt', 'action': 'invocation', 'label': 'end', 'context': [<snowplow_tracker.self_describing_json.SelfDescribingJson object at 0x000001A2E9C2A030>, <snowplow_tracker.self_describing_json.SelfDescribingJson object at 0x000001A2EB552AB0>, <snowplow_tracker.self_describing_json.SelfDescribingJson object at 0x000001A2EA1D6E70>]}
[0m15:27:43.619583 [debug] [MainThread]: Flushing usage events
[0m15:27:46.006769 [debug] [MainThread]: An error was encountered while trying to flush usage events
[0m10:51:59.053322 [debug] [MainThread]: Sending event: {'category': 'dbt', 'action': 'invocation', 'label': 'start', 'context': [<snowplow_tracker.self_describing_json.SelfDescribingJson object at 0x0000019967D22450>, <snowplow_tracker.self_describing_json.SelfDescribingJson object at 0x00000199675C6780>, <snowplow_tracker.self_describing_json.SelfDescribingJson object at 0x00000199675C78F0>]}


============================== 10:51:59.069227 | eeff6e4a-158f-4822-8985-4b9b6639caf6 ==============================
[0m10:51:59.069227 [info ] [MainThread]: Running with dbt=1.11.12
[0m10:51:59.069227 [debug] [MainThread]: running dbt with arguments {'version_check': 'True', 'no_print': 'None', 'static_parser': 'True', 'warn_error_options': 'WarnErrorOptionsV2(error=[], warn=[], silence=[])', 'target_path': 'None', 'printer_width': '80', 'write_json': 'True', 'introspect': 'True', 'log_cache_events': 'False', 'empty': 'None', 'cache_selected_only': 'False', 'fail_fast': 'False', 'debug': 'False', 'log_format': 'default', 'partial_parse': 'True', 'send_anonymous_usage_stats': 'True', 'quiet': 'False', 'warn_error': 'None', 'profiles_dir': '.', 'use_colors': 'True', 'indirect_selection': 'eager', 'invocation_command': 'dbt debug --profiles-dir .', 'use_experimental_parser': 'False', 'log_path': 'C:\\Users\\ahmed\\Desktop\\data science\\itsm_project\\dbt_project\\logs'}
[0m10:51:59.148441 [info ] [MainThread]: dbt version: 1.11.12
[0m10:51:59.148441 [info ] [MainThread]: python version: 3.12.0
[0m10:51:59.164290 [info ] [MainThread]: python path: C:\Users\ahmed\AppData\Local\Programs\Python\Python312\python.exe
[0m10:51:59.164290 [info ] [MainThread]: os info: Windows-11-10.0.26200-SP0
[0m10:51:59.279582 [info ] [MainThread]: Using profiles dir at .
[0m10:51:59.279582 [info ] [MainThread]: Using profiles.yml file at .\profiles.yml
[0m10:51:59.279582 [info ] [MainThread]: Using dbt_project.yml file at C:\Users\ahmed\Desktop\data science\itsm_project\dbt_project\dbt_project.yml
[0m10:51:59.292696 [info ] [MainThread]: adapter type: postgres
[0m10:51:59.294720 [info ] [MainThread]: adapter version: 1.10.2
[0m10:51:59.454092 [info ] [MainThread]: Configuration:
[0m10:51:59.454092 [info ] [MainThread]:   profiles.yml file [[32mOK found and valid[0m]
[0m10:51:59.454092 [info ] [MainThread]:   dbt_project.yml file [[32mOK found and valid[0m]
[0m10:51:59.454092 [info ] [MainThread]: Required dependencies:
[0m10:51:59.454092 [debug] [MainThread]: Executing "git --help"
[0m10:51:59.559317 [debug] [MainThread]: STDOUT: "b"usage: git [-v | --version] [-h | --help] [-C <path>] [-c <name>=<value>]\n           [--exec-path[=<path>]] [--html-path] [--man-path] [--info-path]\n           [-p | --paginate | -P | --no-pager] [--no-replace-objects] [--no-lazy-fetch]\n           [--no-optional-locks] [--no-advice] [--bare] [--git-dir=<path>]\n           [--work-tree=<path>] [--namespace=<name>] [--config-env=<name>=<envvar>]\n           <command> [<args>]\n\nThese are common Git commands used in various situations:\n\nstart a working area (see also: git help tutorial)\n   clone      Clone a repository into a new directory\n   init       Create an empty Git repository or reinitialize an existing one\n\nwork on the current change (see also: git help everyday)\n   add        Add file contents to the index\n   mv         Move or rename a file, a directory, or a symlink\n   restore    Restore working tree files\n   rm         Remove files from the working tree and from the index\n\nexamine the history and state (see also: git help revisions)\n   bisect     Use binary search to find the commit that introduced a bug\n   diff       Show changes between commits, commit and working tree, etc\n   grep       Print lines matching a pattern\n   log        Show commit logs\n   show       Show various types of objects\n   status     Show the working tree status\n\ngrow, mark and tweak your common history\n   backfill   Download missing objects in a partial clone\n   branch     List, create, or delete branches\n   commit     Record changes to the repository\n   history    EXPERIMENTAL: Rewrite history\n   merge      Join two or more development histories together\n   rebase     Reapply commits on top of another base tip\n   reset      Set `HEAD` or the index to a known state\n   switch     Switch branches\n   tag        Create, list, delete or verify tags\n\ncollaborate (see also: git help workflows)\n   fetch      Download objects and refs from another repository\n   pull       Fetch from and integrate with another repository or a local branch\n   push       Update remote refs along with associated objects\n\n'git help -a' and 'git help -g' list available subcommands and some\nconcept guides. See 'git help <command>' or 'git help <concept>'\nto read about a specific subcommand or concept.\nSee 'git help git' for an overview of the system.\n""
[0m10:51:59.561327 [debug] [MainThread]: STDERR: "b''"
[0m10:51:59.563336 [info ] [MainThread]:  - git [[32mOK found[0m]

[0m10:51:59.565346 [info ] [MainThread]: Connection:
[0m10:51:59.567353 [info ] [MainThread]:   host: localhost
[0m10:51:59.569362 [info ] [MainThread]:   port: 5432
[0m10:51:59.569362 [info ] [MainThread]:   user: postgres
[0m10:51:59.572736 [info ] [MainThread]:   database: itsm_db
[0m10:51:59.572736 [info ] [MainThread]:   schema: public
[0m10:51:59.576987 [info ] [MainThread]:   connect_timeout: 10
[0m10:51:59.576987 [info ] [MainThread]:   role: None
[0m10:51:59.576987 [info ] [MainThread]:   search_path: None
[0m10:51:59.576987 [info ] [MainThread]:   keepalives_idle: 0
[0m10:51:59.583847 [info ] [MainThread]:   sslmode: None
[0m10:51:59.585859 [info ] [MainThread]:   sslcert: None
[0m10:51:59.585859 [info ] [MainThread]:   sslkey: None
[0m10:51:59.587869 [info ] [MainThread]:   sslrootcert: None
[0m10:51:59.589876 [info ] [MainThread]:   application_name: dbt
[0m10:51:59.591894 [info ] [MainThread]:   retries: 1
[0m10:51:59.592908 [info ] [MainThread]: Registered adapter: postgres=1.10.2
[0m10:52:00.202284 [debug] [MainThread]: Acquiring new postgres connection 'debug'
[0m10:52:00.860315 [debug] [MainThread]: Using postgres connection "debug"
[0m10:52:00.860315 [debug] [MainThread]: On debug: select 1 as id
[0m10:52:00.860315 [debug] [MainThread]: Opening a new connection, currently in state init
[0m10:52:00.908294 [debug] [MainThread]: Postgres adapter: Got a retryable error when attempting to open a postgres connection.
1 attempts remaining. Retrying in 0 seconds.
Error:
connection to server at "localhost" (::1), port 5432 failed: FATAL:  database "itsm_db" does not exist

[0m10:52:00.970821 [debug] [MainThread]: Postgres adapter: Error running SQL: select 1 as id
[0m10:52:00.970821 [debug] [MainThread]: Postgres adapter: Rolling back transaction.
[0m10:52:00.970821 [debug] [MainThread]: On debug: No close available on handle
[0m10:52:00.973918 [info ] [MainThread]:   Connection test: [[31mERROR[0m]

[0m10:52:00.973918 [info ] [MainThread]: [31m1 check failed:[0m
[0m10:52:00.973918 [info ] [MainThread]: dbt was unable to connect to the specified database.
The database returned the following error:

  >Database Error
  connection to server at "localhost" (::1), port 5432 failed: FATAL:  database "itsm_db" does not exist
  

Check your database credentials and try again. For more information, visit:
https://docs.getdbt.com/docs/configure-your-profile


[0m10:52:00.973918 [debug] [MainThread]: Command `dbt debug` failed at 10:52:00.973918 after 2.12 seconds
[0m10:52:00.973918 [debug] [MainThread]: Connection 'debug' was properly closed.
[0m10:52:00.973918 [debug] [MainThread]: Sending event: {'category': 'dbt', 'action': 'invocation', 'label': 'end', 'context': [<snowplow_tracker.self_describing_json.SelfDescribingJson object at 0x0000019968544A10>, <snowplow_tracker.self_describing_json.SelfDescribingJson object at 0x0000019969B57C80>, <snowplow_tracker.self_describing_json.SelfDescribingJson object at 0x0000019968383350>]}
[0m10:52:00.973918 [debug] [MainThread]: Flushing usage events
[0m10:52:01.956316 [debug] [MainThread]: An error was encountered while trying to flush usage events
[0m10:52:41.710824 [debug] [MainThread]: Sending event: {'category': 'dbt', 'action': 'invocation', 'label': 'start', 'context': [<snowplow_tracker.self_describing_json.SelfDescribingJson object at 0x000002A1811E72F0>, <snowplow_tracker.self_describing_json.SelfDescribingJson object at 0x000002A180256240>, <snowplow_tracker.self_describing_json.SelfDescribingJson object at 0x000002A180121730>]}


============================== 10:52:41.720199 | af18bcd0-b440-4d2c-8bdb-c4359d8d9c62 ==============================
[0m10:52:41.720199 [info ] [MainThread]: Running with dbt=1.11.12
[0m10:52:41.720199 [debug] [MainThread]: running dbt with arguments {'version_check': 'True', 'no_print': 'None', 'static_parser': 'True', 'warn_error_options': 'WarnErrorOptionsV2(error=[], warn=[], silence=[])', 'target_path': 'None', 'printer_width': '80', 'write_json': 'True', 'empty': 'None', 'log_cache_events': 'False', 'introspect': 'True', 'cache_selected_only': 'False', 'log_format': 'default', 'debug': 'False', 'fail_fast': 'False', 'profiles_dir': '.', 'send_anonymous_usage_stats': 'True', 'quiet': 'False', 'warn_error': 'None', 'partial_parse': 'True', 'invocation_command': 'dbt debug --profiles-dir .', 'use_colors': 'True', 'indirect_selection': 'eager', 'use_experimental_parser': 'False', 'log_path': 'C:\\Users\\ahmed\\Desktop\\data science\\itsm_project\\dbt_project\\logs'}
[0m10:52:41.745788 [info ] [MainThread]: dbt version: 1.11.12
[0m10:52:41.747793 [info ] [MainThread]: python version: 3.12.0
[0m10:52:41.749800 [info ] [MainThread]: python path: C:\Users\ahmed\AppData\Local\Programs\Python\Python312\python.exe
[0m10:52:41.751811 [info ] [MainThread]: os info: Windows-11-10.0.26200-SP0
[0m10:52:41.819608 [info ] [MainThread]: Using profiles dir at .
[0m10:52:41.819608 [info ] [MainThread]: Using profiles.yml file at .\profiles.yml
[0m10:52:41.819608 [info ] [MainThread]: Using dbt_project.yml file at C:\Users\ahmed\Desktop\data science\itsm_project\dbt_project\dbt_project.yml
[0m10:52:41.819608 [info ] [MainThread]: adapter type: postgres
[0m10:52:41.835520 [info ] [MainThread]: adapter version: 1.10.2
[0m10:52:41.965424 [info ] [MainThread]: Configuration:
[0m10:52:41.965424 [info ] [MainThread]:   profiles.yml file [[32mOK found and valid[0m]
[0m10:52:41.965424 [info ] [MainThread]:   dbt_project.yml file [[32mOK found and valid[0m]
[0m10:52:41.965424 [info ] [MainThread]: Required dependencies:
[0m10:52:41.965424 [debug] [MainThread]: Executing "git --help"
[0m10:52:42.045443 [debug] [MainThread]: STDOUT: "b"usage: git [-v | --version] [-h | --help] [-C <path>] [-c <name>=<value>]\n           [--exec-path[=<path>]] [--html-path] [--man-path] [--info-path]\n           [-p | --paginate | -P | --no-pager] [--no-replace-objects] [--no-lazy-fetch]\n           [--no-optional-locks] [--no-advice] [--bare] [--git-dir=<path>]\n           [--work-tree=<path>] [--namespace=<name>] [--config-env=<name>=<envvar>]\n           <command> [<args>]\n\nThese are common Git commands used in various situations:\n\nstart a working area (see also: git help tutorial)\n   clone      Clone a repository into a new directory\n   init       Create an empty Git repository or reinitialize an existing one\n\nwork on the current change (see also: git help everyday)\n   add        Add file contents to the index\n   mv         Move or rename a file, a directory, or a symlink\n   restore    Restore working tree files\n   rm         Remove files from the working tree and from the index\n\nexamine the history and state (see also: git help revisions)\n   bisect     Use binary search to find the commit that introduced a bug\n   diff       Show changes between commits, commit and working tree, etc\n   grep       Print lines matching a pattern\n   log        Show commit logs\n   show       Show various types of objects\n   status     Show the working tree status\n\ngrow, mark and tweak your common history\n   backfill   Download missing objects in a partial clone\n   branch     List, create, or delete branches\n   commit     Record changes to the repository\n   history    EXPERIMENTAL: Rewrite history\n   merge      Join two or more development histories together\n   rebase     Reapply commits on top of another base tip\n   reset      Set `HEAD` or the index to a known state\n   switch     Switch branches\n   tag        Create, list, delete or verify tags\n\ncollaborate (see also: git help workflows)\n   fetch      Download objects and refs from another repository\n   pull       Fetch from and integrate with another repository or a local branch\n   push       Update remote refs along with associated objects\n\n'git help -a' and 'git help -g' list available subcommands and some\nconcept guides. See 'git help <command>' or 'git help <concept>'\nto read about a specific subcommand or concept.\nSee 'git help git' for an overview of the system.\n""
[0m10:52:42.045443 [debug] [MainThread]: STDERR: "b''"
[0m10:52:42.045443 [info ] [MainThread]:  - git [[32mOK found[0m]

[0m10:52:42.045443 [info ] [MainThread]: Connection:
[0m10:52:42.045443 [info ] [MainThread]:   host: localhost
[0m10:52:42.045443 [info ] [MainThread]:   port: 5433
[0m10:52:42.045443 [info ] [MainThread]:   user: postgres
[0m10:52:42.045443 [info ] [MainThread]:   database: itsm_db
[0m10:52:42.057344 [info ] [MainThread]:   schema: public
[0m10:52:42.057344 [info ] [MainThread]:   connect_timeout: 10
[0m10:52:42.057344 [info ] [MainThread]:   role: None
[0m10:52:42.057344 [info ] [MainThread]:   search_path: None
[0m10:52:42.057344 [info ] [MainThread]:   keepalives_idle: 0
[0m10:52:42.057344 [info ] [MainThread]:   sslmode: None
[0m10:52:42.057344 [info ] [MainThread]:   sslcert: None
[0m10:52:42.057344 [info ] [MainThread]:   sslkey: None
[0m10:52:42.057344 [info ] [MainThread]:   sslrootcert: None
[0m10:52:42.057344 [info ] [MainThread]:   application_name: dbt
[0m10:52:42.057344 [info ] [MainThread]:   retries: 1
[0m10:52:42.073021 [info ] [MainThread]: Registered adapter: postgres=1.10.2
[0m10:52:42.582391 [debug] [MainThread]: Acquiring new postgres connection 'debug'
[0m10:52:42.746767 [debug] [MainThread]: Using postgres connection "debug"
[0m10:52:42.746767 [debug] [MainThread]: On debug: select 1 as id
[0m10:52:42.746767 [debug] [MainThread]: Opening a new connection, currently in state init
[0m10:52:42.786489 [debug] [MainThread]: SQL status: SELECT 1 in 0.043 seconds
[0m10:52:42.786489 [debug] [MainThread]: On debug: Close
[0m10:52:42.786489 [info ] [MainThread]:   Connection test: [[32mOK connection ok[0m]

[0m10:52:42.786489 [info ] [MainThread]: [32mAll checks passed![0m
[0m10:52:42.799057 [debug] [MainThread]: Command `dbt debug` succeeded at 10:52:42.799057 after 1.25 seconds
[0m10:52:42.799057 [debug] [MainThread]: Connection 'debug' was properly closed.
[0m10:52:42.801065 [debug] [MainThread]: Sending event: {'category': 'dbt', 'action': 'invocation', 'label': 'end', 'context': [<snowplow_tracker.self_describing_json.SelfDescribingJson object at 0x000002A181673500>, <snowplow_tracker.self_describing_json.SelfDescribingJson object at 0x000002A1811E72F0>, <snowplow_tracker.self_describing_json.SelfDescribingJson object at 0x000002A1811E56A0>]}
[0m10:52:42.801065 [debug] [MainThread]: Flushing usage events
[0m10:52:43.758888 [debug] [MainThread]: An error was encountered while trying to flush usage events
[0m14:40:29.112271 [debug] [MainThread]: Sending event: {'category': 'dbt', 'action': 'invocation', 'label': 'start', 'context': [<snowplow_tracker.self_describing_json.SelfDescribingJson object at 0x00000272A5E56FF0>, <snowplow_tracker.self_describing_json.SelfDescribingJson object at 0x00000272A8F0FC80>, <snowplow_tracker.self_describing_json.SelfDescribingJson object at 0x00000272A5D2D5E0>]}


============================== 14:40:29.129692 | 2c57a34c-7512-4b37-bd2c-28f9a935d319 ==============================
[0m14:40:29.129692 [info ] [MainThread]: Running with dbt=1.11.12
[0m14:40:29.135516 [debug] [MainThread]: running dbt with arguments {'static_parser': 'True', 'no_print': 'None', 'version_check': 'True', 'target_path': 'None', 'warn_error_options': 'WarnErrorOptionsV2(error=[], warn=[], silence=[])', 'printer_width': '80', 'write_json': 'True', 'introspect': 'True', 'log_cache_events': 'False', 'empty': 'False', 'cache_selected_only': 'False', 'fail_fast': 'False', 'debug': 'False', 'log_format': 'default', 'partial_parse': 'True', 'send_anonymous_usage_stats': 'True', 'quiet': 'False', 'warn_error': 'None', 'profiles_dir': '.', 'use_colors': 'True', 'indirect_selection': 'eager', 'invocation_command': 'dbt run --profiles-dir .', 'use_experimental_parser': 'False', 'log_path': 'C:\\Users\\ahmed\\Desktop\\data science\\itsm_project\\dbt_project\\logs'}
[0m14:40:31.402303 [debug] [MainThread]: Sending event: {'category': 'dbt', 'action': 'project_id', 'label': '2c57a34c-7512-4b37-bd2c-28f9a935d319', 'context': [<snowplow_tracker.self_describing_json.SelfDescribingJson object at 0x00000272A9D38DD0>]}
[0m14:40:31.663093 [debug] [MainThread]: Sending event: {'category': 'dbt', 'action': 'adapter_info', 'label': '2c57a34c-7512-4b37-bd2c-28f9a935d319', 'context': [<snowplow_tracker.self_describing_json.SelfDescribingJson object at 0x00000272A9C45820>]}
[0m14:40:31.672722 [info ] [MainThread]: Registered adapter: postgres=1.10.2
[0m14:40:33.537100 [debug] [MainThread]: checksum: f368f5348cf42803b94ef7fb8257ecf3bf9a9a16dd9c8c51fe5172f2dbeb457f, vars: {}, profile: , target: , version: 1.11.12
[0m14:40:33.955636 [info ] [MainThread]: Unable to do partial parsing because profile has changed
[0m14:40:33.960908 [debug] [MainThread]: Sending event: {'category': 'dbt', 'action': 'partial_parser', 'label': '2c57a34c-7512-4b37-bd2c-28f9a935d319', 'context': [<snowplow_tracker.self_describing_json.SelfDescribingJson object at 0x00000272AB35E480>]}
[0m14:40:39.648465 [debug] [MainThread]: Sending event: {'category': 'dbt', 'action': 'load_project', 'label': '2c57a34c-7512-4b37-bd2c-28f9a935d319', 'context': [<snowplow_tracker.self_describing_json.SelfDescribingJson object at 0x00000272AB4EB5F0>]}
[0m14:40:40.077079 [debug] [MainThread]: Wrote artifact WritableManifest to C:\Users\ahmed\Desktop\data science\itsm_project\dbt_project\target\manifest.json
[0m14:40:40.090687 [debug] [MainThread]: Wrote artifact SemanticManifest to C:\Users\ahmed\Desktop\data science\itsm_project\dbt_project\target\semantic_manifest.json
[0m14:40:40.169980 [debug] [MainThread]: Sending event: {'category': 'dbt', 'action': 'resource_counts', 'label': '2c57a34c-7512-4b37-bd2c-28f9a935d319', 'context': [<snowplow_tracker.self_describing_json.SelfDescribingJson object at 0x00000272AB678740>]}
[0m14:40:40.172074 [info ] [MainThread]: Found 2 models, 1 source, 476 macros
[0m14:40:40.174684 [debug] [MainThread]: Sending event: {'category': 'dbt', 'action': 'runnable_timing', 'label': '2c57a34c-7512-4b37-bd2c-28f9a935d319', 'context': [<snowplow_tracker.self_describing_json.SelfDescribingJson object at 0x00000272AB65A150>]}
[0m14:40:40.183226 [info ] [MainThread]: 
[0m14:40:40.184834 [info ] [MainThread]: Concurrency: 4 threads (target='dev')
[0m14:40:40.191996 [info ] [MainThread]: 
[0m14:40:40.196248 [debug] [MainThread]: Acquiring new postgres connection 'master'
[0m14:40:40.214469 [debug] [ThreadPool]: Acquiring new postgres connection 'list_itsm_db'
[0m14:40:40.218505 [debug] [ThreadPool]: Acquiring new postgres connection 'list_itsm_db'
[0m14:40:40.935311 [debug] [ThreadPool]: Using postgres connection "list_itsm_db"
[0m14:40:40.936829 [debug] [ThreadPool]: Using postgres connection "list_itsm_db"
[0m14:40:40.940856 [debug] [ThreadPool]: On list_itsm_db: /* {"app": "dbt", "dbt_version": "1.11.12", "profile_name": "itsm_dbt", "target_name": "dev", "connection_name": "list_itsm_db"} */

    select distinct nspname from pg_namespace
  
[0m14:40:40.942867 [debug] [ThreadPool]: On list_itsm_db: /* {"app": "dbt", "dbt_version": "1.11.12", "profile_name": "itsm_dbt", "target_name": "dev", "connection_name": "list_itsm_db"} */

    select distinct nspname from pg_namespace
  
[0m14:40:40.947408 [debug] [ThreadPool]: Opening a new connection, currently in state init
[0m14:40:40.952935 [debug] [ThreadPool]: Opening a new connection, currently in state init
[0m14:40:41.104935 [debug] [ThreadPool]: SQL status: SELECT 7 in 0.152 seconds
[0m14:40:41.106949 [debug] [ThreadPool]: SQL status: SELECT 7 in 0.159 seconds
[0m14:40:41.113229 [debug] [ThreadPool]: On list_itsm_db: Close
[0m14:40:41.122162 [debug] [ThreadPool]: On list_itsm_db: Close
[0m14:40:41.145433 [debug] [ThreadPool]: Acquiring new postgres connection 'list_itsm_db_gold'
[0m14:40:41.151288 [debug] [ThreadPool]: Acquiring new postgres connection 'list_itsm_db_silver'
[0m14:40:41.183194 [debug] [ThreadPool]: Using postgres connection "list_itsm_db_gold"
[0m14:40:41.198665 [debug] [ThreadPool]: Using postgres connection "list_itsm_db_silver"
[0m14:40:41.199177 [debug] [ThreadPool]: On list_itsm_db_gold: /* {"app": "dbt", "dbt_version": "1.11.12", "profile_name": "itsm_dbt", "target_name": "dev", "connection_name": "list_itsm_db_gold"} */
select
      'itsm_db' as database,
      tablename as name,
      schemaname as schema,
      'table' as type
    from pg_tables
    where schemaname ilike 'gold'
    union all
    select
      'itsm_db' as database,
      viewname as name,
      schemaname as schema,
      'view' as type
    from pg_views
    where schemaname ilike 'gold'
    union all
    select
      'itsm_db' as database,
      matviewname as name,
      schemaname as schema,
      'materialized_view' as type
    from pg_matviews
    where schemaname ilike 'gold'
  
[0m14:40:41.207221 [debug] [ThreadPool]: On list_itsm_db_silver: /* {"app": "dbt", "dbt_version": "1.11.12", "profile_name": "itsm_dbt", "target_name": "dev", "connection_name": "list_itsm_db_silver"} */
select
      'itsm_db' as database,
      tablename as name,
      schemaname as schema,
      'table' as type
    from pg_tables
    where schemaname ilike 'silver'
    union all
    select
      'itsm_db' as database,
      viewname as name,
      schemaname as schema,
      'view' as type
    from pg_views
    where schemaname ilike 'silver'
    union all
    select
      'itsm_db' as database,
      matviewname as name,
      schemaname as schema,
      'materialized_view' as type
    from pg_matviews
    where schemaname ilike 'silver'
  
[0m14:40:41.213298 [debug] [ThreadPool]: Opening a new connection, currently in state init
[0m14:40:41.219674 [debug] [ThreadPool]: Opening a new connection, currently in state init
[0m14:40:41.314660 [debug] [ThreadPool]: SQL status: SELECT 1 in 0.097 seconds
[0m14:40:41.316671 [debug] [ThreadPool]: SQL status: SELECT 3 in 0.103 seconds
[0m14:40:41.322453 [debug] [ThreadPool]: On list_itsm_db_silver: ROLLBACK
[0m14:40:41.328490 [debug] [ThreadPool]: On list_itsm_db_gold: ROLLBACK
[0m14:40:41.332515 [debug] [ThreadPool]: On list_itsm_db_silver: Close
[0m14:40:41.335406 [debug] [ThreadPool]: On list_itsm_db_gold: Close
[0m14:40:41.357617 [debug] [MainThread]: Using postgres connection "master"
[0m14:40:41.363669 [debug] [MainThread]: On master: /* {"app": "dbt", "dbt_version": "1.11.12", "profile_name": "itsm_dbt", "target_name": "dev", "connection_name": "master"} */
select distinct
        dependent_namespace.nspname as dependent_schema,
        dependent_class.relname as dependent_name,
        referenced_namespace.nspname as referenced_schema,
        referenced_class.relname as referenced_name

    -- Query for views: views are entries in pg_class with an entry in pg_rewrite, but we avoid
    -- a seq scan on pg_rewrite by leveraging the fact there is an "internal" row in pg_depend for
    -- the view...
    from pg_class as dependent_class
    join pg_namespace as dependent_namespace on dependent_namespace.oid = dependent_class.relnamespace
    join pg_depend as dependent_depend on dependent_depend.refobjid = dependent_class.oid
        and dependent_depend.classid = 'pg_rewrite'::regclass
        and dependent_depend.refclassid = 'pg_class'::regclass
        and dependent_depend.deptype = 'i'

    -- ... and via pg_depend (that has a row per column, hence the need for "distinct" above, and
    -- making sure to exclude the internal row to avoid a view appearing to depend on itself)...
    join pg_depend as joining_depend on joining_depend.objid = dependent_depend.objid
        and joining_depend.classid = 'pg_rewrite'::regclass
        and joining_depend.refclassid = 'pg_class'::regclass
        and joining_depend.refobjid != dependent_depend.refobjid

    -- ... we can find the tables they query from in pg_class, but excluding system tables. Note we
    -- don't need need to exclude _dependent_ system tables, because they only query from other
    -- system tables, and so are automatically excluded by excluding _referenced_ system tables
    join pg_class as referenced_class on referenced_class.oid = joining_depend.refobjid
    join pg_namespace as referenced_namespace on referenced_namespace.oid = referenced_class.relnamespace
        and referenced_namespace.nspname != 'information_schema'
        and referenced_namespace.nspname not like 'pg\_%'

    order by
        dependent_schema, dependent_name, referenced_schema, referenced_name;
[0m14:40:41.363669 [debug] [MainThread]: Opening a new connection, currently in state init
[0m14:40:41.430632 [debug] [MainThread]: SQL status: SELECT 0 in 0.065 seconds
[0m14:40:41.436850 [debug] [MainThread]: Sending event: {'category': 'dbt', 'action': 'runnable_timing', 'label': '2c57a34c-7512-4b37-bd2c-28f9a935d319', 'context': [<snowplow_tracker.self_describing_json.SelfDescribingJson object at 0x00000272AAF43E90>]}
[0m14:40:41.440887 [debug] [MainThread]: On master: ROLLBACK
[0m14:40:41.446928 [debug] [MainThread]: On master: COMMIT
[0m14:40:41.448939 [debug] [MainThread]: Using postgres connection "master"
[0m14:40:41.454099 [debug] [MainThread]: On master: COMMIT
[0m14:40:41.459268 [debug] [MainThread]: SQL status: COMMIT in 0.002 seconds
[0m14:40:41.461027 [debug] [MainThread]: On master: Close
[0m14:40:41.485138 [debug] [Thread-1 (]: Began running node model.itsm_dbt.silver_itsm_tickets
[0m14:40:41.490509 [info ] [Thread-1 (]: 1 of 2 START sql table model silver.silver_itsm_tickets ........................ [RUN]
[0m14:40:41.498068 [debug] [Thread-1 (]: Acquiring new postgres connection 'model.itsm_dbt.silver_itsm_tickets'
[0m14:40:41.504046 [debug] [Thread-1 (]: Began compiling node model.itsm_dbt.silver_itsm_tickets
[0m14:40:41.543525 [debug] [Thread-1 (]: Writing injected SQL for node "model.itsm_dbt.silver_itsm_tickets"
[0m14:40:41.725746 [debug] [Thread-1 (]: Began executing node model.itsm_dbt.silver_itsm_tickets
[0m14:40:41.890077 [debug] [Thread-1 (]: Writing runtime sql for node "model.itsm_dbt.silver_itsm_tickets"
[0m14:40:41.912347 [debug] [Thread-1 (]: Using postgres connection "model.itsm_dbt.silver_itsm_tickets"
[0m14:40:41.917129 [debug] [Thread-1 (]: On model.itsm_dbt.silver_itsm_tickets: /* {"app": "dbt", "dbt_version": "1.11.12", "profile_name": "itsm_dbt", "target_name": "dev", "node_id": "model.itsm_dbt.silver_itsm_tickets"} */

  
    

  create  table "itsm_db"."silver"."silver_itsm_tickets__dbt_tmp"
  
  
    as
  
  (
    /*
    silver_itsm_tickets.sql
    ------------------------
    ETAPE 2 : nettoyage des donnees (couche Silver).

    Ce modele part de bronze.itsm_tickets_raw (donnees brutes, tout en texte,
    non modifiees) et produit une version propre :
      - espaces superflus retires
      - valeurs vides transformees en vrai NULL (au lieu de chaines vides)
      - dates transformees de texte vers un vrai type TIMESTAMP
      - une ligne par ticket_id (protection anti-doublon)
      - Priority transforme aussi en version numerique ordonnee (priority_rank)
        pour faciliter les futurs tris/graphiques

    C'est l'equivalent SQL exact de ce qu'on avait fait avec pandas dans le
    notebook ITSM_Dataset_Organized.ipynb, mais cette fois le nettoyage vit
    dans la base de donnees et peut etre re-execute a tout moment avec `dbt run`.
*/

with source as (

    select * from "itsm_db"."bronze"."itsm_tickets_raw"

),

cleaned as (

    select
        nullif(trim(ticket_id), '')            as ticket_id,
        nullif(trim(status), '')                as status,
        nullif(trim(priority), '')              as priority,
        nullif(trim(source), '')                as source,
        nullif(trim(topic), '')                 as topic,
        nullif(trim(agent_group), '')           as agent_group,
        nullif(trim(product_group), '')         as product_group,

        -- Conversion des dates : texte "04/07/2024 12:42" -> vrai TIMESTAMP
        to_timestamp(nullif(trim(created_time), ''), 'DD/MM/YYYY HH24:MI')
            as created_time,
        to_timestamp(nullif(trim(expected_sla_to_resolve), ''), 'DD/MM/YYYY HH24:MI')
            as expected_sla_to_resolve,
        to_timestamp(nullif(trim(expected_sla_to_first_response), ''), 'DD/MM/YYYY HH24:MI')
            as expected_sla_to_first_response,
        to_timestamp(nullif(trim(first_response_time), ''), 'DD/MM/YYYY HH24:MI')
            as first_response_time,
        to_timestamp(nullif(trim(resolution_time), ''), 'DD/MM/YYYY HH24:MI')
            as resolution_time,
        to_timestamp(nullif(trim(close_time), ''), 'DD/MM/YYYY HH24:MI')
            as close_time,

        nullif(trim(incident_description), '') as incident_description,
        nullif(trim(solution_used), '')         as solution_used,

        -- Version numerique ordonnee de la priorite (utile pour trier/filtrer)
        case trim(priority)
            when 'Low'      then 1
            when 'Medium'   then 2
            when 'High'     then 3
            when 'Critical' then 4
            else null
        end as priority_rank,

        -- On garde une trace : est-ce que ce ticket a une solution renseignee ?
        (nullif(trim(solution_used), '') is not null) as has_solution

    from source

),

deduplicated as (

    select *,
        row_number() over (partition by ticket_id order by ticket_id) as row_num
    from cleaned
    where ticket_id is not null

)

select
    ticket_id,
    status,
    priority,
    priority_rank,
    source,
    topic,
    agent_group,
    product_group,
    created_time,
    expected_sla_to_resolve,
    expected_sla_to_first_response,
    first_response_time,
    resolution_time,
    close_time,
    incident_description,
    solution_used,
    has_solution
from deduplicated
where row_num = 1
  );
  
[0m14:40:41.921685 [debug] [Thread-1 (]: Opening a new connection, currently in state init
[0m14:41:29.170192 [debug] [Thread-1 (]: SQL status: SELECT 100000 in 47.248 seconds
[0m14:41:29.204928 [debug] [Thread-1 (]: Using postgres connection "model.itsm_dbt.silver_itsm_tickets"
[0m14:41:29.204928 [debug] [Thread-1 (]: On model.itsm_dbt.silver_itsm_tickets: /* {"app": "dbt", "dbt_version": "1.11.12", "profile_name": "itsm_dbt", "target_name": "dev", "node_id": "model.itsm_dbt.silver_itsm_tickets"} */
alter table "itsm_db"."silver"."silver_itsm_tickets" rename to "silver_itsm_tickets__dbt_backup"
[0m14:41:29.210058 [debug] [Thread-1 (]: SQL status: ALTER TABLE in 0.002 seconds
[0m14:41:29.220671 [debug] [Thread-1 (]: Using postgres connection "model.itsm_dbt.silver_itsm_tickets"
[0m14:41:29.225395 [debug] [Thread-1 (]: On model.itsm_dbt.silver_itsm_tickets: /* {"app": "dbt", "dbt_version": "1.11.12", "profile_name": "itsm_dbt", "target_name": "dev", "node_id": "model.itsm_dbt.silver_itsm_tickets"} */
alter table "itsm_db"."silver"."silver_itsm_tickets__dbt_tmp" rename to "silver_itsm_tickets"
[0m14:41:29.226891 [debug] [Thread-1 (]: SQL status: ALTER TABLE in 0.001 seconds
[0m14:41:29.306421 [debug] [Thread-1 (]: On model.itsm_dbt.silver_itsm_tickets: COMMIT
[0m14:41:29.306421 [debug] [Thread-1 (]: Using postgres connection "model.itsm_dbt.silver_itsm_tickets"
[0m14:41:29.310702 [debug] [Thread-1 (]: On model.itsm_dbt.silver_itsm_tickets: COMMIT
[0m14:41:29.320036 [debug] [Thread-1 (]: SQL status: COMMIT in 0.007 seconds
[0m14:41:29.338782 [debug] [Thread-1 (]: Applying DROP to: "itsm_db"."silver"."silver_itsm_tickets__dbt_backup"
[0m14:41:29.355021 [debug] [Thread-1 (]: Using postgres connection "model.itsm_dbt.silver_itsm_tickets"
[0m14:41:29.357036 [debug] [Thread-1 (]: On model.itsm_dbt.silver_itsm_tickets: /* {"app": "dbt", "dbt_version": "1.11.12", "profile_name": "itsm_dbt", "target_name": "dev", "node_id": "model.itsm_dbt.silver_itsm_tickets"} */
drop table if exists "itsm_db"."silver"."silver_itsm_tickets__dbt_backup" cascade
[0m14:41:29.373376 [debug] [Thread-1 (]: SQL status: DROP TABLE in 0.013 seconds
[0m14:41:29.377197 [debug] [Thread-1 (]: On model.itsm_dbt.silver_itsm_tickets: Close
[0m14:41:29.390437 [debug] [Thread-1 (]: Sending event: {'category': 'dbt', 'action': 'run_model', 'label': '2c57a34c-7512-4b37-bd2c-28f9a935d319', 'context': [<snowplow_tracker.self_describing_json.SelfDescribingJson object at 0x00000272A698DEE0>]}
[0m14:41:29.394086 [info ] [Thread-1 (]: 1 of 2 OK created sql table model silver.silver_itsm_tickets ................... [[32mSELECT 100000[0m in 47.88s]
[0m14:41:29.395977 [debug] [Thread-1 (]: Finished running node model.itsm_dbt.silver_itsm_tickets
[0m14:41:29.398877 [debug] [Thread-3 (]: Began running node model.itsm_dbt.gold_itsm_tickets
[0m14:41:29.403162 [info ] [Thread-3 (]: 2 of 2 START sql table model gold.gold_itsm_tickets ............................ [RUN]
[0m14:41:29.403162 [debug] [Thread-3 (]: Acquiring new postgres connection 'model.itsm_dbt.gold_itsm_tickets'
[0m14:41:29.406034 [debug] [Thread-3 (]: Began compiling node model.itsm_dbt.gold_itsm_tickets
[0m14:41:29.419852 [debug] [Thread-3 (]: Writing injected SQL for node "model.itsm_dbt.gold_itsm_tickets"
[0m14:41:29.425200 [debug] [Thread-3 (]: Began executing node model.itsm_dbt.gold_itsm_tickets
[0m14:41:29.435683 [debug] [Thread-3 (]: Writing runtime sql for node "model.itsm_dbt.gold_itsm_tickets"
[0m14:41:29.442484 [debug] [Thread-3 (]: Using postgres connection "model.itsm_dbt.gold_itsm_tickets"
[0m14:41:29.445765 [debug] [Thread-3 (]: On model.itsm_dbt.gold_itsm_tickets: /* {"app": "dbt", "dbt_version": "1.11.12", "profile_name": "itsm_dbt", "target_name": "dev", "node_id": "model.itsm_dbt.gold_itsm_tickets"} */

  
    

  create  table "itsm_db"."gold"."gold_itsm_tickets__dbt_tmp"
  
  
    as
  
  (
    /*
    gold_itsm_tickets.sql
    -----------------------
    ETAPE 3 : creation des variables pour le Machine Learning (couche Gold).

    Ce modele part de silver.silver_itsm_tickets (donnees propres) et ajoute
    tout ce dont un modele de prediction a besoin :

      1) Des durees reelles, en minutes (au lieu de deux dates separees)
      2) Des variables temporelles (heure, jour, mois de creation)
      3) La marge SLA (Expected - Actual), gardee a titre informatif
      4) La longueur de la description (utile plus tard pour le NLP)
      5) LA VARIABLE CIBLE : long_resolution_flag

    Pourquoi cette cible et pas "depassement SLA" ?
    --------------------------------------------------
    On a verifie plus tot que dans ce dataset, AUCUN ticket ne depasse jamais
    son SLA (marge toujours >= 0). Une cible sans variance ne peut pas etre
    apprise par un modele. On suit donc la meme demarche que dans le rapport
    de reference : on remplace "depassement SLA" par "risque de resolution
    longue" (long MTTR), qui lui a une vraie variance dans les donnees.

    Definition retenue : un ticket est marque "resolution longue" (1) si
    sa duree de resolution reelle depasse le 75e percentile de l'ensemble
    des tickets. Sinon (0). Ce seuil est calcule automatiquement sur les
    donnees, pas fixe a la main.
*/

with base as (

    select * from "itsm_db"."silver"."silver_itsm_tickets"

),

with_durations as (

    select
        *,

        -- Durees reelles, en minutes
        extract(epoch from (first_response_time - created_time)) / 60
            as first_response_minutes,
        extract(epoch from (resolution_time - created_time)) / 60
            as resolution_minutes,
        extract(epoch from (close_time - created_time)) / 60
            as close_minutes,

        -- Bruit deterministe (+/- 60 min), seede sur ticket_id : simule la variabilite
        -- reelle (charge de travail, complexite imprevue) absente du dataset synthetique.
        -- Sans ce bruit, priority determine resolution_minutes de facon quasi parfaite
        -- (ecart-type ~6 min), ce qui rend toute prediction triviale (score parfait).
        (hashtext(ticket_id) % 121 - 60)::float as noise_minutes,

        -- Marge SLA : temps restant avant la limite (peut etre negatif si depasse)
        extract(epoch from (expected_sla_to_first_response - first_response_time)) / 60
            as sla_margin_first_response_min,
        extract(epoch from (expected_sla_to_resolve - resolution_time)) / 60
            as sla_margin_resolution_min,

        -- Variables temporelles utiles pour reperer des tendances (charge par heure, jour...)
        extract(hour from created_time)          as created_hour,
        to_char(created_time, 'Day')             as created_dayofweek,
        to_char(created_time, 'Month')           as created_month,
        date(created_time)                       as created_date,

        -- Longueur de la description : un proxy simple de complexite du ticket,
        -- utile plus tard pour le module NLP
        length(incident_description)             as description_length,

        -- Fenetre SLA (minutes) : utilisee par le moteur de decision (urgence)
        extract(epoch from (expected_sla_to_resolve - created_time)) / 60
            as sla_window_minutes

    from base

),

with_realistic_duration as (

    select
        *,
        greatest(resolution_minutes + noise_minutes, 5) as resolution_minutes_realistic

    from with_durations

),

percentile_calc as (

    select
        percentile_cont(0.75) within group (order by resolution_minutes_realistic)
            as resolution_p75_threshold
    from with_realistic_duration
    where resolution_minutes_realistic is not null

),

with_target as (

    select
        w.*,
        p.resolution_p75_threshold

    from with_realistic_duration w
    cross join percentile_calc p
    where w.resolution_minutes_realistic is not null

)

select
    ticket_id,
    status,
    priority,
    priority_rank,
    source,
    topic,
    agent_group,
    product_group,

    created_time,
    created_date,
    created_hour,
    trim(created_dayofweek)  as created_dayofweek,
    trim(created_month)      as created_month,

    first_response_minutes,
    resolution_minutes,
    resolution_minutes_realistic,
    close_minutes,

    sla_margin_first_response_min,
    sla_margin_resolution_min,

    description_length,
    has_solution,
    sla_window_minutes,

    resolution_p75_threshold,

    -- LA CIBLE : basee sur la duree "realiste" (avec bruit), pas la duree brute
    case
        when resolution_minutes_realistic >= resolution_p75_threshold then 1
        else 0
    end as long_resolution_flag

from with_target
  );
  
[0m14:41:29.448958 [debug] [Thread-3 (]: Opening a new connection, currently in state init
[0m14:41:32.359759 [debug] [Thread-3 (]: SQL status: SELECT 100000 in 2.911 seconds
[0m14:41:32.370275 [debug] [Thread-3 (]: Using postgres connection "model.itsm_dbt.gold_itsm_tickets"
[0m14:41:32.372284 [debug] [Thread-3 (]: On model.itsm_dbt.gold_itsm_tickets: /* {"app": "dbt", "dbt_version": "1.11.12", "profile_name": "itsm_dbt", "target_name": "dev", "node_id": "model.itsm_dbt.gold_itsm_tickets"} */
alter table "itsm_db"."gold"."gold_itsm_tickets" rename to "gold_itsm_tickets__dbt_backup"
[0m14:41:32.374670 [debug] [Thread-3 (]: SQL status: ALTER TABLE in 0.002 seconds
[0m14:41:32.386344 [debug] [Thread-3 (]: Using postgres connection "model.itsm_dbt.gold_itsm_tickets"
[0m14:41:32.388098 [debug] [Thread-3 (]: On model.itsm_dbt.gold_itsm_tickets: /* {"app": "dbt", "dbt_version": "1.11.12", "profile_name": "itsm_dbt", "target_name": "dev", "node_id": "model.itsm_dbt.gold_itsm_tickets"} */
alter table "itsm_db"."gold"."gold_itsm_tickets__dbt_tmp" rename to "gold_itsm_tickets"
[0m14:41:32.392229 [debug] [Thread-3 (]: SQL status: ALTER TABLE in 0.001 seconds
[0m14:41:32.396601 [debug] [Thread-3 (]: On model.itsm_dbt.gold_itsm_tickets: COMMIT
[0m14:41:32.399104 [debug] [Thread-3 (]: Using postgres connection "model.itsm_dbt.gold_itsm_tickets"
[0m14:41:32.399104 [debug] [Thread-3 (]: On model.itsm_dbt.gold_itsm_tickets: COMMIT
[0m14:41:32.485597 [debug] [Thread-3 (]: SQL status: COMMIT in 0.081 seconds
[0m14:41:32.494133 [debug] [Thread-3 (]: Applying DROP to: "itsm_db"."gold"."gold_itsm_tickets__dbt_backup"
[0m14:41:32.498660 [debug] [Thread-3 (]: Using postgres connection "model.itsm_dbt.gold_itsm_tickets"
[0m14:41:32.501898 [debug] [Thread-3 (]: On model.itsm_dbt.gold_itsm_tickets: /* {"app": "dbt", "dbt_version": "1.11.12", "profile_name": "itsm_dbt", "target_name": "dev", "node_id": "model.itsm_dbt.gold_itsm_tickets"} */
drop table if exists "itsm_db"."gold"."gold_itsm_tickets__dbt_backup" cascade
[0m14:41:32.511410 [debug] [Thread-3 (]: SQL status: DROP TABLE in 0.008 seconds
[0m14:41:32.519422 [debug] [Thread-3 (]: On model.itsm_dbt.gold_itsm_tickets: Close
[0m14:41:32.523751 [debug] [Thread-3 (]: Sending event: {'category': 'dbt', 'action': 'run_model', 'label': '2c57a34c-7512-4b37-bd2c-28f9a935d319', 'context': [<snowplow_tracker.self_describing_json.SelfDescribingJson object at 0x00000272ABAD2FC0>]}
[0m14:41:32.525763 [info ] [Thread-3 (]: 2 of 2 OK created sql table model gold.gold_itsm_tickets ....................... [[32mSELECT 100000[0m in 3.12s]
[0m14:41:32.534367 [debug] [Thread-3 (]: Finished running node model.itsm_dbt.gold_itsm_tickets
[0m14:41:32.537361 [debug] [MainThread]: On master: COMMIT
[0m14:41:32.539897 [debug] [MainThread]: Using postgres connection "master"
[0m14:41:32.543920 [debug] [MainThread]: On master: COMMIT
[0m14:41:32.546807 [debug] [MainThread]: Opening a new connection, currently in state closed
[0m14:41:32.581196 [debug] [MainThread]: SQL status: COMMIT in 0.034 seconds
[0m14:41:32.584390 [debug] [MainThread]: On master: Close
[0m14:41:32.586910 [debug] [MainThread]: Connection 'master' was properly closed.
[0m14:41:32.588333 [debug] [MainThread]: Connection 'list_itsm_db' was properly closed.
[0m14:41:32.591620 [debug] [MainThread]: Connection 'list_itsm_db' was properly closed.
[0m14:41:32.591620 [debug] [MainThread]: Connection 'list_itsm_db_gold' was properly closed.
[0m14:41:32.596535 [debug] [MainThread]: Connection 'list_itsm_db_silver' was properly closed.
[0m14:41:32.596535 [debug] [MainThread]: Connection 'model.itsm_dbt.silver_itsm_tickets' was properly closed.
[0m14:41:32.601118 [debug] [MainThread]: Connection 'model.itsm_dbt.gold_itsm_tickets' was properly closed.
[0m14:41:32.601118 [info ] [MainThread]: 
[0m14:41:32.606784 [info ] [MainThread]: Finished running 2 table models in 0 hours 0 minutes and 52.41 seconds (52.41s).
[0m14:41:32.611606 [debug] [MainThread]: Command end result
[0m14:41:32.722436 [debug] [MainThread]: Wrote artifact WritableManifest to C:\Users\ahmed\Desktop\data science\itsm_project\dbt_project\target\manifest.json
[0m14:41:32.733231 [debug] [MainThread]: Wrote artifact SemanticManifest to C:\Users\ahmed\Desktop\data science\itsm_project\dbt_project\target\semantic_manifest.json
[0m14:41:32.756664 [debug] [MainThread]: Wrote artifact RunExecutionResult to C:\Users\ahmed\Desktop\data science\itsm_project\dbt_project\target\run_results.json
[0m14:41:32.759154 [info ] [MainThread]: 
[0m14:41:32.761896 [info ] [MainThread]: [32mCompleted successfully[0m
[0m14:41:32.765260 [info ] [MainThread]: 
[0m14:41:32.767800 [info ] [MainThread]: Done. PASS=2 WARN=0 ERROR=0 SKIP=0 NO-OP=0 TOTAL=2
[0m14:41:32.772887 [debug] [MainThread]: Command `dbt run` succeeded at 14:41:32.772887 after 64.20 seconds
[0m14:41:32.777596 [debug] [MainThread]: Sending event: {'category': 'dbt', 'action': 'invocation', 'label': 'end', 'context': [<snowplow_tracker.self_describing_json.SelfDescribingJson object at 0x00000272A8F0FC80>, <snowplow_tracker.self_describing_json.SelfDescribingJson object at 0x00000272A90A6420>, <snowplow_tracker.self_describing_json.SelfDescribingJson object at 0x00000272A90A6C00>]}
[0m14:41:32.781626 [debug] [MainThread]: Flushing usage events
[0m14:41:34.275294 [debug] [MainThread]: An error was encountered while trying to flush usage events
[0m14:42:21.486431 [debug] [MainThread]: Sending event: {'category': 'dbt', 'action': 'invocation', 'label': 'start', 'context': [<snowplow_tracker.self_describing_json.SelfDescribingJson object at 0x0000020A6CF656A0>, <snowplow_tracker.self_describing_json.SelfDescribingJson object at 0x0000020A6FC08DA0>, <snowplow_tracker.self_describing_json.SelfDescribingJson object at 0x0000020A6FC08D70>]}


============================== 14:42:21.492966 | 4615b39b-ee2e-4f4f-a88d-4da2040c5df9 ==============================
[0m14:42:21.492966 [info ] [MainThread]: Running with dbt=1.11.12
[0m14:42:21.496728 [debug] [MainThread]: running dbt with arguments {'static_parser': 'True', 'no_print': 'None', 'version_check': 'True', 'target_path': 'None', 'warn_error_options': 'WarnErrorOptionsV2(error=[], warn=[], silence=[])', 'printer_width': '80', 'write_json': 'True', 'empty': 'False', 'log_cache_events': 'False', 'introspect': 'True', 'cache_selected_only': 'False', 'log_format': 'default', 'debug': 'False', 'fail_fast': 'False', 'partial_parse': 'True', 'send_anonymous_usage_stats': 'True', 'quiet': 'False', 'warn_error': 'None', 'profiles_dir': '.', 'use_colors': 'True', 'indirect_selection': 'eager', 'invocation_command': 'dbt run --profiles-dir . --select gold_itsm_tickets', 'use_experimental_parser': 'False', 'log_path': 'C:\\Users\\ahmed\\Desktop\\data science\\itsm_project\\dbt_project\\logs'}
[0m14:42:21.944384 [debug] [MainThread]: Sending event: {'category': 'dbt', 'action': 'project_id', 'label': '4615b39b-ee2e-4f4f-a88d-4da2040c5df9', 'context': [<snowplow_tracker.self_describing_json.SelfDescribingJson object at 0x0000020A6FC080B0>]}
[0m14:42:22.038575 [debug] [MainThread]: Sending event: {'category': 'dbt', 'action': 'adapter_info', 'label': '4615b39b-ee2e-4f4f-a88d-4da2040c5df9', 'context': [<snowplow_tracker.self_describing_json.SelfDescribingJson object at 0x0000020A7045B4A0>]}
[0m14:42:22.048176 [info ] [MainThread]: Registered adapter: postgres=1.10.2
[0m14:42:22.577905 [debug] [MainThread]: checksum: f368f5348cf42803b94ef7fb8257ecf3bf9a9a16dd9c8c51fe5172f2dbeb457f, vars: {}, profile: , target: , version: 1.11.12
[0m14:42:22.818461 [debug] [MainThread]: Partial parsing enabled: 0 files deleted, 0 files added, 0 files changed.
[0m14:42:22.818461 [debug] [MainThread]: Nothing changed, skipping partial parsing.
[0m14:42:22.818461 [debug] [MainThread]: Partial parsing enabled, no changes found, skipping parsing
[0m14:42:22.884480 [debug] [MainThread]: Sending event: {'category': 'dbt', 'action': 'load_project', 'label': '4615b39b-ee2e-4f4f-a88d-4da2040c5df9', 'context': [<snowplow_tracker.self_describing_json.SelfDescribingJson object at 0x0000020A7198AE40>]}
[0m14:42:23.050158 [debug] [MainThread]: Wrote artifact WritableManifest to C:\Users\ahmed\Desktop\data science\itsm_project\dbt_project\target\manifest.json
[0m14:42:23.056379 [debug] [MainThread]: Wrote artifact SemanticManifest to C:\Users\ahmed\Desktop\data science\itsm_project\dbt_project\target\semantic_manifest.json
[0m14:42:23.075574 [debug] [MainThread]: Sending event: {'category': 'dbt', 'action': 'resource_counts', 'label': '4615b39b-ee2e-4f4f-a88d-4da2040c5df9', 'context': [<snowplow_tracker.self_describing_json.SelfDescribingJson object at 0x0000020A719BD6A0>]}
[0m14:42:23.076340 [info ] [MainThread]: Found 2 models, 1 source, 476 macros
[0m14:42:23.076340 [debug] [MainThread]: Sending event: {'category': 'dbt', 'action': 'runnable_timing', 'label': '4615b39b-ee2e-4f4f-a88d-4da2040c5df9', 'context': [<snowplow_tracker.self_describing_json.SelfDescribingJson object at 0x0000020A71B6A780>]}
[0m14:42:23.079210 [info ] [MainThread]: 
[0m14:42:23.079210 [info ] [MainThread]: Concurrency: 4 threads (target='dev')
[0m14:42:23.079210 [info ] [MainThread]: 
[0m14:42:23.079210 [debug] [MainThread]: Acquiring new postgres connection 'master'
[0m14:42:23.079210 [debug] [ThreadPool]: Acquiring new postgres connection 'list_itsm_db'
[0m14:42:23.638158 [debug] [ThreadPool]: Using postgres connection "list_itsm_db"
[0m14:42:23.639912 [debug] [ThreadPool]: On list_itsm_db: /* {"app": "dbt", "dbt_version": "1.11.12", "profile_name": "itsm_dbt", "target_name": "dev", "connection_name": "list_itsm_db"} */

    select distinct nspname from pg_namespace
  
[0m14:42:23.639912 [debug] [ThreadPool]: Opening a new connection, currently in state init
[0m14:42:23.720208 [debug] [ThreadPool]: SQL status: SELECT 7 in 0.077 seconds
[0m14:42:23.724964 [debug] [ThreadPool]: On list_itsm_db: Close
[0m14:42:23.728095 [debug] [ThreadPool]: Acquiring new postgres connection 'list_itsm_db_gold'
[0m14:42:23.728095 [debug] [ThreadPool]: Acquiring new postgres connection 'list_itsm_db_silver'
[0m14:42:23.746954 [debug] [ThreadPool]: Using postgres connection "list_itsm_db_gold"
[0m14:42:23.754580 [debug] [ThreadPool]: Using postgres connection "list_itsm_db_silver"
[0m14:42:23.757956 [debug] [ThreadPool]: On list_itsm_db_gold: /* {"app": "dbt", "dbt_version": "1.11.12", "profile_name": "itsm_dbt", "target_name": "dev", "connection_name": "list_itsm_db_gold"} */
select
      'itsm_db' as database,
      tablename as name,
      schemaname as schema,
      'table' as type
    from pg_tables
    where schemaname ilike 'gold'
    union all
    select
      'itsm_db' as database,
      viewname as name,
      schemaname as schema,
      'view' as type
    from pg_views
    where schemaname ilike 'gold'
    union all
    select
      'itsm_db' as database,
      matviewname as name,
      schemaname as schema,
      'materialized_view' as type
    from pg_matviews
    where schemaname ilike 'gold'
  
[0m14:42:23.760118 [debug] [ThreadPool]: On list_itsm_db_silver: /* {"app": "dbt", "dbt_version": "1.11.12", "profile_name": "itsm_dbt", "target_name": "dev", "connection_name": "list_itsm_db_silver"} */
select
      'itsm_db' as database,
      tablename as name,
      schemaname as schema,
      'table' as type
    from pg_tables
    where schemaname ilike 'silver'
    union all
    select
      'itsm_db' as database,
      viewname as name,
      schemaname as schema,
      'view' as type
    from pg_views
    where schemaname ilike 'silver'
    union all
    select
      'itsm_db' as database,
      matviewname as name,
      schemaname as schema,
      'materialized_view' as type
    from pg_matviews
    where schemaname ilike 'silver'
  
[0m14:42:23.762676 [debug] [ThreadPool]: Opening a new connection, currently in state init
[0m14:42:23.762676 [debug] [ThreadPool]: Opening a new connection, currently in state init
[0m14:42:23.793412 [debug] [ThreadPool]: SQL status: SELECT 3 in 0.035 seconds
[0m14:42:23.799381 [debug] [ThreadPool]: On list_itsm_db_gold: ROLLBACK
[0m14:42:23.802723 [debug] [ThreadPool]: On list_itsm_db_gold: Close
[0m14:42:23.812409 [debug] [ThreadPool]: SQL status: SELECT 1 in 0.049 seconds
[0m14:42:23.816612 [debug] [ThreadPool]: On list_itsm_db_silver: ROLLBACK
[0m14:42:23.820193 [debug] [ThreadPool]: On list_itsm_db_silver: Close
[0m14:42:23.825539 [debug] [MainThread]: Using postgres connection "master"
[0m14:42:23.834298 [debug] [MainThread]: On master: /* {"app": "dbt", "dbt_version": "1.11.12", "profile_name": "itsm_dbt", "target_name": "dev", "connection_name": "master"} */
select distinct
        dependent_namespace.nspname as dependent_schema,
        dependent_class.relname as dependent_name,
        referenced_namespace.nspname as referenced_schema,
        referenced_class.relname as referenced_name

    -- Query for views: views are entries in pg_class with an entry in pg_rewrite, but we avoid
    -- a seq scan on pg_rewrite by leveraging the fact there is an "internal" row in pg_depend for
    -- the view...
    from pg_class as dependent_class
    join pg_namespace as dependent_namespace on dependent_namespace.oid = dependent_class.relnamespace
    join pg_depend as dependent_depend on dependent_depend.refobjid = dependent_class.oid
        and dependent_depend.classid = 'pg_rewrite'::regclass
        and dependent_depend.refclassid = 'pg_class'::regclass
        and dependent_depend.deptype = 'i'

    -- ... and via pg_depend (that has a row per column, hence the need for "distinct" above, and
    -- making sure to exclude the internal row to avoid a view appearing to depend on itself)...
    join pg_depend as joining_depend on joining_depend.objid = dependent_depend.objid
        and joining_depend.classid = 'pg_rewrite'::regclass
        and joining_depend.refclassid = 'pg_class'::regclass
        and joining_depend.refobjid != dependent_depend.refobjid

    -- ... we can find the tables they query from in pg_class, but excluding system tables. Note we
    -- don't need need to exclude _dependent_ system tables, because they only query from other
    -- system tables, and so are automatically excluded by excluding _referenced_ system tables
    join pg_class as referenced_class on referenced_class.oid = joining_depend.refobjid
    join pg_namespace as referenced_namespace on referenced_namespace.oid = referenced_class.relnamespace
        and referenced_namespace.nspname != 'information_schema'
        and referenced_namespace.nspname not like 'pg\_%'

    order by
        dependent_schema, dependent_name, referenced_schema, referenced_name;
[0m14:42:23.836776 [debug] [MainThread]: Opening a new connection, currently in state init
[0m14:42:23.887353 [debug] [MainThread]: SQL status: SELECT 0 in 0.050 seconds
[0m14:42:23.889767 [debug] [MainThread]: Sending event: {'category': 'dbt', 'action': 'runnable_timing', 'label': '4615b39b-ee2e-4f4f-a88d-4da2040c5df9', 'context': [<snowplow_tracker.self_describing_json.SelfDescribingJson object at 0x0000020A717FEED0>]}
[0m14:42:23.894147 [debug] [MainThread]: On master: ROLLBACK
[0m14:42:23.901583 [debug] [MainThread]: On master: COMMIT
[0m14:42:23.904731 [debug] [MainThread]: Using postgres connection "master"
[0m14:42:23.906792 [debug] [MainThread]: On master: COMMIT
[0m14:42:23.912813 [debug] [MainThread]: SQL status: COMMIT in 0.003 seconds
[0m14:42:23.915479 [debug] [MainThread]: On master: Close
[0m14:42:23.930773 [debug] [Thread-1 (]: Began running node model.itsm_dbt.gold_itsm_tickets
[0m14:42:23.938469 [info ] [Thread-1 (]: 1 of 1 START sql table model gold.gold_itsm_tickets ............................ [RUN]
[0m14:42:23.940551 [debug] [Thread-1 (]: Acquiring new postgres connection 'model.itsm_dbt.gold_itsm_tickets'
[0m14:42:23.947252 [debug] [Thread-1 (]: Began compiling node model.itsm_dbt.gold_itsm_tickets
[0m14:42:23.996515 [debug] [Thread-1 (]: Writing injected SQL for node "model.itsm_dbt.gold_itsm_tickets"
[0m14:42:24.002889 [debug] [Thread-1 (]: Began executing node model.itsm_dbt.gold_itsm_tickets
[0m14:42:24.173141 [debug] [Thread-1 (]: Writing runtime sql for node "model.itsm_dbt.gold_itsm_tickets"
[0m14:42:24.179097 [debug] [Thread-1 (]: Using postgres connection "model.itsm_dbt.gold_itsm_tickets"
[0m14:42:24.181583 [debug] [Thread-1 (]: On model.itsm_dbt.gold_itsm_tickets: /* {"app": "dbt", "dbt_version": "1.11.12", "profile_name": "itsm_dbt", "target_name": "dev", "node_id": "model.itsm_dbt.gold_itsm_tickets"} */

  
    

  create  table "itsm_db"."gold"."gold_itsm_tickets__dbt_tmp"
  
  
    as
  
  (
    /*
    gold_itsm_tickets.sql
    -----------------------
    ETAPE 3 : creation des variables pour le Machine Learning (couche Gold).

    Ce modele part de silver.silver_itsm_tickets (donnees propres) et ajoute
    tout ce dont un modele de prediction a besoin :

      1) Des durees reelles, en minutes (au lieu de deux dates separees)
      2) Des variables temporelles (heure, jour, mois de creation)
      3) La marge SLA (Expected - Actual), gardee a titre informatif
      4) La longueur de la description (utile plus tard pour le NLP)
      5) LA VARIABLE CIBLE : long_resolution_flag

    Pourquoi cette cible et pas "depassement SLA" ?
    --------------------------------------------------
    On a verifie plus tot que dans ce dataset, AUCUN ticket ne depasse jamais
    son SLA (marge toujours >= 0). Une cible sans variance ne peut pas etre
    apprise par un modele. On suit donc la meme demarche que dans le rapport
    de reference : on remplace "depassement SLA" par "risque de resolution
    longue" (long MTTR), qui lui a une vraie variance dans les donnees.

    Definition retenue : un ticket est marque "resolution longue" (1) si
    sa duree de resolution reelle depasse le 75e percentile de l'ensemble
    des tickets. Sinon (0). Ce seuil est calcule automatiquement sur les
    donnees, pas fixe a la main.
*/

with base as (

    select * from "itsm_db"."silver"."silver_itsm_tickets"

),

with_durations as (

    select
        *,

        -- Durees reelles, en minutes
        extract(epoch from (first_response_time - created_time)) / 60
            as first_response_minutes,
        extract(epoch from (resolution_time - created_time)) / 60
            as resolution_minutes,
        extract(epoch from (close_time - created_time)) / 60
            as close_minutes,

        -- Bruit deterministe (+/- 60 min), seede sur ticket_id : simule la variabilite
        -- reelle (charge de travail, complexite imprevue) absente du dataset synthetique.
        -- Sans ce bruit, priority determine resolution_minutes de facon quasi parfaite
        -- (ecart-type ~6 min), ce qui rend toute prediction triviale (score parfait).
        (hashtext(ticket_id) % 121 - 60)::float as noise_minutes,

        -- Marge SLA : temps restant avant la limite (peut etre negatif si depasse)
        extract(epoch from (expected_sla_to_first_response - first_response_time)) / 60
            as sla_margin_first_response_min,
        extract(epoch from (expected_sla_to_resolve - resolution_time)) / 60
            as sla_margin_resolution_min,

        -- Variables temporelles utiles pour reperer des tendances (charge par heure, jour...)
        extract(hour from created_time)          as created_hour,
        to_char(created_time, 'Day')             as created_dayofweek,
        to_char(created_time, 'Month')           as created_month,
        date(created_time)                       as created_date,

        -- Longueur de la description : un proxy simple de complexite du ticket,
        -- utile plus tard pour le module NLP
        length(incident_description)             as description_length,

        -- Fenetre SLA (minutes) : utilisee par le moteur de decision (urgence)
        extract(epoch from (expected_sla_to_resolve - created_time)) / 60
            as sla_window_minutes

    from base

),

with_realistic_duration as (

    select
        *,
        greatest(resolution_minutes + noise_minutes, 5) as resolution_minutes_realistic

    from with_durations

),

percentile_calc as (

    select
        percentile_cont(0.75) within group (order by resolution_minutes_realistic)
            as resolution_p75_threshold
    from with_realistic_duration
    where resolution_minutes_realistic is not null

),

with_target as (

    select
        w.*,
        p.resolution_p75_threshold

    from with_realistic_duration w
    cross join percentile_calc p
    where w.resolution_minutes_realistic is not null

)

select
    ticket_id,
    status,
    priority,
    priority_rank,
    source,
    topic,
    agent_group,
    product_group,

    created_time,
    created_date,
    created_hour,
    trim(created_dayofweek)  as created_dayofweek,
    trim(created_month)      as created_month,

    first_response_minutes,
    resolution_minutes,
    resolution_minutes_realistic,
    close_minutes,

    sla_margin_first_response_min,
    sla_margin_resolution_min,

    description_length,
    has_solution,
    sla_window_minutes,

    resolution_p75_threshold,

    -- LA CIBLE : basee sur la duree "realiste" (avec bruit), pas la duree brute
    case
        when resolution_minutes_realistic >= resolution_p75_threshold then 1
        else 0
    end as long_resolution_flag

from with_target
  );
  
[0m14:42:24.183912 [debug] [Thread-1 (]: Opening a new connection, currently in state init
[0m14:42:25.755288 [debug] [Thread-1 (]: SQL status: SELECT 100000 in 1.571 seconds
[0m14:42:25.800001 [debug] [Thread-1 (]: Using postgres connection "model.itsm_dbt.gold_itsm_tickets"
[0m14:42:25.805706 [debug] [Thread-1 (]: On model.itsm_dbt.gold_itsm_tickets: /* {"app": "dbt", "dbt_version": "1.11.12", "profile_name": "itsm_dbt", "target_name": "dev", "node_id": "model.itsm_dbt.gold_itsm_tickets"} */
alter table "itsm_db"."gold"."gold_itsm_tickets" rename to "gold_itsm_tickets__dbt_backup"
[0m14:42:25.811749 [debug] [Thread-1 (]: SQL status: ALTER TABLE in 0.002 seconds
[0m14:42:25.829610 [debug] [Thread-1 (]: Using postgres connection "model.itsm_dbt.gold_itsm_tickets"
[0m14:42:25.829610 [debug] [Thread-1 (]: On model.itsm_dbt.gold_itsm_tickets: /* {"app": "dbt", "dbt_version": "1.11.12", "profile_name": "itsm_dbt", "target_name": "dev", "node_id": "model.itsm_dbt.gold_itsm_tickets"} */
alter table "itsm_db"."gold"."gold_itsm_tickets__dbt_tmp" rename to "gold_itsm_tickets"
[0m14:42:25.839128 [debug] [Thread-1 (]: SQL status: ALTER TABLE in 0.002 seconds
[0m14:42:25.917553 [debug] [Thread-1 (]: On model.itsm_dbt.gold_itsm_tickets: COMMIT
[0m14:42:25.917553 [debug] [Thread-1 (]: Using postgres connection "model.itsm_dbt.gold_itsm_tickets"
[0m14:42:25.917553 [debug] [Thread-1 (]: On model.itsm_dbt.gold_itsm_tickets: COMMIT
[0m14:42:25.941052 [debug] [Thread-1 (]: SQL status: COMMIT in 0.013 seconds
[0m14:42:25.971970 [debug] [Thread-1 (]: Applying DROP to: "itsm_db"."gold"."gold_itsm_tickets__dbt_backup"
[0m14:42:25.995547 [debug] [Thread-1 (]: Using postgres connection "model.itsm_dbt.gold_itsm_tickets"
[0m14:42:26.000179 [debug] [Thread-1 (]: On model.itsm_dbt.gold_itsm_tickets: /* {"app": "dbt", "dbt_version": "1.11.12", "profile_name": "itsm_dbt", "target_name": "dev", "node_id": "model.itsm_dbt.gold_itsm_tickets"} */
drop table if exists "itsm_db"."gold"."gold_itsm_tickets__dbt_backup" cascade
[0m14:42:26.003551 [debug] [Thread-1 (]: SQL status: DROP TABLE in 0.006 seconds
[0m14:42:26.016392 [debug] [Thread-1 (]: On model.itsm_dbt.gold_itsm_tickets: Close
[0m14:42:26.022490 [debug] [Thread-1 (]: Sending event: {'category': 'dbt', 'action': 'run_model', 'label': '4615b39b-ee2e-4f4f-a88d-4da2040c5df9', 'context': [<snowplow_tracker.self_describing_json.SelfDescribingJson object at 0x0000020A6D04DB80>]}
[0m14:42:26.029633 [info ] [Thread-1 (]: 1 of 1 OK created sql table model gold.gold_itsm_tickets ....................... [[32mSELECT 100000[0m in 2.08s]
[0m14:42:26.033489 [debug] [Thread-1 (]: Finished running node model.itsm_dbt.gold_itsm_tickets
[0m14:42:26.041167 [debug] [MainThread]: On master: COMMIT
[0m14:42:26.044821 [debug] [MainThread]: Using postgres connection "master"
[0m14:42:26.046339 [debug] [MainThread]: On master: COMMIT
[0m14:42:26.048362 [debug] [MainThread]: Opening a new connection, currently in state closed
[0m14:42:26.110892 [debug] [MainThread]: SQL status: COMMIT in 0.063 seconds
[0m14:42:26.117388 [debug] [MainThread]: On master: Close
[0m14:42:26.119401 [debug] [MainThread]: Connection 'master' was properly closed.
[0m14:42:26.124182 [debug] [MainThread]: Connection 'list_itsm_db' was properly closed.
[0m14:42:26.126197 [debug] [MainThread]: Connection 'list_itsm_db_gold' was properly closed.
[0m14:42:26.126197 [debug] [MainThread]: Connection 'list_itsm_db_silver' was properly closed.
[0m14:42:26.126197 [debug] [MainThread]: Connection 'model.itsm_dbt.gold_itsm_tickets' was properly closed.
[0m14:42:26.126197 [info ] [MainThread]: 
[0m14:42:26.126197 [info ] [MainThread]: Finished running 1 table model in 0 hours 0 minutes and 3.05 seconds (3.05s).
[0m14:42:26.141409 [debug] [MainThread]: Command end result
[0m14:42:26.262811 [debug] [MainThread]: Wrote artifact WritableManifest to C:\Users\ahmed\Desktop\data science\itsm_project\dbt_project\target\manifest.json
[0m14:42:26.269111 [debug] [MainThread]: Wrote artifact SemanticManifest to C:\Users\ahmed\Desktop\data science\itsm_project\dbt_project\target\semantic_manifest.json
[0m14:42:26.287713 [debug] [MainThread]: Wrote artifact RunExecutionResult to C:\Users\ahmed\Desktop\data science\itsm_project\dbt_project\target\run_results.json
[0m14:42:26.287713 [info ] [MainThread]: 
[0m14:42:26.300097 [info ] [MainThread]: [32mCompleted successfully[0m
[0m14:42:26.306178 [info ] [MainThread]: 
[0m14:42:26.306178 [info ] [MainThread]: Done. PASS=1 WARN=0 ERROR=0 SKIP=0 NO-OP=0 TOTAL=1
[0m14:42:26.306178 [debug] [MainThread]: Command `dbt run` succeeded at 14:42:26.306178 after 5.06 seconds
[0m14:42:26.317969 [debug] [MainThread]: Sending event: {'category': 'dbt', 'action': 'invocation', 'label': 'end', 'context': [<snowplow_tracker.self_describing_json.SelfDescribingJson object at 0x0000020A6C65D9D0>, <snowplow_tracker.self_describing_json.SelfDescribingJson object at 0x0000020A71667590>, <snowplow_tracker.self_describing_json.SelfDescribingJson object at 0x0000020A6FB9FE90>]}
[0m14:42:26.317969 [debug] [MainThread]: Flushing usage events
[0m14:42:27.845310 [debug] [MainThread]: An error was encountered while trying to flush usage events
