ticket_id,priority,topic,agent_group,source,resolution_minutes,created_hour,description_length,cluster
TCKT-173359,Medium,General Inquiry,Development,Email,177.0,2.0,193,1
TCKT-196586,Medium,Network Issue,Development,Email,162.0,4.0,270,4
TCKT-139048,Medium,Hardware Failure,Security,Chat,174.0,13.0,178,1
TCKT-105584,High,Hardware Failure,Security,Phone,113.0,23.0,250,2
TCKT-177246,Medium,General Inquiry,Security,Portal,161.0,3.0,299,4
TCKT-174647,Critical,Software Bug,IT Support,Chat,59.0,23.0,207,2
TCKT-134048,Critical,General Inquiry,Security,Portal,56.0,16.0,321,4
TCKT-100506,Medium,General Inquiry,IT Support,Chat,179.0,4.0,313,4
TCKT-162258,Medium,Access Request,Development,Chat,179.0,17.0,160,0
TCKT-147472,Medium,Access Request,Customer Service,Phone,160.0,21.0,174,0
TCKT-178018,Low,Access Request,Security,Portal,236.0,8.0,231,1
TCKT-162862,Medium,Access Request,Security,Phone,177.0,13.0,160,0
TCKT-155408,Medium,Network Issue,Development,Portal,180.0,12.0,169,1
TCKT-174023,Critical,General Inquiry,Network Ops,Phone,52.0,4.0,251,4
TCKT-115503,High,Hardware Failure,Development,Chat,114.0,1.0,293,4
TCKT-115346,Critical,Access Request,Security,Email,46.0,15.0,204,2
TCKT-147402,Critical,Software Bug,Customer Service,Email,49.0,17.0,203,2
TCKT-118905,High,Software Bug,Security,Portal,111.0,23.0,189,2
TCKT-132942,Critical,Network Issue,Development,Phone,57.0,0.0,344,4
TCKT-169804,Critical,Network Issue,Network Ops,Phone,52.0,15.0,263,4
TCKT-112720,Medium,Access Request,Security,Email,173.0,10.0,153,1
TCKT-147010,Medium,Network Issue,Network Ops,Portal,166.0,10.0,169,1
TCKT-105692,High,Software Bug,Network Ops,Phone,108.0,15.0,175,2
TCKT-135336,Low,General Inquiry,IT Support,Portal,220.0,17.0,205,0
TCKT-145776,Medium,Access Request,Security,Chat,169.0,4.0,160,1
TCKT-177614,High,Access Request,Network Ops,Email,117.0,8.0,199,3
TCKT-147080,Low,General Inquiry,Development,Chat,223.0,2.0,202,1
TCKT-110417,Critical,Access Request,Network Ops,Portal,51.0,10.0,215,3
TCKT-161153,Critical,Network Issue,Security,Email,56.0,15.0,232,3
TCKT-193285,Critical,Network Issue,Development,Portal,40.0,12.0,197,3
TCKT-183897,Low,Access Request,Development,Email,227.0,23.0,148,0
TCKT-115846,High,General Inquiry,Customer Service,Chat,114.0,12.0,166,2
TCKT-131159,Low,General Inquiry,Customer Service,Chat,235.0,9.0,162,1
TCKT-170289,Critical,Software Bug,Security,Phone,57.0,18.0,205,2
TCKT-128179,Medium,Software Bug,Network Ops,Email,167.0,9.0,175,1
TCKT-119699,High,Access Request,Network Ops,Phone,117.0,18.0,176,2
TCKT-168170,Low,General Inquiry,Development,Email,237.0,7.0,253,1
TCKT-184804,High,Access Request,Development,Phone,113.0,14.0,192,2
TCKT-167183,High,Access Request,Security,Chat,119.0,1.0,192,3
TCKT-128291,Low,Network Issue,Customer Service,Portal,231.0,8.0,157,1
TCKT-190107,High,Access Request,Security,Phone,101.0,1.0,216,3
TCKT-141706,High,Software Bug,Development,Phone,108.0,10.0,266,4
TCKT-119516,Critical,Network Issue,Customer Service,Phone,40.0,0.0,217,3
TCKT-168590,High,Network Issue,IT Support,Email,109.0,4.0,275,4
TCKT-158371,Low,Network Issue,Security,Phone,236.0,11.0,144,0
TCKT-139632,High,Network Issue,Customer Service,Chat,112.0,19.0,188,2
TCKT-151352,Critical,Network Issue,IT Support,Email,50.0,20.0,301,4
TCKT-113224,Medium,Network Issue,Development,Portal,172.0,12.0,279,4
TCKT-135261,Critical,Network Issue,IT Support,Phone,47.0,22.0,288,4
TCKT-197107,Critical,Network Issue,Customer Service,Phone,59.0,7.0,223,3
TCKT-175183,Low,Software Bug,Network Ops,Phone,233.0,5.0,165,1
TCKT-150478,Medium,General Inquiry,Development,Email,180.0,23.0,180,0
TCKT-129354,Medium,Software Bug,Security,Portal,168.0,23.0,178,0
TCKT-186991,High,Network Issue,Network Ops,Phone,112.0,12.0,210,2
TCKT-121763,Medium,Hardware Failure,IT Support,Phone,167.0,10.0,181,1
TCKT-125210,Medium,General Inquiry,Security,Chat,171.0,17.0,253,4
TCKT-164946,Critical,General Inquiry,Network Ops,Email,54.0,11.0,222,3
TCKT-111328,High,Hardware Failure,Customer Service,Portal,109.0,23.0,197,2
TCKT-143501,Critical,General Inquiry,Network Ops,Email,47.0,2.0,222,3
TCKT-191388,Low,General Inquiry,Development,Chat,238.0,15.0,179,0
TCKT-167700,Low,Software Bug,Customer Service,Portal,237.0,17.0,148,0
TCKT-167330,Medium,Software Bug,IT Support,Email,177.0,18.0,250,2
TCKT-193037,Critical,Software Bug,Network Ops,Email,50.0,12.0,209,3
TCKT-155036,High,Software Bug,Development,Email,101.0,4.0,212,3
TCKT-170885,Critical,Hardware Failure,IT Support,Chat,47.0,23.0,289,4
TCKT-194609,Low,Hardware Failure,Network Ops,Chat,232.0,13.0,195,0
TCKT-130389,Medium,Network Issue,Network Ops,Email,162.0,15.0,169,0
TCKT-152002,High,Access Request,Customer Service,Phone,114.0,17.0,199,2
TCKT-103376,High,Software Bug,Development,Email,118.0,20.0,177,2
TCKT-103462,Critical,Hardware Failure,Security,Chat,53.0,20.0,303,4
TCKT-143523,Critical,Hardware Failure,IT Support,Portal,52.0,5.0,272,4
TCKT-182923,Critical,Software Bug,Development,Portal,45.0,14.0,292,4
TCKT-195442,Low,Software Bug,Customer Service,Email,229.0,8.0,164,1
TCKT-151796,High,Access Request,Security,Phone,114.0,12.0,248,4
TCKT-108365,Low,Software Bug,IT Support,Email,230.0,23.0,248,0
TCKT-117499,Medium,Hardware Failure,Network Ops,Phone,162.0,19.0,154,0
TCKT-199385,Medium,Access Request,Security,Chat,170.0,19.0,252,2
TCKT-110223,Low,Software Bug,Customer Service,Portal,221.0,21.0,178,0
TCKT-195674,Medium,Access Request,Customer Service,Phone,167.0,18.0,174,0
TCKT-102524,Low,Network Issue,Network Ops,Chat,238.0,2.0,153,1
TCKT-131484,Low,General Inquiry,Network Ops,Portal,228.0,22.0,179,0
TCKT-169537,Medium,Hardware Failure,IT Support,Portal,164.0,19.0,178,0
TCKT-122570,High,Access Request,Security,Chat,120.0,15.0,192,2
TCKT-107111,High,Hardware Failure,Development,Email,114.0,23.0,293,4
TCKT-132097,Critical,Access Request,Security,Portal,51.0,22.0,274,2
TCKT-181370,High,Access Request,Development,Email,100.0,10.0,216,3
TCKT-186139,High,Network Issue,Security,Chat,110.0,1.0,280,4
TCKT-107234,Low,Hardware Failure,Development,Chat,237.0,1.0,195,1
TCKT-136010,Low,General Inquiry,Development,Portal,234.0,9.0,243,1
TCKT-131480,High,Software Bug,Development,Phone,117.0,7.0,185,3
TCKT-152381,Critical,Hardware Failure,Development,Email,48.0,1.0,188,3
TCKT-140384,High,Network Issue,Network Ops,Portal,109.0,18.0,219,2
TCKT-178391,High,Access Request,Security,Phone,103.0,0.0,199,3
TCKT-143336,Critical,Hardware Failure,Development,Email,40.0,12.0,240,3
TCKT-112910,Critical,Network Issue,Customer Service,Portal,49.0,13.0,223,3
TCKT-150009,High,Network Issue,Network Ops,Chat,108.0,6.0,167,3
TCKT-144122,High,Hardware Failure,IT Support,Phone,105.0,6.0,264,4
TCKT-120448,Low,Software Bug,Development,Phone,228.0,21.0,164,0
TCKT-196940,Medium,Network Issue,Customer Service,Phone,172.0,21.0,189,0
TCKT-164748,Critical,Hardware Failure,Customer Service,Phone,60.0,8.0,240,3
TCKT-108885,Medium,Software Bug,Customer Service,Phone,172.0,17.0,178,0
TCKT-131659,Critical,Hardware Failure,Customer Service,Email,54.0,23.0,240,2
TCKT-158414,Medium,Software Bug,Network Ops,Email,176.0,2.0,178,1
TCKT-143149,Low,Access Request,Security,Email,232.0,12.0,129,0
TCKT-140401,Medium,General Inquiry,Development,Phone,171.0,3.0,261,4
TCKT-148276,Critical,General Inquiry,Security,Phone,55.0,11.0,222,3
TCKT-129782,Low,Software Bug,Security,Portal,226.0,10.0,148,0
TCKT-101488,High,Access Request,Customer Service,Email,113.0,7.0,176,3
TCKT-115832,High,General Inquiry,Security,Portal,119.0,17.0,213,2
TCKT-108377,High,Hardware Failure,Customer Service,Chat,110.0,15.0,211,2
TCKT-166661,Critical,Software Bug,IT Support,Portal,58.0,15.0,211,2
TCKT-169828,Low,Software Bug,Network Ops,Chat,224.0,18.0,130,0
TCKT-178067,Medium,General Inquiry,Security,Phone,175.0,20.0,250,4
TCKT-187680,Low,Network Issue,Security,Phone,220.0,7.0,151,1
TCKT-168211,Low,Hardware Failure,Customer Service,Phone,232.0,13.0,159,0
TCKT-119301,Low,Software Bug,IT Support,Portal,229.0,8.0,165,1
TCKT-181419,Medium,Network Issue,Development,Email,178.0,18.0,189,0
TCKT-149774,Medium,Hardware Failure,Security,Phone,177.0,6.0,231,1
TCKT-153180,Medium,Network Issue,Customer Service,Email,167.0,10.0,198,1
TCKT-142905,High,Access Request,Security,Chat,103.0,2.0,172,3
TCKT-103611,Medium,General Inquiry,IT Support,Phone,160.0,7.0,193,1
TCKT-125730,Critical,Network Issue,Network Ops,Portal,58.0,23.0,197,2
TCKT-101591,High,Network Issue,IT Support,Phone,100.0,20.0,313,4
TCKT-148484,High,Software Bug,Customer Service,Portal,107.0,0.0,220,3
TCKT-123352,Medium,Access Request,Customer Service,Chat,178.0,6.0,174,1
TCKT-181701,High,Software Bug,IT Support,Phone,116.0,6.0,220,3
TCKT-130522,Low,Hardware Failure,Development,Portal,230.0,3.0,195,1
TCKT-115360,High,Access Request,IT Support,Phone,115.0,3.0,283,4
TCKT-151421,High,Software Bug,Security,Chat,106.0,22.0,255,2
TCKT-159761,High,Network Issue,Customer Service,Phone,106.0,2.0,210,3
TCKT-113228,Critical,General Inquiry,IT Support,Phone,43.0,2.0,287,4
TCKT-162253,High,Access Request,Network Ops,Phone,116.0,17.0,176,2
TCKT-118684,High,Access Request,Security,Chat,112.0,4.0,248,3
TCKT-165051,Low,Software Bug,Network Ops,Email,220.0,4.0,178,1
TCKT-136514,High,General Inquiry,Security,Chat,112.0,4.0,269,4
TCKT-157945,Critical,Network Issue,IT Support,Chat,47.0,1.0,301,4
TCKT-120809,Critical,Hardware Failure,Customer Service,Phone,57.0,7.0,233,3
TCKT-198319,Low,Hardware Failure,Security,Chat,222.0,16.0,236,0
TCKT-132882,Medium,Software Bug,IT Support,Email,179.0,3.0,258,4
TCKT-166183,High,Software Bug,Customer Service,Portal,104.0,7.0,175,3
TCKT-173940,High,Access Request,Customer Service,Chat,106.0,20.0,199,2
TCKT-128013,Critical,Network Issue,Customer Service,Chat,56.0,14.0,203,3
TCKT-182367,Medium,Network Issue,Network Ops,Portal,164.0,7.0,198,1
TCKT-186834,Medium,Software Bug,IT Support,Chat,163.0,6.0,230,1
TCKT-128874,Medium,Network Issue,IT Support,Phone,175.0,13.0,169,0
TCKT-173625,High,General Inquiry,Customer Service,Phone,111.0,10.0,213,3
TCKT-104254,Critical,Software Bug,Network Ops,Phone,50.0,11.0,203,3
TCKT-161951,Medium,Network Issue,Customer Service,Email,178.0,18.0,189,0
TCKT-185996,Medium,Hardware Failure,Development,Chat,162.0,21.0,181,0
TCKT-113857,Low,Hardware Failure,Customer Service,Phone,230.0,10.0,195,0
TCKT-161065,High,Network Issue,Customer Service,Email,113.0,1.0,229,3
TCKT-148800,Medium,Software Bug,Security,Phone,170.0,1.0,237,1
TCKT-125716,Medium,Software Bug,Development,Chat,171.0,3.0,174,1
TCKT-187535,High,Hardware Failure,Network Ops,Portal,109.0,17.0,179,2
TCKT-147616,Medium,General Inquiry,Development,Email,165.0,21.0,292,4
TCKT-157859,High,Access Request,Security,Portal,108.0,20.0,185,2
TCKT-125574,Critical,Network Issue,Development,Phone,55.0,6.0,278,4
TCKT-127226,Low,Network Issue,Customer Service,Chat,233.0,21.0,181,0
TCKT-136875,High,Hardware Failure,Network Ops,Email,115.0,18.0,180,2
TCKT-169395,Low,Hardware Failure,Network Ops,Chat,221.0,22.0,204,0
TCKT-157377,High,General Inquiry,Development,Chat,109.0,2.0,166,1
TCKT-132340,High,Software Bug,IT Support,Phone,115.0,19.0,233,2
TCKT-136182,Low,General Inquiry,Development,Portal,228.0,8.0,116,1
TCKT-113565,Low,Access Request,Development,Email,227.0,23.0,148,0
TCKT-178592,Critical,Access Request,Security,Portal,56.0,22.0,181,2
TCKT-187825,Critical,General Inquiry,IT Support,Email,50.0,23.0,210,2
TCKT-198479,Low,Software Bug,Customer Service,Portal,230.0,13.0,180,0
TCKT-110024,High,Network Issue,Security,Portal,103.0,2.0,267,3
TCKT-148679,Low,Network Issue,IT Support,Phone,227.0,12.0,157,0
TCKT-103937,Low,Network Issue,IT Support,Phone,229.0,5.0,203,1
TCKT-144044,High,General Inquiry,Customer Service,Chat,103.0,18.0,219,2
TCKT-107706,Medium,Network Issue,Customer Service,Email,174.0,3.0,169,1
TCKT-171696,Critical,Hardware Failure,Network Ops,Email,57.0,5.0,188,3
TCKT-198999,Medium,Hardware Failure,Security,Email,174.0,3.0,189,1
TCKT-176423,Low,Hardware Failure,Network Ops,Phone,235.0,3.0,195,1
TCKT-125634,Medium,Hardware Failure,Network Ops,Portal,168.0,4.0,154,1
TCKT-140291,Critical,Software Bug,Customer Service,Chat,55.0,3.0,181,3
TCKT-135548,Critical,Hardware Failure,Security,Chat,47.0,14.0,188,2
TCKT-181735,Medium,Hardware Failure,Customer Service,Portal,177.0,14.0,154,0
TCKT-115695,Critical,Network Issue,Security,Portal,55.0,8.0,217,3
TCKT-159565,Low,Hardware Failure,Customer Service,Chat,222.0,19.0,167,0
TCKT-103716,High,Software Bug,Development,Chat,113.0,8.0,220,3
TCKT-156163,High,General Inquiry,IT Support,Portal,119.0,21.0,285,4
TCKT-108972,Critical,General Inquiry,IT Support,Phone,42.0,14.0,279,4
TCKT-143225,Low,Access Request,Network Ops,Phone,226.0,1.0,135,1
TCKT-119468,Critical,Software Bug,Security,Portal,54.0,15.0,203,2
TCKT-116969,Critical,Software Bug,Development,Email,44.0,10.0,207,3
TCKT-189739,High,Network Issue,Security,Email,110.0,10.0,191,3
TCKT-114340,Low,Software Bug,Customer Service,Phone,226.0,20.0,130,0
TCKT-194648,Critical,Software Bug,Network Ops,Chat,51.0,11.0,203,3
TCKT-136195,Critical,General Inquiry,IT Support,Chat,40.0,19.0,213,2
TCKT-189824,Low,General Inquiry,Customer Service,Portal,228.0,1.0,116,1
TCKT-166573,Medium,Software Bug,Security,Chat,168.0,7.0,167,1
TCKT-135110,Medium,General Inquiry,Development,Chat,175.0,19.0,193,0
TCKT-195627,Medium,Access Request,Customer Service,Phone,162.0,21.0,160,0
TCKT-143330,Low,Access Request,Customer Service,Phone,225.0,8.0,129,0
TCKT-119655,High,Software Bug,Security,Email,113.0,7.0,175,3
TCKT-175951,Critical,Access Request,Network Ops,Portal,59.0,13.0,215,2
TCKT-108701,Low,Software Bug,Security,Phone,240.0,1.0,248,1
TCKT-193680,Critical,Network Issue,Security,Phone,59.0,11.0,333,4
TCKT-162925,Medium,General Inquiry,IT Support,Portal,161.0,12.0,188,1
TCKT-122304,High,General Inquiry,Network Ops,Email,106.0,23.0,219,2
TCKT-182757,Medium,Network Issue,Network Ops,Email,173.0,15.0,204,0
TCKT-169622,Critical,Software Bug,IT Support,Portal,43.0,3.0,277,4
TCKT-198879,Critical,Hardware Failure,Development,Portal,47.0,17.0,187,2
TCKT-151154,Critical,Network Issue,Network Ops,Phone,50.0,8.0,232,3
TCKT-186534,Critical,Hardware Failure,Security,Chat,47.0,15.0,218,2
TCKT-196281,High,Network Issue,Security,Chat,116.0,14.0,219,2
TCKT-125364,Critical,Software Bug,Network Ops,Portal,59.0,6.0,203,3
TCKT-191655,Critical,Software Bug,Network Ops,Phone,44.0,7.0,181,3
TCKT-112530,Critical,Network Issue,Development,Email,46.0,16.0,313,4
TCKT-135361,Medium,General Inquiry,Customer Service,Email,162.0,15.0,180,0
TCKT-137529,Medium,Network Issue,Security,Email,164.0,0.0,231,1
TCKT-154711,High,Access Request,Security,Email,111.0,9.0,192,3
TCKT-161084,High,Software Bug,IT Support,Chat,102.0,15.0,185,2
TCKT-107679,Low,Access Request,Customer Service,Chat,224.0,17.0,148,0
TCKT-144585,Critical,Access Request,Customer Service,Portal,40.0,6.0,210,3
TCKT-152142,Medium,General Inquiry,Development,Chat,166.0,7.0,264,4
TCKT-190395,Medium,Software Bug,Security,Portal,165.0,19.0,169,0
TCKT-158189,High,Hardware Failure,Network Ops,Portal,117.0,15.0,180,2
TCKT-116755,Critical,Network Issue,Network Ops,Email,41.0,8.0,231,3
TCKT-176938,Critical,Hardware Failure,Development,Chat,47.0,15.0,233,2
TCKT-135784,Medium,Hardware Failure,Customer Service,Phone,164.0,8.0,181,1
TCKT-107250,High,General Inquiry,Network Ops,Portal,120.0,11.0,166,2
TCKT-174709,Low,Access Request,Security,Chat,233.0,4.0,117,1
TCKT-143291,Critical,Hardware Failure,Development,Chat,50.0,15.0,268,4
TCKT-110055,Low,Access Request,IT Support,Chat,236.0,15.0,129,0
TCKT-160787,High,Hardware Failure,Network Ops,Portal,106.0,22.0,180,2
TCKT-198077,High,Access Request,Customer Service,Email,120.0,21.0,176,2
TCKT-159441,High,Software Bug,IT Support,Chat,104.0,22.0,276,2
TCKT-121427,High,Software Bug,Network Ops,Chat,120.0,12.0,184,2
TCKT-137669,High,Hardware Failure,Security,Phone,101.0,6.0,179,3
TCKT-178165,Critical,Hardware Failure,Network Ops,Chat,58.0,22.0,218,2
TCKT-158047,Low,Software Bug,Customer Service,Portal,221.0,7.0,164,1
TCKT-166890,High,Hardware Failure,Network Ops,Portal,112.0,7.0,211,3
TCKT-178346,Medium,Hardware Failure,Development,Chat,177.0,4.0,161,1
TCKT-134363,Low,Hardware Failure,Security,Phone,220.0,13.0,269,4
TCKT-165488,Low,General Inquiry,Security,Phone,235.0,16.0,116,0
TCKT-141587,Critical,Software Bug,Network Ops,Email,48.0,11.0,222,3
TCKT-160667,Medium,Access Request,Development,Chat,166.0,22.0,160,0
TCKT-183804,Critical,Software Bug,Network Ops,Email,53.0,23.0,209,2
TCKT-166224,Low,Access Request,Customer Service,Portal,225.0,2.0,161,1
TCKT-112759,Medium,Network Issue,Development,Email,174.0,22.0,281,4
TCKT-119931,High,Software Bug,Customer Service,Portal,114.0,17.0,189,2
TCKT-101239,High,General Inquiry,Development,Email,113.0,11.0,229,3
TCKT-167858,Critical,General Inquiry,IT Support,Portal,40.0,13.0,317,4
TCKT-190917,Critical,Software Bug,IT Support,Phone,54.0,4.0,265,4
TCKT-184190,Low,General Inquiry,Network Ops,Portal,227.0,19.0,162,0
TCKT-109771,Medium,Network Issue,Security,Portal,169.0,16.0,259,4
TCKT-109481,Critical,Software Bug,Security,Email,51.0,20.0,292,4
TCKT-103442,Critical,Network Issue,Network Ops,Portal,51.0,8.0,232,3
TCKT-153627,High,Access Request,Network Ops,Chat,106.0,8.0,199,3
TCKT-116470,Critical,Network Issue,Security,Phone,45.0,4.0,223,3
TCKT-133286,High,General Inquiry,Security,Email,114.0,23.0,289,4
TCKT-188651,Low,General Inquiry,Customer Service,Phone,222.0,0.0,172,1
TCKT-129559,Critical,Access Request,Customer Service,Phone,41.0,7.0,215,3
TCKT-124144,High,Software Bug,IT Support,Chat,111.0,1.0,245,3
TCKT-191824,High,Network Issue,Development,Phone,116.0,7.0,191,3
TCKT-132914,High,Software Bug,Development,Email,113.0,18.0,220,2
TCKT-192532,Critical,Access Request,IT Support,Phone,60.0,0.0,294,4
TCKT-193848,Low,Network Issue,Customer Service,Phone,233.0,0.0,144,1
TCKT-172873,Medium,Network Issue,Customer Service,Portal,180.0,12.0,189,0
TCKT-156425,Low,General Inquiry,Development,Email,224.0,17.0,202,0
TCKT-109388,Critical,General Inquiry,IT Support,Chat,54.0,19.0,315,4
TCKT-163557,Low,Software Bug,Customer Service,Phone,238.0,6.0,179,1
TCKT-181314,Low,General Inquiry,Security,Chat,226.0,9.0,202,1
TCKT-196036,Critical,Software Bug,Customer Service,Phone,44.0,1.0,181,3
TCKT-131490,High,General Inquiry,Development,Email,110.0,16.0,235,2
TCKT-162002,Critical,General Inquiry,Development,Portal,40.0,19.0,222,2
TCKT-167385,Medium,Hardware Failure,IT Support,Portal,166.0,23.0,207,2
TCKT-173744,High,Network Issue,IT Support,Portal,117.0,8.0,191,3
TCKT-159270,High,Access Request,IT Support,Phone,120.0,21.0,241,2
TCKT-121549,Critical,General Inquiry,IT Support,Phone,44.0,18.0,335,4
TCKT-113841,Medium,Access Request,Customer Service,Portal,169.0,20.0,174,0
TCKT-105628,High,Hardware Failure,Development,Portal,103.0,23.0,180,2
TCKT-113584,Critical,Access Request,Security,Phone,52.0,0.0,251,3
TCKT-117012,Critical,Software Bug,Development,Phone,58.0,21.0,209,2
TCKT-162419,Medium,Network Issue,Network Ops,Email,180.0,2.0,169,1
TCKT-176127,Low,Access Request,Development,Chat,233.0,21.0,148,0
TCKT-162655,Medium,General Inquiry,Security,Phone,167.0,3.0,225,1
TCKT-146302,Low,General Inquiry,IT Support,Chat,233.0,20.0,162,0
TCKT-186453,Low,Network Issue,Customer Service,Phone,224.0,13.0,153,0
TCKT-132893,High,General Inquiry,IT Support,Portal,111.0,10.0,250,4
TCKT-127060,High,Software Bug,Development,Chat,105.0,20.0,212,2
TCKT-177702,Critical,Access Request,Customer Service,Portal,43.0,0.0,215,3
TCKT-128216,Critical,Access Request,Customer Service,Phone,59.0,0.0,215,3
TCKT-175732,Critical,Access Request,Customer Service,Email,41.0,8.0,233,3
TCKT-175759,Low,Hardware Failure,Development,Phone,224.0,6.0,159,1
TCKT-187194,Low,Network Issue,Customer Service,Chat,232.0,4.0,151,1
TCKT-154577,Medium,Access Request,Development,Chat,179.0,8.0,227,1
TCKT-149319,Critical,Access Request,Development,Chat,52.0,15.0,210,2
TCKT-102695,High,Software Bug,Network Ops,Email,102.0,11.0,189,2
TCKT-166843,Low,Hardware Failure,Security,Chat,235.0,18.0,166,0
TCKT-171966,High,Network Issue,Network Ops,Portal,112.0,21.0,210,2
TCKT-128136,Medium,Network Issue,Customer Service,Phone,179.0,4.0,189,1
TCKT-145120,Critical,Hardware Failure,Security,Email,59.0,4.0,188,3
TCKT-110005,High,Network Issue,Security,Email,112.0,23.0,188,2
TCKT-117890,Critical,Software Bug,Network Ops,Email,50.0,10.0,181,3
TCKT-195148,Critical,General Inquiry,Network Ops,Portal,44.0,15.0,210,2
TCKT-198758,Low,General Inquiry,Network Ops,Phone,237.0,7.0,162,1
TCKT-101391,High,Hardware Failure,Security,Email,105.0,11.0,171,3
TCKT-149541,Critical,General Inquiry,IT Support,Portal,46.0,20.0,315,4
TCKT-118003,Critical,Software Bug,Customer Service,Portal,46.0,8.0,181,3
TCKT-123611,Critical,Access Request,Network Ops,Email,51.0,9.0,215,3
TCKT-170636,Critical,Software Bug,Customer Service,Portal,60.0,8.0,203,3
TCKT-113754,Critical,General Inquiry,Security,Email,50.0,1.0,233,3
TCKT-150016,Medium,Network Issue,Security,Email,164.0,21.0,186,0
TCKT-118227,Medium,General Inquiry,Development,Phone,179.0,23.0,229,0
TCKT-130563,Critical,General Inquiry,Security,Chat,51.0,22.0,303,4
TCKT-112667,Critical,General Inquiry,IT Support,Portal,51.0,23.0,317,4
TCKT-182649,Medium,Hardware Failure,Customer Service,Phone,160.0,22.0,183,0
TCKT-108943,High,Software Bug,IT Support,Portal,100.0,0.0,273,4
TCKT-111926,Critical,Software Bug,IT Support,Email,54.0,12.0,203,3
TCKT-169429,Critical,General Inquiry,Security,Portal,60.0,15.0,279,4
TCKT-101519,Medium,Access Request,Development,Chat,166.0,16.0,262,4
TCKT-190445,Low,Hardware Failure,IT Support,Chat,229.0,11.0,222,1
TCKT-188769,High,Software Bug,Customer Service,Portal,111.0,15.0,212,2
TCKT-170724,Critical,Access Request,Security,Chat,44.0,9.0,280,4
TCKT-122829,High,Network Issue,Customer Service,Phone,105.0,20.0,188,2
TCKT-156572,Critical,Software Bug,Development,Chat,41.0,23.0,181,2
TCKT-169885,Medium,Access Request,IT Support,Email,177.0,17.0,218,0
TCKT-100536,Low,Hardware Failure,Security,Portal,221.0,23.0,204,0
TCKT-118571,Low,Access Request,Security,Phone,226.0,14.0,161,0
TCKT-141032,Medium,Network Issue,Security,Phone,173.0,14.0,198,0
TCKT-191066,Critical,General Inquiry,Development,Phone,49.0,19.0,251,4
TCKT-130472,High,Hardware Failure,Development,Phone,109.0,11.0,211,2
TCKT-189523,High,Access Request,Security,Email,114.0,18.0,178,2
TCKT-154480,Medium,Network Issue,Development,Chat,172.0,14.0,250,4
TCKT-174684,Medium,Hardware Failure,Security,Chat,166.0,8.0,154,1
TCKT-151556,Low,Access Request,Security,Chat,221.0,16.0,231,0
TCKT-196295,Medium,Software Bug,Customer Service,Email,169.0,21.0,174,0
TCKT-121750,High,Access Request,Network Ops,Chat,109.0,19.0,196,2
TCKT-179036,Critical,Access Request,Network Ops,Chat,41.0,9.0,210,3
TCKT-156329,Low,Software Bug,Network Ops,Portal,231.0,18.0,180,0
TCKT-157395,Critical,Hardware Failure,IT Support,Email,45.0,3.0,218,3
TCKT-160789,High,Network Issue,IT Support,Phone,115.0,0.0,275,4
TCKT-152116,Critical,Network Issue,Customer Service,Chat,58.0,6.0,232,3
TCKT-192999,High,Network Issue,IT Support,Chat,100.0,5.0,189,3
TCKT-162779,Low,Hardware Failure,Security,Email,231.0,19.0,180,0
TCKT-108932,Low,Network Issue,Network Ops,Chat,232.0,23.0,189,0
TCKT-105611,Low,Hardware Failure,IT Support,Chat,224.0,23.0,167,0
TCKT-107077,Medium,Hardware Failure,Network Ops,Email,178.0,10.0,189,1
TCKT-140744,Low,Software Bug,Development,Email,236.0,16.0,179,0
TCKT-171343,Medium,Access Request,Network Ops,Portal,164.0,2.0,174,1
TCKT-127313,Critical,Hardware Failure,Customer Service,Portal,53.0,21.0,233,2
TCKT-186464,Low,Access Request,IT Support,Chat,236.0,4.0,173,1
TCKT-199414,Low,Software Bug,IT Support,Email,220.0,20.0,204,0
TCKT-181707,Medium,Software Bug,IT Support,Portal,163.0,4.0,250,4
TCKT-172747,Critical,Hardware Failure,Customer Service,Chat,46.0,14.0,233,3
TCKT-115102,Critical,General Inquiry,Development,Portal,55.0,17.0,251,4
TCKT-129465,High,Network Issue,Network Ops,Email,112.0,14.0,189,2
TCKT-144918,High,Software Bug,Security,Email,109.0,0.0,290,4
TCKT-167693,High,Software Bug,Network Ops,Email,100.0,4.0,220,3
TCKT-167274,High,Hardware Failure,Development,Portal,106.0,19.0,278,4
TCKT-135540,Medium,Software Bug,Network Ops,Portal,177.0,6.0,174,1
TCKT-175964,Critical,Access Request,Network Ops,Phone,50.0,14.0,207,2
TCKT-163887,Low,General Inquiry,Development,Portal,232.0,4.0,243,1
TCKT-197141,Medium,Network Issue,Customer Service,Chat,168.0,17.0,186,0
TCKT-169526,Low,Network Issue,Network Ops,Portal,225.0,19.0,144,0
TCKT-135836,Medium,General Inquiry,IT Support,Portal,174.0,2.0,193,1
TCKT-155633,High,Software Bug,Security,Chat,102.0,3.0,220,3
TCKT-187586,Low,Access Request,Security,Phone,231.0,6.0,129,1
TCKT-141030,Medium,Hardware Failure,IT Support,Email,160.0,21.0,238,2
TCKT-140830,High,General Inquiry,Customer Service,Chat,102.0,23.0,219,2
TCKT-167575,Critical,Network Issue,Development,Email,60.0,20.0,313,4
TCKT-125746,High,Software Bug,Network Ops,Email,100.0,4.0,175,3
TCKT-129914,Critical,Network Issue,Development,Phone,57.0,0.0,298,4
TCKT-152612,High,General Inquiry,IT Support,Email,100.0,3.0,268,4
TCKT-131510,Critical,Access Request,Security,Email,53.0,3.0,280,4
TCKT-146538,Critical,Access Request,Network Ops,Email,53.0,20.0,233,2
TCKT-130798,Low,Access Request,IT Support,Portal,236.0,6.0,153,1
TCKT-154736,Low,General Inquiry,Security,Phone,238.0,9.0,191,1
TCKT-194709,Critical,Software Bug,Development,Chat,47.0,16.0,209,2
TCKT-167791,Critical,Network Issue,Network Ops,Chat,50.0,3.0,223,3
TCKT-133712,Medium,Software Bug,Security,Portal,160.0,20.0,167,0
TCKT-146024,Low,Hardware Failure,Network Ops,Email,230.0,16.0,199,0
TCKT-118131,Critical,Software Bug,Customer Service,Portal,49.0,1.0,203,3
TCKT-162521,Medium,Network Issue,Network Ops,Portal,163.0,14.0,189,2
TCKT-197152,Medium,Access Request,IT Support,Portal,160.0,3.0,230,1
TCKT-124239,Low,General Inquiry,IT Support,Portal,230.0,3.0,258,1
TCKT-125467,Critical,Access Request,Development,Email,50.0,22.0,233,2
TCKT-127897,High,General Inquiry,Security,Portal,109.0,22.0,305,4
TCKT-167114,High,Access Request,Development,Email,119.0,17.0,266,4
TCKT-183881,Critical,General Inquiry,Security,Chat,54.0,12.0,292,4
TCKT-187953,High,Software Bug,Security,Chat,111.0,14.0,245,2
TCKT-109525,Low,General Inquiry,Development,Portal,226.0,3.0,162,1
TCKT-116480,Medium,General Inquiry,Development,Email,173.0,16.0,193,0
TCKT-111095,High,Network Issue,Development,Chat,118.0,8.0,219,3
TCKT-119104,High,Hardware Failure,Network Ops,Phone,120.0,12.0,171,2
TCKT-134098,Critical,Software Bug,Network Ops,Chat,57.0,20.0,203,2
TCKT-194911,Low,Software Bug,Development,Email,234.0,12.0,164,0
TCKT-146832,High,Software Bug,IT Support,Chat,112.0,13.0,240,2
TCKT-183193,Critical,Hardware Failure,Customer Service,Chat,43.0,21.0,205,2
TCKT-179582,Critical,Software Bug,Security,Chat,42.0,1.0,203,3
TCKT-172313,High,General Inquiry,Security,Chat,108.0,17.0,305,4
TCKT-144112,Critical,Access Request,Network Ops,Phone,47.0,15.0,181,2
TCKT-161351,Medium,Access Request,Security,Phone,160.0,22.0,153,0
TCKT-126042,Critical,General Inquiry,IT Support,Email,60.0,7.0,335,4
TCKT-138474,Low,Software Bug,Customer Service,Email,232.0,22.0,148,0
TCKT-115703,Low,Network Issue,Development,Phone,222.0,10.0,232,0
TCKT-172078,High,General Inquiry,Network Ops,Portal,112.0,12.0,166,2
TCKT-186583,Critical,Software Bug,Network Ops,Portal,44.0,1.0,193,3
TCKT-197313,Low,Network Issue,Network Ops,Chat,229.0,18.0,151,0
TCKT-102004,Critical,Software Bug,Security,Portal,53.0,13.0,203,2
TCKT-153975,Critical,General Inquiry,IT Support,Chat,43.0,2.0,251,3
TCKT-176190,High,Hardware Failure,Network Ops,Email,110.0,5.0,197,3
TCKT-110228,Critical,General Inquiry,Security,Phone,56.0,22.0,279,4
TCKT-155562,Critical,Hardware Failure,Security,Chat,45.0,17.0,275,4
TCKT-195029,Low,General Inquiry,Network Ops,Portal,228.0,16.0,116,0
TCKT-119193,Critical,General Inquiry,Network Ops,Chat,50.0,19.0,222,2
TCKT-152328,Low,Access Request,Security,Chat,233.0,6.0,202,1
TCKT-153075,Medium,Hardware Failure,Customer Service,Chat,163.0,1.0,189,1
TCKT-183201,Medium,Access Request,Development,Chat,168.0,3.0,241,1
TCKT-125644,Low,Hardware Failure,Development,Portal,236.0,22.0,261,0
TCKT-152026,Critical,Hardware Failure,Security,Portal,47.0,3.0,218,3
TCKT-171825,Low,Network Issue,IT Support,Chat,225.0,4.0,153,1
TCKT-146773,Critical,Software Bug,IT Support,Phone,57.0,13.0,291,4
TCKT-102314,Critical,Access Request,Security,Portal,59.0,6.0,274,4
TCKT-114188,Medium,Hardware Failure,Network Ops,Chat,167.0,0.0,183,1
TCKT-151205,Low,Hardware Failure,Network Ops,Email,230.0,16.0,199,0
TCKT-158017,Low,General Inquiry,Network Ops,Chat,231.0,13.0,121,0
TCKT-113314,Low,Access Request,IT Support,Chat,235.0,6.0,233,1
TCKT-174244,Critical,Hardware Failure,Development,Portal,54.0,12.0,299,4
TCKT-198579,Critical,Network Issue,Development,Chat,59.0,9.0,223,3
TCKT-199064,Critical,Network Issue,IT Support,Chat,55.0,12.0,263,4
TCKT-176039,Critical,Software Bug,Security,Chat,40.0,1.0,207,3
TCKT-106603,Medium,Access Request,Network Ops,Portal,164.0,23.0,160,0
TCKT-188014,Low,Software Bug,Network Ops,Chat,223.0,14.0,164,0
TCKT-104287,Medium,General Inquiry,Customer Service,Portal,170.0,19.0,143,0
TCKT-142551,Low,Access Request,Customer Service,Chat,226.0,0.0,135,1
TCKT-180590,Critical,Software Bug,Network Ops,Portal,55.0,22.0,181,2
TCKT-165186,Critical,General Inquiry,Network Ops,Chat,51.0,11.0,233,3
TCKT-195619,High,General Inquiry,IT Support,Chat,116.0,5.0,235,3
TCKT-142668,Medium,General Inquiry,IT Support,Email,166.0,8.0,249,4
TCKT-154843,Low,General Inquiry,Network Ops,Email,240.0,1.0,162,1
TCKT-184745,Critical,Access Request,Network Ops,Portal,48.0,10.0,210,3
TCKT-147597,Medium,Network Issue,IT Support,Email,172.0,19.0,245,2
TCKT-187534,Low,Access Request,Security,Email,238.0,23.0,205,0
TCKT-128352,Critical,Hardware Failure,IT Support,Phone,49.0,6.0,271,4
TCKT-101316,High,Software Bug,Network Ops,Phone,107.0,8.0,212,3
TCKT-132886,Medium,General Inquiry,Customer Service,Phone,167.0,10.0,143,1
TCKT-103432,High,Software Bug,Network Ops,Phone,106.0,20.0,177,2
TCKT-163454,Critical,Hardware Failure,Development,Phone,60.0,15.0,218,2
TCKT-118374,Critical,Hardware Failure,IT Support,Portal,49.0,21.0,317,4
TCKT-199981,Low,Network Issue,Development,Portal,232.0,13.0,153,0
TCKT-101332,Critical,Hardware Failure,Customer Service,Email,48.0,19.0,187,2
TCKT-167084,Medium,Access Request,IT Support,Email,164.0,17.0,266,4
TCKT-145843,Critical,Hardware Failure,Network Ops,Portal,51.0,6.0,218,3
TCKT-108774,High,General Inquiry,Development,Portal,106.0,19.0,228,2
TCKT-178306,Medium,Network Issue,IT Support,Phone,178.0,16.0,189,0
TCKT-164475,High,General Inquiry,Development,Chat,112.0,10.0,166,1
TCKT-163542,High,Network Issue,Customer Service,Chat,116.0,9.0,197,3
TCKT-171560,Critical,General Inquiry,Customer Service,Phone,58.0,5.0,226,3
TCKT-154829,Low,General Inquiry,IT Support,Phone,238.0,6.0,172,1
TCKT-184688,Critical,General Inquiry,Customer Service,Email,47.0,20.0,210,2
TCKT-111690,Medium,Access Request,Customer Service,Chat,180.0,9.0,174,1
TCKT-148827,Critical,Hardware Failure,Development,Chat,53.0,8.0,233,3
TCKT-195375,High,Network Issue,IT Support,Phone,115.0,1.0,275,4
TCKT-138340,Low,General Inquiry,Security,Portal,234.0,15.0,232,0
TCKT-105096,Critical,Software Bug,Development,Portal,49.0,3.0,209,3
TCKT-188210,Low,Hardware Failure,IT Support,Email,240.0,7.0,250,1
TCKT-135380,Critical,General Inquiry,IT Support,Chat,60.0,3.0,335,4
TCKT-111506,Critical,Access Request,Security,Phone,54.0,21.0,280,4
TCKT-166141,Critical,Network Issue,Security,Phone,49.0,6.0,232,3
TCKT-116248,High,Software Bug,IT Support,Phone,111.0,20.0,241,2
TCKT-130336,High,Access Request,Security,Phone,105.0,11.0,216,2
TCKT-119637,Low,Software Bug,Customer Service,Phone,230.0,23.0,148,0
TCKT-176784,Low,Network Issue,IT Support,Phone,229.0,3.0,203,1
TCKT-128031,Critical,Network Issue,Security,Chat,58.0,4.0,217,3
TCKT-186409,High,Network Issue,Customer Service,Portal,120.0,4.0,167,3
TCKT-192622,High,Hardware Failure,IT Support,Phone,109.0,12.0,180,2
TCKT-118004,Critical,Software Bug,Customer Service,Email,48.0,23.0,209,2
TCKT-100685,Medium,Network Issue,Customer Service,Chat,169.0,19.0,204,0
TCKT-149012,Medium,Access Request,Security,Email,172.0,9.0,230,1
TCKT-190888,Critical,Network Issue,Customer Service,Chat,50.0,16.0,223,2
TCKT-133479,Critical,Hardware Failure,Customer Service,Chat,58.0,1.0,240,3
TCKT-141500,High,Network Issue,Network Ops,Portal,107.0,14.0,229,2
TCKT-155299,Critical,Hardware Failure,Network Ops,Email,59.0,23.0,187,2
TCKT-157748,High,Access Request,Network Ops,Portal,116.0,2.0,176,1
TCKT-154598,Low,Access Request,Development,Chat,240.0,1.0,210,1
TCKT-178074,High,Access Request,Customer Service,Phone,119.0,18.0,196,2
TCKT-133680,Medium,General Inquiry,Development,Chat,160.0,15.0,224,2
TCKT-124847,Low,Access Request,Development,Portal,229.0,14.0,213,0
TCKT-187016,Medium,Access Request,Development,Chat,167.0,8.0,160,1
TCKT-102479,Critical,Hardware Failure,Customer Service,Portal,55.0,5.0,218,3
TCKT-169951,High,Network Issue,Security,Email,111.0,13.0,237,2
TCKT-114618,Critical,General Inquiry,IT Support,Chat,49.0,0.0,269,4
TCKT-115699,Critical,Hardware Failure,Security,Email,58.0,15.0,258,4
TCKT-111277,High,Access Request,Security,Portal,114.0,12.0,178,2
TCKT-179576,Critical,Access Request,IT Support,Email,59.0,14.0,181,3
TCKT-114967,Low,Access Request,Network Ops,Chat,233.0,5.0,117,1
TCKT-122717,Low,General Inquiry,IT Support,Portal,232.0,4.0,116,1
TCKT-185426,High,Software Bug,Security,Chat,108.0,23.0,189,2
TCKT-105623,Medium,Hardware Failure,Network Ops,Phone,180.0,19.0,189,0
TCKT-189497,Medium,Network Issue,Network Ops,Chat,162.0,13.0,189,1
TCKT-141019,Low,Network Issue,Customer Service,Chat,222.0,20.0,189,0
TCKT-123029,Medium,General Inquiry,Development,Email,169.0,19.0,143,0
TCKT-151554,High,Network Issue,Development,Portal,103.0,13.0,191,2
TCKT-158492,Low,Access Request,Security,Phone,238.0,0.0,161,1
TCKT-139255,High,Software Bug,Development,Portal,113.0,0.0,212,3
TCKT-103646,Low,Hardware Failure,Security,Portal,228.0,0.0,233,1
TCKT-116379,High,Access Request,Customer Service,Chat,108.0,12.0,176,2
TCKT-180315,Medium,Software Bug,IT Support,Phone,169.0,4.0,250,4
TCKT-136824,Low,Access Request,IT Support,Chat,228.0,16.0,204,0
TCKT-120075,Medium,General Inquiry,Security,Email,168.0,23.0,213,0
TCKT-178315,Low,General Inquiry,Security,Portal,223.0,21.0,162,0
TCKT-115551,High,Network Issue,Security,Phone,100.0,17.0,229,2
TCKT-184383,Medium,Software Bug,Network Ops,Portal,163.0,6.0,192,1
TCKT-146096,Critical,Network Issue,Security,Chat,50.0,5.0,231,3
TCKT-163606,Critical,Network Issue,Security,Chat,50.0,7.0,217,3
TCKT-117455,High,General Inquiry,Development,Chat,103.0,19.0,212,2
TCKT-158326,Low,Access Request,Security,Chat,232.0,8.0,117,1
TCKT-170576,Medium,General Inquiry,Security,Portal,175.0,12.0,263,4
TCKT-190399,Medium,Access Request,Network Ops,Chat,169.0,4.0,181,1
TCKT-164484,Medium,Network Issue,Customer Service,Email,168.0,10.0,204,1
TCKT-126519,Critical,Access Request,IT Support,Chat,42.0,4.0,210,3
TCKT-121505,High,Hardware Failure,Security,Chat,103.0,10.0,171,3
TCKT-151723,High,Access Request,Security,Portal,104.0,22.0,269,2
TCKT-148692,Medium,Hardware Failure,Development,Portal,177.0,16.0,154,0
TCKT-140333,Medium,Software Bug,Development,Portal,168.0,19.0,174,0
TCKT-141127,High,Software Bug,Network Ops,Portal,119.0,21.0,189,2
TCKT-151825,High,Hardware Failure,Development,Chat,114.0,15.0,190,2
TCKT-116126,Medium,General Inquiry,Security,Phone,174.0,6.0,263,4
TCKT-177129,Medium,Hardware Failure,Security,Portal,166.0,21.0,154,0
TCKT-191122,Critical,Software Bug,Security,Portal,57.0,1.0,207,3
TCKT-126632,Critical,Hardware Failure,Customer Service,Portal,40.0,5.0,233,3
TCKT-180949,Critical,Software Bug,Security,Email,40.0,19.0,263,2
TCKT-141659,High,General Inquiry,Security,Portal,114.0,6.0,229,3
TCKT-147521,High,General Inquiry,IT Support,Chat,111.0,3.0,303,4
TCKT-133013,High,Software Bug,Security,Phone,114.0,4.0,189,3
TCKT-150773,Medium,Access Request,Development,Portal,175.0,18.0,181,0
TCKT-110915,Medium,Access Request,Development,Portal,167.0,13.0,153,0
TCKT-196243,Low,Software Bug,Customer Service,Phone,237.0,2.0,148,1
TCKT-188607,Critical,Access Request,IT Support,Portal,53.0,9.0,233,3
TCKT-177093,Critical,Network Issue,Development,Portal,48.0,9.0,232,3
TCKT-184238,Critical,General Inquiry,Customer Service,Email,51.0,1.0,210,3
TCKT-126986,Low,Software Bug,Development,Email,228.0,15.0,246,0
TCKT-113092,High,General Inquiry,Development,Email,111.0,22.0,293,4
TCKT-113447,High,Network Issue,Customer Service,Chat,103.0,19.0,229,2
TCKT-199686,Low,Network Issue,Customer Service,Chat,224.0,13.0,151,0
TCKT-159871,Critical,Software Bug,Development,Chat,43.0,4.0,211,3
TCKT-140942,Medium,Network Issue,Customer Service,Phone,169.0,10.0,198,1
TCKT-138200,Low,General Inquiry,IT Support,Email,229.0,18.0,205,0
TCKT-118815,Low,Software Bug,Customer Service,Portal,224.0,16.0,180,0
TCKT-123299,Medium,Hardware Failure,Security,Portal,165.0,10.0,178,1
TCKT-194419,Critical,Hardware Failure,IT Support,Portal,47.0,19.0,274,4
TCKT-193985,High,Network Issue,Network Ops,Phone,117.0,22.0,210,2
TCKT-128371,Medium,General Inquiry,Security,Portal,169.0,11.0,258,4
TCKT-123871,High,Network Issue,Security,Email,115.0,13.0,189,2
TCKT-130030,High,General Inquiry,Security,Email,103.0,9.0,228,3
TCKT-147540,Medium,Hardware Failure,Development,Phone,160.0,9.0,187,1
TCKT-157734,Medium,Hardware Failure,IT Support,Portal,175.0,19.0,245,2
TCKT-146229,Critical,Access Request,Development,Chat,55.0,10.0,210,3
TCKT-171776,Critical,Software Bug,IT Support,Portal,59.0,2.0,237,3
TCKT-111411,High,Hardware Failure,Development,Email,119.0,3.0,201,3
TCKT-118002,Low,General Inquiry,Network Ops,Email,237.0,0.0,162,1
TCKT-137720,High,General Inquiry,IT Support,Email,103.0,23.0,284,4
TCKT-130930,Low,Access Request,Development,Email,233.0,15.0,161,0
TCKT-128256,Medium,Software Bug,IT Support,Portal,169.0,12.0,222,2
TCKT-114257,Low,Network Issue,Customer Service,Phone,239.0,1.0,203,1
TCKT-195137,High,Access Request,Security,Portal,104.0,11.0,248,4
TCKT-105433,Medium,General Inquiry,Customer Service,Phone,179.0,6.0,183,1
TCKT-151794,Low,Network Issue,IT Support,Phone,222.0,11.0,228,0
TCKT-173001,Medium,Software Bug,Customer Service,Portal,173.0,22.0,178,0
TCKT-135601,Low,Network Issue,Development,Email,237.0,3.0,262,1
TCKT-137028,Medium,Hardware Failure,IT Support,Portal,174.0,10.0,183,1
TCKT-181022,High,Software Bug,Development,Portal,117.0,3.0,185,3
TCKT-116331,Medium,Network Issue,Development,Chat,166.0,18.0,161,0
TCKT-142486,High,Access Request,Security,Phone,106.0,19.0,172,2
TCKT-189571,Medium,Software Bug,Network Ops,Portal,165.0,3.0,174,1
TCKT-191458,Low,Software Bug,Development,Phone,240.0,12.0,164,0
TCKT-110408,Medium,General Inquiry,Development,Portal,160.0,6.0,224,1
TCKT-183872,High,Access Request,Network Ops,Phone,109.0,3.0,172,3
TCKT-176847,Low,Hardware Failure,Customer Service,Email,224.0,1.0,195,1
TCKT-101557,Critical,General Inquiry,Customer Service,Email,59.0,22.0,251,2
TCKT-161594,Medium,Software Bug,Development,Phone,170.0,2.0,255,1
TCKT-176081,Critical,Network Issue,Customer Service,Phone,57.0,14.0,232,3
TCKT-193405,Medium,Access Request,Network Ops,Portal,180.0,12.0,153,0
TCKT-106015,Low,Network Issue,Development,Phone,238.0,15.0,189,0
TCKT-173079,Low,General Inquiry,Network Ops,Email,233.0,17.0,121,0
TCKT-102915,Low,Access Request,Security,Phone,240.0,20.0,187,0
TCKT-191930,Low,Software Bug,Network Ops,Email,238.0,8.0,148,1
TCKT-156067,Critical,Access Request,IT Support,Phone,50.0,9.0,288,4
TCKT-185008,High,Network Issue,Development,Chat,117.0,22.0,219,2
TCKT-196203,Critical,Network Issue,Security,Phone,47.0,14.0,197,3
TCKT-143500,High,Software Bug,IT Support,Email,104.0,23.0,175,2
TCKT-126934,Critical,Software Bug,Customer Service,Portal,52.0,8.0,207,3
TCKT-150785,Low,Software Bug,Development,Portal,233.0,0.0,164,1
TCKT-181464,High,Software Bug,Network Ops,Portal,102.0,6.0,185,3
TCKT-106129,Critical,Network Issue,Development,Phone,50.0,1.0,312,4
TCKT-116986,Low,Access Request,IT Support,Phone,228.0,23.0,161,0
TCKT-185158,Critical,General Inquiry,Customer Service,Chat,56.0,3.0,251,3
TCKT-182707,Critical,Network Issue,Customer Service,Email,56.0,18.0,223,2
TCKT-182602,Low,Hardware Failure,Customer Service,Phone,235.0,16.0,159,0
TCKT-146213,Critical,Network Issue,IT Support,Portal,45.0,8.0,217,3
TCKT-109560,Low,Network Issue,IT Support,Chat,231.0,19.0,153,0
TCKT-181180,Critical,Access Request,Security,Chat,51.0,3.0,210,3
TCKT-174256,Low,Hardware Failure,Development,Email,227.0,6.0,180,1
TCKT-165776,Critical,Hardware Failure,Network Ops,Portal,51.0,3.0,218,3
TCKT-192761,Low,Hardware Failure,IT Support,Email,239.0,1.0,199,1
TCKT-109484,Critical,Hardware Failure,Customer Service,Phone,44.0,22.0,187,2
TCKT-188755,High,Hardware Failure,IT Support,Portal,116.0,2.0,171,3
TCKT-136096,Low,Network Issue,Development,Portal,221.0,0.0,167,1
TCKT-148200,Medium,Software Bug,Development,Chat,160.0,20.0,178,0
TCKT-173404,High,General Inquiry,Development,Chat,101.0,21.0,316,4
TCKT-107300,High,Hardware Failure,Customer Service,Chat,106.0,10.0,212,3
TCKT-126532,High,Network Issue,Security,Chat,118.0,21.0,229,2
TCKT-110790,Critical,Access Request,Development,Portal,58.0,12.0,288,4
TCKT-154889,Critical,Network Issue,IT Support,Phone,44.0,21.0,231,2
TCKT-152091,Medium,Hardware Failure,Customer Service,Chat,163.0,4.0,187,1
TCKT-182901,Low,Software Bug,Development,Chat,237.0,5.0,148,1
TCKT-194739,Low,Network Issue,Development,Email,228.0,8.0,232,1
TCKT-125704,High,General Inquiry,IT Support,Phone,114.0,22.0,291,4
TCKT-154499,Critical,General Inquiry,Security,Email,54.0,9.0,283,4
TCKT-165893,High,Hardware Failure,Customer Service,Chat,101.0,12.0,190,2
TCKT-185330,Medium,General Inquiry,Customer Service,Portal,175.0,19.0,211,0
TCKT-110513,Critical,Software Bug,Development,Phone,59.0,17.0,181,2
TCKT-142793,Medium,Hardware Failure,Security,Portal,167.0,9.0,161,1
TCKT-174113,Critical,Software Bug,Customer Service,Email,53.0,21.0,211,2
TCKT-127728,Medium,General Inquiry,Customer Service,Email,164.0,7.0,229,1
TCKT-107424,High,Access Request,Development,Chat,113.0,10.0,216,3
TCKT-103562,High,Software Bug,Security,Portal,120.0,16.0,255,2
TCKT-175724,Critical,Hardware Failure,Security,Chat,40.0,5.0,218,3
TCKT-176448,High,Access Request,Security,Portal,105.0,9.0,178,3
TCKT-169092,Medium,Software Bug,Network Ops,Email,162.0,3.0,167,1
TCKT-100017,Medium,Hardware Failure,Security,Portal,173.0,18.0,207,0
TCKT-123559,Critical,Access Request,Customer Service,Email,55.0,14.0,181,3
TCKT-114590,Critical,General Inquiry,Network Ops,Email,40.0,16.0,251,4
TCKT-193280,Medium,Software Bug,Network Ops,Email,172.0,2.0,169,1
TCKT-126811,Critical,Software Bug,Network Ops,Phone,58.0,11.0,181,3
TCKT-163563,Low,General Inquiry,Development,Email,226.0,2.0,116,1
TCKT-189486,High,Hardware Failure,Customer Service,Chat,107.0,9.0,171,3
TCKT-169384,Critical,Access Request,Development,Portal,50.0,2.0,288,4
TCKT-141271,Medium,Hardware Failure,IT Support,Chat,177.0,9.0,265,4
TCKT-178436,High,Software Bug,IT Support,Portal,100.0,12.0,189,2
TCKT-163937,Critical,Software Bug,IT Support,Email,41.0,14.0,193,2
TCKT-138983,Low,General Inquiry,Network Ops,Email,233.0,0.0,202,1
TCKT-128153,High,Network Issue,Customer Service,Phone,118.0,8.0,197,3
TCKT-125697,Medium,Network Issue,Development,Chat,171.0,21.0,189,0
TCKT-198487,High,Access Request,Customer Service,Chat,119.0,20.0,176,2
TCKT-123625,Low,General Inquiry,Security,Chat,238.0,19.0,172,0
TCKT-145787,Critical,Network Issue,IT Support,Chat,40.0,14.0,203,3
TCKT-195902,Medium,General Inquiry,Security,Portal,170.0,12.0,211,1
TCKT-195212,Low,Software Bug,IT Support,Email,225.0,23.0,148,0
TCKT-175855,Critical,General Inquiry,Security,Portal,46.0,16.0,233,2
TCKT-198582,Medium,Software Bug,Customer Service,Chat,176.0,17.0,169,0
TCKT-159998,Low,Hardware Failure,Security,Portal,230.0,23.0,167,0
TCKT-143990,High,Network Issue,Development,Chat,113.0,10.0,191,3
TCKT-180121,Medium,Network Issue,Security,Chat,178.0,10.0,161,1
TCKT-181477,Medium,Network Issue,Network Ops,Phone,164.0,9.0,189,1
TCKT-198109,High,General Inquiry,IT Support,Chat,106.0,0.0,297,4
TCKT-107980,Medium,Software Bug,Customer Service,Phone,175.0,23.0,192,0
TCKT-158006,Low,Hardware Failure,Security,Email,234.0,4.0,166,1
TCKT-139685,High,Network Issue,Network Ops,Portal,107.0,7.0,210,3
TCKT-107909,High,General Inquiry,IT Support,Email,103.0,10.0,268,4
TCKT-129039,Critical,General Inquiry,Network Ops,Chat,53.0,16.0,251,4
TCKT-156238,Low,General Inquiry,IT Support,Chat,238.0,6.0,202,1
TCKT-197645,Critical,Access Request,Development,Portal,49.0,16.0,210,2
TCKT-156794,Medium,Software Bug,Security,Chat,165.0,12.0,175,1
TCKT-142424,Medium,Software Bug,Customer Service,Email,165.0,0.0,169,1
TCKT-146004,Medium,Access Request,Security,Portal,174.0,6.0,252,1
TCKT-155602,Medium,General Inquiry,Security,Chat,172.0,3.0,295,4
TCKT-134581,Critical,Hardware Failure,Customer Service,Chat,54.0,5.0,205,3
TCKT-177884,Critical,General Inquiry,Security,Portal,57.0,4.0,296,4
TCKT-144119,Medium,Hardware Failure,Network Ops,Chat,168.0,10.0,161,1
TCKT-114824,Critical,Hardware Failure,Network Ops,Portal,42.0,5.0,240,3
TCKT-118436,Medium,General Inquiry,IT Support,Email,171.0,7.0,285,4
TCKT-157526,Critical,Network Issue,Customer Service,Email,43.0,0.0,223,3
TCKT-112328,Critical,Access Request,Customer Service,Portal,60.0,4.0,181,3
TCKT-178187,High,General Inquiry,Network Ops,Phone,101.0,9.0,199,3
TCKT-166404,Low,Network Issue,Development,Email,237.0,5.0,284,4
TCKT-105179,Medium,Hardware Failure,Development,Chat,171.0,23.0,178,0
TCKT-119458,Medium,General Inquiry,Development,Chat,177.0,3.0,143,1
TCKT-103817,High,Hardware Failure,Network Ops,Phone,116.0,23.0,180,2
TCKT-127886,High,General Inquiry,Development,Portal,114.0,10.0,294,4
TCKT-104816,Low,Software Bug,Network Ops,Email,224.0,23.0,130,0
TCKT-121826,Critical,Access Request,Customer Service,Email,56.0,15.0,215,3
TCKT-184067,Medium,Hardware Failure,Network Ops,Chat,164.0,3.0,154,1
TCKT-131240,Critical,Hardware Failure,Customer Service,Phone,40.0,7.0,240,3
TCKT-165670,Critical,Hardware Failure,IT Support,Chat,53.0,17.0,261,4
TCKT-117022,Low,General Inquiry,Network Ops,Email,232.0,17.0,172,0
TCKT-150501,Medium,Hardware Failure,Network Ops,Portal,162.0,5.0,154,1
TCKT-101780,Low,General Inquiry,Development,Chat,239.0,12.0,162,0
TCKT-166994,Critical,Network Issue,Development,Portal,41.0,13.0,203,3
TCKT-109342,High,Network Issue,Network Ops,Email,115.0,7.0,229,3
TCKT-177170,High,General Inquiry,Customer Service,Portal,112.0,6.0,229,3
TCKT-146593,Critical,Hardware Failure,Development,Phone,56.0,0.0,240,3
TCKT-192768,High,Network Issue,Security,Phone,101.0,13.0,197,2
TCKT-111772,Low,General Inquiry,IT Support,Phone,222.0,13.0,228,0
TCKT-195080,High,Software Bug,Security,Email,102.0,11.0,175,2
TCKT-160792,Critical,Hardware Failure,IT Support,Phone,49.0,14.0,244,4
TCKT-164504,High,Hardware Failure,IT Support,Portal,104.0,15.0,171,2
TCKT-109031,Critical,Access Request,Development,Phone,57.0,10.0,288,4
TCKT-125383,Low,Software Bug,IT Support,Chat,227.0,15.0,262,0
TCKT-129698,High,Access Request,Security,Phone,111.0,20.0,192,2
TCKT-134278,Critical,Network Issue,Customer Service,Email,53.0,16.0,231,3
TCKT-104129,Critical,Network Issue,Network Ops,Chat,45.0,18.0,217,2
TCKT-156711,Medium,Access Request,Security,Phone,175.0,8.0,153,1
TCKT-102984,High,Hardware Failure,Customer Service,Email,104.0,6.0,171,3
TCKT-102759,Critical,Network Issue,IT Support,Chat,43.0,14.0,315,4
TCKT-125592,Critical,Access Request,Network Ops,Chat,58.0,15.0,210,2
TCKT-197361,High,Hardware Failure,Security,Chat,113.0,15.0,179,2
TCKT-184374,Low,General Inquiry,IT Support,Portal,223.0,1.0,116,1
TCKT-158309,Medium,Access Request,Network Ops,Email,172.0,1.0,162,1
TCKT-162008,High,Access Request,Development,Portal,120.0,21.0,176,2
TCKT-135026,Medium,General Inquiry,Network Ops,Chat,176.0,20.0,188,0
TCKT-164994,Low,Network Issue,Network Ops,Chat,231.0,5.0,203,1
TCKT-117342,High,General Inquiry,Network Ops,Phone,117.0,6.0,219,3
TCKT-168315,Medium,General Inquiry,Development,Chat,178.0,18.0,188,0
TCKT-125299,Low,Access Request,Customer Service,Chat,222.0,4.0,135,1
TCKT-190569,Medium,Hardware Failure,Network Ops,Phone,175.0,12.0,178,1
TCKT-183418,Low,Network Issue,Security,Portal,226.0,18.0,151,0
TCKT-101838,High,Access Request,Development,Email,115.0,23.0,277,2
TCKT-192624,Critical,Network Issue,Customer Service,Portal,40.0,11.0,223,3
TCKT-134811,Critical,Software Bug,Development,Email,44.0,3.0,303,4
TCKT-112958,Low,Access Request,Network Ops,Phone,234.0,16.0,153,0
TCKT-149997,Medium,General Inquiry,Network Ops,Portal,171.0,17.0,225,2
TCKT-120610,Critical,Hardware Failure,Network Ops,Email,50.0,8.0,188,3
TCKT-194117,Critical,General Inquiry,Security,Portal,49.0,4.0,303,4
TCKT-157293,Medium,Hardware Failure,IT Support,Phone,160.0,16.0,187,0
TCKT-185338,High,Hardware Failure,Customer Service,Phone,107.0,16.0,211,2
TCKT-132168,Critical,Access Request,Network Ops,Phone,55.0,23.0,207,2
TCKT-140934,Medium,Access Request,Development,Email,169.0,7.0,182,1
TCKT-132518,High,Network Issue,IT Support,Email,108.0,10.0,244,4
TCKT-167351,Medium,Software Bug,Network Ops,Phone,165.0,12.0,174,1
TCKT-116714,High,Network Issue,Customer Service,Email,115.0,5.0,167,3
TCKT-163394,Medium,Access Request,Network Ops,Chat,161.0,10.0,160,1
TCKT-157441,Medium,Access Request,Network Ops,Email,177.0,19.0,162,0
TCKT-113309,Low,General Inquiry,Customer Service,Phone,225.0,7.0,202,1
TCKT-105382,Medium,General Inquiry,Development,Phone,177.0,0.0,225,1
TCKT-152221,Low,Hardware Failure,Security,Portal,235.0,8.0,167,1
TCKT-112429,High,Network Issue,IT Support,Phone,113.0,2.0,245,3
TCKT-188177,High,Hardware Failure,IT Support,Email,119.0,18.0,197,2
TCKT-155319,High,General Inquiry,Customer Service,Portal,110.0,9.0,228,3
TCKT-112116,Medium,Network Issue,Customer Service,Portal,161.0,2.0,198,1
TCKT-127680,Critical,Access Request,Customer Service,Chat,55.0,19.0,181,2
TCKT-106327,High,Access Request,Network Ops,Portal,108.0,17.0,178,2
TCKT-102557,Critical,Access Request,Security,Chat,58.0,10.0,280,4
TCKT-190280,Low,Software Bug,Network Ops,Chat,226.0,20.0,178,0
TCKT-149663,Critical,Software Bug,Customer Service,Portal,59.0,12.0,211,3
TCKT-149057,High,General Inquiry,IT Support,Email,104.0,8.0,284,4
TCKT-163001,Critical,General Inquiry,Security,Chat,56.0,18.0,213,2
TCKT-179610,Critical,General Inquiry,Security,Chat,51.0,11.0,292,4
TCKT-199147,Low,Network Issue,IT Support,Email,240.0,12.0,259,0
TCKT-175478,Medium,Software Bug,Network Ops,Phone,167.0,8.0,175,1
TCKT-186182,Low,General Inquiry,Development,Phone,229.0,22.0,179,0
TCKT-122436,Low,Software Bug,Customer Service,Portal,224.0,12.0,180,0
TCKT-139453,High,Hardware Failure,Security,Portal,116.0,8.0,190,3
TCKT-124944,Critical,Hardware Failure,Security,Email,45.0,23.0,205,2
TCKT-160665,Critical,Hardware Failure,Security,Portal,51.0,22.0,188,2
TCKT-186290,Low,Access Request,Customer Service,Email,240.0,2.0,153,1
TCKT-109711,Medium,Network Issue,Security,Portal,170.0,11.0,270,4
TCKT-172493,Low,General Inquiry,IT Support,Phone,240.0,9.0,246,1
TCKT-188440,Medium,General Inquiry,Security,Email,163.0,19.0,253,4
TCKT-150640,Critical,Access Request,IT Support,Portal,55.0,8.0,215,3
TCKT-148507,High,Hardware Failure,Development,Chat,109.0,8.0,282,4
TCKT-156969,Critical,Network Issue,IT Support,Email,48.0,17.0,232,2
TCKT-101620,Medium,Hardware Failure,Customer Service,Chat,176.0,18.0,189,0
TCKT-153455,Medium,Software Bug,Network Ops,Chat,165.0,0.0,174,1
TCKT-116777,High,Software Bug,IT Support,Chat,107.0,5.0,268,4
TCKT-191631,Critical,Access Request,Customer Service,Portal,46.0,19.0,181,2
TCKT-118973,Medium,Hardware Failure,Network Ops,Email,160.0,5.0,181,1
TCKT-116709,Critical,Network Issue,IT Support,Chat,41.0,1.0,315,4
TCKT-186473,Medium,Access Request,Customer Service,Chat,167.0,19.0,160,0
TCKT-129520,High,General Inquiry,Development,Phone,112.0,11.0,229,4
TCKT-145887,High,Hardware Failure,Development,Phone,104.0,6.0,179,3
TCKT-114906,Critical,General Inquiry,Network Ops,Phone,56.0,8.0,226,3
TCKT-124390,Low,Access Request,Development,Chat,229.0,12.0,161,0
TCKT-103786,Low,Access Request,Development,Email,220.0,15.0,153,0
TCKT-172948,High,Software Bug,Security,Phone,118.0,7.0,290,4
TCKT-142419,Low,General Inquiry,Development,Phone,235.0,17.0,162,0
TCKT-181013,Critical,Hardware Failure,Customer Service,Phone,40.0,14.0,205,3
TCKT-110888,High,Hardware Failure,Development,Email,100.0,0.0,271,3
TCKT-146119,Low,Network Issue,IT Support,Portal,236.0,10.0,287,4
TCKT-124472,Critical,General Inquiry,Customer Service,Email,57.0,19.0,231,2
TCKT-154512,Low,Hardware Failure,IT Support,Chat,223.0,21.0,166,0
TCKT-184140,Low,General Inquiry,Customer Service,Email,232.0,3.0,162,1
TCKT-189202,Medium,Network Issue,Customer Service,Phone,165.0,1.0,189,1
TCKT-187881,Low,Access Request,Network Ops,Email,236.0,23.0,132,0
TCKT-187401,High,Hardware Failure,Security,Portal,102.0,22.0,212,2
TCKT-114898,High,Network Issue,Development,Phone,118.0,20.0,210,2
TCKT-129101,Low,Software Bug,Customer Service,Phone,224.0,2.0,148,1
TCKT-105588,High,Network Issue,Customer Service,Phone,106.0,12.0,167,3
TCKT-197365,Critical,Access Request,Development,Email,53.0,3.0,181,3
TCKT-136439,Critical,Access Request,Security,Portal,60.0,4.0,285,4
TCKT-120621,Critical,Software Bug,Network Ops,Portal,40.0,11.0,181,2
TCKT-177251,High,Access Request,Network Ops,Email,119.0,16.0,192,2
TCKT-171190,Critical,Access Request,Customer Service,Chat,59.0,22.0,207,2
TCKT-157588,High,Software Bug,Security,Portal,109.0,15.0,254,2
TCKT-101800,High,Access Request,Security,Portal,117.0,20.0,246,2
TCKT-197123,Low,Software Bug,IT Support,Email,227.0,19.0,204,0
TCKT-130445,Low,General Inquiry,Customer Service,Phone,224.0,12.0,116,0
TCKT-153524,Medium,Network Issue,Network Ops,Phone,163.0,7.0,204,1
TCKT-135384,Medium,Access Request,Security,Email,169.0,5.0,174,1
TCKT-175532,High,General Inquiry,Security,Portal,111.0,21.0,219,2
TCKT-154926,Low,Hardware Failure,Security,Chat,233.0,19.0,269,0
TCKT-193125,Critical,Network Issue,IT Support,Portal,40.0,16.0,231,2
TCKT-144435,Critical,General Inquiry,Security,Portal,43.0,5.0,233,3
TCKT-183642,Critical,Software Bug,IT Support,Portal,50.0,0.0,295,4
TCKT-191482,Medium,General Inquiry,Development,Chat,171.0,5.0,224,1
TCKT-115982,Low,Network Issue,Customer Service,Email,240.0,4.0,203,1
TCKT-150892,High,General Inquiry,Network Ops,Phone,118.0,3.0,166,1
TCKT-179453,Low,General Inquiry,Development,Phone,235.0,2.0,172,1
TCKT-129511,High,Network Issue,Customer Service,Phone,120.0,2.0,167,3
TCKT-165751,Critical,Network Issue,Network Ops,Phone,55.0,3.0,231,3
TCKT-129993,Critical,Hardware Failure,IT Support,Phone,60.0,5.0,317,4
TCKT-188350,Medium,Hardware Failure,IT Support,Chat,167.0,11.0,181,1
TCKT-112214,Medium,Access Request,Network Ops,Email,160.0,5.0,182,1
TCKT-171932,High,Network Issue,Security,Email,119.0,9.0,267,4
TCKT-160083,Critical,Software Bug,Network Ops,Chat,43.0,8.0,181,3
TCKT-192487,Medium,Access Request,Network Ops,Portal,168.0,20.0,182,0
TCKT-119009,Medium,General Inquiry,IT Support,Portal,164.0,10.0,285,4
TCKT-113938,High,Access Request,Security,Email,101.0,21.0,178,2
TCKT-170637,Medium,Network Issue,Network Ops,Chat,163.0,1.0,161,1
TCKT-154674,Low,Access Request,Development,Chat,221.0,8.0,135,1
TCKT-180304,Medium,Network Issue,Network Ops,Email,180.0,17.0,169,0
TCKT-144443,Medium,Software Bug,IT Support,Chat,174.0,22.0,251,2
TCKT-179197,Critical,General Inquiry,Security,Portal,46.0,0.0,279,4
TCKT-126020,High,General Inquiry,Customer Service,Portal,110.0,23.0,199,2
TCKT-129684,Medium,Software Bug,Network Ops,Email,164.0,8.0,167,1
TCKT-160380,Medium,Hardware Failure,Development,Email,170.0,0.0,207,1
TCKT-148320,Critical,Access Request,Security,Email,54.0,6.0,303,4
TCKT-124024,Medium,Hardware Failure,Security,Phone,160.0,2.0,277,4
TCKT-147163,High,Hardware Failure,IT Support,Portal,120.0,1.0,295,4
TCKT-114337,Medium,General Inquiry,Network Ops,Portal,160.0,4.0,225,1
TCKT-161867,Low,Access Request,Customer Service,Portal,226.0,15.0,153,0
TCKT-184938,Medium,Software Bug,IT Support,Portal,179.0,2.0,174,1
TCKT-105761,High,Hardware Failure,Customer Service,Phone,115.0,20.0,180,2
TCKT-133751,Low,Software Bug,Security,Portal,228.0,17.0,180,0
TCKT-196638,Medium,Network Issue,Customer Service,Portal,161.0,3.0,161,1
TCKT-121723,Critical,Access Request,Customer Service,Phone,57.0,21.0,210,2
TCKT-160087,High,Access Request,IT Support,Phone,119.0,5.0,185,3
TCKT-115424,Critical,Access Request,Network Ops,Chat,55.0,1.0,204,3
TCKT-125936,Critical,General Inquiry,Customer Service,Portal,58.0,1.0,222,3
TCKT-106201,Low,General Inquiry,Customer Service,Chat,232.0,10.0,116,0
TCKT-197295,High,Hardware Failure,IT Support,Portal,100.0,17.0,253,2
TCKT-123842,Critical,Access Request,IT Support,Email,52.0,18.0,266,4
TCKT-153860,High,Access Request,Customer Service,Chat,110.0,23.0,176,2
TCKT-169767,Low,Software Bug,Network Ops,Portal,223.0,6.0,148,1
TCKT-137942,Critical,Software Bug,Network Ops,Phone,60.0,20.0,222,2
TCKT-131612,Critical,Access Request,Security,Portal,60.0,11.0,204,3
TCKT-114351,High,Access Request,IT Support,Email,102.0,8.0,199,3
TCKT-161038,Low,Network Issue,Customer Service,Chat,231.0,15.0,157,0
TCKT-155191,Medium,Network Issue,Security,Portal,166.0,14.0,239,2
TCKT-111000,Medium,Access Request,Network Ops,Email,177.0,6.0,174,1
TCKT-103318,Low,Hardware Failure,Network Ops,Chat,222.0,19.0,166,0
TCKT-175476,Low,Access Request,Customer Service,Portal,224.0,18.0,117,0
TCKT-169917,Medium,Software Bug,Development,Phone,170.0,3.0,169,1
TCKT-185505,Medium,Access Request,IT Support,Email,177.0,18.0,182,0
TCKT-111755,Low,Hardware Failure,Development,Portal,228.0,21.0,159,0
TCKT-153816,Critical,General Inquiry,Security,Phone,52.0,6.0,301,4
TCKT-130190,Critical,General Inquiry,Customer Service,Phone,60.0,2.0,233,3
TCKT-117376,Medium,Software Bug,IT Support,Phone,166.0,2.0,230,1
TCKT-188058,High,Network Issue,Network Ops,Email,100.0,11.0,188,3
TCKT-190405,Low,Network Issue,Development,Chat,224.0,10.0,144,1
TCKT-138757,Critical,Software Bug,IT Support,Email,45.0,2.0,207,3
TCKT-188670,Medium,General Inquiry,Development,Phone,170.0,7.0,143,1
TCKT-146628,High,Hardware Failure,IT Support,Chat,119.0,6.0,281,4
TCKT-145855,Medium,Access Request,Customer Service,Portal,175.0,1.0,181,1
TCKT-165347,High,Access Request,IT Support,Chat,120.0,16.0,185,2
TCKT-120906,Critical,Hardware Failure,Network Ops,Phone,43.0,19.0,187,2
TCKT-125153,Low,Hardware Failure,Network Ops,Email,222.0,23.0,195,0
TCKT-168255,Low,Network Issue,IT Support,Phone,231.0,9.0,259,4
TCKT-165161,Medium,Network Issue,Development,Phone,176.0,18.0,189,0
TCKT-191484,Medium,Hardware Failure,Development,Email,179.0,23.0,207,0
TCKT-143469,Low,Access Request,Network Ops,Chat,232.0,20.0,148,0
TCKT-128562,High,Network Issue,IT Support,Email,102.0,11.0,253,4
TCKT-153852,High,Hardware Failure,Network Ops,Portal,109.0,4.0,190,3
TCKT-122048,High,Network Issue,IT Support,Email,113.0,22.0,272,2
TCKT-123487,Critical,Hardware Failure,IT Support,Chat,48.0,21.0,274,4
TCKT-111553,Critical,Access Request,Network Ops,Chat,57.0,8.0,233,3
TCKT-116191,High,Hardware Failure,Development,Portal,103.0,9.0,171,3
TCKT-173152,Critical,Hardware Failure,Security,Portal,52.0,13.0,205,2
TCKT-144883,Medium,General Inquiry,IT Support,Portal,166.0,13.0,188,1
TCKT-160723,Low,Access Request,Development,Phone,236.0,1.0,216,1
TCKT-184768,High,Software Bug,Security,Portal,108.0,8.0,177,3
TCKT-145270,Low,General Inquiry,Security,Phone,233.0,23.0,162,0
TCKT-125812,Critical,Network Issue,Security,Portal,59.0,16.0,293,4
TCKT-199665,Critical,Hardware Failure,Security,Phone,52.0,8.0,218,3
TCKT-126381,Low,Access Request,IT Support,Portal,236.0,18.0,191,0
TCKT-108253,Medium,Software Bug,Customer Service,Phone,175.0,22.0,174,0
TCKT-155742,Medium,Network Issue,Security,Portal,161.0,1.0,259,3
TCKT-129741,Critical,General Inquiry,Network Ops,Chat,50.0,1.0,222,3
TCKT-143402,Critical,Access Request,Development,Phone,59.0,23.0,296,4
TCKT-167881,Low,Software Bug,Customer Service,Email,224.0,22.0,164,0
TCKT-186737,High,Network Issue,Customer Service,Chat,118.0,23.0,191,2
TCKT-197503,Medium,Hardware Failure,IT Support,Email,179.0,5.0,265,4
TCKT-167621,Low,Software Bug,IT Support,Portal,224.0,15.0,204,0
TCKT-184468,Low,Access Request,Development,Portal,235.0,14.0,149,0
TCKT-153206,Low,Software Bug,Security,Email,225.0,11.0,130,0
TCKT-151350,High,Network Issue,Network Ops,Phone,101.0,23.0,189,2
TCKT-106912,High,Hardware Failure,IT Support,Portal,114.0,18.0,235,2
TCKT-155695,Critical,Network Issue,Development,Phone,51.0,23.0,263,2
TCKT-131835,High,Access Request,Customer Service,Phone,113.0,14.0,176,2
TCKT-117470,Critical,Software Bug,Customer Service,Portal,57.0,1.0,205,3
TCKT-147977,High,Access Request,Development,Portal,107.0,5.0,196,3
TCKT-190426,High,Software Bug,IT Support,Chat,119.0,13.0,273,4
TCKT-110229,High,Software Bug,Development,Portal,120.0,19.0,212,2
TCKT-112595,High,Access Request,IT Support,Phone,104.0,17.0,196,2
TCKT-136702,Low,Hardware Failure,Development,Phone,224.0,12.0,261,4
TCKT-147332,Medium,General Inquiry,IT Support,Email,169.0,17.0,285,4
TCKT-175569,Medium,Network Issue,Network Ops,Chat,169.0,16.0,189,0
TCKT-181392,High,Access Request,Customer Service,Email,101.0,1.0,199,3
TCKT-167253,Medium,Hardware Failure,Development,Portal,174.0,6.0,270,4
TCKT-166406,Medium,Hardware Failure,Network Ops,Portal,168.0,15.0,161,0
TCKT-136482,Low,Software Bug,Network Ops,Email,240.0,3.0,164,1
TCKT-145521,Critical,General Inquiry,Network Ops,Chat,40.0,4.0,279,4
TCKT-120138,High,Hardware Failure,Customer Service,Phone,103.0,8.0,190,3
TCKT-140769,Medium,Software Bug,Network Ops,Portal,180.0,14.0,169,0
TCKT-189634,Low,General Inquiry,Customer Service,Portal,237.0,15.0,162,0
TCKT-141116,High,Software Bug,IT Support,Phone,115.0,21.0,273,4
TCKT-191256,High,General Inquiry,Customer Service,Email,119.0,8.0,166,3
TCKT-133549,Low,Software Bug,Development,Email,231.0,23.0,260,0
TCKT-151547,Critical,Software Bug,Network Ops,Portal,46.0,21.0,211,2
TCKT-189598,Medium,General Inquiry,Network Ops,Portal,165.0,6.0,188,1
TCKT-110679,Medium,Access Request,Customer Service,Chat,167.0,15.0,174,0
TCKT-117610,Medium,General Inquiry,Network Ops,Phone,168.0,17.0,183,0
TCKT-153968,Critical,General Inquiry,Network Ops,Email,48.0,4.0,279,4
TCKT-111125,Low,General Inquiry,IT Support,Portal,223.0,16.0,172,0
TCKT-130350,High,Network Issue,Network Ops,Phone,102.0,20.0,229,2
TCKT-188450,Medium,General Inquiry,IT Support,Portal,168.0,13.0,211,1
TCKT-111709,Low,Hardware Failure,Development,Portal,235.0,23.0,166,0
TCKT-144089,High,General Inquiry,Customer Service,Email,107.0,21.0,219,2
TCKT-176780,Medium,Network Issue,IT Support,Portal,180.0,14.0,161,0
TCKT-181001,High,Hardware Failure,IT Support,Chat,101.0,2.0,263,4
TCKT-181151,High,Access Request,Security,Phone,112.0,2.0,176,3
TCKT-124607,Critical,Network Issue,Development,Email,52.0,16.0,203,2
TCKT-162539,Low,Network Issue,IT Support,Portal,220.0,15.0,144,0
TCKT-149879,High,Software Bug,Customer Service,Phone,110.0,1.0,220,3
TCKT-170386,Low,Access Request,Security,Email,226.0,4.0,117,1
TCKT-188511,High,General Inquiry,Network Ops,Chat,118.0,2.0,199,1
TCKT-135259,Critical,General Inquiry,Development,Portal,60.0,10.0,210,3
TCKT-125295,Low,Software Bug,IT Support,Phone,222.0,10.0,263,4
TCKT-173107,Critical,Network Issue,Network Ops,Chat,43.0,2.0,223,3
TCKT-175576,High,Hardware Failure,Security,Chat,110.0,15.0,212,2
TCKT-139403,Critical,Hardware Failure,Customer Service,Phone,50.0,10.0,218,3
TCKT-158454,Critical,Hardware Failure,Security,Portal,53.0,9.0,288,4
TCKT-151034,Critical,Hardware Failure,Customer Service,Email,47.0,20.0,205,2
TCKT-145223,Medium,Network Issue,Development,Chat,173.0,4.0,285,4
TCKT-151832,Critical,Software Bug,Network Ops,Email,57.0,9.0,209,3
TCKT-110031,Medium,Hardware Failure,Development,Email,170.0,16.0,270,4
TCKT-158350,Low,Access Request,Customer Service,Chat,222.0,18.0,153,0
TCKT-173070,Medium,General Inquiry,Customer Service,Phone,170.0,10.0,180,1
TCKT-105345,Low,Network Issue,Network Ops,Chat,222.0,11.0,153,1
TCKT-136997,Low,Network Issue,IT Support,Email,226.0,13.0,200,0
TCKT-168112,Critical,Hardware Failure,Network Ops,Chat,48.0,4.0,188,3
TCKT-175211,High,Access Request,Network Ops,Email,114.0,2.0,199,3
TCKT-149340,Low,Hardware Failure,Customer Service,Phone,224.0,7.0,180,1
TCKT-179155,High,Access Request,Development,Phone,103.0,12.0,176,2
TCKT-169513,High,Software Bug,Network Ops,Chat,110.0,0.0,184,1
TCKT-168821,Critical,Software Bug,Development,Chat,56.0,12.0,286,4
TCKT-171513,Low,Network Issue,Customer Service,Email,238.0,10.0,157,0
TCKT-131780,Critical,General Inquiry,Development,Chat,58.0,18.0,312,4
TCKT-133238,Medium,Access Request,IT Support,Email,167.0,8.0,265,4
TCKT-141402,High,Access Request,Customer Service,Email,101.0,16.0,192,2
TCKT-166096,Low,Access Request,Security,Email,236.0,18.0,153,0
TCKT-112510,High,Network Issue,Development,Email,117.0,19.0,189,2
TCKT-199200,Medium,Access Request,IT Support,Email,165.0,5.0,246,1
TCKT-155040,Critical,Network Issue,Security,Email,60.0,21.0,333,4
TCKT-193984,High,General Inquiry,Customer Service,Phone,112.0,11.0,235,4
TCKT-167226,High,Network Issue,IT Support,Phone,106.0,17.0,188,2
TCKT-125244,Critical,Access Request,Network Ops,Phone,53.0,12.0,181,3
TCKT-113843,Medium,Software Bug,Security,Phone,180.0,2.0,166,1
TCKT-190970,Low,Software Bug,Security,Chat,222.0,6.0,165,1
TCKT-111935,High,Hardware Failure,Security,Chat,116.0,3.0,281,4
TCKT-112085,Medium,Hardware Failure,Customer Service,Phone,170.0,11.0,154,0
TCKT-114712,Critical,Software Bug,Customer Service,Chat,48.0,12.0,207,3
TCKT-105032,Critical,Access Request,IT Support,Portal,55.0,11.0,317,4
TCKT-178665,Low,Hardware Failure,Development,Phone,234.0,2.0,276,1
TCKT-101582,Critical,Hardware Failure,IT Support,Phone,40.0,3.0,289,4
TCKT-159622,Critical,Software Bug,Development,Email,46.0,12.0,284,4
TCKT-130731,Low,Access Request,Network Ops,Portal,224.0,14.0,129,0
TCKT-144527,Low,Access Request,Security,Portal,228.0,23.0,148,0
TCKT-112392,Low,Software Bug,Network Ops,Portal,237.0,7.0,164,1
TCKT-186968,High,Software Bug,Security,Email,112.0,12.0,189,2
TCKT-143817,High,Network Issue,Security,Email,101.0,1.0,188,3
TCKT-114070,Medium,Access Request,Security,Chat,169.0,4.0,252,1
TCKT-167502,Critical,Hardware Failure,Security,Portal,46.0,17.0,240,2
TCKT-153668,High,General Inquiry,IT Support,Portal,107.0,5.0,291,4
TCKT-194752,Low,General Inquiry,Development,Phone,229.0,10.0,197,1
TCKT-116911,High,Hardware Failure,Network Ops,Chat,109.0,10.0,179,2
TCKT-126222,Critical,Hardware Failure,Development,Phone,58.0,0.0,299,4
TCKT-163089,Low,Network Issue,Development,Phone,240.0,1.0,151,1
TCKT-131535,High,Software Bug,Network Ops,Phone,114.0,23.0,185,2
TCKT-155558,Medium,Access Request,Security,Portal,164.0,17.0,181,0
TCKT-192670,Medium,Software Bug,Development,Portal,180.0,0.0,167,1
TCKT-115571,Low,Software Bug,Security,Chat,228.0,4.0,179,1
TCKT-129179,Low,General Inquiry,Customer Service,Phone,226.0,6.0,202,1
TCKT-136944,Critical,Hardware Failure,Network Ops,Email,41.0,22.0,188,2
TCKT-156938,Medium,Software Bug,IT Support,Chat,176.0,17.0,258,4
TCKT-177504,Critical,Access Request,Network Ops,Phone,41.0,12.0,233,4
TCKT-163836,High,General Inquiry,Customer Service,Phone,111.0,21.0,219,2
TCKT-158398,Low,Access Request,Security,Phone,229.0,8.0,153,0
TCKT-185512,Medium,Access Request,Development,Email,160.0,22.0,241,2
TCKT-194404,Low,General Inquiry,Customer Service,Chat,238.0,0.0,116,1
TCKT-147209,High,Network Issue,Customer Service,Chat,100.0,11.0,210,3
TCKT-182191,Low,Hardware Failure,Development,Portal,237.0,13.0,166,0
TCKT-169904,Critical,Software Bug,Development,Email,58.0,7.0,205,3
TCKT-147253,High,General Inquiry,Security,Phone,102.0,5.0,213,3
TCKT-136951,Low,Access Request,IT Support,Portal,221.0,22.0,205,0
TCKT-144147,Low,Access Request,Network Ops,Portal,234.0,3.0,161,1
TCKT-190169,Low,Network Issue,IT Support,Portal,222.0,5.0,167,1
TCKT-143222,High,Software Bug,IT Support,Chat,117.0,13.0,296,4
TCKT-186908,Low,General Inquiry,Network Ops,Phone,236.0,11.0,179,0
TCKT-133031,High,Hardware Failure,IT Support,Chat,118.0,9.0,267,4
TCKT-117222,Low,Software Bug,Network Ops,Phone,235.0,0.0,164,1
TCKT-180998,Critical,Network Issue,Development,Email,52.0,21.0,312,4
TCKT-131455,Medium,Access Request,Development,Phone,170.0,9.0,160,1
TCKT-132426,Medium,Network Issue,Development,Email,162.0,10.0,281,4
TCKT-126639,Medium,Hardware Failure,IT Support,Portal,171.0,13.0,187,0
TCKT-126058,Critical,Network Issue,Customer Service,Chat,60.0,9.0,232,3
TCKT-197387,Low,Software Bug,Security,Chat,227.0,13.0,250,0
TCKT-167057,Low,General Inquiry,Development,Email,237.0,0.0,260,1
TCKT-135589,Medium,Access Request,Security,Phone,161.0,2.0,146,1
TCKT-131182,Critical,Network Issue,Customer Service,Chat,47.0,13.0,197,3
TCKT-156136,Low,Access Request,IT Support,Email,237.0,7.0,149,1
TCKT-112224,Low,Access Request,IT Support,Chat,235.0,4.0,219,1
TCKT-178637,Low,Hardware Failure,IT Support,Chat,220.0,15.0,199,0
TCKT-139290,Medium,Hardware Failure,Customer Service,Portal,165.0,17.0,178,0
TCKT-188986,High,General Inquiry,Development,Chat,113.0,7.0,219,3
TCKT-169478,Medium,General Inquiry,Customer Service,Chat,177.0,12.0,193,1
TCKT-172756,Low,General Inquiry,Development,Phone,240.0,11.0,121,0
TCKT-117988,Medium,Access Request,Development,Email,173.0,15.0,234,0
TCKT-189300,High,Network Issue,Customer Service,Portal,106.0,17.0,188,2
TCKT-166786,High,Hardware Failure,Development,Email,119.0,21.0,190,2
TCKT-155873,Low,Software Bug,Development,Phone,227.0,0.0,165,1
TCKT-120941,Medium,General Inquiry,Development,Email,180.0,9.0,193,1
TCKT-195293,High,Access Request,Network Ops,Email,101.0,20.0,199,2
TCKT-137278,Critical,General Inquiry,IT Support,Chat,58.0,13.0,363,4
TCKT-189308,Medium,Hardware Failure,Security,Phone,173.0,12.0,161,0
TCKT-140207,Medium,Software Bug,Development,Chat,180.0,8.0,250,1
TCKT-174635,Medium,Hardware Failure,Network Ops,Email,165.0,8.0,183,1
TCKT-173321,Medium,Hardware Failure,Network Ops,Phone,165.0,20.0,189,0
TCKT-100948,High,General Inquiry,Development,Chat,107.0,19.0,212,2
TCKT-162800,Critical,Network Issue,Customer Service,Phone,40.0,7.0,223,3
TCKT-171128,Low,General Inquiry,Development,Portal,239.0,6.0,116,1
TCKT-154164,Critical,Access Request,Development,Portal,45.0,8.0,210,3
TCKT-163942,Low,Software Bug,IT Support,Portal,237.0,6.0,220,1
TCKT-104634,Low,Network Issue,Network Ops,Email,237.0,3.0,189,1
TCKT-128142,Low,Software Bug,Network Ops,Email,229.0,8.0,164,1
TCKT-171682,High,Network Issue,Network Ops,Portal,120.0,10.0,229,2
TCKT-115853,Critical,Network Issue,Development,Chat,48.0,7.0,278,4
TCKT-169449,Critical,Network Issue,Security,Portal,40.0,14.0,232,2
TCKT-148161,Medium,Software Bug,Development,Chat,178.0,14.0,174,0
TCKT-147012,Critical,Network Issue,Security,Phone,60.0,1.0,197,3
TCKT-161605,Critical,Hardware Failure,Development,Chat,58.0,11.0,218,3
TCKT-183544,Medium,Hardware Failure,Development,Email,169.0,0.0,207,1
TCKT-118953,Low,General Inquiry,Development,Chat,238.0,15.0,253,0
TCKT-183473,Low,Network Issue,Customer Service,Portal,222.0,22.0,181,0
TCKT-156537,High,Software Bug,Security,Phone,114.0,13.0,189,2
TCKT-137687,High,Software Bug,Development,Portal,107.0,20.0,177,2
TCKT-137933,High,Access Request,Security,Chat,112.0,9.0,199,3
TCKT-179632,Critical,General Inquiry,Customer Service,Phone,49.0,0.0,233,3
TCKT-134487,Low,General Inquiry,Security,Phone,234.0,18.0,272,0
TCKT-163952,Low,General Inquiry,Customer Service,Email,223.0,12.0,202,0
TCKT-196291,Low,General Inquiry,IT Support,Email,231.0,14.0,162,0
TCKT-168951,Medium,Network Issue,Network Ops,Phone,180.0,12.0,200,1
TCKT-132936,High,General Inquiry,Network Ops,Portal,116.0,10.0,213,2
TCKT-138539,High,Software Bug,Development,Email,106.0,4.0,189,3
TCKT-161942,High,General Inquiry,Security,Email,114.0,2.0,289,4
TCKT-174659,Critical,Access Request,Development,Email,47.0,13.0,291,4
TCKT-141024,Critical,Network Issue,IT Support,Chat,48.0,21.0,281,4
TCKT-162372,Low,Network Issue,Development,Portal,228.0,19.0,189,0
TCKT-138998,High,Software Bug,IT Support,Portal,103.0,17.0,276,4
TCKT-105505,Medium,Software Bug,IT Support,Portal,177.0,15.0,251,4
TCKT-186522,Critical,Hardware Failure,Customer Service,Chat,60.0,12.0,188,3
TCKT-131744,Medium,Access Request,Security,Phone,161.0,10.0,232,1
TCKT-157343,Medium,Hardware Failure,Customer Service,Portal,171.0,16.0,154,0
TCKT-104558,Medium,General Inquiry,IT Support,Portal,173.0,17.0,229,2
TCKT-180740,Low,Software Bug,Development,Phone,226.0,18.0,180,0
TCKT-195330,Low,Hardware Failure,Security,Portal,225.0,21.0,204,0
TCKT-139018,Low,Network Issue,Customer Service,Phone,239.0,11.0,153,0
TCKT-137054,Low,General Inquiry,IT Support,Chat,228.0,0.0,263,1
TCKT-109255,High,Access Request,Development,Email,103.0,3.0,178,3
TCKT-104536,Critical,Network Issue,Security,Phone,60.0,7.0,197,3
TCKT-129028,Critical,Hardware Failure,Security,Portal,50.0,21.0,187,2
TCKT-165209,Low,General Inquiry,Network Ops,Chat,233.0,9.0,179,1
TCKT-190270,High,Hardware Failure,Customer Service,Portal,107.0,17.0,211,2
TCKT-146048,Medium,Network Issue,Network Ops,Portal,179.0,13.0,189,1
TCKT-133244,Low,Access Request,Security,Phone,238.0,4.0,129,1
TCKT-150506,Low,Network Issue,IT Support,Phone,234.0,5.0,265,1
TCKT-182824,Medium,General Inquiry,Customer Service,Email,164.0,13.0,188,0
TCKT-103869,Medium,Software Bug,Security,Phone,176.0,13.0,244,4
TCKT-135880,Low,Network Issue,Network Ops,Chat,225.0,17.0,189,0
TCKT-113762,Critical,General Inquiry,IT Support,Email,49.0,3.0,222,3
TCKT-199935,Low,Access Request,Security,Email,235.0,13.0,132,0
TCKT-153681,Low,General Inquiry,Development,Chat,227.0,10.0,243,1
TCKT-129166,Critical,Network Issue,Network Ops,Email,42.0,4.0,263,3
TCKT-142926,Critical,Software Bug,IT Support,Email,59.0,3.0,278,4
TCKT-148019,High,Hardware Failure,Customer Service,Email,103.0,3.0,190,3
TCKT-179552,High,Network Issue,Customer Service,Chat,119.0,3.0,188,3
TCKT-198163,High,Network Issue,IT Support,Portal,107.0,11.0,275,4
TCKT-146656,Low,Access Request,Development,Phone,239.0,7.0,210,1
TCKT-143933,High,Network Issue,Development,Chat,108.0,7.0,188,3
TCKT-145605,High,Network Issue,Development,Portal,107.0,16.0,197,2
TCKT-183854,Medium,Network Issue,Customer Service,Email,160.0,1.0,186,1
TCKT-131896,High,Network Issue,Customer Service,Email,116.0,22.0,188,2
TCKT-159009,Critical,General Inquiry,Security,Portal,48.0,3.0,280,4
TCKT-196647,Low,Software Bug,IT Support,Chat,230.0,9.0,178,1
TCKT-160964,Medium,Software Bug,Customer Service,Email,162.0,2.0,178,1
TCKT-108374,Critical,Network Issue,IT Support,Phone,50.0,1.0,231,3
TCKT-161715,Low,Software Bug,Security,Portal,226.0,1.0,180,1
TCKT-175786,High,General Inquiry,IT Support,Phone,112.0,22.0,297,4
TCKT-118877,Medium,Access Request,Network Ops,Chat,175.0,13.0,146,0
TCKT-189470,Low,Hardware Failure,Customer Service,Phone,225.0,16.0,159,0
TCKT-194464,Critical,Software Bug,Customer Service,Portal,48.0,3.0,211,3
TCKT-145413,Low,Hardware Failure,Customer Service,Chat,234.0,4.0,166,1
TCKT-177677,Low,Hardware Failure,Development,Email,223.0,4.0,199,1
TCKT-193830,Medium,Network Issue,Network Ops,Portal,169.0,19.0,161,0
TCKT-142378,Low,Software Bug,Development,Phone,224.0,4.0,164,1
TCKT-167941,Low,Access Request,IT Support,Portal,223.0,5.0,117,1
TCKT-137676,Critical,Network Issue,Customer Service,Email,41.0,4.0,203,3
TCKT-115097,Medium,Hardware Failure,Security,Chat,170.0,17.0,178,0
TCKT-128012,High,Hardware Failure,IT Support,Portal,100.0,11.0,281,4
TCKT-139294,Medium,General Inquiry,Network Ops,Portal,166.0,16.0,229,2
TCKT-139757,Critical,General Inquiry,Customer Service,Email,52.0,15.0,210,3
TCKT-176889,Medium,General Inquiry,Development,Portal,177.0,12.0,224,1
TCKT-150750,Low,Network Issue,Development,Phone,220.0,23.0,144,0
TCKT-195963,Medium,Access Request,IT Support,Phone,180.0,12.0,160,0
TCKT-146189,Critical,General Inquiry,Customer Service,Phone,51.0,4.0,222,3
TCKT-158277,Medium,Access Request,Customer Service,Email,165.0,5.0,174,1
TCKT-163157,Low,Network Issue,Network Ops,Email,232.0,22.0,181,0
TCKT-171991,High,Hardware Failure,Security,Phone,102.0,22.0,211,2
TCKT-104443,Critical,Software Bug,IT Support,Email,44.0,15.0,287,4
TCKT-128557,Low,Network Issue,Development,Portal,221.0,1.0,270,1
TCKT-178410,Critical,Network Issue,Network Ops,Phone,50.0,13.0,263,4
TCKT-124635,Low,Software Bug,Development,Email,226.0,10.0,211,1
TCKT-125112,High,Software Bug,Customer Service,Portal,120.0,7.0,189,3
TCKT-196325,Low,General Inquiry,Security,Email,223.0,17.0,202,0
TCKT-159904,High,General Inquiry,Network Ops,Phone,113.0,5.0,213,3
TCKT-161372,Critical,General Inquiry,IT Support,Phone,44.0,15.0,210,2
TCKT-190325,Critical,Hardware Failure,IT Support,Portal,45.0,1.0,271,4
TCKT-180341,High,Hardware Failure,Development,Phone,100.0,11.0,197,2
TCKT-152660,Critical,Hardware Failure,Network Ops,Email,59.0,16.0,187,2
TCKT-121957,Medium,Network Issue,Development,Chat,177.0,6.0,267,4
TCKT-158746,Low,Access Request,Security,Phone,237.0,9.0,153,0
TCKT-196042,Low,Software Bug,IT Support,Chat,224.0,21.0,232,0
TCKT-142780,Critical,Software Bug,Development,Phone,60.0,6.0,209,3
TCKT-199835,Medium,Software Bug,Network Ops,Phone,163.0,10.0,169,1
TCKT-144546,High,Software Bug,Development,Phone,114.0,21.0,185,2
TCKT-194061,Medium,General Inquiry,Security,Portal,180.0,20.0,193,0
TCKT-119358,Medium,Hardware Failure,Customer Service,Portal,170.0,19.0,178,0
TCKT-163957,Critical,Network Issue,Security,Phone,40.0,10.0,302,4
TCKT-191032,Low,General Inquiry,Development,Phone,222.0,15.0,162,0
TCKT-187472,High,Software Bug,Security,Portal,102.0,14.0,189,2
TCKT-114677,High,Network Issue,Development,Portal,119.0,17.0,210,2
TCKT-189696,Low,Network Issue,Development,Phone,235.0,2.0,203,1
TCKT-133529,High,Access Request,Customer Service,Chat,101.0,17.0,178,2
TCKT-151219,Low,Software Bug,Development,Chat,231.0,22.0,165,0
TCKT-176299,Medium,Hardware Failure,Customer Service,Email,161.0,18.0,207,0
TCKT-138080,Critical,Software Bug,Network Ops,Chat,47.0,19.0,211,2
TCKT-102599,Critical,General Inquiry,Customer Service,Chat,47.0,16.0,279,4
TCKT-199534,High,Hardware Failure,Development,Phone,111.0,19.0,171,2
TCKT-106846,Medium,General Inquiry,Network Ops,Chat,174.0,1.0,188,1
TCKT-162842,High,Network Issue,IT Support,Portal,101.0,13.0,244,2
TCKT-104277,High,Software Bug,IT Support,Chat,108.0,14.0,269,4
TCKT-181951,High,Network Issue,IT Support,Chat,101.0,3.0,188,3
TCKT-175223,High,Hardware Failure,Customer Service,Chat,120.0,3.0,201,3
TCKT-174836,High,Software Bug,Development,Chat,117.0,19.0,175,2
TCKT-150996,Medium,Software Bug,Customer Service,Portal,166.0,6.0,192,1
TCKT-131198,Medium,Access Request,Network Ops,Phone,160.0,2.0,162,1
TCKT-180777,High,Network Issue,Development,Email,111.0,21.0,310,4
TCKT-128641,Critical,Network Issue,Network Ops,Portal,55.0,16.0,231,2
TCKT-186410,Medium,Access Request,Development,Portal,177.0,14.0,174,0
TCKT-161573,High,Network Issue,Security,Portal,107.0,15.0,210,2
TCKT-149627,Medium,Software Bug,Development,Email,176.0,11.0,166,1
TCKT-181585,High,Hardware Failure,Network Ops,Portal,114.0,8.0,211,3
TCKT-154294,Medium,Network Issue,Development,Phone,177.0,14.0,204,0
TCKT-145190,Medium,General Inquiry,Network Ops,Phone,180.0,19.0,211,0
TCKT-162044,Medium,Software Bug,Security,Portal,178.0,17.0,175,0
TCKT-155789,Low,Network Issue,IT Support,Chat,229.0,12.0,251,1
TCKT-196488,Medium,Software Bug,IT Support,Portal,172.0,0.0,258,1
TCKT-148299,High,Network Issue,Security,Email,111.0,6.0,167,3
TCKT-111002,Critical,Network Issue,Security,Phone,59.0,1.0,293,4
TCKT-185781,Medium,Network Issue,IT Support,Chat,166.0,20.0,186,0
TCKT-138684,Low,General Inquiry,Network Ops,Email,236.0,8.0,116,1
TCKT-130773,High,Software Bug,Network Ops,Chat,108.0,23.0,189,2
TCKT-173448,Critical,Software Bug,Development,Chat,57.0,3.0,211,3
TCKT-100161,Critical,General Inquiry,IT Support,Phone,41.0,8.0,231,4
TCKT-155083,Medium,Hardware Failure,IT Support,Email,173.0,13.0,243,4
TCKT-167223,Low,Access Request,Network Ops,Email,227.0,22.0,148,0
TCKT-144793,Medium,Hardware Failure,Security,Email,173.0,21.0,251,2
TCKT-102002,Low,Access Request,IT Support,Chat,220.0,15.0,204,0
TCKT-124564,High,Access Request,IT Support,Chat,108.0,21.0,185,2
TCKT-157542,High,Network Issue,Development,Portal,119.0,13.0,210,2
TCKT-148480,High,Hardware Failure,Security,Email,109.0,3.0,241,3
TCKT-153574,Medium,Access Request,Development,Chat,176.0,23.0,181,0
TCKT-108951,Critical,Hardware Failure,Customer Service,Portal,48.0,1.0,218,3
TCKT-162350,Medium,Network Issue,Security,Phone,168.0,17.0,189,0
TCKT-199119,High,Hardware Failure,Development,Chat,111.0,9.0,211,3
TCKT-155409,Medium,Software Bug,IT Support,Email,163.0,18.0,259,4
TCKT-102884,Critical,Access Request,Security,Email,60.0,2.0,204,3
TCKT-157769,Low,General Inquiry,Customer Service,Portal,239.0,11.0,172,0
TCKT-190901,Low,Software Bug,Security,Phone,233.0,8.0,165,1
TCKT-120776,Critical,Access Request,Network Ops,Email,59.0,21.0,233,2
TCKT-142381,High,Hardware Failure,IT Support,Chat,107.0,22.0,268,2
TCKT-162760,Critical,Access Request,Customer Service,Portal,45.0,6.0,215,3
TCKT-113930,Critical,Network Issue,Customer Service,Portal,56.0,14.0,231,3
TCKT-103170,Medium,Network Issue,Customer Service,Chat,180.0,14.0,198,0
TCKT-163727,Low,General Inquiry,IT Support,Email,232.0,6.0,246,1
TCKT-186207,Medium,Network Issue,IT Support,Phone,160.0,14.0,282,4
TCKT-185074,Critical,Hardware Failure,IT Support,Chat,43.0,18.0,188,2
TCKT-174689,Medium,Access Request,Network Ops,Email,167.0,13.0,162,0
TCKT-169086,Medium,Network Issue,Development,Chat,177.0,20.0,250,2
TCKT-119288,Low,Hardware Failure,Security,Chat,221.0,18.0,265,0
TCKT-166951,High,Access Request,Network Ops,Portal,107.0,21.0,185,2
TCKT-196880,High,Network Issue,Network Ops,Portal,100.0,19.0,219,2
TCKT-159683,Low,Hardware Failure,Customer Service,Portal,239.0,16.0,180,0
TCKT-140367,Critical,General Inquiry,IT Support,Email,58.0,11.0,294,4
TCKT-187467,Medium,Network Issue,IT Support,Email,180.0,0.0,242,1
TCKT-186398,Medium,General Inquiry,Customer Service,Chat,178.0,6.0,143,1
TCKT-139779,Critical,Software Bug,Security,Email,49.0,11.0,273,4
TCKT-122336,Medium,Access Request,Network Ops,Phone,166.0,8.0,153,1
TCKT-152330,Low,Hardware Failure,Development,Phone,222.0,18.0,163,0
TCKT-121949,High,Network Issue,Network Ops,Email,110.0,12.0,189,2
TCKT-152355,High,Software Bug,Customer Service,Phone,117.0,6.0,177,3
TCKT-190162,High,Software Bug,IT Support,Chat,106.0,3.0,175,3
TCKT-127623,Critical,Network Issue,Security,Phone,48.0,4.0,203,3
TCKT-192877,High,General Inquiry,Customer Service,Phone,104.0,8.0,213,3
TCKT-190411,Critical,General Inquiry,IT Support,Email,47.0,7.0,307,4
TCKT-148130,Low,Hardware Failure,IT Support,Chat,234.0,20.0,236,0
TCKT-150248,Medium,Software Bug,Security,Phone,170.0,8.0,166,1
TCKT-177592,Medium,Software Bug,Network Ops,Email,164.0,6.0,166,1
TCKT-140038,High,Network Issue,Customer Service,Email,109.0,6.0,210,3
TCKT-107001,Critical,Network Issue,Development,Chat,56.0,18.0,232,2
TCKT-188805,Critical,Access Request,Development,Chat,60.0,12.0,181,3
TCKT-104040,Critical,Hardware Failure,Security,Portal,52.0,22.0,188,2
TCKT-188944,Medium,Network Issue,Development,Portal,176.0,6.0,189,1
TCKT-134651,Critical,Network Issue,Customer Service,Email,58.0,17.0,232,2
TCKT-169925,High,General Inquiry,IT Support,Email,113.0,14.0,313,4
TCKT-169469,Medium,General Inquiry,Customer Service,Chat,160.0,23.0,229,2
TCKT-166824,Critical,Software Bug,Customer Service,Portal,59.0,4.0,209,3
TCKT-185682,High,Access Request,Customer Service,Phone,120.0,18.0,216,2
TCKT-119438,Critical,Software Bug,Security,Email,49.0,11.0,273,4
TCKT-156673,High,Hardware Failure,Security,Chat,113.0,17.0,249,2
TCKT-103153,Critical,Software Bug,Network Ops,Email,51.0,15.0,203,2
TCKT-160744,High,General Inquiry,IT Support,Portal,101.0,14.0,313,4
TCKT-168382,Critical,Hardware Failure,Network Ops,Email,57.0,17.0,233,2
TCKT-120796,Medium,Hardware Failure,Customer Service,Email,171.0,6.0,181,1
TCKT-122549,Medium,Software Bug,Network Ops,Portal,175.0,2.0,175,1
TCKT-155661,Medium,Access Request,IT Support,Phone,180.0,18.0,244,0
TCKT-149030,Low,Hardware Failure,Customer Service,Email,230.0,8.0,159,1
TCKT-189701,Critical,Access Request,Network Ops,Portal,58.0,7.0,207,3
TCKT-103100,Low,Hardware Failure,Security,Phone,234.0,0.0,199,1
TCKT-111671,Low,Software Bug,Development,Phone,235.0,8.0,260,1
TCKT-154818,Medium,Hardware Failure,Network Ops,Chat,172.0,18.0,207,0
TCKT-166998,Low,Network Issue,Development,Portal,236.0,17.0,153,0
TCKT-107998,Critical,Software Bug,Security,Phone,43.0,16.0,193,2
TCKT-155875,Low,Network Issue,Security,Chat,231.0,19.0,157,0
TCKT-142859,Critical,Hardware Failure,Development,Portal,49.0,13.0,233,2
TCKT-103286,High,Network Issue,Network Ops,Email,106.0,18.0,189,2
TCKT-142041,Medium,General Inquiry,Customer Service,Email,166.0,1.0,193,1
TCKT-177318,Critical,Software Bug,Development,Portal,42.0,10.0,193,3
TCKT-169776,High,General Inquiry,Security,Portal,116.0,7.0,228,3
TCKT-118866,High,Network Issue,Network Ops,Phone,113.0,13.0,189,2
TCKT-142488,High,Hardware Failure,Development,Phone,104.0,10.0,211,3
TCKT-115637,Medium,General Inquiry,Development,Email,160.0,15.0,143,0
TCKT-113465,Low,General Inquiry,Customer Service,Phone,224.0,17.0,202,0
TCKT-171138,Critical,Access Request,Security,Chat,53.0,19.0,207,2
TCKT-125541,High,General Inquiry,Network Ops,Email,107.0,20.0,166,2
TCKT-125441,Low,Access Request,Network Ops,Portal,230.0,8.0,153,1
TCKT-187174,Low,General Inquiry,IT Support,Email,233.0,11.0,228,1
TCKT-141508,High,Network Issue,Network Ops,Email,110.0,12.0,229,2
TCKT-181422,High,General Inquiry,IT Support,Chat,115.0,6.0,285,4
TCKT-171319,Low,Hardware Failure,Network Ops,Chat,226.0,4.0,167,1
TCKT-101434,Medium,Hardware Failure,Customer Service,Portal,160.0,1.0,161,1
TCKT-123477,Medium,Network Issue,Customer Service,Portal,173.0,2.0,200,1
TCKT-154064,High,Hardware Failure,Security,Email,108.0,1.0,190,3
TCKT-169358,Medium,Network Issue,Development,Chat,160.0,8.0,200,1
TCKT-135958,Low,Software Bug,Development,Email,232.0,12.0,178,0
TCKT-150450,Low,Access Request,Development,Email,237.0,0.0,230,1
TCKT-158084,High,Hardware Failure,Customer Service,Chat,112.0,5.0,190,3
TCKT-108733,High,Network Issue,Security,Portal,102.0,11.0,289,4
TCKT-171344,Critical,Software Bug,Security,Email,44.0,21.0,279,4
TCKT-182239,Critical,Software Bug,Development,Chat,53.0,18.0,262,4
TCKT-113872,Medium,Software Bug,Customer Service,Phone,177.0,3.0,167,1
TCKT-161062,Low,Hardware Failure,Network Ops,Phone,239.0,13.0,163,0
TCKT-197299,High,Access Request,Customer Service,Email,110.0,1.0,178,3
TCKT-134772,High,Hardware Failure,Network Ops,Chat,108.0,4.0,201,3
TCKT-102465,Medium,Access Request,IT Support,Email,170.0,20.0,266,4
TCKT-143839,High,Software Bug,Customer Service,Phone,119.0,20.0,220,2
TCKT-144536,Low,General Inquiry,Security,Chat,231.0,5.0,232,1
TCKT-167266,Critical,Network Issue,Development,Chat,40.0,7.0,231,3
TCKT-122705,High,Hardware Failure,Network Ops,Portal,116.0,23.0,197,2
TCKT-151901,Medium,Access Request,IT Support,Phone,172.0,7.0,153,1
TCKT-138316,Low,Hardware Failure,Customer Service,Chat,223.0,7.0,159,1
TCKT-182339,Critical,Network Issue,Network Ops,Email,43.0,16.0,263,4
TCKT-193145,Critical,Hardware Failure,IT Support,Portal,44.0,6.0,261,4
TCKT-160168,Medium,Software Bug,Customer Service,Portal,173.0,1.0,174,1
TCKT-129806,Medium,Network Issue,Security,Portal,165.0,15.0,270,4
TCKT-192369,Low,Network Issue,Development,Chat,225.0,18.0,181,0
TCKT-182124,Medium,Software Bug,Development,Chat,180.0,15.0,174,0
TCKT-158976,Low,Network Issue,Development,Email,221.0,1.0,238,1
TCKT-152005,High,Network Issue,Network Ops,Portal,100.0,12.0,219,2
TCKT-111398,High,Software Bug,Security,Portal,101.0,15.0,175,2
TCKT-175763,High,Access Request,IT Support,Email,104.0,5.0,269,4
TCKT-153268,Low,Network Issue,Customer Service,Chat,228.0,1.0,157,1
TCKT-105353,Medium,Hardware Failure,Customer Service,Email,174.0,22.0,161,0
TCKT-111700,Critical,Access Request,Customer Service,Portal,57.0,18.0,215,2
TCKT-185713,Medium,Software Bug,Security,Chat,176.0,10.0,178,1
TCKT-133665,Critical,General Inquiry,Network Ops,Phone,58.0,12.0,251,4
TCKT-148618,Critical,Hardware Failure,Customer Service,Phone,41.0,5.0,218,3
TCKT-178706,High,Hardware Failure,Security,Phone,105.0,13.0,212,2
TCKT-148549,Low,Hardware Failure,Network Ops,Phone,222.0,8.0,167,1
TCKT-125771,High,General Inquiry,IT Support,Phone,100.0,3.0,212,3
TCKT-177345,High,Software Bug,Security,Phone,116.0,3.0,254,4
TCKT-169608,Low,General Inquiry,Customer Service,Chat,227.0,12.0,121,0
TCKT-169034,Critical,General Inquiry,Development,Phone,54.0,4.0,213,3
TCKT-126876,Low,Access Request,Customer Service,Chat,235.0,21.0,135,0
TCKT-122647,Critical,Hardware Failure,Development,Phone,58.0,17.0,321,4
TCKT-184650,High,General Inquiry,Development,Email,113.0,0.0,219,3
TCKT-135048,Low,General Inquiry,Customer Service,Phone,238.0,13.0,172,0
TCKT-190842,Low,Network Issue,Customer Service,Phone,234.0,16.0,181,0
TCKT-130537,Medium,Software Bug,Development,Portal,166.0,14.0,174,0
TCKT-174833,High,Access Request,Development,Portal,119.0,16.0,199,2
TCKT-148918,Critical,General Inquiry,Network Ops,Email,54.0,20.0,213,2
TCKT-187229,Low,General Inquiry,IT Support,Phone,232.0,1.0,162,1
TCKT-199866,High,Hardware Failure,IT Support,Chat,118.0,12.0,263,4
TCKT-193752,High,Network Issue,Security,Portal,120.0,22.0,210,2
TCKT-188896,Low,Network Issue,Customer Service,Chat,224.0,16.0,189,0
TCKT-146220,Low,Access Request,Customer Service,Chat,236.0,23.0,161,0
TCKT-134404,High,Hardware Failure,Security,Chat,119.0,8.0,241,4
TCKT-172465,Medium,General Inquiry,Network Ops,Portal,175.0,15.0,193,0
TCKT-122198,Critical,Network Issue,Customer Service,Portal,51.0,16.0,217,2
TCKT-155203,Critical,Hardware Failure,Customer Service,Chat,60.0,22.0,240,2
TCKT-100605,Medium,Access Request,Security,Chat,175.0,15.0,160,0
TCKT-135136,Medium,Network Issue,IT Support,Email,166.0,0.0,161,1
TCKT-188683,Critical,General Inquiry,Customer Service,Chat,40.0,8.0,210,3
TCKT-155835,Critical,Access Request,Development,Chat,43.0,17.0,233,2
TCKT-140054,Low,Hardware Failure,Network Ops,Phone,235.0,23.0,180,0
TCKT-118368,High,Hardware Failure,Security,Email,110.0,17.0,271,4
TCKT-104011,Low,General Inquiry,Customer Service,Portal,227.0,19.0,121,0
TCKT-131461,Low,Network Issue,Customer Service,Email,221.0,23.0,181,0
TCKT-168916,High,Network Issue,IT Support,Phone,102.0,12.0,229,4
TCKT-106775,Low,Software Bug,Network Ops,Chat,223.0,17.0,179,0
TCKT-185694,Medium,Hardware Failure,IT Support,Phone,168.0,12.0,183,0
TCKT-159186,Low,Hardware Failure,Customer Service,Email,235.0,0.0,163,1
TCKT-104244,Medium,Hardware Failure,Customer Service,Phone,167.0,9.0,189,1
TCKT-136261,Critical,General Inquiry,Network Ops,Portal,57.0,2.0,213,3
TCKT-145071,Critical,General Inquiry,IT Support,Chat,52.0,4.0,287,4
TCKT-198273,Medium,Hardware Failure,Network Ops,Portal,174.0,11.0,161,1
TCKT-182133,Critical,Software Bug,Customer Service,Chat,44.0,20.0,211,2
TCKT-165663,High,Network Issue,Development,Portal,111.0,18.0,167,2
TCKT-142287,Critical,Network Issue,IT Support,Chat,41.0,19.0,315,4
TCKT-117269,Medium,Hardware Failure,Network Ops,Email,161.0,20.0,187,0
TCKT-136068,Medium,Hardware Failure,Development,Email,177.0,10.0,268,4
TCKT-182796,Low,General Inquiry,Security,Phone,221.0,23.0,202,0
TCKT-149145,High,General Inquiry,Development,Portal,106.0,10.0,316,4
TCKT-197080,High,General Inquiry,Development,Phone,110.0,18.0,228,2
TCKT-127449,Critical,General Inquiry,Security,Phone,59.0,9.0,222,3
TCKT-163868,Low,Network Issue,Development,Portal,222.0,14.0,181,0
TCKT-136636,Low,Hardware Failure,Network Ops,Portal,233.0,6.0,199,1
TCKT-108265,Critical,General Inquiry,Customer Service,Phone,50.0,3.0,233,3
TCKT-112499,Low,General Inquiry,Customer Service,Email,239.0,19.0,202,0
TCKT-147670,Medium,General Inquiry,Customer Service,Chat,174.0,15.0,180,0
TCKT-140132,Medium,Access Request,Customer Service,Email,176.0,2.0,182,1
TCKT-162520,High,Access Request,Customer Service,Chat,117.0,13.0,178,2
TCKT-131503,Low,Network Issue,Development,Phone,240.0,5.0,167,1
TCKT-132027,High,Access Request,Network Ops,Email,119.0,23.0,192,2
TCKT-173636,Low,Hardware Failure,Customer Service,Email,239.0,21.0,167,0
TCKT-190978,Low,Hardware Failure,Development,Email,228.0,11.0,280,4
TCKT-102256,High,Hardware Failure,Development,Phone,117.0,7.0,197,3
TCKT-157428,Critical,Network Issue,Development,Phone,48.0,8.0,304,4
TCKT-124261,Medium,Network Issue,Security,Phone,178.0,5.0,189,1
TCKT-104491,Low,Hardware Failure,Development,Phone,234.0,4.0,163,1
TCKT-172690,Medium,Network Issue,Customer Service,Phone,174.0,16.0,169,0
TCKT-107071,Critical,General Inquiry,Customer Service,Phone,40.0,3.0,213,3
TCKT-136150,High,Access Request,Development,Phone,110.0,15.0,259,4
TCKT-170398,Critical,Access Request,Development,Email,50.0,17.0,204,2
TCKT-135999,High,Network Issue,Development,Phone,108.0,19.0,197,2
TCKT-122827,Critical,Access Request,IT Support,Portal,44.0,21.0,288,4
TCKT-134802,Critical,Network Issue,Network Ops,Email,41.0,20.0,223,2
TCKT-126919,Low,Network Issue,Network Ops,Phone,240.0,18.0,203,0
TCKT-118085,High,Hardware Failure,Customer Service,Chat,114.0,23.0,190,2
TCKT-180060,Low,Network Issue,IT Support,Portal,228.0,14.0,213,0
TCKT-198991,Medium,Hardware Failure,Customer Service,Email,170.0,23.0,187,0
TCKT-101251,Medium,Access Request,Development,Chat,168.0,6.0,153,1
TCKT-121321,Low,Software Bug,Security,Email,232.0,2.0,234,1
TCKT-199014,Low,General Inquiry,Network Ops,Phone,222.0,22.0,121,0
TCKT-157286,High,Hardware Failure,Security,Phone,110.0,21.0,179,2
TCKT-121695,High,Network Issue,IT Support,Portal,117.0,1.0,266,4
TCKT-142554,Critical,Access Request,Network Ops,Email,43.0,19.0,210,2
TCKT-194316,Critical,Access Request,Customer Service,Portal,44.0,20.0,207,2
TCKT-129360,High,Access Request,Development,Chat,100.0,17.0,257,2
TCKT-131637,Medium,Access Request,Network Ops,Chat,165.0,20.0,162,0
TCKT-155616,Critical,General Inquiry,Network Ops,Phone,55.0,6.0,279,4
TCKT-145085,Critical,Network Issue,Security,Phone,57.0,15.0,231,2
TCKT-159702,Medium,Network Issue,IT Support,Email,177.0,22.0,254,2
TCKT-126251,Medium,Access Request,Security,Phone,171.0,0.0,244,1
TCKT-139254,Critical,Hardware Failure,Development,Chat,41.0,9.0,187,3
TCKT-178650,High,Software Bug,Development,Email,108.0,21.0,175,2
TCKT-198552,Low,Hardware Failure,IT Support,Portal,240.0,17.0,283,4
TCKT-163833,Low,Software Bug,Security,Portal,238.0,19.0,248,0
TCKT-134314,Low,Hardware Failure,IT Support,Portal,225.0,11.0,219,0
TCKT-151902,Medium,General Inquiry,Development,Email,166.0,19.0,211,0
TCKT-150281,Medium,Hardware Failure,IT Support,Chat,176.0,21.0,183,0
TCKT-102351,Low,General Inquiry,IT Support,Portal,225.0,0.0,121,1
TCKT-124812,High,Network Issue,Security,Email,104.0,0.0,210,3
TCKT-124548,High,General Inquiry,Network Ops,Email,113.0,22.0,235,2
TCKT-183428,Medium,Access Request,Customer Service,Email,164.0,4.0,160,1
TCKT-197039,High,Hardware Failure,IT Support,Chat,104.0,2.0,236,3
TCKT-193876,High,Software Bug,Security,Email,114.0,23.0,247,2
TCKT-113284,Critical,Access Request,Network Ops,Phone,54.0,9.0,215,3
TCKT-143120,Medium,Software Bug,Security,Chat,167.0,17.0,192,0
TCKT-104828,High,General Inquiry,Security,Phone,120.0,23.0,236,2
TCKT-166151,Medium,General Inquiry,Network Ops,Email,165.0,9.0,188,1
TCKT-175673,Critical,Access Request,Security,Email,42.0,4.0,233,3
TCKT-175127,Low,Access Request,Customer Service,Phone,235.0,7.0,117,0
TCKT-142005,Medium,General Inquiry,Development,Email,176.0,9.0,180,1
TCKT-119635,Critical,Access Request,Network Ops,Portal,47.0,11.0,204,3
TCKT-164159,Low,Software Bug,Customer Service,Portal,234.0,16.0,164,0
TCKT-131276,Medium,General Inquiry,Development,Chat,180.0,16.0,229,0
TCKT-193949,Medium,Network Issue,Customer Service,Phone,169.0,6.0,189,1
TCKT-197912,Low,Access Request,Development,Portal,228.0,23.0,230,0
TCKT-101451,Low,General Inquiry,Network Ops,Chat,226.0,2.0,116,1
TCKT-162483,Low,Hardware Failure,Network Ops,Chat,227.0,22.0,159,0
TCKT-166459,Medium,Network Issue,Development,Phone,171.0,12.0,204,0
TCKT-148612,High,Access Request,Development,Chat,119.0,14.0,178,2
TCKT-194788,High,Hardware Failure,Network Ops,Phone,112.0,20.0,179,2
TCKT-156018,Medium,Network Issue,IT Support,Phone,179.0,15.0,273,4
TCKT-133189,Medium,Software Bug,IT Support,Chat,168.0,0.0,276,4
TCKT-142025,Critical,Software Bug,IT Support,Portal,55.0,0.0,267,4
TCKT-107521,Critical,General Inquiry,Security,Email,51.0,18.0,231,2
TCKT-167577,High,Software Bug,Security,Portal,110.0,9.0,189,2
TCKT-113633,Medium,General Inquiry,IT Support,Portal,163.0,16.0,211,2
TCKT-178070,Critical,Software Bug,Customer Service,Portal,59.0,23.0,207,2
TCKT-125412,Medium,Access Request,IT Support,Portal,164.0,2.0,146,1
TCKT-151578,Critical,Hardware Failure,Network Ops,Chat,48.0,12.0,205,3
TCKT-173781,Critical,Software Bug,Network Ops,Email,51.0,6.0,205,3
TCKT-142716,Low,Software Bug,Development,Phone,229.0,15.0,148,0
TCKT-179627,Critical,Network Issue,Network Ops,Portal,50.0,6.0,263,4
TCKT-171195,Medium,Hardware Failure,Development,Phone,180.0,2.0,183,1
TCKT-111270,Critical,Network Issue,Security,Portal,55.0,12.0,217,3
TCKT-107731,Critical,Network Issue,Network Ops,Email,49.0,17.0,203,2
TCKT-182189,Medium,General Inquiry,Network Ops,Portal,162.0,8.0,183,1
TCKT-125394,Medium,Hardware Failure,Network Ops,Chat,160.0,2.0,189,1
TCKT-189275,High,Hardware Failure,Development,Email,108.0,9.0,190,3
TCKT-160387,Low,Network Issue,Customer Service,Phone,238.0,4.0,144,1
TCKT-151563,High,Network Issue,Security,Phone,112.0,0.0,210,3
TCKT-131846,High,Hardware Failure,Security,Phone,118.0,22.0,190,2
TCKT-146055,High,Software Bug,Network Ops,Email,120.0,18.0,175,2
TCKT-174742,Medium,Hardware Failure,Network Ops,Portal,178.0,0.0,183,1
TCKT-116348,Low,General Inquiry,Network Ops,Portal,220.0,3.0,202,1
TCKT-133173,High,General Inquiry,Customer Service,Portal,117.0,10.0,199,3
TCKT-192883,High,General Inquiry,Network Ops,Chat,114.0,22.0,228,2
TCKT-166935,High,Hardware Failure,IT Support,Email,106.0,13.0,295,4
TCKT-125427,Critical,General Inquiry,Security,Chat,44.0,8.0,279,4
TCKT-177433,High,Access Request,Network Ops,Chat,102.0,4.0,199,3
TCKT-118381,Low,Network Issue,Security,Portal,240.0,4.0,273,1
TCKT-132767,High,Software Bug,Security,Email,111.0,3.0,185,3
TCKT-108979,Medium,Network Issue,Network Ops,Email,168.0,3.0,169,1
TCKT-118616,Low,General Inquiry,Customer Service,Phone,220.0,19.0,172,0
TCKT-175165,High,Network Issue,Network Ops,Portal,115.0,17.0,229,2
TCKT-142880,High,General Inquiry,Customer Service,Email,111.0,2.0,228,3
TCKT-127319,Low,Network Issue,IT Support,Chat,239.0,19.0,157,0
TCKT-177049,Critical,Access Request,Customer Service,Phone,42.0,2.0,215,3
TCKT-119448,Medium,Hardware Failure,IT Support,Chat,170.0,20.0,161,0
TCKT-124217,Medium,Access Request,Network Ops,Chat,164.0,10.0,174,1
TCKT-128046,Low,Hardware Failure,IT Support,Email,221.0,14.0,283,4
TCKT-199937,Medium,General Inquiry,Network Ops,Chat,162.0,5.0,180,1
TCKT-103970,High,Network Issue,Development,Email,105.0,16.0,191,2
TCKT-195051,High,Access Request,Customer Service,Phone,118.0,18.0,199,2
TCKT-117336,Critical,Software Bug,Development,Chat,41.0,10.0,211,3
TCKT-155432,Low,Access Request,IT Support,Chat,229.0,11.0,201,0
TCKT-167001,High,General Inquiry,Network Ops,Portal,120.0,19.0,235,2
TCKT-151561,High,Software Bug,Network Ops,Portal,109.0,2.0,177,3
TCKT-189942,High,Software Bug,Development,Chat,117.0,12.0,256,4
TCKT-131477,Critical,Access Request,Development,Email,41.0,15.0,233,2
TCKT-134029,Critical,Hardware Failure,Customer Service,Phone,54.0,13.0,188,3
TCKT-163776,Medium,Software Bug,Customer Service,Chat,179.0,20.0,178,0
TCKT-154868,Medium,General Inquiry,Network Ops,Chat,171.0,5.0,193,1
TCKT-123274,Medium,Network Issue,Development,Email,177.0,19.0,267,4
TCKT-100866,High,Hardware Failure,IT Support,Chat,108.0,5.0,180,3
TCKT-163757,Low,General Inquiry,Development,Phone,231.0,0.0,202,1
TCKT-182670,High,Hardware Failure,Network Ops,Email,102.0,1.0,171,3
TCKT-178138,Critical,Network Issue,Customer Service,Portal,48.0,18.0,197,2
TCKT-198876,High,Hardware Failure,Network Ops,Portal,100.0,3.0,212,3
TCKT-105560,High,Hardware Failure,Security,Email,119.0,13.0,250,4
TCKT-173471,High,Hardware Failure,Development,Portal,108.0,18.0,179,2
TCKT-179923,Critical,Hardware Failure,Customer Service,Portal,46.0,1.0,218,3
TCKT-104711,Medium,Access Request,Customer Service,Portal,176.0,19.0,160,0
TCKT-132831,High,Hardware Failure,Customer Service,Portal,120.0,20.0,171,2
TCKT-169987,Medium,Access Request,IT Support,Chat,166.0,1.0,174,1
TCKT-196390,High,Hardware Failure,Network Ops,Phone,101.0,20.0,180,2
TCKT-130091,Low,Software Bug,Security,Portal,224.0,7.0,218,1
TCKT-150791,High,Network Issue,Network Ops,Email,117.0,16.0,167,2
TCKT-133864,Medium,General Inquiry,Development,Email,165.0,11.0,225,1
TCKT-179704,High,General Inquiry,Network Ops,Phone,105.0,11.0,166,2
TCKT-131978,High,General Inquiry,Customer Service,Chat,100.0,6.0,229,3
TCKT-134041,Low,Software Bug,Network Ops,Phone,220.0,15.0,148,0
TCKT-119545,Low,Network Issue,Customer Service,Chat,223.0,17.0,181,0
TCKT-155949,Medium,Access Request,IT Support,Portal,172.0,17.0,244,2
TCKT-102310,Low,Access Request,Network Ops,Chat,225.0,23.0,161,0
TCKT-121137,High,Software Bug,Security,Portal,110.0,19.0,177,2
TCKT-151365,Critical,Hardware Failure,Network Ops,Email,57.0,21.0,188,2
TCKT-124959,Medium,Network Issue,Customer Service,Phone,174.0,3.0,198,1
TCKT-186171,Medium,Access Request,IT Support,Portal,172.0,7.0,153,1
TCKT-114222,Critical,Software Bug,Development,Phone,44.0,15.0,205,2
TCKT-110822,Low,Network Issue,IT Support,Email,226.0,18.0,235,0
TCKT-152864,High,General Inquiry,Development,Chat,113.0,12.0,213,2
TCKT-120848,Critical,Software Bug,Customer Service,Phone,44.0,4.0,207,3
TCKT-169930,Low,Access Request,IT Support,Email,229.0,8.0,185,1
TCKT-163963,Critical,Network Issue,Security,Phone,48.0,18.0,231,2
TCKT-129024,High,Access Request,IT Support,Phone,106.0,13.0,172,2
TCKT-108156,Low,Network Issue,Security,Chat,238.0,5.0,189,1
TCKT-145808,Low,General Inquiry,Network Ops,Chat,220.0,3.0,116,1
TCKT-166902,Medium,Access Request,Customer Service,Email,172.0,21.0,182,0
TCKT-117721,Medium,General Inquiry,Customer Service,Portal,167.0,7.0,225,1
TCKT-175578,Critical,Hardware Failure,Customer Service,Email,54.0,3.0,218,3
TCKT-157447,Critical,Software Bug,Network Ops,Phone,52.0,12.0,205,2
TCKT-138460,Critical,Access Request,Security,Portal,47.0,13.0,210,2
TCKT-140290,Medium,Software Bug,Network Ops,Email,172.0,16.0,167,0
TCKT-129064,High,General Inquiry,IT Support,Email,117.0,20.0,312,4
TCKT-161644,Medium,Access Request,Development,Portal,174.0,17.0,153,0
TCKT-178342,Medium,Network Issue,Network Ops,Portal,176.0,19.0,189,0
TCKT-163365,Medium,Hardware Failure,Security,Phone,169.0,9.0,183,1
TCKT-182702,Medium,Software Bug,Development,Portal,171.0,1.0,174,1
TCKT-152094,High,Access Request,Network Ops,Phone,103.0,15.0,178,2
TCKT-119597,Low,Software Bug,Development,Chat,233.0,14.0,211,0
TCKT-114850,Critical,Hardware Failure,Security,Phone,60.0,2.0,188,3
TCKT-100641,High,Access Request,Network Ops,Chat,100.0,14.0,172,2
TCKT-197360,Medium,Hardware Failure,Development,Portal,160.0,15.0,178,0
TCKT-126434,Critical,General Inquiry,Customer Service,Chat,45.0,12.0,213,3
TCKT-193929,Low,Network Issue,Network Ops,Email,222.0,19.0,153,0
TCKT-141892,Medium,Network Issue,Network Ops,Portal,167.0,7.0,204,1
TCKT-182445,Medium,Network Issue,Security,Chat,162.0,13.0,189,1
TCKT-122254,Medium,Access Request,Security,Chat,171.0,18.0,174,0
TCKT-129823,Critical,Software Bug,IT Support,Phone,47.0,13.0,291,4
TCKT-144667,Medium,Access Request,Development,Portal,169.0,8.0,174,1
TCKT-172392,Critical,Network Issue,Development,Phone,56.0,7.0,284,4
TCKT-186414,Low,Network Issue,Security,Phone,221.0,21.0,153,0
TCKT-192808,Medium,Network Issue,Customer Service,Email,172.0,20.0,189,0
TCKT-106242,Critical,Network Issue,Customer Service,Email,44.0,12.0,217,3
TCKT-105935,Medium,Software Bug,Development,Phone,178.0,7.0,174,1
TCKT-123894,Low,Access Request,Security,Portal,236.0,3.0,187,1
TCKT-161268,Critical,Software Bug,Network Ops,Email,50.0,3.0,181,3
TCKT-186538,Medium,Network Issue,Security,Chat,172.0,5.0,161,1
TCKT-157693,Low,Access Request,Customer Service,Email,232.0,21.0,148,0
TCKT-120132,Medium,Hardware Failure,Development,Phone,176.0,1.0,268,4
TCKT-166379,Critical,Access Request,IT Support,Email,51.0,8.0,233,3
TCKT-189581,Medium,Hardware Failure,Customer Service,Email,165.0,11.0,207,1
TCKT-135281,Critical,Access Request,Customer Service,Phone,56.0,5.0,215,3
TCKT-118876,Low,Hardware Failure,IT Support,Chat,237.0,3.0,264,1
TCKT-107881,Critical,General Inquiry,Development,Email,50.0,21.0,233,2
TCKT-189681,Medium,Software Bug,Network Ops,Portal,174.0,23.0,178,0
TCKT-170781,Low,Network Issue,Network Ops,Chat,228.0,19.0,167,0
TCKT-189819,Low,Access Request,Development,Phone,238.0,17.0,132,0
TCKT-199474,High,General Inquiry,Customer Service,Chat,111.0,11.0,213,3
TCKT-178428,Critical,Network Issue,Development,Phone,57.0,8.0,304,4
TCKT-175717,High,Hardware Failure,IT Support,Portal,120.0,10.0,268,4
TCKT-182285,High,Software Bug,IT Support,Phone,101.0,2.0,261,4
TCKT-138805,Low,General Inquiry,IT Support,Email,221.0,6.0,218,1
TCKT-110329,High,General Inquiry,Customer Service,Email,116.0,4.0,166,3
TCKT-104624,Critical,Access Request,Development,Portal,52.0,15.0,181,2
TCKT-168961,Medium,Hardware Failure,Security,Portal,172.0,21.0,253,2
TCKT-179566,Low,Network Issue,Customer Service,Email,224.0,9.0,203,1
TCKT-176394,Low,Access Request,IT Support,Phone,220.0,11.0,237,0
TCKT-181810,High,Access Request,IT Support,Phone,116.0,11.0,216,2
TCKT-169662,Critical,Hardware Failure,Network Ops,Email,41.0,0.0,188,3
TCKT-179733,Critical,Software Bug,Customer Service,Portal,45.0,15.0,211,2
TCKT-161331,Medium,General Inquiry,Security,Chat,162.0,3.0,183,1
TCKT-149172,Low,Hardware Failure,Customer Service,Portal,230.0,14.0,167,0
TCKT-146268,Low,Access Request,Security,Phone,229.0,9.0,199,0
TCKT-185564,Low,Access Request,Network Ops,Email,238.0,11.0,132,0
TCKT-118553,Low,Access Request,IT Support,Phone,232.0,8.0,191,1
TCKT-173544,Medium,Network Issue,IT Support,Chat,167.0,22.0,256,2
TCKT-130460,Critical,General Inquiry,Security,Portal,59.0,10.0,210,3
TCKT-152830,Low,Access Request,Network Ops,Email,236.0,0.0,135,1
TCKT-191309,Critical,Access Request,Customer Service,Phone,55.0,8.0,233,3
TCKT-106931,Medium,Software Bug,Development,Email,164.0,13.0,248,4
TCKT-129245,Critical,Network Issue,IT Support,Portal,54.0,15.0,259,4
TCKT-140924,Critical,General Inquiry,Development,Portal,42.0,0.0,294,4
TCKT-187185,Medium,General Inquiry,Development,Phone,177.0,15.0,225,0
TCKT-109842,Medium,General Inquiry,Development,Chat,166.0,13.0,188,1
TCKT-118229,High,Hardware Failure,Security,Email,101.0,7.0,197,3
TCKT-198310,Medium,Access Request,Development,Chat,179.0,3.0,241,1
TCKT-142088,High,Network Issue,IT Support,Phone,104.0,9.0,251,4
TCKT-113731,High,Hardware Failure,Customer Service,Portal,115.0,16.0,171,2
TCKT-107100,Medium,General Inquiry,Network Ops,Email,178.0,18.0,180,0
TCKT-175629,Low,General Inquiry,Development,Chat,223.0,2.0,172,1
TCKT-139100,Low,Access Request,Network Ops,Portal,238.0,22.0,153,0
TCKT-146257,High,Network Issue,Security,Email,116.0,3.0,259,3
TCKT-182022,Medium,Network Issue,Customer Service,Portal,170.0,0.0,198,1
TCKT-180557,Critical,Access Request,Security,Email,54.0,20.0,207,2
TCKT-127847,High,General Inquiry,Development,Portal,120.0,1.0,213,3
TCKT-165475,Critical,General Inquiry,Security,Chat,53.0,6.0,296,4
TCKT-137333,Critical,Software Bug,Security,Email,57.0,7.0,281,4
TCKT-112129,Medium,Hardware Failure,IT Support,Email,178.0,7.0,273,4
TCKT-124276,High,Software Bug,Development,Phone,103.0,19.0,184,2
TCKT-181298,Medium,General Inquiry,Customer Service,Portal,166.0,3.0,193,1
TCKT-123688,High,Network Issue,Security,Chat,115.0,4.0,210,3
TCKT-145973,Critical,Software Bug,Network Ops,Chat,51.0,20.0,193,2
TCKT-173133,Critical,General Inquiry,IT Support,Chat,47.0,2.0,317,4
TCKT-191193,High,General Inquiry,Network Ops,Chat,104.0,14.0,229,2
TCKT-180597,Low,General Inquiry,IT Support,Email,226.0,13.0,116,0
TCKT-182963,Critical,Network Issue,IT Support,Portal,44.0,3.0,263,3
TCKT-172110,High,General Inquiry,Customer Service,Portal,112.0,22.0,219,2
TCKT-133619,Low,Network Issue,Security,Email,239.0,20.0,227,0
TCKT-111088,Low,Software Bug,Network Ops,Phone,225.0,3.0,180,1
TCKT-196181,Low,Hardware Failure,Customer Service,Portal,225.0,6.0,166,1
TCKT-118896,Low,Network Issue,Customer Service,Chat,223.0,8.0,151,1
TCKT-146370,Critical,Network Issue,Security,Portal,58.0,6.0,231,3
TCKT-143788,Low,Access Request,IT Support,Phone,238.0,21.0,232,0
TCKT-155004,Medium,Software Bug,Security,Email,171.0,7.0,178,1
TCKT-106880,Critical,Hardware Failure,Security,Chat,55.0,7.0,233,3
TCKT-111581,High,Software Bug,Security,Chat,118.0,6.0,220,3
TCKT-148141,Medium,Network Issue,Network Ops,Portal,179.0,13.0,204,1
TCKT-159658,Medium,Hardware Failure,Development,Phone,168.0,8.0,161,1
TCKT-103705,Critical,Software Bug,Development,Phone,58.0,22.0,211,2
TCKT-157318,High,Network Issue,Development,Phone,103.0,7.0,269,4
TCKT-190715,High,Access Request,IT Support,Portal,101.0,3.0,196,3
TCKT-168264,Low,Software Bug,Development,Phone,228.0,19.0,148,0
TCKT-195613,Low,Network Issue,Customer Service,Chat,237.0,1.0,203,1
TCKT-113076,High,Software Bug,IT Support,Phone,108.0,23.0,175,2
TCKT-105736,Critical,General Inquiry,IT Support,Phone,57.0,14.0,335,4
TCKT-190927,High,Software Bug,IT Support,Portal,100.0,21.0,189,2
TCKT-139727,Medium,Access Request,IT Support,Phone,169.0,22.0,153,0
TCKT-169717,Low,Hardware Failure,Customer Service,Phone,233.0,9.0,166,0
TCKT-118879,Low,General Inquiry,Network Ops,Email,236.0,19.0,179,0
TCKT-174779,Critical,Software Bug,Network Ops,Portal,40.0,19.0,205,2
TCKT-172330,High,Hardware Failure,IT Support,Chat,118.0,17.0,236,2
TCKT-153415,High,Hardware Failure,Development,Email,116.0,2.0,212,3
TCKT-159223,Medium,Network Issue,Security,Phone,165.0,9.0,189,1
TCKT-187040,Medium,General Inquiry,Customer Service,Phone,167.0,6.0,180,1
TCKT-165957,High,Access Request,Network Ops,Chat,102.0,0.0,178,3
TCKT-139407,Medium,Hardware Failure,Security,Portal,172.0,18.0,161,0
TCKT-147523,High,Network Issue,Customer Service,Phone,119.0,1.0,189,3
TCKT-141846,Medium,Network Issue,Network Ops,Portal,166.0,22.0,161,0
TCKT-127520,Low,Software Bug,Network Ops,Email,234.0,23.0,179,0
TCKT-145988,Medium,Access Request,Network Ops,Email,174.0,14.0,160,0
TCKT-178914,Medium,General Inquiry,Customer Service,Phone,179.0,8.0,225,1
TCKT-181441,High,General Inquiry,Development,Phone,102.0,19.0,229,2
TCKT-192033,High,Access Request,Customer Service,Email,104.0,14.0,199,2
TCKT-118591,Critical,Access Request,Network Ops,Chat,52.0,17.0,215,2
TCKT-140811,Critical,Software Bug,IT Support,Email,40.0,16.0,267,4
TCKT-166916,Critical,Hardware Failure,Security,Phone,53.0,0.0,258,3
TCKT-147718,Low,Software Bug,Development,Phone,238.0,2.0,178,1
TCKT-176964,Critical,Access Request,Network Ops,Email,60.0,12.0,215,3
TCKT-178651,Critical,Hardware Failure,Network Ops,Email,56.0,17.0,240,2
TCKT-112894,Critical,Access Request,IT Support,Email,49.0,3.0,294,4
TCKT-156910,Critical,Hardware Failure,Network Ops,Email,42.0,7.0,218,3
TCKT-148481,Critical,Hardware Failure,Network Ops,Portal,57.0,14.0,188,2
TCKT-155362,Critical,Access Request,Security,Phone,46.0,21.0,181,2
TCKT-109051,Critical,Hardware Failure,Security,Chat,40.0,20.0,240,2
TCKT-179271,Medium,Access Request,IT Support,Portal,162.0,0.0,153,1
TCKT-120136,High,Access Request,Development,Phone,118.0,21.0,266,2
TCKT-122166,Low,Network Issue,Network Ops,Email,229.0,4.0,189,1
TCKT-174075,Critical,Network Issue,Development,Chat,45.0,13.0,263,4
TCKT-193247,High,Software Bug,Customer Service,Email,109.0,19.0,177,2
TCKT-122687,Critical,Network Issue,Development,Email,40.0,17.0,223,2
TCKT-160381,High,Software Bug,Development,Portal,104.0,17.0,270,2
TCKT-143069,Critical,Access Request,Security,Chat,53.0,10.0,207,3
TCKT-160232,Critical,General Inquiry,Security,Chat,49.0,16.0,296,4
TCKT-196213,Critical,Software Bug,Customer Service,Portal,58.0,11.0,203,3
TCKT-172225,Critical,Hardware Failure,Security,Portal,54.0,9.0,303,4
TCKT-172818,Low,General Inquiry,Security,Portal,232.0,20.0,162,0
TCKT-129287,High,Software Bug,IT Support,Email,103.0,12.0,268,4
TCKT-169285,High,Hardware Failure,Development,Chat,111.0,14.0,180,2
TCKT-162990,Critical,Software Bug,Security,Phone,59.0,19.0,251,2
TCKT-143393,Medium,Software Bug,Customer Service,Chat,160.0,4.0,174,1
TCKT-129711,High,Access Request,Customer Service,Email,104.0,4.0,192,3
TCKT-110388,Low,Access Request,Development,Phone,239.0,3.0,153,1
TCKT-174502,Low,Network Issue,IT Support,Email,232.0,23.0,213,0
TCKT-186373,High,Network Issue,IT Support,Chat,113.0,17.0,266,4
TCKT-150837,Low,General Inquiry,Development,Phone,231.0,1.0,121,1
TCKT-128666,High,Network Issue,IT Support,Chat,117.0,20.0,313,4
TCKT-145094,High,Hardware Failure,Customer Service,Chat,119.0,0.0,211,3
TCKT-149456,Critical,Hardware Failure,Customer Service,Chat,57.0,1.0,218,3
TCKT-165516,High,Access Request,Security,Phone,116.0,10.0,269,4
TCKT-184936,Critical,Network Issue,Security,Email,41.0,2.0,301,4
TCKT-168379,Critical,Hardware Failure,Development,Chat,40.0,13.0,218,3
TCKT-116511,Critical,Access Request,Development,Email,44.0,16.0,210,2
TCKT-108268,High,Network Issue,Development,Portal,109.0,13.0,229,2
TCKT-150695,Low,Software Bug,IT Support,Email,224.0,19.0,214,0
TCKT-115483,Medium,Hardware Failure,IT Support,Phone,174.0,18.0,181,0
TCKT-123436,High,Software Bug,Development,Portal,119.0,1.0,220,3
TCKT-198884,Low,General Inquiry,Security,Chat,235.0,4.0,179,1
TCKT-152154,High,Access Request,Network Ops,Portal,118.0,20.0,172,2
TCKT-188926,High,Software Bug,Network Ops,Email,109.0,2.0,212,3
TCKT-154060,Medium,Network Issue,Security,Email,163.0,22.0,259,2
TCKT-150434,Medium,General Inquiry,Customer Service,Chat,177.0,3.0,183,1
TCKT-193441,Critical,Network Issue,Development,Phone,60.0,5.0,217,3
TCKT-113488,Medium,Software Bug,Development,Portal,160.0,17.0,248,2
TCKT-106954,Medium,General Inquiry,Development,Phone,164.0,16.0,193,0
TCKT-194907,Critical,Hardware Failure,Customer Service,Portal,43.0,17.0,240,2
TCKT-160799,Medium,Hardware Failure,IT Support,Portal,174.0,22.0,271,4
TCKT-161717,Medium,Software Bug,Security,Chat,174.0,12.0,175,1
TCKT-168002,Low,Access Request,Development,Chat,233.0,22.0,153,0
TCKT-167991,Low,General Inquiry,Customer Service,Chat,220.0,20.0,179,0
TCKT-156429,Medium,Hardware Failure,Development,Email,162.0,4.0,207,1
TCKT-101547,Low,Hardware Failure,Security,Email,226.0,2.0,204,1
TCKT-192952,Medium,Hardware Failure,Network Ops,Portal,160.0,15.0,161,0
TCKT-174612,Low,General Inquiry,Security,Chat,235.0,9.0,116,1
TCKT-152709,Medium,Network Issue,Customer Service,Phone,176.0,7.0,169,1
TCKT-114704,Critical,Access Request,Security,Portal,54.0,16.0,181,2
TCKT-163152,Critical,Hardware Failure,Security,Email,42.0,2.0,257,3
TCKT-157351,High,General Inquiry,Customer Service,Phone,102.0,3.0,212,3
TCKT-127702,Low,Network Issue,IT Support,Phone,229.0,15.0,235,0
TCKT-102506,High,General Inquiry,Development,Phone,110.0,12.0,280,4
TCKT-170259,High,General Inquiry,Security,Email,117.0,6.0,305,4
TCKT-164202,Low,Hardware Failure,Network Ops,Email,236.0,19.0,159,0
TCKT-121827,High,Software Bug,Customer Service,Email,113.0,18.0,184,2
TCKT-163110,High,Access Request,Customer Service,Phone,117.0,3.0,178,3
TCKT-176545,Low,Network Issue,IT Support,Chat,226.0,7.0,245,1
TCKT-172021,Critical,Hardware Failure,Customer Service,Portal,40.0,15.0,240,2
TCKT-133575,Critical,Network Issue,Development,Phone,47.0,21.0,217,2
TCKT-133414,High,Hardware Failure,Development,Email,103.0,19.0,212,2
TCKT-190585,High,Software Bug,IT Support,Portal,101.0,1.0,268,4
TCKT-188539,Critical,Hardware Failure,Development,Chat,42.0,20.0,188,2
TCKT-104017,Critical,Access Request,Development,Chat,54.0,20.0,296,4
TCKT-114721,High,Hardware Failure,Development,Chat,107.0,21.0,197,2
TCKT-117008,Critical,General Inquiry,Customer Service,Chat,54.0,22.0,222,2
TCKT-158058,High,General Inquiry,IT Support,Portal,111.0,0.0,312,4
TCKT-146332,Critical,Software Bug,IT Support,Portal,43.0,4.0,259,4
TCKT-131545,High,Software Bug,Development,Email,104.0,23.0,185,2
TCKT-177376,Medium,Software Bug,Development,Email,167.0,8.0,255,4
TCKT-146511,Low,Network Issue,IT Support,Chat,230.0,4.0,251,1
TCKT-199105,Critical,Network Issue,Customer Service,Chat,56.0,17.0,263,4
TCKT-108783,Medium,Hardware Failure,Security,Chat,173.0,0.0,178,1
TCKT-163892,High,Software Bug,Development,Phone,110.0,5.0,212,3
TCKT-150994,Low,Access Request,Customer Service,Phone,230.0,3.0,129,1
TCKT-146595,Critical,General Inquiry,Security,Portal,50.0,18.0,301,4
TCKT-114420,Low,Software Bug,Security,Phone,238.0,13.0,164,0
TCKT-120622,Low,Software Bug,IT Support,Chat,225.0,22.0,214,0
TCKT-155685,Critical,Access Request,IT Support,Phone,40.0,9.0,291,4
TCKT-107822,Low,Access Request,Network Ops,Portal,239.0,18.0,148,0
TCKT-160111,Medium,Access Request,Development,Chat,177.0,5.0,182,1
TCKT-168930,Medium,General Inquiry,Network Ops,Portal,160.0,3.0,180,1
TCKT-109632,High,Hardware Failure,Network Ops,Phone,110.0,9.0,201,3
TCKT-121005,Critical,Software Bug,Security,Portal,60.0,12.0,205,2
TCKT-120054,Low,General Inquiry,Development,Portal,223.0,16.0,243,0
TCKT-195464,High,General Inquiry,Development,Phone,115.0,3.0,247,4
TCKT-197455,Critical,General Inquiry,Security,Chat,56.0,5.0,213,3
TCKT-117775,Low,General Inquiry,Security,Chat,232.0,5.0,272,1
TCKT-103150,Low,Software Bug,Network Ops,Phone,230.0,10.0,179,0
TCKT-107834,Low,Hardware Failure,Security,Chat,229.0,18.0,269,0
TCKT-150008,High,Access Request,Security,Email,120.0,19.0,262,2
TCKT-164458,Low,Software Bug,Customer Service,Chat,238.0,20.0,148,0
TCKT-143875,Critical,Hardware Failure,Network Ops,Phone,59.0,10.0,205,3
TCKT-155197,Low,Access Request,Development,Email,234.0,21.0,129,0
TCKT-137085,Medium,Access Request,Network Ops,Phone,166.0,2.0,160,1
TCKT-194965,Low,Access Request,Network Ops,Email,224.0,10.0,132,0
TCKT-127992,Medium,Hardware Failure,Customer Service,Email,170.0,23.0,178,0
TCKT-120912,High,Software Bug,IT Support,Email,117.0,14.0,245,2
TCKT-177272,Medium,General Inquiry,Customer Service,Email,169.0,8.0,225,1
TCKT-120214,Low,Software Bug,Security,Phone,238.0,12.0,179,0
TCKT-178223,Low,General Inquiry,Security,Portal,229.0,20.0,242,0
TCKT-168083,High,Access Request,Customer Service,Chat,111.0,12.0,199,2
TCKT-172957,Low,Access Request,IT Support,Portal,221.0,23.0,204,0
TCKT-107880,Medium,Software Bug,Security,Portal,165.0,14.0,166,0
TCKT-196199,Low,General Inquiry,Network Ops,Email,239.0,11.0,116,0
TCKT-134306,Medium,Network Issue,IT Support,Portal,180.0,19.0,189,0
TCKT-140853,High,Software Bug,IT Support,Phone,107.0,8.0,212,3
TCKT-179366,Low,Access Request,Network Ops,Email,235.0,19.0,132,0
TCKT-189685,Critical,Access Request,Security,Chat,59.0,23.0,280,4
TCKT-197990,Critical,Hardware Failure,IT Support,Portal,48.0,20.0,233,2
TCKT-150257,High,Access Request,IT Support,Portal,120.0,23.0,199,2
TCKT-126296,Critical,Network Issue,Development,Email,45.0,10.0,217,3
TCKT-131925,Medium,Network Issue,IT Support,Portal,179.0,0.0,186,1
TCKT-160180,Medium,Software Bug,Customer Service,Portal,171.0,16.0,174,0
TCKT-150709,Medium,Hardware Failure,Development,Portal,173.0,9.0,161,1
TCKT-138706,Critical,General Inquiry,Security,Portal,51.0,16.0,213,2
TCKT-116427,Critical,Network Issue,Development,Portal,43.0,16.0,263,4
TCKT-124593,Critical,Hardware Failure,Network Ops,Email,42.0,15.0,188,2
TCKT-185303,High,Software Bug,Development,Portal,109.0,2.0,258,3
TCKT-170300,Critical,Software Bug,Security,Chat,57.0,0.0,279,4
TCKT-186391,High,General Inquiry,Development,Email,105.0,5.0,166,3
TCKT-130023,High,Hardware Failure,IT Support,Phone,116.0,5.0,257,4
TCKT-132810,Medium,Hardware Failure,Customer Service,Chat,168.0,14.0,189,0
TCKT-127567,High,Software Bug,Security,Chat,109.0,13.0,175,2
TCKT-196720,High,General Inquiry,Security,Email,116.0,6.0,199,3
TCKT-158375,Critical,Network Issue,Development,Portal,49.0,22.0,263,2
TCKT-163344,Medium,Access Request,Development,Portal,178.0,3.0,160,1
TCKT-193710,Low,General Inquiry,Customer Service,Portal,232.0,7.0,162,1
TCKT-102206,Critical,Hardware Failure,IT Support,Email,41.0,22.0,274,4
TCKT-170114,Medium,Hardware Failure,Development,Phone,165.0,5.0,161,1
TCKT-117874,High,Software Bug,Development,Chat,120.0,15.0,265,4
TCKT-117406,High,Network Issue,Development,Chat,102.0,23.0,270,2
TCKT-186926,Low,Access Request,Customer Service,Portal,230.0,4.0,117,1
TCKT-168768,High,General Inquiry,Network Ops,Portal,119.0,5.0,199,1
TCKT-184049,Medium,Software Bug,Customer Service,Portal,165.0,8.0,167,1
TCKT-163436,Medium,Hardware Failure,Development,Email,162.0,12.0,183,1
TCKT-156769,Medium,Network Issue,Customer Service,Portal,170.0,1.0,161,1
TCKT-139363,Medium,Access Request,Security,Chat,168.0,3.0,146,1
TCKT-199741,Low,Network Issue,Customer Service,Portal,223.0,0.0,203,1
TCKT-128772,Critical,Network Issue,Security,Phone,44.0,8.0,293,4
TCKT-170118,Medium,Network Issue,IT Support,Portal,167.0,4.0,270,4
TCKT-150763,Critical,Hardware Failure,Customer Service,Chat,48.0,19.0,240,2
TCKT-177947,Low,General Inquiry,Customer Service,Phone,231.0,13.0,172,0
TCKT-123991,Critical,General Inquiry,Customer Service,Chat,41.0,6.0,233,3
TCKT-157196,Critical,Access Request,Customer Service,Portal,52.0,10.0,215,3
TCKT-115254,Low,General Inquiry,Customer Service,Chat,221.0,14.0,162,0
TCKT-177903,Critical,Hardware Failure,Customer Service,Email,56.0,20.0,233,2
TCKT-153388,High,Network Issue,Security,Phone,114.0,23.0,229,2
TCKT-116966,Medium,General Inquiry,Security,Chat,180.0,18.0,143,0
TCKT-146554,Medium,Hardware Failure,Development,Chat,164.0,6.0,178,1
TCKT-182326,Low,Hardware Failure,Network Ops,Chat,226.0,16.0,204,0
TCKT-164601,Low,General Inquiry,IT Support,Email,224.0,23.0,179,0
TCKT-161393,Low,Network Issue,Security,Portal,220.0,1.0,221,1
TCKT-183392,Low,General Inquiry,Network Ops,Email,221.0,20.0,116,0
TCKT-189982,High,Software Bug,Security,Portal,111.0,23.0,177,2
TCKT-123948,Medium,Access Request,Network Ops,Phone,164.0,3.0,181,1
TCKT-107609,Low,Network Issue,Customer Service,Chat,232.0,16.0,151,0
TCKT-120966,Critical,Network Issue,Development,Portal,57.0,13.0,217,3
TCKT-167614,Low,Software Bug,Development,Phone,222.0,23.0,165,0
TCKT-136429,High,Access Request,Network Ops,Phone,113.0,13.0,192,2
TCKT-192844,Critical,Software Bug,Network Ops,Phone,59.0,23.0,207,2
TCKT-189265,Low,Access Request,Customer Service,Email,232.0,15.0,148,0
TCKT-129573,Low,Hardware Failure,Security,Chat,237.0,11.0,163,0
TCKT-114030,High,Access Request,Network Ops,Chat,117.0,16.0,216,2
TCKT-177139,Critical,Network Issue,Customer Service,Chat,50.0,20.0,223,2
TCKT-164756,Critical,Network Issue,Development,Chat,50.0,14.0,231,3
TCKT-153506,High,Hardware Failure,Development,Email,100.0,17.0,180,2
TCKT-120257,Medium,Hardware Failure,Development,Portal,179.0,18.0,268,4
TCKT-141054,High,Software Bug,Network Ops,Phone,112.0,4.0,175,3
TCKT-195598,Medium,Software Bug,Security,Phone,171.0,4.0,244,1
TCKT-177338,Low,General Inquiry,Network Ops,Portal,227.0,5.0,172,1
TCKT-115461,Critical,Network Issue,Development,Phone,46.0,5.0,312,4
TCKT-107382,High,Software Bug,IT Support,Phone,119.0,11.0,276,4
TCKT-171566,Low,Access Request,Network Ops,Email,238.0,23.0,135,0
TCKT-168982,Low,Hardware Failure,Development,Email,228.0,21.0,166,0
TCKT-187608,Low,Access Request,Development,Portal,223.0,14.0,117,0
TCKT-126816,Low,Access Request,IT Support,Portal,222.0,23.0,132,0
TCKT-145811,Critical,Hardware Failure,IT Support,Phone,43.0,4.0,187,3
TCKT-106840,Critical,Hardware Failure,Customer Service,Email,40.0,0.0,233,3
TCKT-117056,Medium,Hardware Failure,Development,Phone,163.0,15.0,207,0
TCKT-140383,Medium,Access Request,IT Support,Portal,165.0,6.0,237,1
TCKT-127933,Critical,Access Request,Network Ops,Chat,53.0,1.0,207,3
TCKT-119673,Critical,Hardware Failure,Customer Service,Email,56.0,4.0,188,3
TCKT-170413,Medium,Hardware Failure,Network Ops,Chat,178.0,4.0,207,1
TCKT-175618,High,Network Issue,Security,Phone,113.0,6.0,280,4
TCKT-149117,Low,Software Bug,Customer Service,Portal,229.0,20.0,178,0
TCKT-196205,High,Access Request,Customer Service,Chat,110.0,18.0,178,2
TCKT-159508,High,Software Bug,Customer Service,Portal,108.0,8.0,220,3
TCKT-113692,Medium,General Inquiry,Security,Phone,175.0,13.0,183,0
TCKT-141066,Low,Software Bug,Development,Portal,237.0,17.0,245,0
TCKT-168305,Critical,General Inquiry,IT Support,Phone,47.0,13.0,233,4
TCKT-140027,Medium,Access Request,Network Ops,Chat,171.0,1.0,181,1
TCKT-189898,Critical,Hardware Failure,Security,Chat,52.0,20.0,258,2
TCKT-194494,High,Software Bug,IT Support,Phone,109.0,0.0,184,3
TCKT-102638,Low,Network Issue,Network Ops,Portal,220.0,17.0,203,0
TCKT-150453,Low,Hardware Failure,Development,Chat,222.0,12.0,166,0
TCKT-198979,High,Software Bug,Network Ops,Phone,107.0,1.0,212,3
TCKT-187132,High,Hardware Failure,Customer Service,Phone,106.0,9.0,171,3
TCKT-125227,Critical,Software Bug,Development,Email,50.0,20.0,205,2
TCKT-128412,Low,Software Bug,IT Support,Chat,229.0,21.0,148,0
TCKT-182442,Medium,Software Bug,Customer Service,Portal,178.0,4.0,169,1
TCKT-187800,Low,Software Bug,Customer Service,Chat,231.0,14.0,130,0
TCKT-145280,High,Network Issue,Customer Service,Chat,115.0,15.0,210,2
TCKT-110556,Medium,General Inquiry,Development,Chat,161.0,1.0,310,4
TCKT-179212,Medium,General Inquiry,Security,Portal,174.0,21.0,225,2
TCKT-189708,Medium,Software Bug,Customer Service,Phone,161.0,5.0,175,1
TCKT-101483,Low,General Inquiry,Network Ops,Email,234.0,22.0,116,0
TCKT-104070,Medium,Network Issue,Network Ops,Portal,178.0,23.0,204,2
TCKT-176401,Low,General Inquiry,Customer Service,Portal,236.0,23.0,116,0
TCKT-160228,Medium,Hardware Failure,Development,Portal,163.0,0.0,154,1
TCKT-116028,Low,Access Request,Security,Portal,228.0,4.0,148,1
TCKT-147886,Critical,Network Issue,Network Ops,Email,54.0,0.0,223,3
TCKT-100180,Critical,Software Bug,IT Support,Portal,57.0,16.0,261,4
TCKT-161124,Critical,Access Request,IT Support,Chat,53.0,23.0,294,4
TCKT-170825,Critical,Hardware Failure,Security,Portal,49.0,22.0,218,2
TCKT-158339,Low,Software Bug,Customer Service,Email,228.0,4.0,179,1
TCKT-176353,High,Hardware Failure,IT Support,Phone,104.0,10.0,285,4
TCKT-174057,High,General Inquiry,Customer Service,Portal,114.0,18.0,166,2
TCKT-141004,High,Hardware Failure,IT Support,Email,119.0,12.0,227,2
TCKT-151357,High,Access Request,Network Ops,Portal,111.0,14.0,172,2
TCKT-182873,Critical,Access Request,Development,Portal,45.0,6.0,314,4
TCKT-122465,Medium,Access Request,IT Support,Chat,169.0,6.0,181,1
TCKT-126719,Medium,Software Bug,Development,Portal,170.0,14.0,255,4
TCKT-107686,Low,Network Issue,IT Support,Phone,237.0,18.0,167,0
TCKT-174214,Low,General Inquiry,Network Ops,Email,235.0,14.0,179,0
TCKT-194762,Low,Software Bug,Development,Email,223.0,7.0,165,1
TCKT-134788,High,General Inquiry,Network Ops,Portal,114.0,22.0,229,2
TCKT-115803,High,Software Bug,IT Support,Phone,105.0,21.0,240,2
TCKT-169288,High,Software Bug,Network Ops,Phone,106.0,17.0,220,2
TCKT-137802,High,Network Issue,IT Support,Chat,109.0,19.0,313,4
TCKT-139302,Critical,Hardware Failure,Security,Email,47.0,23.0,187,2
TCKT-156346,Low,Network Issue,Development,Chat,225.0,15.0,270,4
TCKT-193436,Low,Hardware Failure,Customer Service,Email,238.0,21.0,167,0
TCKT-118958,Low,General Inquiry,Development,Email,240.0,16.0,243,0
TCKT-158873,Low,Network Issue,IT Support,Phone,240.0,17.0,265,0
TCKT-197240,Critical,General Inquiry,IT Support,Chat,56.0,17.0,266,4
TCKT-194633,Medium,General Inquiry,Development,Email,179.0,19.0,211,0
TCKT-199321,High,Access Request,IT Support,Chat,109.0,19.0,234,2
TCKT-160001,Critical,Hardware Failure,Security,Portal,47.0,4.0,188,3
TCKT-147264,Medium,Software Bug,Network Ops,Phone,167.0,2.0,169,1
TCKT-171937,High,General Inquiry,Network Ops,Portal,100.0,6.0,166,3
TCKT-155012,Low,Software Bug,Network Ops,Portal,221.0,11.0,180,1
TCKT-110566,High,Hardware Failure,Security,Chat,105.0,10.0,180,3
TCKT-130061,Critical,General Inquiry,Security,Email,40.0,4.0,292,4
TCKT-184133,High,Access Request,IT Support,Email,111.0,5.0,199,3
TCKT-165109,Critical,Hardware Failure,Security,Phone,57.0,22.0,187,2
TCKT-132098,Critical,General Inquiry,Customer Service,Email,40.0,7.0,231,3
TCKT-131540,High,General Inquiry,Network Ops,Portal,111.0,19.0,166,2
TCKT-194995,Medium,Hardware Failure,Development,Email,169.0,19.0,154,0
TCKT-154931,High,General Inquiry,IT Support,Email,119.0,2.0,219,3
TCKT-176746,Low,Hardware Failure,Development,Chat,234.0,3.0,280,1
TCKT-195168,Medium,Software Bug,Security,Email,176.0,4.0,175,1
TCKT-169583,High,Software Bug,Development,Email,119.0,1.0,177,3
TCKT-147910,Medium,Network Issue,IT Support,Portal,177.0,3.0,186,1
TCKT-154937,Low,Network Issue,Customer Service,Portal,225.0,15.0,151,0
TCKT-122272,Medium,Network Issue,Network Ops,Email,160.0,8.0,169,1
TCKT-100293,Critical,Access Request,Network Ops,Portal,48.0,1.0,233,3
TCKT-157980,Low,Access Request,Security,Email,237.0,17.0,129,0
TCKT-171055,Critical,General Inquiry,IT Support,Email,51.0,9.0,266,4
TCKT-192373,Medium,Hardware Failure,Customer Service,Email,174.0,3.0,154,1
TCKT-191559,Low,Software Bug,Network Ops,Portal,224.0,14.0,148,0
TCKT-128425,Critical,Hardware Failure,Development,Chat,42.0,21.0,218,2
TCKT-124734,Critical,General Inquiry,Security,Phone,59.0,22.0,222,2
TCKT-173258,Medium,Software Bug,IT Support,Phone,175.0,6.0,259,4
TCKT-111230,Medium,Network Issue,Customer Service,Portal,171.0,22.0,169,0
TCKT-193299,High,General Inquiry,IT Support,Portal,111.0,2.0,269,4
TCKT-119445,Medium,Network Issue,IT Support,Chat,172.0,10.0,217,1
TCKT-169377,Medium,General Inquiry,Customer Service,Email,168.0,14.0,188,0
TCKT-163988,High,Software Bug,Development,Portal,102.0,14.0,189,2
TCKT-192813,Critical,Access Request,Customer Service,Chat,57.0,19.0,210,2
TCKT-132970,Low,Network Issue,Security,Phone,240.0,22.0,189,0
TCKT-195268,Low,Software Bug,Customer Service,Phone,240.0,6.0,180,1
TCKT-156545,Critical,Network Issue,IT Support,Chat,46.0,19.0,287,4
TCKT-151673,High,Network Issue,Development,Portal,100.0,15.0,278,4
TCKT-160985,Critical,Hardware Failure,Security,Phone,44.0,14.0,188,2
TCKT-146544,Low,Network Issue,Customer Service,Email,238.0,23.0,144,0
TCKT-176290,Medium,General Inquiry,Customer Service,Email,163.0,3.0,180,1
TCKT-184907,Critical,Software Bug,IT Support,Portal,55.0,16.0,277,4
TCKT-136653,Critical,Network Issue,Customer Service,Chat,59.0,5.0,231,3
TCKT-173105,Critical,Hardware Failure,Development,Portal,57.0,0.0,218,3
TCKT-143037,Critical,Software Bug,Security,Phone,54.0,21.0,277,4
TCKT-177875,Low,Access Request,Development,Phone,229.0,23.0,148,0
TCKT-138982,Medium,Access Request,Security,Email,174.0,10.0,251,4
TCKT-110174,Medium,Network Issue,Network Ops,Phone,171.0,3.0,189,1
TCKT-172812,High,Software Bug,Security,Portal,109.0,10.0,185,2
TCKT-113190,Medium,Hardware Failure,Customer Service,Portal,176.0,21.0,187,0
TCKT-132756,Medium,General Inquiry,Network Ops,Chat,170.0,7.0,180,1
TCKT-113484,Medium,Access Request,Customer Service,Portal,166.0,3.0,162,1
TCKT-137897,Critical,Software Bug,Network Ops,Email,49.0,21.0,205,2
TCKT-199933,High,Hardware Failure,Security,Portal,107.0,23.0,260,2
TCKT-181642,Medium,Hardware Failure,Network Ops,Portal,163.0,2.0,161,1
TCKT-110369,Low,Network Issue,Development,Chat,229.0,6.0,189,1
TCKT-114185,Low,Access Request,Customer Service,Email,225.0,5.0,149,1
TCKT-184862,Low,Software Bug,Network Ops,Email,232.0,4.0,164,1
TCKT-108065,High,General Inquiry,Development,Email,102.0,11.0,228,3
TCKT-146596,Low,General Inquiry,Customer Service,Portal,236.0,5.0,179,1
TCKT-143914,Medium,Hardware Failure,IT Support,Chat,161.0,3.0,243,1
TCKT-186891,Low,Access Request,Customer Service,Chat,230.0,17.0,148,0
TCKT-128457,Medium,Access Request,Security,Chat,163.0,1.0,182,1
TCKT-141696,High,Network Issue,Network Ops,Chat,112.0,18.0,210,2
TCKT-126736,Critical,Hardware Failure,Network Ops,Phone,40.0,3.0,233,3
TCKT-179156,Low,Software Bug,Security,Phone,220.0,9.0,148,0
TCKT-137309,High,Hardware Failure,IT Support,Phone,105.0,0.0,268,4
TCKT-192823,Low,Access Request,Security,Chat,230.0,6.0,161,1
TCKT-184698,Low,General Inquiry,Customer Service,Email,240.0,19.0,116,0
TCKT-138311,High,General Inquiry,Customer Service,Chat,112.0,23.0,235,2
TCKT-108291,High,General Inquiry,Security,Phone,112.0,13.0,235,4
TCKT-189480,High,Hardware Failure,Security,Phone,100.0,16.0,241,2
TCKT-108967,Low,Network Issue,Development,Portal,232.0,16.0,203,0
TCKT-189100,Medium,Network Issue,Development,Phone,171.0,2.0,204,1
TCKT-151237,Medium,Hardware Failure,Network Ops,Email,179.0,9.0,207,1
TCKT-189656,Critical,Software Bug,Network Ops,Email,58.0,10.0,181,3
TCKT-123515,Low,Access Request,IT Support,Chat,220.0,17.0,129,0
TCKT-133724,Low,Network Issue,IT Support,Phone,222.0,16.0,259,0
TCKT-120601,Critical,Hardware Failure,Network Ops,Phone,43.0,22.0,218,2
TCKT-135392,Critical,Software Bug,Customer Service,Email,57.0,11.0,222,3
TCKT-178334,Medium,General Inquiry,Development,Chat,176.0,16.0,193,0
TCKT-153991,Medium,Access Request,Network Ops,Phone,166.0,1.0,181,1
TCKT-197114,Critical,Access Request,Network Ops,Email,48.0,4.0,207,3
TCKT-153838,Medium,General Inquiry,Development,Email,174.0,7.0,180,1
TCKT-102414,High,General Inquiry,IT Support,Email,115.0,7.0,250,4
TCKT-108652,Medium,Software Bug,Development,Chat,160.0,8.0,174,1
TCKT-101094,Medium,Access Request,Development,Email,175.0,19.0,182,0
TCKT-133755,Critical,Access Request,Security,Chat,58.0,8.0,215,3
TCKT-178308,Medium,Access Request,Development,Phone,167.0,0.0,241,1
TCKT-129514,Critical,Network Issue,Network Ops,Phone,47.0,7.0,203,3
TCKT-145565,Low,Hardware Failure,IT Support,Chat,228.0,3.0,199,1
TCKT-177361,High,Hardware Failure,IT Support,Portal,100.0,12.0,211,2
TCKT-115852,Critical,Software Bug,Network Ops,Chat,40.0,3.0,209,3
TCKT-155088,Low,Network Issue,Customer Service,Email,224.0,1.0,153,1
TCKT-130037,High,Network Issue,Security,Portal,101.0,4.0,219,3
TCKT-137279,Critical,Network Issue,Network Ops,Phone,54.0,13.0,223,3
TCKT-128900,High,Network Issue,Customer Service,Chat,113.0,12.0,197,3
TCKT-164352,Medium,Software Bug,Development,Phone,180.0,21.0,169,0
TCKT-127091,Low,Hardware Failure,Network Ops,Email,234.0,10.0,167,1
TCKT-160731,High,Software Bug,IT Support,Portal,106.0,9.0,175,2
TCKT-129385,Low,Network Issue,Network Ops,Portal,229.0,23.0,151,0
TCKT-180468,Low,Hardware Failure,Security,Phone,232.0,23.0,195,0
TCKT-175720,Low,General Inquiry,Network Ops,Phone,236.0,8.0,172,1
TCKT-150986,Medium,General Inquiry,IT Support,Portal,160.0,15.0,229,2
TCKT-180034,High,General Inquiry,IT Support,Chat,114.0,8.0,269,4
TCKT-128662,Medium,General Inquiry,Development,Phone,172.0,18.0,269,4
TCKT-131197,Critical,Software Bug,IT Support,Email,42.0,13.0,265,4
TCKT-131954,Low,Access Request,Customer Service,Email,234.0,4.0,135,1
TCKT-106295,Medium,Access Request,Development,Email,167.0,16.0,153,0
TCKT-198524,Critical,General Inquiry,Network Ops,Email,60.0,11.0,226,3
TCKT-147458,Medium,General Inquiry,Security,Phone,170.0,10.0,143,1
TCKT-121528,High,Hardware Failure,Customer Service,Portal,105.0,22.0,171,2
TCKT-187449,Critical,Access Request,IT Support,Phone,42.0,1.0,266,4
TCKT-194692,Low,Network Issue,Security,Chat,235.0,13.0,144,0
TCKT-120049,Low,Hardware Failure,Network Ops,Phone,233.0,6.0,204,1
TCKT-197409,Critical,Software Bug,Development,Email,41.0,17.0,207,2
TCKT-149944,Medium,Software Bug,Customer Service,Phone,166.0,22.0,192,0
TCKT-134654,Low,Access Request,Network Ops,Phone,230.0,20.0,153,0
TCKT-124388,Critical,Network Issue,Network Ops,Phone,41.0,14.0,263,4
TCKT-113915,High,Access Request,Development,Portal,110.0,1.0,253,3
TCKT-133423,Critical,General Inquiry,Customer Service,Portal,40.0,16.0,231,2
TCKT-134985,High,Software Bug,Security,Email,108.0,6.0,185,3
TCKT-134573,Critical,Network Issue,IT Support,Phone,55.0,11.0,287,4
TCKT-166668,High,Access Request,Customer Service,Email,111.0,6.0,196,3
TCKT-160618,Medium,Network Issue,Development,Chat,176.0,21.0,200,0
TCKT-131520,Medium,Software Bug,Development,Phone,173.0,16.0,174,0
TCKT-144008,Low,Hardware Failure,IT Support,Portal,220.0,1.0,251,1
TCKT-199293,High,Software Bug,Development,Phone,112.0,2.0,184,3
TCKT-110582,Medium,General Inquiry,Security,Portal,172.0,4.0,229,1
TCKT-154114,Low,Hardware Failure,Customer Service,Portal,240.0,7.0,180,1
TCKT-130871,High,General Inquiry,Development,Portal,119.0,21.0,293,4
TCKT-134977,Low,Software Bug,Development,Phone,226.0,6.0,148,1
TCKT-120934,Low,General Inquiry,Customer Service,Chat,228.0,0.0,116,1
TCKT-111745,Medium,Access Request,IT Support,Email,170.0,17.0,174,0
TCKT-129985,Low,Network Issue,IT Support,Chat,232.0,3.0,237,1
TCKT-103944,High,Hardware Failure,Customer Service,Email,118.0,6.0,197,3
TCKT-196610,Medium,Access Request,Network Ops,Portal,160.0,3.0,160,1
TCKT-167879,Low,Network Issue,Development,Chat,222.0,18.0,203,0
TCKT-171032,Critical,Access Request,Customer Service,Email,50.0,23.0,207,2
TCKT-142599,High,Network Issue,Development,Chat,114.0,13.0,269,4
TCKT-137601,Critical,Access Request,Security,Email,54.0,18.0,204,2
TCKT-152899,Critical,General Inquiry,Security,Portal,52.0,16.0,321,4
TCKT-150653,Critical,Access Request,IT Support,Portal,47.0,2.0,294,4
TCKT-125033,Medium,Software Bug,Network Ops,Chat,174.0,11.0,167,1
TCKT-143199,Critical,General Inquiry,Network Ops,Phone,45.0,21.0,233,2
TCKT-108488,High,Network Issue,IT Support,Email,111.0,18.0,275,4
TCKT-198054,High,General Inquiry,Customer Service,Portal,104.0,23.0,213,2
TCKT-174497,Medium,Network Issue,IT Support,Email,180.0,20.0,217,0
TCKT-139506,Medium,Software Bug,Development,Phone,162.0,21.0,259,2
TCKT-181165,Medium,Access Request,Development,Phone,168.0,18.0,181,0
TCKT-167147,Low,Network Issue,Development,Email,228.0,4.0,189,1
TCKT-153450,Medium,Network Issue,Development,Portal,178.0,3.0,267,4
TCKT-156381,Low,Access Request,Development,Email,232.0,5.0,234,1
TCKT-103655,Critical,General Inquiry,IT Support,Chat,50.0,6.0,222,3
TCKT-138814,Critical,Hardware Failure,Security,Phone,60.0,4.0,218,3
TCKT-154351,Critical,Software Bug,Network Ops,Chat,51.0,10.0,203,3
TCKT-135511,High,Network Issue,Security,Chat,111.0,1.0,197,3
TCKT-180224,High,Network Issue,Network Ops,Phone,113.0,14.0,229,2
TCKT-143639,Critical,General Inquiry,Customer Service,Portal,47.0,15.0,251,4
TCKT-112122,High,Access Request,IT Support,Portal,118.0,20.0,185,2
TCKT-178859,Medium,Hardware Failure,IT Support,Chat,180.0,8.0,189,1
TCKT-138767,High,General Inquiry,Network Ops,Phone,108.0,23.0,229,2
TCKT-181981,Medium,Software Bug,Network Ops,Email,180.0,21.0,175,0
TCKT-162451,Critical,Software Bug,Customer Service,Portal,40.0,12.0,181,3
TCKT-155631,Low,Network Issue,Development,Chat,233.0,0.0,157,1
TCKT-105392,Medium,Access Request,Network Ops,Portal,164.0,11.0,160,1
TCKT-198756,Low,Hardware Failure,Network Ops,Phone,232.0,20.0,167,0
TCKT-150608,Low,General Inquiry,Customer Service,Portal,225.0,6.0,179,1
TCKT-107939,Low,Network Issue,Security,Email,230.0,21.0,153,0
TCKT-184094,Critical,General Inquiry,IT Support,Chat,41.0,2.0,233,3
TCKT-137745,Low,Software Bug,Customer Service,Chat,226.0,12.0,164,0
TCKT-189955,Low,General Inquiry,Security,Chat,231.0,6.0,116,1
TCKT-131743,Critical,Access Request,IT Support,Email,44.0,0.0,271,3
TCKT-156016,Medium,Software Bug,Customer Service,Chat,174.0,7.0,169,1
TCKT-120258,Low,Access Request,Network Ops,Chat,237.0,19.0,129,0
TCKT-191398,High,Hardware Failure,Development,Portal,102.0,10.0,260,4
TCKT-183709,Critical,Software Bug,IT Support,Email,59.0,11.0,306,4
TCKT-190893,Low,Hardware Failure,Customer Service,Portal,221.0,18.0,163,0
TCKT-115091,Low,Access Request,Customer Service,Email,238.0,5.0,161,1
TCKT-186072,Critical,Hardware Failure,IT Support,Chat,51.0,12.0,261,4
TCKT-186820,Critical,General Inquiry,Security,Chat,54.0,7.0,222,3
TCKT-124380,High,Hardware Failure,Security,Portal,117.0,5.0,190,3
TCKT-133245,High,General Inquiry,Security,Chat,108.0,8.0,199,3
TCKT-184080,Critical,Hardware Failure,Development,Phone,56.0,5.0,268,4
TCKT-174315,Critical,General Inquiry,Security,Phone,56.0,5.0,226,3
TCKT-134957,Low,Hardware Failure,Customer Service,Email,230.0,9.0,166,0
TCKT-176170,High,Network Issue,Development,Phone,118.0,13.0,300,4
TCKT-121168,Medium,General Inquiry,Development,Portal,169.0,12.0,269,4
TCKT-115224,High,Access Request,Development,Chat,112.0,22.0,178,2
TCKT-162612,Critical,General Inquiry,Customer Service,Phone,51.0,0.0,226,3
TCKT-166899,Critical,Software Bug,IT Support,Email,59.0,12.0,287,4
TCKT-130664,Low,Software Bug,Customer Service,Chat,238.0,18.0,179,0
TCKT-124778,High,Network Issue,Security,Phone,120.0,0.0,267,4
TCKT-125481,Medium,General Inquiry,Development,Email,171.0,22.0,183,0
TCKT-140678,Medium,Network Issue,Network Ops,Portal,176.0,8.0,204,1
TCKT-116775,Medium,Network Issue,Customer Service,Portal,173.0,14.0,161,0
TCKT-107797,High,Network Issue,Network Ops,Chat,113.0,2.0,167,1
TCKT-148749,Critical,Hardware Failure,Development,Phone,44.0,9.0,233,3
TCKT-171647,High,Hardware Failure,Customer Service,Portal,102.0,11.0,179,2
TCKT-130403,High,General Inquiry,Development,Email,106.0,5.0,247,3
TCKT-185353,High,General Inquiry,IT Support,Portal,105.0,7.0,275,4
TCKT-133611,High,Network Issue,Network Ops,Chat,118.0,2.0,188,3
TCKT-117808,Medium,Hardware Failure,Development,Chat,172.0,16.0,181,0
TCKT-108289,Critical,General Inquiry,Network Ops,Chat,47.0,15.0,233,2
TCKT-179869,Medium,Access Request,IT Support,Email,164.0,10.0,216,1
TCKT-111975,Critical,Software Bug,Security,Phone,51.0,4.0,181,3
TCKT-191810,High,General Inquiry,Development,Email,116.0,20.0,166,2
TCKT-127513,Low,Network Issue,Development,Phone,229.0,19.0,157,0
TCKT-116016,Medium,Hardware Failure,Security,Phone,168.0,3.0,154,1
TCKT-195946,Critical,Hardware Failure,IT Support,Phone,59.0,17.0,243,4
TCKT-146090,Critical,General Inquiry,Development,Phone,60.0,14.0,231,4
TCKT-152230,Critical,Access Request,Customer Service,Email,58.0,14.0,233,3
TCKT-182448,Medium,General Inquiry,Security,Email,168.0,22.0,225,2
TCKT-136991,Low,General Inquiry,Development,Email,228.0,8.0,172,1
TCKT-182711,High,Network Issue,Customer Service,Email,101.0,21.0,188,2
TCKT-191149,Low,Software Bug,Customer Service,Phone,233.0,2.0,164,1
TCKT-158442,Critical,General Inquiry,Customer Service,Phone,40.0,5.0,279,4
TCKT-149692,Critical,Network Issue,IT Support,Email,46.0,10.0,217,3
TCKT-118795,High,Hardware Failure,IT Support,Chat,109.0,10.0,255,4
TCKT-184134,Medium,Network Issue,Security,Portal,175.0,23.0,161,0
TCKT-157024,Critical,Hardware Failure,Development,Portal,52.0,22.0,286,4
TCKT-113616,Low,Software Bug,IT Support,Phone,232.0,22.0,249,0
TCKT-173767,Low,Hardware Failure,Security,Chat,233.0,19.0,167,0
TCKT-152653,Critical,General Inquiry,Network Ops,Phone,48.0,20.0,226,2
TCKT-179867,Medium,Network Issue,Customer Service,Email,163.0,16.0,204,0
TCKT-194225,Critical,Access Request,Development,Phone,56.0,4.0,314,4
TCKT-168433,Low,Software Bug,Customer Service,Chat,220.0,15.0,148,0
TCKT-170501,High,Network Issue,Development,Portal,102.0,15.0,197,2
TCKT-193591,High,Software Bug,Network Ops,Email,102.0,12.0,175,2
TCKT-156716,Critical,Network Issue,Customer Service,Phone,41.0,0.0,232,3
TCKT-160312,Critical,Hardware Failure,IT Support,Chat,48.0,16.0,289,4
TCKT-102396,Medium,Software Bug,Network Ops,Chat,168.0,18.0,169,0
TCKT-188182,High,Hardware Failure,Development,Chat,115.0,12.0,179,2
TCKT-191875,Low,Software Bug,Network Ops,Phone,227.0,9.0,179,1
TCKT-101916,Low,Access Request,Development,Email,235.0,17.0,153,0
TCKT-162889,Critical,Hardware Failure,Customer Service,Portal,55.0,10.0,188,3
TCKT-103587,High,Hardware Failure,Development,Phone,107.0,14.0,212,2
TCKT-190170,High,Software Bug,Network Ops,Portal,104.0,15.0,220,2
TCKT-109621,High,Hardware Failure,Customer Service,Portal,101.0,0.0,212,3
TCKT-105463,Low,Hardware Failure,Development,Chat,239.0,4.0,261,1
TCKT-195401,High,Hardware Failure,Network Ops,Phone,103.0,20.0,179,2
TCKT-164557,Critical,Network Issue,Customer Service,Phone,57.0,22.0,197,2
TCKT-186201,Medium,Hardware Failure,Customer Service,Portal,161.0,11.0,181,1
TCKT-140426,Medium,Access Request,Customer Service,Chat,180.0,1.0,146,1
TCKT-118515,Critical,Software Bug,IT Support,Portal,43.0,1.0,207,3
TCKT-139778,High,General Inquiry,Security,Chat,117.0,7.0,229,3
TCKT-161156,Low,Access Request,IT Support,Chat,233.0,18.0,233,0
TCKT-151815,Medium,Software Bug,Security,Chat,162.0,19.0,175,0
TCKT-183797,Low,General Inquiry,Customer Service,Email,228.0,21.0,162,0
TCKT-178775,Medium,Network Issue,Network Ops,Portal,172.0,12.0,204,1
TCKT-189514,Critical,Software Bug,Customer Service,Email,47.0,20.0,181,2
TCKT-198670,Medium,Hardware Failure,Network Ops,Phone,165.0,2.0,189,1
TCKT-139696,High,Hardware Failure,IT Support,Chat,107.0,11.0,211,2
TCKT-193616,High,Software Bug,Customer Service,Chat,111.0,15.0,185,2
TCKT-171336,Critical,Network Issue,Development,Chat,50.0,3.0,312,4
TCKT-179500,High,Software Bug,IT Support,Email,108.0,5.0,177,3
TCKT-167622,High,Access Request,Development,Phone,119.0,0.0,196,3
TCKT-199809,Medium,Hardware Failure,Network Ops,Phone,179.0,2.0,183,1
TCKT-186842,Critical,General Inquiry,Customer Service,Phone,41.0,22.0,231,2
TCKT-137129,Critical,Network Issue,Customer Service,Email,47.0,22.0,197,2
TCKT-145642,High,Network Issue,Development,Phone,117.0,19.0,272,4
TCKT-146910,High,Hardware Failure,Customer Service,Email,118.0,20.0,180,2
TCKT-112987,Low,Access Request,Security,Chat,233.0,4.0,132,1
TCKT-141102,Low,Access Request,Security,Phone,225.0,17.0,161,0
TCKT-152619,Low,Network Issue,Customer Service,Email,240.0,14.0,189,0
TCKT-110289,Low,General Inquiry,Development,Chat,236.0,18.0,179,0
TCKT-190541,Low,General Inquiry,Customer Service,Phone,240.0,17.0,162,0
TCKT-142676,Medium,Hardware Failure,IT Support,Email,165.0,5.0,183,1
TCKT-118067,Critical,Access Request,Security,Phone,48.0,19.0,274,4
TCKT-129185,Medium,Software Bug,Development,Phone,171.0,6.0,169,1
TCKT-172365,Critical,Network Issue,Development,Email,52.0,11.0,231,3
TCKT-192765,Medium,Network Issue,IT Support,Email,169.0,23.0,254,2
TCKT-178973,Low,Hardware Failure,Development,Email,225.0,17.0,280,4
TCKT-196136,High,Hardware Failure,IT Support,Email,101.0,4.0,190,3
TCKT-195157,Medium,Access Request,Network Ops,Portal,175.0,23.0,162,0
TCKT-138205,Low,Software Bug,Network Ops,Email,225.0,8.0,148,1
TCKT-190875,Medium,Access Request,Security,Email,163.0,16.0,181,0
TCKT-106075,Critical,Access Request,Network Ops,Chat,45.0,11.0,233,3
TCKT-124409,High,Software Bug,Security,Portal,100.0,23.0,175,2
TCKT-139975,Critical,Network Issue,Security,Portal,52.0,18.0,232,2
TCKT-178525,Medium,Software Bug,Customer Service,Phone,177.0,11.0,192,0
TCKT-122580,High,Software Bug,IT Support,Chat,118.0,3.0,189,3
TCKT-174280,Critical,Hardware Failure,Customer Service,Chat,42.0,10.0,233,3
TCKT-115296,Critical,Hardware Failure,IT Support,Chat,49.0,15.0,188,2
TCKT-126315,Medium,Hardware Failure,Development,Email,168.0,10.0,189,1
TCKT-137204,Medium,Network Issue,Development,Chat,164.0,1.0,279,4
TCKT-159114,Low,General Inquiry,Network Ops,Phone,226.0,1.0,116,1
TCKT-161044,Low,Hardware Failure,IT Support,Chat,236.0,21.0,247,0
TCKT-111384,Critical,Software Bug,IT Support,Chat,51.0,14.0,267,4
TCKT-181785,Low,Hardware Failure,Development,Phone,237.0,9.0,204,1
TCKT-192596,High,Hardware Failure,IT Support,Phone,106.0,16.0,285,4
TCKT-164863,Low,Network Issue,Customer Service,Portal,230.0,19.0,151,0
TCKT-124057,Low,Network Issue,Security,Email,226.0,8.0,181,1
TCKT-187822,Critical,Software Bug,Customer Service,Email,55.0,4.0,222,3
TCKT-198764,High,Network Issue,Security,Phone,111.0,17.0,267,4
TCKT-124910,Medium,General Inquiry,Network Ops,Phone,173.0,6.0,225,1
TCKT-176959,High,Hardware Failure,Development,Portal,120.0,16.0,211,2
TCKT-173689,High,General Inquiry,Development,Chat,106.0,13.0,316,4
TCKT-139917,Low,Access Request,Customer Service,Chat,220.0,13.0,148,0
TCKT-197779,High,Access Request,Security,Email,101.0,1.0,192,3
TCKT-149630,High,Hardware Failure,Customer Service,Chat,116.0,12.0,211,2
TCKT-130732,Critical,Access Request,Security,Phone,52.0,20.0,233,2
TCKT-136380,Low,Access Request,Security,Email,226.0,18.0,161,0
TCKT-185531,Critical,Network Issue,Customer Service,Email,42.0,9.0,232,3
TCKT-106515,Critical,Software Bug,Development,Portal,60.0,9.0,207,3
TCKT-107861,Medium,Hardware Failure,Development,Portal,161.0,10.0,242,4
TCKT-139630,Critical,Software Bug,Customer Service,Phone,56.0,23.0,207,2
TCKT-103065,Critical,Software Bug,Security,Phone,40.0,16.0,207,2
TCKT-149695,Low,Access Request,Customer Service,Chat,229.0,17.0,135,0
TCKT-144813,High,Software Bug,Security,Phone,100.0,8.0,184,3
TCKT-108396,Medium,General Inquiry,IT Support,Portal,164.0,15.0,239,4
TCKT-131631,Low,Network Issue,Network Ops,Phone,237.0,5.0,144,1
TCKT-109719,High,Software Bug,Network Ops,Portal,118.0,1.0,175,1
TCKT-128794,High,Access Request,Network Ops,Email,120.0,9.0,199,3
TCKT-180882,Low,Access Request,Development,Email,220.0,18.0,149,0
TCKT-163895,Medium,General Inquiry,IT Support,Phone,168.0,6.0,295,4
TCKT-183234,Critical,Network Issue,IT Support,Portal,53.0,9.0,315,4
TCKT-173537,Critical,Hardware Failure,IT Support,Email,57.0,1.0,218,3
TCKT-144868,Low,Hardware Failure,IT Support,Portal,233.0,21.0,166,0
TCKT-128699,Critical,Software Bug,Security,Email,53.0,19.0,203,2
TCKT-152665,Low,Access Request,Network Ops,Email,233.0,1.0,132,1
TCKT-178639,Medium,Network Issue,Customer Service,Email,178.0,22.0,204,0
TCKT-169765,Low,General Inquiry,Customer Service,Chat,229.0,21.0,179,0
TCKT-135060,Medium,General Inquiry,Development,Portal,175.0,5.0,229,1
TCKT-110014,Low,Software Bug,Development,Email,220.0,0.0,178,1
TCKT-161099,High,General Inquiry,IT Support,Phone,108.0,22.0,303,4
TCKT-143458,High,General Inquiry,Network Ops,Portal,119.0,22.0,212,2
TCKT-130004,High,Software Bug,Development,Phone,101.0,7.0,266,4
TCKT-146434,Low,Network Issue,Security,Email,240.0,7.0,153,1
TCKT-119582,Critical,Network Issue,Security,Email,51.0,14.0,301,4
TCKT-164611,Low,Access Request,Customer Service,Portal,232.0,18.0,132,0
TCKT-110314,Low,Network Issue,Network Ops,Portal,233.0,19.0,157,0
TCKT-178567,High,Network Issue,Network Ops,Email,113.0,19.0,197,2
TCKT-181307,High,Hardware Failure,Development,Email,101.0,16.0,171,2
TCKT-114368,Medium,Access Request,Security,Phone,168.0,15.0,153,0
TCKT-195520,Critical,Network Issue,Security,Chat,54.0,12.0,217,3
TCKT-128448,Medium,Access Request,Security,Phone,162.0,23.0,160,0
TCKT-149440,Low,Access Request,Network Ops,Chat,220.0,0.0,148,1
TCKT-127094,High,Access Request,Security,Chat,113.0,22.0,172,2
TCKT-195415,Low,Access Request,Network Ops,Portal,225.0,18.0,153,0
TCKT-130087,Low,General Inquiry,Network Ops,Chat,230.0,15.0,179,0
TCKT-132622,High,General Inquiry,Development,Phone,120.0,4.0,294,4
TCKT-178324,High,Hardware Failure,Security,Email,104.0,6.0,190,3
TCKT-126110,Low,Hardware Failure,Development,Chat,238.0,8.0,276,1
TCKT-120694,Low,Software Bug,Network Ops,Portal,236.0,9.0,178,1
TCKT-122142,Critical,Network Issue,Security,Phone,49.0,11.0,267,4
TCKT-116863,Critical,Access Request,Customer Service,Phone,45.0,8.0,233,3
TCKT-100087,Low,Access Request,Network Ops,Portal,240.0,5.0,129,1
TCKT-160935,Critical,General Inquiry,Security,Phone,49.0,11.0,233,4
TCKT-117176,Critical,General Inquiry,Security,Email,40.0,11.0,226,3
TCKT-183717,High,Network Issue,Customer Service,Email,108.0,13.0,189,3
TCKT-171467,Critical,Hardware Failure,IT Support,Portal,56.0,1.0,188,3
TCKT-137364,Low,General Inquiry,Customer Service,Portal,221.0,7.0,116,1
TCKT-173019,Medium,Software Bug,Network Ops,Portal,174.0,2.0,174,1
TCKT-174084,Critical,Software Bug,Security,Chat,52.0,7.0,281,4
TCKT-102880,Critical,General Inquiry,IT Support,Phone,45.0,20.0,289,4
TCKT-140248,Low,General Inquiry,Customer Service,Chat,237.0,9.0,116,1
TCKT-135097,Low,Network Issue,IT Support,Portal,240.0,15.0,287,4
TCKT-165479,Medium,Network Issue,Security,Portal,173.0,12.0,204,1
TCKT-155892,Low,Hardware Failure,Network Ops,Chat,222.0,12.0,180,1
TCKT-119797,Medium,Network Issue,Development,Email,160.0,2.0,279,4
TCKT-185389,Critical,Network Issue,Customer Service,Phone,53.0,20.0,231,2
TCKT-117050,Medium,Hardware Failure,Security,Chat,160.0,23.0,181,0
TCKT-106919,High,Access Request,Security,Phone,106.0,5.0,269,4
TCKT-169033,Medium,General Inquiry,Development,Email,178.0,5.0,225,1
TCKT-116368,Critical,Network Issue,Network Ops,Chat,50.0,22.0,231,2
TCKT-138471,Critical,Network Issue,Network Ops,Email,45.0,18.0,197,2
TCKT-129134,High,Network Issue,Customer Service,Portal,120.0,10.0,189,3
TCKT-139520,Low,Network Issue,Customer Service,Portal,228.0,23.0,189,0
TCKT-113042,High,Software Bug,Security,Email,109.0,17.0,247,2
TCKT-187280,High,Software Bug,Network Ops,Portal,117.0,9.0,185,2
TCKT-138007,Low,Hardware Failure,Network Ops,Portal,236.0,14.0,199,0
TCKT-150435,Critical,Hardware Failure,Development,Email,55.0,14.0,269,4
TCKT-197968,Medium,General Inquiry,Security,Chat,173.0,1.0,211,1
TCKT-120860,Critical,General Inquiry,Customer Service,Phone,55.0,9.0,226,3
TCKT-180999,High,Access Request,Customer Service,Chat,104.0,17.0,185,2
TCKT-102722,High,Hardware Failure,IT Support,Portal,105.0,18.0,264,4
TCKT-111571,High,Software Bug,Network Ops,Email,103.0,17.0,177,2
TCKT-137960,Critical,Access Request,Customer Service,Chat,41.0,0.0,215,3
TCKT-124022,Critical,Software Bug,Development,Phone,41.0,1.0,288,4
TCKT-134563,Critical,Access Request,Customer Service,Phone,58.0,8.0,215,3
TCKT-172227,Low,Software Bug,Security,Portal,223.0,19.0,148,0
TCKT-173885,High,Software Bug,Development,Chat,100.0,21.0,301,4
TCKT-115815,Low,Access Request,Network Ops,Email,226.0,15.0,132,0
TCKT-198292,Critical,General Inquiry,Network Ops,Email,43.0,2.0,233,3
TCKT-171788,High,Hardware Failure,Development,Portal,114.0,17.0,201,2
TCKT-123234,Critical,Network Issue,Security,Chat,46.0,23.0,231,2
TCKT-141301,Critical,Access Request,IT Support,Chat,43.0,5.0,299,4
TCKT-143560,Medium,Software Bug,IT Support,Email,168.0,4.0,192,1
TCKT-181752,High,General Inquiry,Network Ops,Portal,101.0,8.0,229,3
TCKT-169471,Critical,Access Request,Network Ops,Portal,54.0,9.0,204,3
TCKT-133443,Medium,General Inquiry,IT Support,Chat,170.0,21.0,272,4
TCKT-110081,Medium,Access Request,Customer Service,Portal,171.0,6.0,181,1
TCKT-133652,Medium,Software Bug,Customer Service,Chat,170.0,3.0,167,1
TCKT-105258,Medium,General Inquiry,Customer Service,Phone,180.0,8.0,211,1
TCKT-172334,Critical,Network Issue,IT Support,Email,55.0,21.0,232,2
TCKT-176675,High,Hardware Failure,IT Support,Email,118.0,10.0,236,4
TCKT-106852,Critical,Network Issue,Customer Service,Portal,47.0,15.0,203,2
TCKT-166796,Critical,Software Bug,Network Ops,Chat,45.0,17.0,209,2
TCKT-129760,Medium,Software Bug,IT Support,Phone,172.0,18.0,174,0
TCKT-131174,Low,Access Request,Customer Service,Phone,228.0,22.0,149,0
TCKT-175825,High,General Inquiry,Network Ops,Chat,113.0,7.0,213,3
TCKT-126425,Low,Software Bug,Customer Service,Chat,227.0,0.0,148,1
TCKT-152528,Medium,Hardware Failure,Security,Email,180.0,15.0,181,0
TCKT-173683,High,Software Bug,Customer Service,Email,101.0,12.0,175,2
TCKT-137107,Medium,Access Request,Network Ops,Chat,171.0,16.0,181,0
TCKT-127204,Critical,General Inquiry,Network Ops,Chat,45.0,23.0,279,4
TCKT-167808,High,Hardware Failure,IT Support,Phone,116.0,4.0,211,3
TCKT-117345,Low,Hardware Failure,Development,Portal,233.0,5.0,244,1
TCKT-110143,Low,Network Issue,Security,Portal,229.0,6.0,237,1
TCKT-129202,Critical,Access Request,IT Support,Portal,60.0,13.0,294,4
TCKT-104286,Low,Hardware Failure,IT Support,Chat,221.0,1.0,243,1
TCKT-150409,Medium,Hardware Failure,IT Support,Email,177.0,7.0,245,1
TCKT-123173,High,Network Issue,Network Ops,Chat,116.0,6.0,197,3
TCKT-120729,High,Software Bug,Security,Chat,105.0,9.0,220,3
TCKT-187468,Medium,General Inquiry,Network Ops,Portal,175.0,2.0,183,1
TCKT-157956,High,Network Issue,Network Ops,Phone,105.0,15.0,229,2
TCKT-145932,Critical,General Inquiry,Customer Service,Email,59.0,18.0,231,2
TCKT-184265,High,Network Issue,Network Ops,Chat,100.0,10.0,167,3
TCKT-182624,Medium,Access Request,Customer Service,Chat,172.0,11.0,146,0
TCKT-108758,Low,Hardware Failure,Customer Service,Chat,227.0,11.0,163,0
TCKT-173588,High,Software Bug,Development,Phone,101.0,17.0,189,2
TCKT-137877,High,Access Request,Security,Portal,106.0,2.0,248,3
TCKT-151656,Low,General Inquiry,Customer Service,Chat,234.0,20.0,116,0
TCKT-106576,Critical,Software Bug,Development,Portal,60.0,7.0,290,4
TCKT-193223,Medium,Access Request,Network Ops,Chat,176.0,5.0,153,1
TCKT-142398,Medium,Access Request,Network Ops,Email,166.0,18.0,153,0
TCKT-113649,High,Network Issue,Network Ops,Chat,118.0,8.0,189,3
TCKT-155589,High,Software Bug,IT Support,Portal,109.0,22.0,259,2
TCKT-157082,Critical,General Inquiry,Customer Service,Portal,44.0,19.0,226,2
TCKT-163136,Low,Software Bug,Security,Portal,229.0,17.0,130,0
TCKT-102911,High,Hardware Failure,Customer Service,Phone,115.0,7.0,197,3
TCKT-127705,Critical,Software Bug,Security,Phone,40.0,14.0,251,4
TCKT-193055,Low,Network Issue,Customer Service,Portal,225.0,8.0,203,1
TCKT-197672,Critical,Software Bug,Network Ops,Phone,53.0,21.0,181,2
TCKT-197536,Medium,Network Issue,Network Ops,Email,164.0,22.0,198,2
TCKT-143646,High,Hardware Failure,Development,Portal,106.0,23.0,171,2
TCKT-191414,Medium,General Inquiry,Development,Chat,177.0,22.0,310,4
TCKT-177226,Low,General Inquiry,Development,Phone,236.0,22.0,179,0
TCKT-153090,Low,Network Issue,IT Support,Chat,222.0,4.0,237,1
TCKT-119243,High,General Inquiry,Customer Service,Phone,102.0,15.0,235,2
TCKT-107553,Medium,Network Issue,Customer Service,Portal,171.0,17.0,200,0
TCKT-132546,Critical,General Inquiry,Customer Service,Portal,48.0,23.0,210,2
TCKT-193455,High,Access Request,Network Ops,Chat,112.0,9.0,196,3
TCKT-156560,High,Software Bug,IT Support,Portal,114.0,6.0,184,3
TCKT-151840,Medium,General Inquiry,Security,Phone,162.0,23.0,143,0
TCKT-100437,High,Network Issue,Development,Chat,110.0,1.0,229,3
TCKT-170457,Low,Software Bug,IT Support,Phone,233.0,18.0,204,0
TCKT-172840,Medium,Network Issue,IT Support,Portal,180.0,21.0,245,2
TCKT-185742,Medium,Network Issue,Development,Email,164.0,19.0,204,0
TCKT-164698,High,Hardware Failure,IT Support,Chat,114.0,0.0,227,3
TCKT-123386,High,General Inquiry,Customer Service,Portal,100.0,1.0,199,3
TCKT-125573,Medium,Network Issue,Network Ops,Chat,175.0,7.0,204,1
TCKT-176858,Medium,Software Bug,Security,Email,168.0,15.0,169,0
TCKT-110425,High,Access Request,IT Support,Phone,105.0,15.0,256,4
TCKT-162680,Critical,Hardware Failure,IT Support,Phone,56.0,2.0,274,4
TCKT-163024,Critical,Access Request,Security,Email,50.0,3.0,280,4
TCKT-133929,Medium,Hardware Failure,Customer Service,Chat,166.0,3.0,187,1
TCKT-183578,Critical,Network Issue,Development,Phone,59.0,18.0,231,2
TCKT-189842,High,Network Issue,IT Support,Phone,104.0,11.0,247,4
TCKT-163441,Critical,Hardware Failure,Customer Service,Chat,44.0,5.0,188,3
TCKT-170573,Medium,Hardware Failure,Network Ops,Chat,161.0,21.0,189,0
TCKT-117897,Medium,Access Request,Development,Chat,161.0,8.0,255,4
TCKT-131842,Low,Hardware Failure,Customer Service,Phone,233.0,19.0,199,0
TCKT-170837,Critical,Software Bug,IT Support,Email,60.0,4.0,249,3
TCKT-156995,High,Software Bug,Development,Portal,110.0,23.0,175,2
TCKT-153436,Critical,Hardware Failure,Network Ops,Phone,55.0,19.0,188,2
TCKT-140981,Medium,Network Issue,Network Ops,Email,166.0,16.0,189,0
TCKT-141122,Medium,Software Bug,Development,Chat,170.0,3.0,178,1
TCKT-127613,Medium,Software Bug,Development,Chat,179.0,7.0,169,1
TCKT-150077,Critical,Hardware Failure,Customer Service,Email,53.0,6.0,188,3
TCKT-159510,High,Software Bug,Security,Portal,100.0,0.0,185,3
TCKT-166507,Critical,Software Bug,IT Support,Chat,42.0,13.0,222,2
TCKT-119605,Critical,Network Issue,Development,Portal,50.0,23.0,263,2
TCKT-163827,Medium,General Inquiry,Security,Phone,170.0,23.0,188,0
TCKT-130182,Medium,Hardware Failure,Security,Portal,160.0,11.0,187,1
TCKT-177017,Low,General Inquiry,Development,Portal,238.0,9.0,179,1
TCKT-176196,Low,Software Bug,Security,Chat,225.0,21.0,148,0
TCKT-174181,Medium,Access Request,Security,Phone,173.0,17.0,232,0
TCKT-155619,Low,Network Issue,Network Ops,Chat,226.0,18.0,144,0
TCKT-149779,High,Access Request,Network Ops,Chat,113.0,2.0,172,1
TCKT-140374,Critical,Software Bug,Development,Email,50.0,13.0,203,3
TCKT-163632,Critical,Hardware Failure,Customer Service,Chat,56.0,23.0,218,2
TCKT-154932,Critical,Hardware Failure,Security,Portal,51.0,0.0,240,3
TCKT-136450,Critical,Network Issue,Network Ops,Portal,44.0,18.0,203,2
TCKT-141338,Critical,Software Bug,IT Support,Phone,55.0,6.0,211,3
TCKT-179160,Low,Software Bug,Customer Service,Chat,224.0,20.0,165,0
TCKT-131946,Low,General Inquiry,IT Support,Chat,235.0,9.0,177,1
TCKT-146479,Low,Hardware Failure,IT Support,Portal,231.0,15.0,159,0
TCKT-124748,High,Access Request,Development,Phone,120.0,1.0,297,4
TCKT-176954,Critical,Access Request,Security,Chat,41.0,14.0,215,2
TCKT-114787,Medium,General Inquiry,IT Support,Chat,168.0,11.0,199,1
TCKT-163343,Medium,Hardware Failure,Development,Phone,171.0,9.0,154,1
TCKT-105667,Low,Hardware Failure,Security,Portal,238.0,10.0,159,0
TCKT-159605,Critical,Access Request,Network Ops,Chat,47.0,1.0,181,3
TCKT-165648,Critical,Access Request,Development,Phone,49.0,13.0,314,4
TCKT-176192,Low,Access Request,IT Support,Phone,220.0,22.0,201,0
TCKT-182827,High,Network Issue,Development,Email,107.0,2.0,189,3
TCKT-122535,Medium,Access Request,Security,Email,177.0,17.0,230,0
TCKT-181648,Critical,Software Bug,Customer Service,Email,57.0,14.0,207,3
TCKT-140474,Critical,General Inquiry,Customer Service,Phone,47.0,8.0,251,4
TCKT-175033,High,Access Request,Security,Chat,101.0,1.0,172,3
TCKT-194097,Medium,Software Bug,Security,Phone,171.0,0.0,237,1
TCKT-168227,High,Software Bug,IT Support,Phone,112.0,4.0,259,4
TCKT-159298,Medium,Software Bug,Security,Portal,179.0,6.0,175,1
TCKT-142311,High,Software Bug,Security,Chat,106.0,12.0,175,2
TCKT-168569,Low,Access Request,IT Support,Portal,237.0,19.0,135,0
TCKT-191679,Medium,Access Request,IT Support,Chat,171.0,4.0,181,1
TCKT-120915,Critical,Hardware Failure,Development,Email,59.0,6.0,268,4
TCKT-104077,Low,Hardware Failure,Customer Service,Chat,232.0,2.0,163,1
TCKT-160914,Critical,Access Request,Security,Phone,54.0,18.0,207,2
TCKT-176975,Medium,Software Bug,Development,Chat,166.0,11.0,169,1
TCKT-177466,Critical,General Inquiry,Security,Email,49.0,18.0,280,4
TCKT-160604,Critical,Network Issue,IT Support,Chat,50.0,12.0,232,3
TCKT-139746,Low,Hardware Failure,IT Support,Chat,234.0,21.0,222,0
TCKT-135122,Medium,Hardware Failure,IT Support,Portal,178.0,20.0,234,2
TCKT-116203,Critical,Software Bug,Security,Phone,57.0,8.0,279,4
TCKT-171996,Critical,Network Issue,IT Support,Phone,44.0,21.0,288,4
TCKT-159868,Critical,General Inquiry,Network Ops,Portal,58.0,4.0,251,3
TCKT-196920,Critical,General Inquiry,Development,Phone,50.0,19.0,279,4
TCKT-146089,Low,Network Issue,Customer Service,Email,233.0,21.0,151,0
TCKT-120310,Low,Software Bug,Customer Service,Email,224.0,11.0,130,0
TCKT-176078,High,Access Request,Security,Phone,108.0,1.0,216,3
TCKT-178395,Low,Hardware Failure,Development,Email,231.0,17.0,180,0
TCKT-116356,Low,Access Request,Customer Service,Portal,222.0,5.0,161,1
TCKT-174051,High,Software Bug,Security,Portal,109.0,3.0,184,3
TCKT-100808,High,Network Issue,Development,Portal,116.0,1.0,229,3
TCKT-147553,Low,Network Issue,Development,Chat,227.0,12.0,232,0
TCKT-137475,Medium,Network Issue,Security,Phone,175.0,3.0,200,1
TCKT-190035,Low,Software Bug,Security,Phone,221.0,11.0,148,0
TCKT-112917,Critical,General Inquiry,Customer Service,Phone,50.0,10.0,226,3
TCKT-164830,Critical,Software Bug,IT Support,Portal,56.0,3.0,207,3
TCKT-179584,High,Network Issue,Customer Service,Phone,103.0,12.0,219,3
TCKT-170634,Critical,Network Issue,IT Support,Email,53.0,15.0,263,4
TCKT-156244,Medium,Software Bug,Customer Service,Chat,174.0,18.0,174,0
TCKT-147337,High,Access Request,Security,Phone,112.0,2.0,185,3
TCKT-170610,Medium,General Inquiry,Development,Chat,171.0,0.0,188,1
TCKT-136662,High,Hardware Failure,IT Support,Chat,105.0,22.0,264,2
TCKT-157759,Medium,Access Request,Security,Phone,179.0,4.0,223,1
TCKT-163928,Critical,Hardware Failure,Network Ops,Phone,53.0,17.0,205,2
TCKT-133867,Medium,Access Request,Customer Service,Chat,161.0,20.0,146,0
TCKT-133880,Low,General Inquiry,Network Ops,Phone,238.0,13.0,162,0
TCKT-128438,Medium,Network Issue,Network Ops,Phone,161.0,7.0,200,1
TCKT-142151,Medium,Access Request,Network Ops,Portal,175.0,10.0,181,1
TCKT-123981,Medium,General Inquiry,Network Ops,Portal,167.0,17.0,225,2
TCKT-152492,High,Hardware Failure,Network Ops,Portal,116.0,11.0,197,2
TCKT-131379,High,General Inquiry,Security,Phone,120.0,14.0,228,2
TCKT-138687,Medium,Access Request,Development,Chat,173.0,7.0,174,1
TCKT-106360,Critical,Access Request,IT Support,Phone,41.0,8.0,210,3
TCKT-127548,Medium,General Inquiry,IT Support,Email,173.0,16.0,229,2
TCKT-187457,Critical,Software Bug,IT Support,Email,46.0,8.0,263,4
TCKT-166295,Low,Network Issue,Development,Portal,234.0,14.0,153,0
TCKT-188303,Critical,Software Bug,Development,Chat,48.0,9.0,274,4
TCKT-196451,Critical,Hardware Failure,Network Ops,Phone,42.0,16.0,188,2
TCKT-134214,Medium,Hardware Failure,Development,Email,179.0,5.0,187,1
TCKT-196536,Critical,Access Request,Security,Portal,57.0,2.0,215,3
TCKT-120574,Low,Software Bug,Network Ops,Portal,226.0,23.0,180,0
TCKT-179927,High,Access Request,Network Ops,Portal,112.0,21.0,176,2
TCKT-116305,Medium,Network Issue,Security,Portal,171.0,17.0,161,0
TCKT-126086,Medium,Hardware Failure,IT Support,Phone,175.0,12.0,178,0
TCKT-102295,Low,Hardware Failure,Development,Chat,222.0,14.0,167,0
TCKT-118086,Critical,Software Bug,IT Support,Chat,57.0,1.0,293,4
TCKT-188152,Critical,Software Bug,Security,Chat,47.0,17.0,275,4
TCKT-114620,Critical,Software Bug,Security,Email,55.0,18.0,205,2
TCKT-118609,High,Hardware Failure,IT Support,Chat,106.0,6.0,263,4
TCKT-167912,Medium,General Inquiry,IT Support,Phone,164.0,16.0,272,4
TCKT-175372,High,Software Bug,IT Support,Email,100.0,17.0,189,2
TCKT-138948,Critical,Hardware Failure,Development,Phone,58.0,15.0,205,2
TCKT-116817,Medium,General Inquiry,IT Support,Portal,171.0,4.0,229,1
TCKT-151410,Medium,General Inquiry,Development,Phone,163.0,22.0,183,0
TCKT-136139,Critical,Hardware Failure,Development,Chat,46.0,1.0,218,3
TCKT-110209,Medium,General Inquiry,Security,Chat,180.0,7.0,193,1
TCKT-185534,Critical,Software Bug,Customer Service,Portal,41.0,5.0,181,3
TCKT-139202,Low,Access Request,Development,Chat,237.0,13.0,216,0
TCKT-131689,Low,Hardware Failure,Security,Email,233.0,7.0,159,1
TCKT-129075,High,Access Request,Network Ops,Phone,113.0,16.0,192,2
TCKT-117644,Low,Hardware Failure,Network Ops,Portal,224.0,20.0,159,0
TCKT-183820,High,Hardware Failure,IT Support,Portal,107.0,21.0,236,2
TCKT-106844,Low,Network Issue,Network Ops,Email,240.0,8.0,153,1
TCKT-157655,Critical,General Inquiry,Security,Phone,43.0,3.0,226,3
TCKT-190905,Critical,General Inquiry,Customer Service,Chat,46.0,8.0,233,3
TCKT-186333,Critical,Access Request,Network Ops,Phone,52.0,7.0,210,3
TCKT-191894,Critical,Hardware Failure,Customer Service,Email,55.0,9.0,187,3
TCKT-137574,Critical,Software Bug,Network Ops,Chat,59.0,1.0,222,3
TCKT-111522,Low,Network Issue,IT Support,Email,232.0,3.0,251,1
TCKT-101819,Low,General Inquiry,IT Support,Portal,234.0,4.0,172,1
TCKT-160730,Medium,Software Bug,Network Ops,Phone,170.0,23.0,169,0
TCKT-118254,Low,Hardware Failure,Network Ops,Phone,233.0,9.0,199,1
TCKT-197227,Low,Hardware Failure,Customer Service,Phone,231.0,18.0,199,0
TCKT-174405,Medium,Access Request,Security,Portal,172.0,17.0,181,0
TCKT-119990,Critical,Hardware Failure,IT Support,Phone,52.0,3.0,289,4
TCKT-198402,Medium,Network Issue,Customer Service,Email,160.0,14.0,189,0
TCKT-162422,Critical,Network Issue,Security,Email,53.0,0.0,232,3
TCKT-132738,Medium,Network Issue,IT Support,Email,167.0,5.0,200,1
TCKT-152514,Low,Network Issue,Customer Service,Portal,238.0,21.0,203,0
TCKT-165251,High,Access Request,IT Support,Portal,116.0,23.0,262,2
TCKT-119043,Medium,Hardware Failure,Development,Chat,170.0,17.0,187,0
TCKT-189967,High,Network Issue,Security,Portal,119.0,8.0,188,3
TCKT-189804,Medium,Software Bug,Development,Portal,172.0,17.0,255,2
TCKT-105283,Critical,Hardware Failure,Network Ops,Phone,55.0,0.0,187,3
TCKT-108676,Medium,Hardware Failure,Network Ops,Email,179.0,15.0,187,0
TCKT-127035,Critical,Hardware Failure,Customer Service,Email,55.0,2.0,218,3
TCKT-137519,Medium,Access Request,Customer Service,Phone,165.0,6.0,146,1
TCKT-156812,High,Network Issue,IT Support,Email,116.0,20.0,245,2
TCKT-123785,Low,General Inquiry,Development,Phone,220.0,22.0,116,0
TCKT-110771,Critical,Software Bug,Development,Chat,46.0,17.0,207,2
TCKT-154308,Medium,General Inquiry,Customer Service,Chat,161.0,2.0,183,1
TCKT-115210,Low,Access Request,Customer Service,Phone,230.0,3.0,135,1
TCKT-161900,Critical,Access Request,Security,Portal,58.0,2.0,215,3
TCKT-194925,Critical,Software Bug,Security,Chat,41.0,12.0,263,4
TCKT-137838,Critical,General Inquiry,Customer Service,Email,52.0,23.0,251,2
TCKT-100112,Low,Access Request,IT Support,Phone,221.0,17.0,219,0
TCKT-100130,Critical,General Inquiry,Network Ops,Chat,43.0,13.0,251,4
TCKT-159254,Critical,Network Issue,IT Support,Portal,51.0,4.0,307,4
TCKT-144724,Low,Network Issue,Development,Portal,225.0,21.0,153,0
TCKT-116172,Medium,Network Issue,Security,Phone,162.0,5.0,161,1
TCKT-105848,Critical,Software Bug,Security,Phone,41.0,9.0,207,3
TCKT-134301,Medium,Network Issue,Development,Portal,169.0,18.0,198,0
TCKT-170822,Medium,Network Issue,Customer Service,Phone,166.0,12.0,189,0
TCKT-174561,Medium,General Inquiry,Network Ops,Portal,177.0,19.0,193,0
TCKT-156590,High,Hardware Failure,Security,Portal,110.0,9.0,180,3
TCKT-156565,Low,Access Request,Customer Service,Phone,235.0,17.0,117,0
TCKT-146893,Medium,Hardware Failure,Development,Email,163.0,7.0,187,1
TCKT-157124,Critical,Hardware Failure,Development,Phone,55.0,7.0,233,3
TCKT-183983,Medium,Network Issue,Security,Portal,178.0,8.0,200,1
TCKT-140623,High,Network Issue,IT Support,Portal,115.0,13.0,294,4
TCKT-189676,Critical,Access Request,Network Ops,Email,47.0,15.0,233,2
TCKT-128391,Medium,Network Issue,Development,Portal,169.0,8.0,200,1
TCKT-149388,Low,Access Request,Security,Portal,233.0,11.0,135,0
TCKT-136522,Critical,Access Request,Customer Service,Chat,47.0,9.0,210,3
TCKT-195462,Critical,Hardware Failure,Network Ops,Portal,60.0,14.0,233,2
TCKT-127261,Medium,Access Request,IT Support,Portal,170.0,20.0,237,2
TCKT-166324,Medium,Access Request,Security,Chat,179.0,8.0,223,1
TCKT-154168,High,Hardware Failure,Customer Service,Phone,105.0,0.0,212,3
TCKT-159940,Medium,Network Issue,IT Support,Chat,167.0,17.0,189,0
TCKT-199232,Medium,Software Bug,Network Ops,Portal,169.0,7.0,174,1
TCKT-109186,Medium,General Inquiry,Development,Phone,172.0,3.0,225,1
TCKT-167538,Medium,Network Issue,Network Ops,Chat,169.0,14.0,198,1
TCKT-182480,High,Software Bug,IT Support,Email,102.0,12.0,296,4
TCKT-119970,Medium,Access Request,Security,Email,173.0,14.0,146,0
TCKT-194041,Critical,Network Issue,Customer Service,Email,40.0,10.0,197,3
TCKT-151381,Critical,Software Bug,Customer Service,Portal,46.0,1.0,205,3
TCKT-106044,Critical,Software Bug,IT Support,Chat,50.0,22.0,207,2
TCKT-173108,High,Software Bug,Network Ops,Chat,116.0,22.0,220,2
TCKT-161945,Critical,General Inquiry,Network Ops,Chat,47.0,6.0,231,3
TCKT-132314,Medium,General Inquiry,Network Ops,Chat,162.0,10.0,183,1
TCKT-114306,Medium,Access Request,Development,Chat,160.0,15.0,153,0
TCKT-155160,Low,General Inquiry,Network Ops,Portal,221.0,23.0,202,0
TCKT-152256,Medium,Hardware Failure,IT Support,Phone,170.0,16.0,271,4
TCKT-194286,Low,General Inquiry,Security,Chat,221.0,0.0,186,1
TCKT-175054,High,Network Issue,Security,Email,100.0,2.0,167,3
TCKT-110637,Critical,General Inquiry,Customer Service,Chat,49.0,8.0,233,3
TCKT-122757,Medium,General Inquiry,IT Support,Portal,173.0,10.0,281,4
TCKT-130597,Critical,Network Issue,IT Support,Phone,49.0,17.0,301,4
TCKT-130533,Medium,Access Request,Customer Service,Phone,161.0,7.0,174,1
TCKT-127455,High,Hardware Failure,Security,Chat,103.0,21.0,211,2
TCKT-138016,Critical,Hardware Failure,IT Support,Chat,43.0,7.0,302,4
TCKT-120066,High,Hardware Failure,Network Ops,Portal,115.0,13.0,201,2
TCKT-188420,Low,Hardware Failure,Security,Portal,229.0,13.0,269,4
TCKT-157665,Critical,Network Issue,Security,Portal,50.0,1.0,232,3
TCKT-144335,Medium,General Inquiry,Customer Service,Phone,173.0,3.0,180,1
TCKT-103873,Medium,Hardware Failure,Customer Service,Phone,169.0,0.0,207,1
TCKT-125330,Low,Network Issue,Security,Email,220.0,17.0,144,0
TCKT-108431,Critical,General Inquiry,Customer Service,Email,49.0,18.0,222,2
TCKT-193918,Medium,Access Request,Customer Service,Portal,162.0,16.0,160,0
TCKT-187575,High,Access Request,Network Ops,Chat,110.0,21.0,185,2
TCKT-146734,High,Hardware Failure,IT Support,Chat,110.0,11.0,197,2
TCKT-139022,Medium,Network Issue,Development,Chat,171.0,12.0,161,1
TCKT-107499,Medium,Software Bug,IT Support,Chat,172.0,14.0,169,0
TCKT-113279,Medium,Hardware Failure,IT Support,Portal,175.0,22.0,183,0
TCKT-168515,Critical,Hardware Failure,Development,Portal,42.0,2.0,269,4
TCKT-140800,Critical,Network Issue,Security,Phone,43.0,0.0,232,3
TCKT-134153,High,Software Bug,Customer Service,Email,111.0,13.0,189,2
TCKT-101037,High,Hardware Failure,Development,Portal,114.0,13.0,171,2
TCKT-117812,Low,Hardware Failure,Development,Portal,231.0,10.0,195,1
TCKT-160842,Low,Software Bug,Security,Chat,232.0,0.0,180,1
TCKT-129740,Medium,Access Request,Customer Service,Email,180.0,11.0,162,0
TCKT-189169,Low,Hardware Failure,Network Ops,Portal,238.0,23.0,166,0
TCKT-184161,Low,Software Bug,Customer Service,Phone,230.0,11.0,180,0
TCKT-153949,Low,Access Request,Customer Service,Portal,239.0,5.0,161,1
TCKT-180561,Low,General Inquiry,Development,Email,222.0,23.0,172,0
TCKT-151553,High,Access Request,Security,Chat,102.0,3.0,172,3
TCKT-159030,Medium,General Inquiry,Development,Email,164.0,13.0,183,1
TCKT-197533,Critical,Hardware Failure,Customer Service,Email,52.0,2.0,188,3
TCKT-137738,High,Software Bug,Security,Portal,120.0,15.0,220,2
TCKT-111199,Medium,Access Request,Network Ops,Chat,162.0,13.0,160,1
TCKT-136772,Medium,Network Issue,IT Support,Email,175.0,21.0,253,2
TCKT-162121,Critical,Hardware Failure,Network Ops,Portal,50.0,21.0,188,2
TCKT-196769,High,Hardware Failure,Network Ops,Portal,110.0,16.0,179,2
TCKT-178008,High,Access Request,Customer Service,Portal,106.0,10.0,185,3
TCKT-192363,High,Hardware Failure,Security,Email,110.0,21.0,212,2
TCKT-190223,Low,General Inquiry,Customer Service,Portal,225.0,17.0,116,0
TCKT-136955,Medium,Access Request,Network Ops,Portal,171.0,2.0,146,1
TCKT-142447,Critical,Software Bug,Development,Email,51.0,23.0,303,4
TCKT-174249,Low,Hardware Failure,Development,Phone,238.0,2.0,166,1
TCKT-176076,Critical,Hardware Failure,IT Support,Portal,57.0,15.0,289,4
TCKT-157538,Critical,General Inquiry,Network Ops,Portal,41.0,17.0,251,2
TCKT-155162,Low,Software Bug,Customer Service,Chat,220.0,9.0,165,1
TCKT-106656,High,Access Request,Customer Service,Email,109.0,5.0,176,3
TCKT-166958,Critical,Network Issue,Security,Portal,46.0,7.0,263,4
TCKT-119378,Low,General Inquiry,Development,Email,223.0,2.0,162,1
TCKT-105195,Low,Network Issue,Security,Phone,240.0,8.0,153,1
TCKT-123816,Low,Network Issue,Customer Service,Phone,228.0,2.0,189,1
TCKT-191397,Low,Access Request,Security,Email,234.0,8.0,148,1
TCKT-160926,High,Access Request,Development,Email,109.0,1.0,185,3
TCKT-163635,Low,Software Bug,Customer Service,Portal,234.0,18.0,148,0
TCKT-154186,High,General Inquiry,Security,Email,116.0,0.0,299,4
TCKT-160562,Critical,Hardware Failure,IT Support,Email,53.0,21.0,218,2
TCKT-172430,Low,General Inquiry,Security,Phone,237.0,14.0,172,0
TCKT-112567,Medium,Hardware Failure,Customer Service,Email,178.0,11.0,161,1
TCKT-145758,High,General Inquiry,Development,Portal,107.0,23.0,300,4
TCKT-101104,Low,Access Request,IT Support,Email,224.0,9.0,237,1
TCKT-188904,Medium,Network Issue,IT Support,Email,180.0,1.0,189,1
TCKT-103300,Medium,Software Bug,Security,Phone,173.0,5.0,192,1
TCKT-157756,Critical,Software Bug,Customer Service,Email,47.0,0.0,222,3
TCKT-190479,High,Software Bug,Customer Service,Email,115.0,10.0,189,3
TCKT-120997,Critical,Hardware Failure,IT Support,Portal,59.0,7.0,302,4
TCKT-185955,Critical,Hardware Failure,Customer Service,Portal,57.0,12.0,188,3
TCKT-138599,Low,Hardware Failure,Network Ops,Portal,226.0,4.0,166,1
TCKT-173892,Critical,Software Bug,IT Support,Portal,53.0,3.0,291,4
TCKT-101652,High,Software Bug,Network Ops,Email,113.0,11.0,177,2
TCKT-195973,High,General Inquiry,Development,Chat,109.0,0.0,280,4
TCKT-161953,High,Network Issue,IT Support,Chat,111.0,4.0,285,4
TCKT-152138,High,General Inquiry,Development,Chat,116.0,5.0,228,3
TCKT-152227,Critical,Access Request,Development,Email,50.0,17.0,291,4
TCKT-176679,Low,Network Issue,IT Support,Email,239.0,22.0,181,0
TCKT-128118,Low,Hardware Failure,IT Support,Chat,229.0,20.0,279,4
TCKT-196851,Medium,Network Issue,IT Support,Phone,179.0,2.0,256,4
TCKT-159630,High,Network Issue,Customer Service,Email,107.0,15.0,197,2
TCKT-155980,Low,General Inquiry,IT Support,Phone,229.0,17.0,286,4
TCKT-149547,High,General Inquiry,Network Ops,Portal,109.0,14.0,212,2
TCKT-114178,Low,Network Issue,Network Ops,Chat,221.0,0.0,157,1
TCKT-109028,Low,Network Issue,Network Ops,Phone,226.0,5.0,153,1
TCKT-155604,High,Network Issue,Security,Email,110.0,2.0,197,3
TCKT-124702,High,Network Issue,Network Ops,Chat,109.0,19.0,189,2
TCKT-199134,Medium,General Inquiry,Customer Service,Email,174.0,21.0,229,0
TCKT-135207,High,Software Bug,Security,Portal,106.0,0.0,255,3
TCKT-175348,Low,Access Request,Network Ops,Phone,230.0,6.0,148,1
TCKT-121422,Critical,Software Bug,Network Ops,Phone,51.0,21.0,211,2
TCKT-161286,Critical,Access Request,Security,Email,54.0,9.0,210,3
TCKT-110402,High,General Inquiry,Network Ops,Chat,107.0,13.0,235,2
TCKT-187987,Critical,Software Bug,Network Ops,Phone,40.0,0.0,211,3
TCKT-110361,High,Access Request,Security,Email,118.0,6.0,178,3
TCKT-163808,Critical,Network Issue,Network Ops,Email,49.0,19.0,231,2
TCKT-114830,Low,Hardware Failure,Security,Chat,225.0,0.0,265,1
TCKT-130480,Low,Software Bug,Network Ops,Portal,222.0,15.0,164,0
TCKT-158227,Medium,Network Issue,Development,Email,163.0,2.0,250,3
TCKT-134162,High,Software Bug,IT Support,Chat,106.0,15.0,212,2
TCKT-153755,Medium,Access Request,Development,Phone,170.0,7.0,181,1
TCKT-105143,High,General Inquiry,Customer Service,Chat,110.0,17.0,212,2
TCKT-140246,High,General Inquiry,Customer Service,Phone,114.0,1.0,213,3
TCKT-105334,High,Software Bug,Customer Service,Phone,116.0,23.0,175,2
TCKT-172054,Low,Access Request,Security,Email,222.0,0.0,148,1
TCKT-104940,Low,Software Bug,Network Ops,Chat,223.0,21.0,180,0
TCKT-174569,Low,Access Request,Security,Chat,229.0,12.0,117,0
TCKT-168219,Medium,Hardware Failure,Network Ops,Phone,164.0,14.0,178,0
TCKT-144313,Medium,Network Issue,Network Ops,Portal,178.0,7.0,200,1
TCKT-151054,Low,General Inquiry,Customer Service,Email,235.0,17.0,116,0
TCKT-125572,High,Network Issue,Network Ops,Phone,120.0,23.0,167,2
TCKT-136321,Low,Software Bug,Development,Email,225.0,17.0,245,0
TCKT-119913,Medium,Hardware Failure,IT Support,Email,168.0,11.0,265,4
TCKT-101550,Medium,Network Issue,Security,Phone,167.0,18.0,189,0
TCKT-136202,High,General Inquiry,IT Support,Chat,101.0,21.0,222,2
TCKT-124069,High,General Inquiry,Security,Portal,105.0,17.0,229,2
TCKT-143726,High,Access Request,Security,Phone,104.0,13.0,176,2
TCKT-122173,High,Network Issue,IT Support,Portal,118.0,7.0,266,4
TCKT-181537,High,General Inquiry,Network Ops,Email,103.0,21.0,235,2
TCKT-170939,Low,Hardware Failure,Customer Service,Phone,237.0,12.0,166,0
TCKT-110343,Medium,Access Request,Security,Portal,164.0,7.0,160,1
TCKT-151231,Medium,General Inquiry,Network Ops,Portal,160.0,11.0,211,1
TCKT-129183,Medium,Software Bug,Customer Service,Portal,178.0,3.0,167,1
TCKT-166340,Critical,General Inquiry,Security,Chat,51.0,8.0,222,3
TCKT-105507,Low,Network Issue,Customer Service,Email,230.0,21.0,157,0
TCKT-176246,Low,Network Issue,Customer Service,Chat,229.0,18.0,157,0
TCKT-117814,Critical,General Inquiry,Development,Email,59.0,4.0,360,4
TCKT-107694,Medium,Network Issue,Security,Portal,176.0,13.0,204,0
TCKT-162210,Critical,Software Bug,Network Ops,Email,56.0,13.0,203,2
TCKT-104465,Low,General Inquiry,Customer Service,Email,232.0,12.0,116,0
TCKT-140278,Low,General Inquiry,Customer Service,Chat,238.0,14.0,162,0
TCKT-133267,Low,General Inquiry,IT Support,Email,230.0,11.0,246,1
TCKT-166117,Critical,General Inquiry,Network Ops,Email,45.0,7.0,213,3
TCKT-136761,Medium,Access Request,IT Support,Chat,164.0,18.0,202,0
TCKT-192298,High,General Inquiry,Network Ops,Portal,103.0,13.0,235,2
TCKT-184739,Medium,Software Bug,Network Ops,Chat,164.0,8.0,192,1
TCKT-143781,Medium,Software Bug,Customer Service,Email,160.0,3.0,174,1
TCKT-139919,Critical,Hardware Failure,Customer Service,Email,44.0,15.0,240,3
TCKT-160407,Critical,Software Bug,Development,Portal,60.0,3.0,292,4
TCKT-163301,Medium,Network Issue,IT Support,Chat,177.0,17.0,270,4
TCKT-149385,Medium,General Inquiry,IT Support,Portal,176.0,4.0,225,1
TCKT-167242,Medium,Software Bug,Customer Service,Email,164.0,12.0,175,0
TCKT-127686,Critical,General Inquiry,Network Ops,Phone,40.0,14.0,210,2
TCKT-168909,Critical,Access Request,Security,Portal,54.0,16.0,204,2
TCKT-187199,High,Hardware Failure,Development,Phone,119.0,14.0,282,4
TCKT-195005,Low,Hardware Failure,Security,Portal,224.0,15.0,274,4
TCKT-179147,Critical,Network Issue,Network Ops,Email,51.0,11.0,263,4
TCKT-111906,Medium,Software Bug,Network Ops,Chat,166.0,18.0,166,0
TCKT-113743,High,Access Request,Security,Phone,114.0,5.0,196,3
TCKT-110237,Low,Network Issue,Network Ops,Portal,235.0,23.0,151,0
TCKT-121383,Critical,Software Bug,Security,Portal,59.0,22.0,181,2
TCKT-150336,Critical,General Inquiry,Customer Service,Chat,54.0,10.0,233,3
TCKT-178689,Medium,Hardware Failure,Network Ops,Portal,177.0,13.0,189,1
TCKT-186879,Low,Hardware Failure,Security,Email,230.0,0.0,204,1
TCKT-185268,Medium,Hardware Failure,IT Support,Chat,168.0,13.0,265,4
TCKT-186957,Critical,Access Request,IT Support,Portal,46.0,22.0,266,2
TCKT-130113,Medium,Software Bug,Network Ops,Phone,176.0,13.0,192,0
TCKT-126114,Medium,Hardware Failure,IT Support,Phone,161.0,21.0,210,0
TCKT-149128,Low,Network Issue,Customer Service,Chat,236.0,11.0,151,0
TCKT-124238,Low,Hardware Failure,IT Support,Phone,222.0,12.0,204,0
TCKT-195402,Critical,Network Issue,Development,Phone,48.0,11.0,312,4
TCKT-126188,Critical,Access Request,Network Ops,Chat,54.0,23.0,204,2
TCKT-190853,Medium,Software Bug,Customer Service,Email,166.0,3.0,192,1
TCKT-123344,Critical,Hardware Failure,Customer Service,Phone,49.0,8.0,218,3
TCKT-138862,Critical,Network Issue,Customer Service,Email,48.0,23.0,232,2
TCKT-150969,Critical,Network Issue,Customer Service,Phone,53.0,23.0,232,2
TCKT-182696,Critical,Access Request,Network Ops,Chat,56.0,15.0,215,2
TCKT-154096,Medium,Network Issue,Development,Portal,180.0,3.0,200,1
TCKT-124071,High,Software Bug,Customer Service,Chat,104.0,5.0,189,3
TCKT-188270,Critical,Software Bug,Customer Service,Chat,48.0,23.0,209,2
TCKT-158165,Low,Access Request,Customer Service,Chat,229.0,16.0,161,0
TCKT-185696,Medium,Hardware Failure,Customer Service,Chat,170.0,16.0,187,0
TCKT-153064,Low,Network Issue,Development,Portal,229.0,12.0,144,0
TCKT-186232,Critical,Software Bug,Development,Email,46.0,8.0,209,3
TCKT-143657,Medium,Software Bug,Security,Portal,177.0,19.0,237,2
TCKT-139156,Critical,Access Request,Network Ops,Email,49.0,7.0,204,3
TCKT-142887,Medium,Software Bug,Development,Email,164.0,4.0,175,1
TCKT-183123,Low,General Inquiry,IT Support,Chat,239.0,8.0,177,1
TCKT-147313,High,Hardware Failure,IT Support,Portal,117.0,3.0,180,3
TCKT-142386,High,General Inquiry,Security,Email,105.0,1.0,269,4
TCKT-152806,Low,Access Request,Security,Phone,232.0,7.0,132,0
TCKT-169540,Medium,General Inquiry,Network Ops,Portal,161.0,4.0,143,1
TCKT-196787,Critical,Software Bug,Security,Phone,59.0,23.0,203,2
TCKT-119551,Critical,Hardware Failure,Security,Email,56.0,19.0,187,2
TCKT-157862,Medium,Software Bug,Customer Service,Email,173.0,1.0,167,1
TCKT-117531,Medium,Hardware Failure,Security,Phone,168.0,6.0,183,1
TCKT-188441,Medium,Access Request,Network Ops,Phone,170.0,15.0,160,0
TCKT-140581,High,Access Request,Network Ops,Portal,109.0,2.0,172,3
TCKT-196304,Low,Access Request,Development,Portal,233.0,5.0,210,1
TCKT-100732,Low,Hardware Failure,Development,Email,239.0,23.0,276,0
TCKT-194636,Medium,Hardware Failure,Customer Service,Email,171.0,17.0,183,0
TCKT-140295,Low,Software Bug,Customer Service,Portal,235.0,2.0,165,1
TCKT-125534,Medium,Hardware Failure,Security,Phone,172.0,8.0,277,4
TCKT-183554,High,General Inquiry,Customer Service,Email,117.0,4.0,235,3
TCKT-117502,Medium,Access Request,IT Support,Phone,173.0,11.0,153,0
TCKT-114299,High,Network Issue,Development,Email,105.0,16.0,189,2
TCKT-137833,Critical,Network Issue,Development,Email,58.0,5.0,313,4
TCKT-100655,Low,Access Request,Customer Service,Email,231.0,9.0,117,0
TCKT-114635,Critical,Software Bug,IT Support,Email,44.0,15.0,289,4
TCKT-178267,High,Network Issue,Network Ops,Portal,108.0,13.0,219,2
TCKT-183530,Medium,Software Bug,Customer Service,Phone,172.0,0.0,174,1
TCKT-165130,Low,Access Request,Security,Email,232.0,16.0,132,0
TCKT-159529,Critical,Hardware Failure,IT Support,Email,59.0,12.0,244,4
TCKT-196045,Medium,Hardware Failure,Development,Email,173.0,1.0,270,4
TCKT-189347,Low,General Inquiry,Network Ops,Portal,226.0,5.0,162,1
TCKT-170228,Medium,General Inquiry,Security,Portal,162.0,21.0,188,0
TCKT-184819,Medium,Network Issue,IT Support,Portal,161.0,19.0,217,2
TCKT-159816,Critical,Network Issue,IT Support,Phone,42.0,11.0,307,4
TCKT-165016,High,Software Bug,Security,Portal,113.0,15.0,259,2
TCKT-199629,Low,Access Request,Security,Portal,231.0,23.0,135,0
TCKT-151741,High,Access Request,IT Support,Chat,100.0,0.0,269,4
TCKT-188466,Medium,Network Issue,IT Support,Email,165.0,8.0,225,1
TCKT-169315,Medium,General Inquiry,Security,Portal,177.0,14.0,250,4
TCKT-181950,Medium,Access Request,Customer Service,Chat,161.0,17.0,160,0
TCKT-164262,Critical,Network Issue,Development,Portal,52.0,18.0,231,2
TCKT-197732,Low,General Inquiry,IT Support,Chat,235.0,0.0,172,1
TCKT-117648,High,General Inquiry,Customer Service,Portal,107.0,10.0,229,3
TCKT-181200,Low,Hardware Failure,IT Support,Phone,230.0,14.0,195,0
TCKT-180980,Low,Software Bug,Network Ops,Email,225.0,19.0,180,0
TCKT-153393,Low,Network Issue,Network Ops,Phone,226.0,17.0,167,0
TCKT-165720,Low,Hardware Failure,Network Ops,Email,229.0,20.0,199,0
TCKT-156108,Medium,Access Request,Customer Service,Email,173.0,1.0,181,1
TCKT-122988,High,Access Request,Security,Phone,120.0,22.0,216,2
TCKT-157530,Medium,Network Issue,Customer Service,Email,173.0,3.0,198,1
TCKT-103892,Medium,Software Bug,IT Support,Phone,169.0,20.0,258,4
TCKT-113069,Critical,General Inquiry,Development,Email,41.0,14.0,291,4
TCKT-122801,Critical,Software Bug,IT Support,Email,52.0,0.0,278,4
TCKT-127836,Medium,Network Issue,Development,Phone,179.0,14.0,285,4
TCKT-174843,Medium,Hardware Failure,Development,Chat,179.0,6.0,161,1
TCKT-153364,High,Hardware Failure,IT Support,Portal,114.0,16.0,190,2
TCKT-122040,High,Access Request,Customer Service,Phone,100.0,8.0,185,3
TCKT-136895,Low,Hardware Failure,Network Ops,Portal,231.0,7.0,199,1
TCKT-115836,High,General Inquiry,Security,Chat,119.0,16.0,219,2
TCKT-118948,Medium,Network Issue,IT Support,Phone,177.0,11.0,217,1
TCKT-197243,High,Network Issue,IT Support,Portal,112.0,6.0,272,4
TCKT-103986,Medium,General Inquiry,Network Ops,Email,166.0,20.0,183,0
TCKT-128726,Critical,Software Bug,Network Ops,Phone,41.0,16.0,207,2
TCKT-103753,Medium,Software Bug,Security,Portal,178.0,6.0,178,1
TCKT-105004,Critical,General Inquiry,Development,Portal,59.0,22.0,231,2
TCKT-146490,Critical,Network Issue,Development,Phone,49.0,12.0,312,4
TCKT-100476,Medium,Software Bug,Security,Email,178.0,6.0,239,1
TCKT-109469,Critical,Software Bug,Network Ops,Email,44.0,13.0,205,2
TCKT-128615,Critical,Access Request,IT Support,Email,45.0,20.0,233,2
TCKT-154531,High,Software Bug,IT Support,Phone,112.0,7.0,175,3
TCKT-130985,Medium,Network Issue,Customer Service,Email,179.0,16.0,204,0
TCKT-187952,Low,General Inquiry,IT Support,Phone,221.0,8.0,116,1
TCKT-111201,Critical,Network Issue,Customer Service,Email,54.0,15.0,203,3
TCKT-169648,Critical,Network Issue,Development,Phone,43.0,12.0,284,4
TCKT-185837,Medium,Access Request,Security,Email,172.0,23.0,216,0
TCKT-121367,Low,Access Request,Customer Service,Phone,227.0,6.0,161,1
TCKT-192496,Critical,Network Issue,IT Support,Chat,41.0,14.0,273,4
TCKT-149635,Critical,Network Issue,Security,Portal,46.0,9.0,231,3
TCKT-137871,Medium,Access Request,Development,Chat,162.0,18.0,182,0
TCKT-150831,High,General Inquiry,Network Ops,Email,111.0,13.0,219,2
TCKT-126995,High,Network Issue,Security,Portal,106.0,19.0,280,4
TCKT-173826,High,General Inquiry,Network Ops,Portal,108.0,4.0,212,3
TCKT-153191,Low,Access Request,Network Ops,Email,237.0,23.0,149,0
TCKT-107114,Critical,General Inquiry,Development,Portal,42.0,3.0,213,3
TCKT-100431,Critical,Hardware Failure,Security,Phone,50.0,2.0,257,3
TCKT-191675,High,Hardware Failure,Network Ops,Portal,111.0,18.0,179,2
TCKT-101318,High,General Inquiry,Development,Portal,113.0,0.0,293,4
TCKT-191324,High,Software Bug,IT Support,Phone,106.0,13.0,184,2
TCKT-176149,Medium,Access Request,Development,Email,175.0,5.0,160,1
TCKT-139286,Medium,Hardware Failure,Customer Service,Email,177.0,6.0,154,1
TCKT-133606,Low,Software Bug,Development,Chat,237.0,17.0,148,0
TCKT-166733,High,Software Bug,Network Ops,Phone,103.0,18.0,185,2
TCKT-153768,Medium,Software Bug,IT Support,Email,166.0,19.0,223,2
TCKT-176555,Low,Software Bug,Network Ops,Chat,228.0,9.0,180,1
TCKT-193224,Low,Network Issue,IT Support,Chat,222.0,11.0,167,0
TCKT-181772,Medium,Access Request,IT Support,Phone,167.0,17.0,230,0
TCKT-103132,High,General Inquiry,IT Support,Phone,105.0,18.0,291,4
TCKT-172940,Medium,Software Bug,Customer Service,Portal,165.0,12.0,175,0
TCKT-148733,Critical,Hardware Failure,Development,Portal,56.0,13.0,187,2
TCKT-198172,Medium,Software Bug,Customer Service,Phone,173.0,2.0,166,1
TCKT-154637,Low,Hardware Failure,Development,Email,230.0,2.0,199,1
TCKT-192375,High,Access Request,Development,Phone,108.0,12.0,176,2
TCKT-165562,Low,Software Bug,Network Ops,Phone,239.0,2.0,179,1
TCKT-180726,High,Network Issue,Customer Service,Phone,111.0,20.0,189,2
TCKT-123139,Critical,Access Request,Security,Email,57.0,19.0,233,2
TCKT-127761,Medium,General Inquiry,Development,Portal,164.0,8.0,269,4
TCKT-163799,Low,Network Issue,Network Ops,Phone,223.0,4.0,167,1
TCKT-177839,Critical,Hardware Failure,Network Ops,Email,58.0,23.0,218,2
TCKT-107492,Low,General Inquiry,Security,Email,230.0,13.0,172,0
TCKT-136953,Medium,Hardware Failure,IT Support,Portal,162.0,17.0,154,0
TCKT-161494,Low,General Inquiry,Customer Service,Portal,236.0,16.0,202,0
TCKT-152366,High,Network Issue,IT Support,Portal,107.0,7.0,275,4
TCKT-147389,Critical,Access Request,Development,Portal,41.0,2.0,296,4
TCKT-152068,Low,Network Issue,Customer Service,Email,226.0,5.0,189,1
TCKT-120305,Low,Hardware Failure,Development,Chat,221.0,22.0,199,0
TCKT-109682,High,Access Request,Security,Chat,108.0,7.0,262,4
TCKT-153178,Medium,Access Request,IT Support,Phone,171.0,2.0,216,1
TCKT-187613,Critical,Network Issue,Customer Service,Phone,55.0,8.0,203,3
TCKT-167686,Medium,General Inquiry,IT Support,Portal,174.0,19.0,236,2
TCKT-169307,Low,Network Issue,Network Ops,Phone,222.0,4.0,203,1
TCKT-186181,Low,Software Bug,Development,Portal,236.0,18.0,148,0
TCKT-127588,Critical,Access Request,IT Support,Email,44.0,11.0,271,4
TCKT-170371,Medium,Access Request,Customer Service,Email,175.0,17.0,174,0
TCKT-137237,Medium,Hardware Failure,Development,Phone,167.0,19.0,242,2
TCKT-165612,Critical,Access Request,Development,Portal,58.0,9.0,204,3
TCKT-151056,Medium,Hardware Failure,Network Ops,Email,172.0,18.0,154,0
TCKT-175971,Medium,Access Request,IT Support,Email,163.0,8.0,266,4
TCKT-161098,High,General Inquiry,IT Support,Email,120.0,13.0,291,4
TCKT-133664,High,Hardware Failure,IT Support,Phone,114.0,6.0,211,3
TCKT-176158,Low,Hardware Failure,Security,Email,222.0,9.0,163,1
TCKT-122216,High,Hardware Failure,Customer Service,Email,120.0,0.0,171,3
TCKT-141952,Critical,Access Request,Network Ops,Chat,51.0,12.0,215,3
TCKT-135299,High,Network Issue,Security,Email,111.0,14.0,188,2
TCKT-142683,Low,Access Request,Development,Portal,227.0,4.0,149,1
TCKT-155899,Low,General Inquiry,Development,Chat,226.0,16.0,121,0
TCKT-198882,Critical,General Inquiry,Security,Phone,60.0,14.0,233,4
TCKT-181405,Medium,General Inquiry,Security,Portal,176.0,9.0,188,1
TCKT-169335,Critical,Access Request,Security,Email,56.0,22.0,280,4
TCKT-177605,Medium,Access Request,Customer Service,Email,173.0,22.0,153,0
TCKT-102104,Low,Hardware Failure,IT Support,Portal,230.0,19.0,283,4
TCKT-155093,Low,Hardware Failure,Customer Service,Email,240.0,10.0,163,0
TCKT-180870,Medium,Software Bug,IT Support,Portal,164.0,6.0,222,1
TCKT-154993,Medium,General Inquiry,Network Ops,Email,171.0,2.0,188,1
TCKT-101760,High,Access Request,Network Ops,Portal,116.0,13.0,185,2
TCKT-142547,High,Hardware Failure,Network Ops,Phone,119.0,10.0,180,2
TCKT-131283,Critical,General Inquiry,Customer Service,Chat,53.0,19.0,233,2
TCKT-101126,High,Hardware Failure,Security,Chat,112.0,11.0,212,2
TCKT-122568,Critical,Hardware Failure,Development,Email,57.0,18.0,218,2
TCKT-170553,Low,General Inquiry,Customer Service,Phone,229.0,18.0,172,0
TCKT-111637,Critical,Network Issue,Security,Email,60.0,3.0,223,3
TCKT-197521,Medium,Software Bug,Customer Service,Portal,166.0,13.0,167,0
TCKT-111758,High,General Inquiry,Customer Service,Phone,114.0,6.0,235,3
TCKT-162681,Medium,General Inquiry,Network Ops,Email,163.0,5.0,143,1
TCKT-193639,Low,General Inquiry,IT Support,Chat,237.0,12.0,172,0
TCKT-193018,Critical,Network Issue,IT Support,Email,49.0,2.0,287,4
TCKT-170868,Medium,Hardware Failure,Development,Email,169.0,9.0,242,1
TCKT-118134,Medium,Access Request,Security,Phone,169.0,4.0,146,1
TCKT-193157,Critical,Hardware Failure,Security,Email,55.0,22.0,187,2
TCKT-147485,Low,Hardware Failure,Network Ops,Phone,225.0,5.0,167,1
TCKT-152781,Low,General Inquiry,Customer Service,Portal,240.0,21.0,121,0
TCKT-150227,Medium,Network Issue,Development,Chat,172.0,8.0,204,1
TCKT-108903,Low,Software Bug,Security,Email,227.0,4.0,179,1
TCKT-191231,Critical,Network Issue,Development,Portal,53.0,17.0,284,4
TCKT-111557,Low,General Inquiry,IT Support,Chat,222.0,12.0,121,0
TCKT-169745,Low,General Inquiry,Customer Service,Portal,234.0,23.0,172,0
TCKT-133720,Medium,Network Issue,Security,Chat,179.0,14.0,186,0
TCKT-125553,Medium,Hardware Failure,Development,Email,173.0,4.0,154,1
TCKT-123506,Low,General Inquiry,Security,Phone,231.0,13.0,272,4
TCKT-160897,Critical,Hardware Failure,IT Support,Email,40.0,3.0,274,4
TCKT-146443,Low,General Inquiry,IT Support,Chat,238.0,1.0,235,1
TCKT-149489,Medium,Software Bug,Security,Chat,177.0,12.0,236,1
TCKT-148423,Medium,Software Bug,Security,Portal,178.0,9.0,167,1
TCKT-188751,High,Access Request,IT Support,Phone,104.0,16.0,192,2
TCKT-151397,Low,General Inquiry,Customer Service,Email,232.0,7.0,116,1
TCKT-146346,Medium,Software Bug,Security,Chat,169.0,4.0,174,1
TCKT-166611,Critical,Access Request,Development,Chat,41.0,7.0,204,3
TCKT-170243,Low,Software Bug,Network Ops,Chat,239.0,11.0,148,1
TCKT-158523,Medium,Software Bug,IT Support,Chat,165.0,19.0,166,0
TCKT-130902,Medium,Network Issue,Network Ops,Phone,165.0,17.0,200,0
TCKT-158376,Medium,Hardware Failure,Customer Service,Phone,163.0,4.0,178,1
TCKT-158761,Critical,General Inquiry,Development,Phone,48.0,7.0,332,4
TCKT-169102,High,General Inquiry,Customer Service,Email,106.0,1.0,166,3
TCKT-193586,Critical,General Inquiry,Customer Service,Phone,58.0,22.0,213,2
TCKT-176268,Critical,Hardware Failure,Customer Service,Portal,51.0,15.0,188,2
TCKT-135908,Medium,Network Issue,Customer Service,Portal,172.0,19.0,204,0
TCKT-144001,Critical,Hardware Failure,IT Support,Portal,59.0,22.0,244,2
TCKT-176493,Medium,Software Bug,Development,Portal,170.0,7.0,250,4
TCKT-138990,Low,Hardware Failure,Customer Service,Chat,230.0,22.0,159,0
TCKT-148426,Medium,Access Request,Security,Portal,179.0,10.0,182,1
TCKT-180350,High,Software Bug,Customer Service,Portal,112.0,0.0,189,3
TCKT-186983,High,Software Bug,Security,Chat,112.0,3.0,247,3
TCKT-121520,Low,Hardware Failure,Development,Email,228.0,21.0,285,4
TCKT-141141,High,General Inquiry,Customer Service,Chat,102.0,13.0,213,2
TCKT-151613,High,General Inquiry,Development,Email,102.0,6.0,219,3
TCKT-197205,Critical,Hardware Failure,Customer Service,Phone,48.0,1.0,188,3
TCKT-101856,Critical,Hardware Failure,Network Ops,Chat,41.0,13.0,188,2
TCKT-183501,Medium,General Inquiry,Security,Phone,174.0,9.0,211,1
TCKT-193662,High,Access Request,IT Support,Chat,102.0,22.0,252,2
TCKT-169816,High,Access Request,IT Support,Portal,111.0,9.0,176,3
TCKT-138518,Critical,Access Request,Customer Service,Portal,44.0,6.0,204,3
TCKT-131874,High,Network Issue,IT Support,Portal,116.0,14.0,275,4
TCKT-174071,Low,Software Bug,IT Support,Email,225.0,15.0,178,0
TCKT-145861,Critical,Hardware Failure,Security,Phone,52.0,8.0,188,3
TCKT-116855,Medium,Software Bug,Customer Service,Phone,168.0,14.0,174,0
TCKT-174298,High,Hardware Failure,Security,Portal,110.0,12.0,171,2
TCKT-115425,Medium,Software Bug,Network Ops,Phone,160.0,7.0,169,1
TCKT-118984,Critical,Software Bug,Development,Email,47.0,22.0,203,2
TCKT-114266,Critical,Software Bug,Customer Service,Chat,56.0,19.0,181,2
TCKT-170205,Critical,Software Bug,Security,Chat,59.0,8.0,222,3
TCKT-109775,High,General Inquiry,Security,Phone,105.0,18.0,166,2
TCKT-155720,High,Software Bug,Security,Portal,119.0,11.0,184,2
TCKT-185114,Medium,Software Bug,Development,Email,167.0,4.0,259,4
TCKT-118696,Critical,Software Bug,Security,Phone,56.0,12.0,211,3
TCKT-192727,Critical,Network Issue,Development,Portal,50.0,2.0,312,4
TCKT-113550,High,Hardware Failure,Network Ops,Portal,107.0,21.0,190,2
TCKT-165716,Critical,Software Bug,Customer Service,Phone,58.0,14.0,222,2
TCKT-133261,High,General Inquiry,Network Ops,Portal,103.0,4.0,235,3
TCKT-170460,High,General Inquiry,Network Ops,Email,100.0,4.0,166,3
TCKT-172500,Medium,Network Issue,Security,Portal,170.0,22.0,204,2
TCKT-122985,Low,Hardware Failure,Development,Chat,237.0,10.0,261,1
TCKT-148167,Medium,Software Bug,Customer Service,Chat,168.0,7.0,192,1
TCKT-177309,Critical,Hardware Failure,Security,Email,45.0,16.0,240,2
TCKT-194195,Medium,Network Issue,Customer Service,Chat,174.0,5.0,189,1
TCKT-156724,High,Access Request,Development,Email,116.0,17.0,277,4
TCKT-164300,Medium,Access Request,IT Support,Chat,165.0,17.0,258,4
TCKT-108180,Critical,General Inquiry,Development,Phone,44.0,12.0,307,4
TCKT-156094,Low,Hardware Failure,Customer Service,Email,237.0,9.0,199,1
TCKT-171873,High,Access Request,Network Ops,Phone,100.0,20.0,192,2
TCKT-108293,Critical,Software Bug,Development,Email,53.0,1.0,303,4
TCKT-197363,Medium,Software Bug,Network Ops,Chat,164.0,16.0,169,0
TCKT-171066,High,Access Request,IT Support,Chat,115.0,5.0,228,3
TCKT-153398,Critical,General Inquiry,Security,Portal,54.0,15.0,321,4
TCKT-152966,High,Network Issue,Network Ops,Portal,105.0,21.0,191,2
TCKT-175858,Medium,Network Issue,IT Support,Phone,175.0,3.0,254,4
TCKT-126569,Critical,General Inquiry,Network Ops,Email,50.0,13.0,222,3
TCKT-195130,Low,Hardware Failure,Network Ops,Email,224.0,5.0,166,1
TCKT-167457,Low,Software Bug,Customer Service,Phone,224.0,12.0,178,0
TCKT-106356,High,Network Issue,IT Support,Portal,109.0,8.0,247,4
TCKT-127344,Medium,Hardware Failure,Security,Email,178.0,22.0,207,0
TCKT-142606,High,Hardware Failure,IT Support,Phone,105.0,11.0,268,4
TCKT-193404,Critical,General Inquiry,Security,Phone,41.0,16.0,210,2
TCKT-113860,Low,General Inquiry,Development,Chat,240.0,7.0,283,4
TCKT-143012,High,Network Issue,Customer Service,Phone,119.0,9.0,197,3
TCKT-168260,High,General Inquiry,Customer Service,Chat,102.0,5.0,213,3
TCKT-143610,Low,General Inquiry,Security,Email,225.0,14.0,249,0
TCKT-171045,Medium,Software Bug,Development,Chat,174.0,14.0,166,0
TCKT-114243,Critical,Network Issue,Network Ops,Chat,60.0,6.0,197,3
TCKT-179989,High,Hardware Failure,Development,Phone,117.0,5.0,278,4
TCKT-195036,Medium,General Inquiry,Development,Portal,177.0,8.0,183,1
TCKT-116337,Medium,Hardware Failure,Customer Service,Portal,180.0,18.0,161,0
TCKT-134829,Medium,Software Bug,Customer Service,Chat,177.0,23.0,175,0
TCKT-182638,High,Access Request,Development,Chat,118.0,15.0,185,2
TCKT-171564,High,Access Request,Customer Service,Chat,103.0,12.0,216,2
TCKT-105575,Critical,Network Issue,Development,Portal,55.0,13.0,232,3
TCKT-179671,Medium,Access Request,IT Support,Portal,172.0,8.0,258,4
TCKT-161261,High,General Inquiry,Security,Chat,113.0,13.0,166,2
TCKT-174495,Medium,Access Request,Development,Phone,178.0,4.0,255,4
TCKT-124082,Critical,Software Bug,Development,Portal,53.0,3.0,203,3
TCKT-161597,Medium,Access Request,IT Support,Phone,165.0,7.0,160,1
TCKT-126911,Medium,Access Request,IT Support,Chat,173.0,5.0,182,1
TCKT-159905,Low,Software Bug,Customer Service,Portal,228.0,22.0,148,0
TCKT-111653,High,Access Request,Customer Service,Chat,114.0,12.0,176,2
TCKT-192757,Medium,Hardware Failure,Customer Service,Email,169.0,7.0,187,1
TCKT-192471,Low,Hardware Failure,Security,Phone,237.0,15.0,195,0
TCKT-187000,Low,Hardware Failure,IT Support,Email,228.0,8.0,167,1
TCKT-109448,Low,Access Request,Network Ops,Phone,231.0,5.0,153,1
TCKT-191462,Critical,General Inquiry,Security,Phone,51.0,15.0,222,2
TCKT-100840,Medium,Hardware Failure,Security,Phone,177.0,20.0,189,0
TCKT-126954,Medium,Hardware Failure,Customer Service,Phone,176.0,16.0,189,0
TCKT-147836,Medium,Access Request,Security,Portal,160.0,17.0,160,0
TCKT-182943,Medium,Access Request,Customer Service,Email,172.0,5.0,146,1
TCKT-111685,High,Access Request,Development,Email,111.0,20.0,273,4
TCKT-174999,High,Hardware Failure,IT Support,Phone,108.0,11.0,274,4
TCKT-176984,Critical,General Inquiry,Network Ops,Email,44.0,10.0,213,3
TCKT-110631,High,Network Issue,Development,Chat,118.0,10.0,197,3
TCKT-107332,High,Network Issue,IT Support,Phone,110.0,15.0,197,2
TCKT-140416,Low,Hardware Failure,Security,Phone,232.0,18.0,265,0
TCKT-166699,Critical,Network Issue,IT Support,Portal,41.0,1.0,281,4
TCKT-169594,Medium,Access Request,IT Support,Email,179.0,23.0,246,2
TCKT-196906,Medium,Access Request,Network Ops,Phone,174.0,14.0,174,0
TCKT-181824,High,Network Issue,Security,Portal,113.0,22.0,191,2
TCKT-181781,Medium,General Inquiry,Customer Service,Email,163.0,21.0,193,0
TCKT-150721,High,Hardware Failure,Customer Service,Phone,107.0,20.0,211,2
TCKT-172636,Critical,General Inquiry,Network Ops,Phone,54.0,20.0,279,4
TCKT-153795,Low,Hardware Failure,Network Ops,Phone,228.0,4.0,204,1
TCKT-141068,High,Software Bug,IT Support,Portal,104.0,17.0,304,4
TCKT-186216,Critical,Access Request,Development,Phone,43.0,6.0,215,3
TCKT-132028,Medium,Hardware Failure,Customer Service,Chat,164.0,14.0,178,0
TCKT-110494,Low,Software Bug,Network Ops,Phone,237.0,14.0,180,0
TCKT-131369,High,General Inquiry,IT Support,Email,105.0,7.0,229,3
TCKT-175003,Medium,General Inquiry,Customer Service,Chat,176.0,4.0,193,1
TCKT-180431,Low,Software Bug,IT Support,Email,225.0,19.0,204,0
TCKT-195042,Low,General Inquiry,Customer Service,Portal,238.0,16.0,172,0
TCKT-169293,Low,General Inquiry,Security,Email,231.0,21.0,179,0
TCKT-156949,Medium,Hardware Failure,Security,Email,161.0,18.0,183,0
TCKT-127483,Low,Network Issue,IT Support,Portal,228.0,13.0,237,0
TCKT-178682,Medium,General Inquiry,Development,Chat,171.0,23.0,180,0
TCKT-153944,Medium,Access Request,IT Support,Chat,171.0,20.0,238,2
TCKT-152869,Low,Network Issue,Security,Chat,238.0,2.0,221,1
TCKT-171104,Low,Access Request,Security,Portal,234.0,17.0,132,0
TCKT-199676,Medium,Software Bug,Network Ops,Email,176.0,21.0,174,0
TCKT-158862,Critical,Access Request,IT Support,Phone,43.0,18.0,317,4
TCKT-199568,Medium,Software Bug,Development,Chat,167.0,2.0,166,1
TCKT-114999,Medium,Software Bug,Network Ops,Portal,177.0,14.0,174,0
TCKT-155009,Medium,Software Bug,Development,Email,166.0,14.0,273,4
TCKT-189632,High,General Inquiry,Customer Service,Chat,111.0,6.0,235,3
TCKT-122242,High,General Inquiry,Security,Phone,105.0,2.0,199,3
TCKT-160207,High,Network Issue,Customer Service,Chat,104.0,13.0,188,2
TCKT-163504,High,Access Request,Security,Phone,113.0,20.0,176,2
TCKT-154533,Critical,Network Issue,Network Ops,Phone,55.0,19.0,223,2
TCKT-157779,Medium,Network Issue,IT Support,Chat,168.0,23.0,217,2
TCKT-131346,Critical,Hardware Failure,Development,Email,42.0,9.0,269,4
TCKT-148754,Low,Network Issue,Security,Phone,223.0,6.0,189,1
TCKT-150099,Medium,Software Bug,Customer Service,Email,172.0,6.0,192,1
TCKT-162099,Critical,Access Request,Network Ops,Chat,42.0,8.0,215,3
TCKT-169928,Medium,Software Bug,Customer Service,Email,174.0,12.0,166,0
TCKT-124695,Low,Hardware Failure,Network Ops,Chat,232.0,4.0,166,1
TCKT-167008,Medium,Access Request,Development,Phone,177.0,3.0,160,1
TCKT-152740,Medium,Network Issue,Customer Service,Portal,162.0,8.0,189,1
TCKT-114251,Medium,Software Bug,Security,Phone,168.0,4.0,244,1
TCKT-108082,Critical,General Inquiry,Security,Phone,53.0,7.0,283,4
TCKT-123613,Medium,General Inquiry,IT Support,Chat,173.0,6.0,309,4
TCKT-148624,High,General Inquiry,Development,Portal,111.0,19.0,219,2
TCKT-113866,High,Network Issue,IT Support,Portal,114.0,15.0,285,4
TCKT-199646,Medium,Network Issue,Security,Chat,177.0,5.0,268,4
TCKT-129239,Low,Hardware Failure,Customer Service,Chat,234.0,20.0,166,0
TCKT-132769,Low,Software Bug,Network Ops,Email,234.0,10.0,148,1
TCKT-154120,Low,Software Bug,Network Ops,Chat,231.0,10.0,165,1
TCKT-145847,Low,Hardware Failure,IT Support,Email,237.0,21.0,255,0
TCKT-169097,Low,Hardware Failure,Development,Chat,230.0,20.0,195,0
TCKT-188206,Critical,General Inquiry,IT Support,Chat,45.0,10.0,231,3
TCKT-181444,Critical,General Inquiry,Network Ops,Portal,54.0,7.0,251,4
TCKT-125652,Critical,Access Request,Development,Phone,46.0,10.0,288,4
TCKT-160477,High,Access Request,Security,Chat,111.0,21.0,176,2
TCKT-115121,High,Access Request,Customer Service,Chat,106.0,18.0,176,2
TCKT-143122,Low,Access Request,IT Support,Chat,239.0,6.0,185,1
TCKT-117098,High,Network Issue,Security,Portal,101.0,9.0,188,3
TCKT-122836,Low,Network Issue,Network Ops,Email,230.0,10.0,144,1
TCKT-126605,Medium,Hardware Failure,Network Ops,Chat,179.0,2.0,187,1
TCKT-195934,Critical,General Inquiry,Network Ops,Email,51.0,20.0,233,2
TCKT-113446,High,Software Bug,Customer Service,Email,119.0,4.0,177,3
TCKT-192783,Low,General Inquiry,IT Support,Portal,235.0,6.0,179,1
TCKT-170701,High,General Inquiry,Network Ops,Portal,116.0,20.0,229,2
TCKT-156313,Critical,Network Issue,IT Support,Chat,44.0,6.0,197,3
TCKT-155702,High,General Inquiry,IT Support,Chat,111.0,7.0,275,4
TCKT-191360,Medium,Software Bug,Customer Service,Chat,164.0,12.0,169,1
TCKT-126831,Critical,Software Bug,Network Ops,Portal,60.0,10.0,203,3
TCKT-106746,High,General Inquiry,IT Support,Portal,102.0,22.0,219,2
TCKT-112050,Low,Network Issue,Customer Service,Portal,227.0,19.0,167,0
TCKT-139936,High,General Inquiry,Security,Email,112.0,14.0,166,2
TCKT-143396,High,Network Issue,Network Ops,Phone,104.0,7.0,197,3
TCKT-115965,Critical,Software Bug,Customer Service,Phone,59.0,14.0,205,2
TCKT-109295,Medium,General Inquiry,Security,Phone,175.0,8.0,253,4
TCKT-163353,Critical,Hardware Failure,Customer Service,Email,46.0,21.0,233,2
TCKT-166354,Critical,Hardware Failure,IT Support,Chat,59.0,12.0,274,4
TCKT-159513,High,Software Bug,Network Ops,Phone,105.0,19.0,184,2
TCKT-134178,High,Hardware Failure,Customer Service,Portal,107.0,12.0,201,2
TCKT-128048,Medium,Access Request,Network Ops,Portal,178.0,19.0,174,0
TCKT-110178,Low,Network Issue,Network Ops,Email,237.0,23.0,189,0
TCKT-159921,Medium,Network Issue,Network Ops,Chat,165.0,12.0,200,1
TCKT-150200,Low,Software Bug,IT Support,Email,239.0,20.0,221,0
TCKT-126321,Critical,Software Bug,Customer Service,Phone,50.0,20.0,209,2
TCKT-158183,Critical,Software Bug,Network Ops,Chat,40.0,12.0,205,2
TCKT-122204,Critical,Network Issue,IT Support,Portal,48.0,4.0,231,3
TCKT-117421,Medium,Network Issue,IT Support,Phone,174.0,23.0,225,0
TCKT-181339,Critical,General Inquiry,Customer Service,Chat,54.0,21.0,213,2
TCKT-103008,Low,Software Bug,Network Ops,Portal,238.0,23.0,130,0
TCKT-129995,High,Network Issue,Customer Service,Portal,106.0,16.0,167,2
TCKT-196074,Low,Hardware Failure,Customer Service,Phone,227.0,2.0,195,1
TCKT-148535,Low,Access Request,Security,Portal,221.0,6.0,135,1
TCKT-159673,Critical,Software Bug,Security,Phone,48.0,3.0,181,3
TCKT-195186,Critical,Access Request,Customer Service,Portal,45.0,2.0,233,3
TCKT-184281,High,General Inquiry,Security,Phone,114.0,13.0,298,4
TCKT-132919,Critical,Access Request,Development,Portal,47.0,0.0,181,3
TCKT-183599,Medium,Software Bug,Customer Service,Email,176.0,9.0,167,1
TCKT-197145,Low,Network Issue,Development,Chat,233.0,1.0,284,1
TCKT-123016,Critical,Hardware Failure,Customer Service,Email,48.0,12.0,233,3
TCKT-179747,Medium,Access Request,Network Ops,Phone,179.0,16.0,182,0
TCKT-136558,Medium,Access Request,Customer Service,Chat,169.0,5.0,182,1
TCKT-183265,Medium,Software Bug,Development,Portal,174.0,0.0,169,1
TCKT-109566,High,General Inquiry,Development,Phone,109.0,17.0,228,2
TCKT-131658,Medium,Hardware Failure,Network Ops,Phone,170.0,5.0,189,1
TCKT-150644,High,Network Issue,Security,Portal,102.0,16.0,197,2
TCKT-172114,Medium,Access Request,Customer Service,Portal,178.0,19.0,153,0
TCKT-174787,High,General Inquiry,Customer Service,Portal,113.0,1.0,229,3
TCKT-138741,Critical,General Inquiry,Network Ops,Email,55.0,18.0,279,4
TCKT-124422,High,Software Bug,Customer Service,Email,114.0,7.0,212,3
TCKT-155212,Medium,Hardware Failure,Development,Chat,178.0,0.0,178,1
TCKT-115675,Low,Hardware Failure,Customer Service,Phone,228.0,17.0,180,0
TCKT-189645,Medium,Hardware Failure,IT Support,Phone,170.0,11.0,273,4
TCKT-177917,Low,Access Request,Development,Email,225.0,10.0,148,0
TCKT-147968,High,General Inquiry,Development,Phone,100.0,21.0,316,4
TCKT-178420,Critical,General Inquiry,Development,Portal,53.0,13.0,226,2
TCKT-133272,Low,Access Request,Development,Portal,232.0,16.0,242,0
TCKT-146865,Medium,Access Request,IT Support,Chat,171.0,14.0,265,4
TCKT-104470,High,Software Bug,IT Support,Portal,119.0,2.0,268,4
TCKT-164826,Low,General Inquiry,Network Ops,Email,236.0,17.0,162,0
TCKT-122941,Critical,Hardware Failure,Development,Phone,49.0,15.0,188,2
TCKT-134086,Low,Hardware Failure,Network Ops,Phone,236.0,14.0,180,0
TCKT-169169,Low,Network Issue,IT Support,Portal,227.0,22.0,157,0
TCKT-155500,Critical,Network Issue,Security,Chat,47.0,22.0,232,2
TCKT-175636,Critical,Access Request,Security,Chat,48.0,8.0,215,3
TCKT-157074,Critical,Access Request,Network Ops,Email,48.0,4.0,233,3
TCKT-184738,Medium,Access Request,Development,Portal,166.0,15.0,146,0
TCKT-172761,High,Software Bug,IT Support,Chat,112.0,9.0,268,4
TCKT-140777,Critical,General Inquiry,IT Support,Chat,42.0,20.0,233,2
TCKT-167474,High,Software Bug,IT Support,Chat,102.0,12.0,276,4
TCKT-176538,Critical,Software Bug,Security,Phone,56.0,8.0,181,3
TCKT-114843,Medium,Network Issue,Security,Portal,161.0,12.0,198,1
TCKT-138426,Low,General Inquiry,Customer Service,Phone,229.0,2.0,172,1
TCKT-138075,Medium,Software Bug,Security,Email,164.0,17.0,245,2
TCKT-144781,Medium,General Inquiry,Development,Chat,162.0,7.0,188,1
TCKT-185264,High,Hardware Failure,Security,Email,106.0,22.0,171,2
TCKT-168642,Medium,Network Issue,Development,Email,175.0,19.0,186,0
TCKT-145185,Critical,Access Request,Customer Service,Phone,53.0,12.0,215,3
TCKT-171675,Low,General Inquiry,Customer Service,Phone,226.0,23.0,162,0
TCKT-186288,Medium,Access Request,IT Support,Phone,161.0,11.0,181,0
TCKT-133829,High,Network Issue,Development,Email,113.0,2.0,210,3
TCKT-137265,Low,Hardware Failure,Security,Portal,232.0,11.0,236,0
TCKT-196263,High,Network Issue,Security,Chat,107.0,23.0,189,2
TCKT-147006,Critical,Access Request,Customer Service,Portal,58.0,13.0,215,3
TCKT-196573,High,Network Issue,Security,Phone,119.0,7.0,259,4
TCKT-199792,Critical,Hardware Failure,Security,Portal,41.0,6.0,218,3
TCKT-136189,Low,Network Issue,Customer Service,Phone,223.0,22.0,151,0
TCKT-138159,Medium,General Inquiry,Customer Service,Email,179.0,18.0,143,0
TCKT-169247,Medium,Hardware Failure,Development,Portal,176.0,17.0,178,0
TCKT-152352,Low,Software Bug,Customer Service,Email,230.0,5.0,179,1
TCKT-161825,High,General Inquiry,IT Support,Chat,117.0,4.0,213,3
TCKT-128239,High,General Inquiry,Development,Phone,101.0,17.0,309,4
TCKT-141584,High,General Inquiry,Customer Service,Phone,111.0,4.0,199,3
TCKT-158160,Medium,Access Request,IT Support,Chat,168.0,0.0,230,1
TCKT-104296,Critical,Hardware Failure,Network Ops,Portal,40.0,5.0,205,3
TCKT-127100,Medium,General Inquiry,Network Ops,Portal,180.0,15.0,193,0
TCKT-146629,High,Network Issue,IT Support,Phone,110.0,13.0,251,4
TCKT-176038,High,Software Bug,Security,Portal,119.0,8.0,189,3
TCKT-142725,Medium,Access Request,Customer Service,Email,179.0,12.0,162,0
TCKT-157288,Low,Network Issue,Network Ops,Chat,224.0,16.0,157,0
TCKT-177422,Low,Network Issue,Development,Chat,229.0,3.0,270,1
TCKT-166855,Medium,Access Request,IT Support,Chat,164.0,0.0,216,1
TCKT-168928,Medium,Software Bug,Customer Service,Email,180.0,14.0,166,0
TCKT-172216,High,General Inquiry,Security,Portal,115.0,17.0,213,2
TCKT-132257,Critical,Software Bug,Customer Service,Email,42.0,19.0,222,2
TCKT-161988,Critical,Network Issue,Security,Email,46.0,13.0,273,4
TCKT-167910,High,General Inquiry,IT Support,Portal,108.0,12.0,296,4
TCKT-125732,Medium,Software Bug,Network Ops,Portal,165.0,7.0,175,1
TCKT-137208,Critical,Network Issue,Security,Phone,40.0,15.0,197,2
TCKT-136354,Low,General Inquiry,Network Ops,Chat,228.0,4.0,116,1
TCKT-143791,High,Access Request,Customer Service,Chat,113.0,22.0,216,2
TCKT-176227,Medium,Hardware Failure,Security,Portal,180.0,17.0,161,0
TCKT-138752,Medium,General Inquiry,Security,Email,170.0,16.0,225,2
TCKT-196225,High,Hardware Failure,Customer Service,Portal,119.0,17.0,179,2
TCKT-117299,High,General Inquiry,Customer Service,Email,119.0,21.0,229,2
TCKT-193725,High,Software Bug,Security,Phone,118.0,12.0,259,4
TCKT-140916,High,Software Bug,Development,Email,117.0,20.0,177,2
TCKT-134860,High,Network Issue,Security,Portal,107.0,14.0,191,2
TCKT-136652,Low,Software Bug,Development,Email,224.0,4.0,148,1
TCKT-101632,Low,Access Request,Development,Chat,232.0,21.0,132,0
TCKT-133158,Critical,Software Bug,Development,Email,49.0,19.0,274,4
TCKT-177604,Low,General Inquiry,Development,Email,226.0,3.0,179,1
TCKT-187512,High,General Inquiry,Development,Phone,107.0,4.0,300,4
TCKT-191731,High,Software Bug,IT Support,Phone,110.0,23.0,177,2
TCKT-191395,Critical,Software Bug,Network Ops,Chat,43.0,19.0,181,2
TCKT-193447,High,Hardware Failure,Development,Phone,115.0,6.0,197,3
TCKT-126601,Critical,Access Request,Security,Phone,55.0,7.0,233,3
TCKT-186951,Critical,Software Bug,Development,Portal,53.0,8.0,286,4
TCKT-171973,Critical,General Inquiry,Security,Chat,49.0,15.0,226,2
TCKT-110430,Critical,Hardware Failure,Customer Service,Chat,59.0,10.0,218,3
TCKT-130702,Low,Access Request,Network Ops,Email,225.0,13.0,161,0
TCKT-175613,Critical,Network Issue,Security,Phone,43.0,6.0,223,3
TCKT-125433,Medium,Network Issue,IT Support,Email,176.0,6.0,273,4
TCKT-129587,Low,Software Bug,IT Support,Chat,239.0,23.0,249,0
TCKT-140767,Medium,Network Issue,Development,Chat,170.0,23.0,285,4
TCKT-150731,High,General Inquiry,Development,Portal,104.0,17.0,213,2
TCKT-112959,High,Network Issue,Customer Service,Phone,103.0,3.0,188,3
TCKT-188000,Critical,General Inquiry,IT Support,Chat,54.0,5.0,306,4
TCKT-151242,Medium,Network Issue,IT Support,Phone,173.0,3.0,204,1
TCKT-176905,High,Access Request,Network Ops,Email,113.0,6.0,196,3
TCKT-140770,High,Access Request,Security,Email,110.0,23.0,196,2
TCKT-149353,High,Access Request,Customer Service,Email,114.0,21.0,216,2
TCKT-104381,Critical,Network Issue,Customer Service,Email,40.0,8.0,203,3
TCKT-146059,Low,General Inquiry,Customer Service,Portal,235.0,10.0,116,0
TCKT-107873,Medium,Software Bug,Network Ops,Phone,180.0,18.0,178,0
TCKT-146038,Low,General Inquiry,Development,Email,232.0,13.0,172,0
TCKT-173724,Low,Access Request,Network Ops,Portal,237.0,6.0,161,1
TCKT-172799,Critical,Access Request,IT Support,Phone,59.0,9.0,271,4
TCKT-108649,Low,Hardware Failure,IT Support,Portal,226.0,13.0,163,0
TCKT-153764,Medium,Hardware Failure,Network Ops,Email,176.0,8.0,207,1
TCKT-151921,Low,General Inquiry,Network Ops,Chat,239.0,0.0,202,1
TCKT-170273,High,Network Issue,Development,Portal,107.0,21.0,229,2
TCKT-102814,Low,Hardware Failure,Development,Email,222.0,0.0,285,4
TCKT-124278,Low,Software Bug,Customer Service,Chat,233.0,12.0,130,0
TCKT-188740,High,Access Request,IT Support,Chat,107.0,1.0,300,4
TCKT-127602,High,Hardware Failure,Network Ops,Portal,112.0,7.0,179,3
TCKT-101921,High,Hardware Failure,Development,Portal,115.0,2.0,201,3
TCKT-195702,Medium,Access Request,IT Support,Chat,180.0,2.0,202,1
TCKT-117860,Low,Access Request,Network Ops,Portal,229.0,2.0,161,1
TCKT-117396,Medium,General Inquiry,IT Support,Portal,178.0,22.0,227,2
TCKT-186845,Critical,Software Bug,Network Ops,Phone,53.0,11.0,222,3
TCKT-158280,Critical,Network Issue,Customer Service,Portal,46.0,7.0,263,3
TCKT-167707,Medium,Hardware Failure,Network Ops,Email,170.0,22.0,189,0
TCKT-183476,Low,Access Request,Development,Chat,229.0,15.0,242,0
TCKT-152724,Critical,Hardware Failure,Network Ops,Email,51.0,17.0,187,2
TCKT-136767,Medium,Hardware Failure,Development,Chat,175.0,2.0,161,1
TCKT-186331,High,Network Issue,Network Ops,Phone,107.0,6.0,229,3
TCKT-169677,High,Hardware Failure,Development,Email,110.0,22.0,293,4
TCKT-167247,Low,General Inquiry,Development,Portal,228.0,6.0,283,4
TCKT-126617,High,Network Issue,IT Support,Chat,116.0,16.0,251,4
TCKT-111082,Critical,Software Bug,Customer Service,Phone,55.0,5.0,209,3
TCKT-105301,Critical,Software Bug,Customer Service,Chat,40.0,1.0,205,3
TCKT-105581,Low,Hardware Failure,Security,Phone,229.0,10.0,159,0
TCKT-110980,Medium,Hardware Failure,Network Ops,Phone,176.0,12.0,178,1
TCKT-193084,Low,Software Bug,Development,Chat,225.0,14.0,148,0
TCKT-188474,High,Network Issue,IT Support,Email,114.0,20.0,253,2
TCKT-174762,Medium,Access Request,Customer Service,Phone,173.0,10.0,181,0
TCKT-102683,High,General Inquiry,Development,Email,110.0,11.0,235,4
TCKT-187459,Low,Network Issue,Security,Chat,233.0,3.0,157,1
TCKT-108984,Critical,Network Issue,Network Ops,Phone,56.0,9.0,223,3
TCKT-184871,High,General Inquiry,IT Support,Chat,118.0,1.0,255,4
TCKT-123295,High,Network Issue,Network Ops,Email,100.0,17.0,210,2
TCKT-175909,Medium,Software Bug,Network Ops,Phone,172.0,9.0,174,1
TCKT-147353,Medium,Software Bug,Security,Phone,162.0,4.0,178,1
TCKT-186886,High,Hardware Failure,Security,Phone,115.0,6.0,171,3
TCKT-122492,High,Access Request,Customer Service,Chat,106.0,22.0,178,2
TCKT-144158,High,Software Bug,Network Ops,Phone,113.0,1.0,189,3
TCKT-126343,Medium,General Inquiry,Customer Service,Portal,175.0,5.0,188,1
TCKT-174654,Medium,Access Request,Customer Service,Phone,175.0,18.0,160,0
TCKT-111146,High,Software Bug,Network Ops,Portal,110.0,23.0,220,2
TCKT-199508,Low,Network Issue,Development,Email,228.0,13.0,262,0
TCKT-145945,Critical,Network Issue,Network Ops,Email,48.0,13.0,231,3
TCKT-138592,Critical,Software Bug,Development,Portal,41.0,8.0,290,4
TCKT-175082,Medium,General Inquiry,Network Ops,Chat,173.0,12.0,229,1
TCKT-108989,Low,Software Bug,Customer Service,Portal,228.0,7.0,164,1
TCKT-100531,Critical,General Inquiry,Security,Portal,59.0,0.0,296,4
TCKT-120087,Critical,Access Request,IT Support,Email,44.0,13.0,233,3
TCKT-133491,Critical,General Inquiry,Security,Email,54.0,21.0,283,4
TCKT-161566,Low,Software Bug,Customer Service,Phone,235.0,6.0,164,1
TCKT-189419,Critical,Network Issue,Development,Chat,59.0,13.0,344,4
TCKT-145868,Low,Software Bug,Security,Chat,235.0,10.0,234,1
TCKT-187827,Critical,Hardware Failure,Development,Phone,55.0,16.0,233,2
TCKT-139542,High,General Inquiry,Development,Chat,101.0,12.0,213,2
TCKT-192606,Medium,Network Issue,Network Ops,Portal,179.0,15.0,161,0
TCKT-180715,Critical,Software Bug,Network Ops,Chat,42.0,23.0,181,2
TCKT-175853,High,Network Issue,Customer Service,Phone,117.0,12.0,229,3
TCKT-173600,Low,Access Request,Customer Service,Phone,240.0,13.0,132,0
TCKT-189103,Medium,Access Request,Customer Service,Email,180.0,19.0,160,0
TCKT-125784,Critical,Network Issue,Customer Service,Phone,41.0,9.0,203,3
TCKT-113786,High,Hardware Failure,Development,Email,113.0,20.0,179,2
TCKT-104931,Critical,General Inquiry,IT Support,Phone,56.0,8.0,289,4
TCKT-192237,Medium,Software Bug,Network Ops,Portal,160.0,10.0,175,1
TCKT-155618,High,Software Bug,Customer Service,Portal,117.0,4.0,189,3
TCKT-105347,Critical,Network Issue,Development,Chat,41.0,0.0,223,3
TCKT-175119,Critical,Network Issue,Development,Chat,45.0,16.0,197,2
TCKT-119096,Medium,General Inquiry,Network Ops,Chat,180.0,21.0,211,0
TCKT-114811,High,General Inquiry,Customer Service,Email,119.0,15.0,199,2
TCKT-138651,High,Network Issue,Customer Service,Chat,103.0,14.0,189,2
TCKT-151750,Critical,Network Issue,Security,Chat,55.0,11.0,203,3
TCKT-109376,Low,Access Request,Customer Service,Chat,231.0,18.0,149,0
TCKT-177828,High,Software Bug,Development,Phone,100.0,18.0,189,2
TCKT-159193,High,Network Issue,Network Ops,Email,110.0,7.0,191,3
TCKT-147880,Low,Access Request,Security,Phone,230.0,19.0,205,0
TCKT-159034,Critical,Network Issue,Development,Phone,52.0,21.0,231,2
TCKT-126165,High,Software Bug,Development,Phone,104.0,8.0,189,3
TCKT-122832,High,Network Issue,IT Support,Portal,119.0,2.0,229,3
TCKT-143384,High,Software Bug,Development,Chat,116.0,19.0,185,2
TCKT-152159,Medium,Hardware Failure,Network Ops,Email,169.0,7.0,154,1
TCKT-110747,Low,Hardware Failure,Customer Service,Email,236.0,5.0,166,1
TCKT-105971,Medium,Hardware Failure,Development,Phone,180.0,16.0,154,0
TCKT-127220,Medium,Network Issue,Customer Service,Portal,164.0,13.0,189,0
TCKT-184823,High,General Inquiry,Customer Service,Portal,107.0,16.0,235,2
TCKT-132646,Low,Access Request,Security,Phone,221.0,18.0,205,0
TCKT-176515,Medium,Network Issue,Network Ops,Chat,179.0,2.0,189,1
TCKT-123179,Critical,Hardware Failure,Security,Chat,57.0,9.0,218,3
TCKT-179375,Low,Software Bug,Security,Email,233.0,2.0,200,1
TCKT-157703,High,Access Request,Customer Service,Portal,101.0,21.0,172,2
TCKT-114805,Medium,Access Request,IT Support,Portal,165.0,12.0,218,1
TCKT-174734,Critical,General Inquiry,Security,Chat,51.0,22.0,226,2
TCKT-170099,Critical,Network Issue,Security,Email,58.0,8.0,217,3
TCKT-161544,High,Hardware Failure,IT Support,Phone,114.0,22.0,257,2
TCKT-172648,High,General Inquiry,Network Ops,Email,116.0,16.0,212,2
TCKT-177596,Medium,General Inquiry,Security,Phone,167.0,15.0,229,0
TCKT-162807,High,Network Issue,Network Ops,Email,106.0,9.0,189,3
TCKT-154207,Low,Software Bug,Network Ops,Chat,221.0,0.0,178,1
TCKT-118728,Critical,Network Issue,Customer Service,Chat,43.0,14.0,203,3
TCKT-117194,Medium,Network Issue,Development,Portal,171.0,14.0,285,4
TCKT-180641,Critical,Access Request,Development,Chat,59.0,11.0,210,3
TCKT-142514,Low,Access Request,Customer Service,Chat,238.0,12.0,132,0
TCKT-168420,High,Network Issue,Customer Service,Email,110.0,16.0,229,2
TCKT-137024,Critical,Software Bug,IT Support,Chat,41.0,2.0,181,3
TCKT-144866,Critical,Access Request,Customer Service,Phone,60.0,18.0,233,2
TCKT-132155,Low,Access Request,IT Support,Phone,228.0,5.0,153,1
TCKT-117340,High,General Inquiry,IT Support,Portal,102.0,10.0,228,4
TCKT-183727,High,Software Bug,Development,Email,106.0,4.0,256,3
TCKT-169254,Medium,Network Issue,Development,Email,166.0,11.0,204,1
TCKT-100291,Critical,Software Bug,Network Ops,Email,41.0,15.0,203,2
TCKT-109479,Low,General Inquiry,Security,Email,226.0,23.0,116,0
TCKT-132149,Medium,Network Issue,Security,Portal,172.0,14.0,186,0
TCKT-101911,Medium,Hardware Failure,IT Support,Email,161.0,6.0,210,1
TCKT-184626,Medium,General Inquiry,Customer Service,Phone,160.0,2.0,211,1
TCKT-188556,High,Network Issue,Development,Portal,117.0,22.0,270,2
TCKT-124556,Medium,Access Request,Network Ops,Chat,169.0,6.0,146,1
TCKT-156601,High,Hardware Failure,IT Support,Portal,115.0,21.0,227,2
TCKT-184419,Critical,Software Bug,IT Support,Phone,55.0,22.0,259,2
TCKT-128664,High,General Inquiry,Security,Portal,103.0,15.0,236,2
TCKT-121699,Low,General Inquiry,Development,Portal,225.0,19.0,202,0
TCKT-132913,Medium,Network Issue,Customer Service,Email,176.0,21.0,189,0
TCKT-105185,High,General Inquiry,Security,Chat,105.0,7.0,283,4
TCKT-174172,High,General Inquiry,Network Ops,Email,115.0,6.0,166,1
TCKT-108550,High,Network Issue,Security,Portal,107.0,3.0,191,3
TCKT-155810,Low,Hardware Failure,IT Support,Email,236.0,5.0,180,1
TCKT-160810,High,General Inquiry,Development,Portal,113.0,0.0,228,3
TCKT-116588,Critical,Access Request,Security,Chat,59.0,0.0,204,3
TCKT-109026,High,Software Bug,Security,Email,109.0,0.0,189,3
TCKT-144494,Low,Access Request,Network Ops,Email,234.0,0.0,148,1
TCKT-149038,Low,Hardware Failure,IT Support,Chat,233.0,19.0,288,4
TCKT-192049,Medium,Network Issue,Security,Phone,176.0,19.0,200,0
TCKT-133536,Medium,Software Bug,Security,Phone,170.0,13.0,248,4
TCKT-143614,Low,Hardware Failure,Development,Email,222.0,20.0,167,0
TCKT-104056,Medium,General Inquiry,IT Support,Chat,169.0,4.0,277,4
TCKT-115670,Medium,General Inquiry,Security,Email,164.0,18.0,250,4
TCKT-178550,High,General Inquiry,Network Ops,Portal,108.0,5.0,228,3
TCKT-127367,Medium,Access Request,Development,Portal,166.0,9.0,241,1
TCKT-128233,Critical,Software Bug,Network Ops,Chat,58.0,19.0,181,2
TCKT-160230,Critical,Network Issue,Security,Chat,46.0,13.0,301,4
TCKT-193840,High,Software Bug,Security,Phone,119.0,5.0,254,4
TCKT-125261,High,Software Bug,IT Support,Portal,105.0,15.0,268,4
TCKT-128825,Medium,Network Issue,Network Ops,Chat,180.0,7.0,161,1
TCKT-101948,Low,Network Issue,Development,Email,237.0,10.0,234,1
TCKT-148515,High,Access Request,Network Ops,Portal,119.0,22.0,192,2
TCKT-170365,High,Hardware Failure,Security,Portal,117.0,9.0,190,3
TCKT-114734,Critical,Software Bug,Security,Chat,58.0,6.0,263,4
TCKT-131424,Critical,Hardware Failure,Security,Phone,56.0,3.0,218,3
TCKT-109770,High,Software Bug,Development,Chat,106.0,14.0,177,2
TCKT-104319,Low,Network Issue,Network Ops,Portal,221.0,14.0,144,0
TCKT-166652,High,Network Issue,Network Ops,Chat,106.0,12.0,191,2
TCKT-181732,Medium,Network Issue,Customer Service,Chat,165.0,9.0,189,1
TCKT-178264,Low,General Inquiry,Security,Phone,221.0,23.0,179,0
TCKT-119874,Low,Network Issue,Security,Portal,233.0,10.0,144,0
TCKT-144310,Medium,Network Issue,IT Support,Portal,164.0,3.0,169,1
TCKT-129408,Medium,Network Issue,Customer Service,Phone,165.0,10.0,161,1
TCKT-172628,High,Network Issue,Security,Portal,119.0,13.0,197,2
TCKT-190059,High,Access Request,Network Ops,Email,108.0,0.0,176,3
TCKT-198539,High,Access Request,Development,Phone,118.0,21.0,196,2
TCKT-156548,Medium,General Inquiry,IT Support,Chat,164.0,3.0,225,1
TCKT-176738,Low,General Inquiry,Customer Service,Chat,239.0,2.0,116,1
TCKT-185097,High,General Inquiry,Development,Email,108.0,23.0,228,2
TCKT-141541,Medium,Software Bug,IT Support,Email,175.0,20.0,192,0
TCKT-131818,Low,Access Request,Security,Phone,236.0,14.0,117,0
TCKT-154317,High,General Inquiry,Security,Portal,115.0,23.0,228,2
TCKT-135910,High,General Inquiry,Development,Email,116.0,18.0,219,2
TCKT-165584,Low,Access Request,Customer Service,Email,220.0,2.0,148,1
TCKT-173115,Critical,Access Request,IT Support,Chat,48.0,5.0,215,3
TCKT-191501,High,General Inquiry,Customer Service,Portal,108.0,18.0,212,2
TCKT-102617,Medium,Software Bug,Network Ops,Portal,178.0,10.0,166,1
TCKT-195720,Low,Access Request,Security,Chat,221.0,2.0,205,1
TCKT-185867,Low,Access Request,IT Support,Portal,240.0,8.0,129,0
TCKT-117096,Critical,Hardware Failure,Development,Portal,56.0,7.0,205,3
TCKT-180097,Medium,Hardware Failure,Security,Phone,176.0,4.0,224,1
TCKT-151772,Low,Network Issue,IT Support,Phone,234.0,23.0,245,0
TCKT-147440,Medium,Network Issue,Development,Email,176.0,15.0,281,4
TCKT-157143,Critical,Network Issue,IT Support,Email,54.0,22.0,307,4
TCKT-157543,Critical,General Inquiry,Customer Service,Chat,48.0,12.0,251,4
TCKT-189322,Low,Access Request,Development,Chat,225.0,10.0,234,1
TCKT-188140,Medium,Hardware Failure,Customer Service,Chat,164.0,5.0,181,1
TCKT-102200,Medium,Hardware Failure,Network Ops,Phone,162.0,14.0,154,0
TCKT-185133,Low,Software Bug,Customer Service,Portal,238.0,10.0,148,0
TCKT-155967,High,General Inquiry,Development,Portal,115.0,0.0,280,4
TCKT-169819,High,Hardware Failure,Customer Service,Portal,120.0,11.0,212,2
TCKT-103423,Medium,Access Request,Security,Email,173.0,14.0,230,0
TCKT-110973,High,Hardware Failure,Network Ops,Chat,114.0,1.0,201,3
TCKT-138382,Critical,Hardware Failure,Network Ops,Email,57.0,19.0,188,2
TCKT-176519,High,Hardware Failure,Security,Portal,111.0,14.0,171,2
TCKT-142266,Low,General Inquiry,Security,Chat,239.0,16.0,179,0
TCKT-163349,High,General Inquiry,Security,Portal,118.0,8.0,219,3
TCKT-137443,Medium,Hardware Failure,IT Support,Phone,180.0,1.0,245,1
TCKT-111145,Critical,General Inquiry,Development,Portal,53.0,21.0,294,4
TCKT-170719,Medium,General Inquiry,Network Ops,Email,166.0,7.0,193,1
TCKT-193143,Low,General Inquiry,Network Ops,Chat,239.0,6.0,162,1
TCKT-142036,High,Software Bug,IT Support,Email,106.0,14.0,233,2
TCKT-138050,High,Network Issue,Customer Service,Chat,106.0,17.0,189,2
TCKT-190234,Medium,Hardware Failure,Security,Portal,167.0,7.0,207,1
TCKT-134592,Low,Hardware Failure,Customer Service,Chat,237.0,1.0,195,1
TCKT-137863,Critical,Software Bug,Security,Chat,60.0,18.0,203,2
TCKT-142812,Medium,Network Issue,Security,Portal,179.0,6.0,169,1
TCKT-157072,Critical,Hardware Failure,Network Ops,Phone,50.0,23.0,240,2
TCKT-178133,High,Network Issue,Development,Phone,101.0,4.0,191,3
TCKT-152715,Critical,Hardware Failure,Network Ops,Chat,47.0,5.0,188,3
TCKT-183214,Medium,Network Issue,Network Ops,Chat,175.0,8.0,198,1
TCKT-140550,Medium,Network Issue,Customer Service,Chat,162.0,0.0,204,1
TCKT-185619,Medium,Software Bug,Development,Chat,165.0,5.0,247,1
TCKT-192220,Critical,Hardware Failure,Security,Phone,47.0,10.0,288,4
TCKT-139089,Medium,Network Issue,Customer Service,Email,180.0,13.0,204,0
TCKT-183260,Medium,Access Request,Customer Service,Email,179.0,1.0,160,1
TCKT-152522,Medium,Network Issue,Customer Service,Phone,161.0,16.0,204,0
TCKT-121218,Critical,Network Issue,IT Support,Phone,57.0,7.0,315,4
TCKT-136155,Medium,Software Bug,Development,Phone,176.0,10.0,167,1
TCKT-199181,Medium,Access Request,IT Support,Phone,175.0,0.0,237,1
TCKT-129799,Critical,Network Issue,IT Support,Phone,43.0,8.0,315,4
TCKT-122160,Critical,Network Issue,Security,Phone,51.0,20.0,333,4
TCKT-133406,Low,Access Request,Customer Service,Chat,231.0,8.0,161,1
TCKT-155775,Critical,Software Bug,Network Ops,Phone,47.0,16.0,207,2
TCKT-178594,Low,Network Issue,Security,Portal,223.0,5.0,227,1
TCKT-173342,Low,Software Bug,IT Support,Phone,233.0,14.0,214,0
TCKT-172929,Critical,Software Bug,IT Support,Phone,59.0,2.0,289,4
TCKT-138267,Medium,Software Bug,Development,Portal,169.0,13.0,255,4
TCKT-111910,High,General Inquiry,Customer Service,Chat,102.0,0.0,228,3
TCKT-198951,Medium,Software Bug,IT Support,Phone,166.0,21.0,166,0
TCKT-139024,Critical,Network Issue,Customer Service,Portal,49.0,19.0,232,2
TCKT-110254,Low,Network Issue,Customer Service,Chat,237.0,17.0,153,0
TCKT-159685,Critical,General Inquiry,Customer Service,Chat,49.0,13.0,251,4
TCKT-186104,Critical,Hardware Failure,IT Support,Email,45.0,9.0,296,4
TCKT-121662,Critical,Hardware Failure,Security,Phone,43.0,15.0,188,2
TCKT-195697,Medium,Network Issue,Development,Portal,176.0,0.0,250,1
TCKT-138929,Medium,Network Issue,Security,Email,169.0,13.0,274,4
TCKT-183868,Low,Network Issue,Development,Phone,240.0,20.0,262,0
TCKT-152127,Critical,Access Request,Customer Service,Portal,52.0,13.0,215,3
TCKT-193396,Medium,Network Issue,Security,Phone,168.0,8.0,161,1
TCKT-118132,Low,Software Bug,Customer Service,Portal,234.0,2.0,180,1
TCKT-129242,Critical,Hardware Failure,Network Ops,Portal,51.0,9.0,205,3
TCKT-156587,Low,Access Request,Development,Email,220.0,8.0,153,1
TCKT-194738,Low,General Inquiry,Network Ops,Chat,220.0,2.0,179,1
TCKT-142388,Low,Software Bug,Development,Chat,239.0,13.0,130,0
TCKT-120459,High,Network Issue,Development,Chat,106.0,14.0,291,4
TCKT-169920,High,Hardware Failure,IT Support,Phone,111.0,2.0,235,3
TCKT-188110,Critical,Access Request,IT Support,Chat,42.0,14.0,266,4
TCKT-105881,High,Network Issue,IT Support,Portal,100.0,5.0,167,3
TCKT-100045,Low,Software Bug,Network Ops,Portal,220.0,8.0,180,1
TCKT-148523,Low,Access Request,IT Support,Portal,233.0,1.0,135,1
TCKT-119494,Low,Network Issue,Network Ops,Portal,236.0,0.0,167,1
TCKT-195714,Medium,Hardware Failure,IT Support,Chat,163.0,5.0,207,1
TCKT-192907,Medium,Software Bug,Network Ops,Chat,175.0,0.0,167,1
TCKT-115189,Medium,Software Bug,IT Support,Chat,167.0,1.0,222,1
TCKT-121327,Critical,General Inquiry,Customer Service,Email,40.0,15.0,279,4
TCKT-107941,High,Hardware Failure,Development,Email,114.0,4.0,180,3
TCKT-139129,High,General Inquiry,Development,Portal,111.0,1.0,300,4
TCKT-150208,High,Network Issue,Development,Phone,113.0,23.0,197,2
TCKT-140631,Critical,Network Issue,Development,Chat,55.0,0.0,197,3
TCKT-129442,High,Hardware Failure,IT Support,Email,116.0,8.0,212,3
TCKT-170448,High,Access Request,Customer Service,Portal,105.0,15.0,172,2
TCKT-158051,Medium,General Inquiry,Security,Portal,161.0,19.0,250,2
TCKT-119211,Critical,Software Bug,Customer Service,Chat,49.0,21.0,181,2
TCKT-115285,Critical,Hardware Failure,Security,Email,44.0,18.0,188,2
TCKT-110098,Medium,Access Request,Network Ops,Phone,166.0,2.0,181,1
TCKT-113585,Low,Hardware Failure,Development,Phone,226.0,19.0,199,0
TCKT-130354,Critical,Hardware Failure,IT Support,Phone,58.0,19.0,271,4
TCKT-172449,Medium,Hardware Failure,Development,Phone,168.0,21.0,178,0
TCKT-130952,Low,Hardware Failure,Network Ops,Email,220.0,23.0,199,0
TCKT-186384,High,Network Issue,Development,Phone,112.0,12.0,219,2
TCKT-131313,Low,Network Issue,Customer Service,Chat,227.0,8.0,181,1
TCKT-135463,Critical,Network Issue,Customer Service,Chat,48.0,13.0,263,4
TCKT-139367,Critical,Hardware Failure,IT Support,Phone,40.0,0.0,218,3
TCKT-146856,Medium,Network Issue,IT Support,Portal,174.0,2.0,161,1
TCKT-137699,Medium,Network Issue,Network Ops,Portal,180.0,16.0,169,0
TCKT-165508,High,General Inquiry,Customer Service,Email,102.0,2.0,212,3
TCKT-141685,Low,Hardware Failure,Security,Email,228.0,11.0,236,0
TCKT-164648,Low,Network Issue,IT Support,Chat,228.0,2.0,251,1
TCKT-160197,Medium,Hardware Failure,Development,Chat,168.0,22.0,161,0
TCKT-174382,Medium,Hardware Failure,IT Support,Phone,180.0,15.0,291,4
TCKT-104679,Medium,Hardware Failure,Customer Service,Phone,174.0,12.0,187,0
TCKT-125206,Low,Software Bug,Development,Phone,233.0,21.0,148,0
TCKT-160909,Low,Network Issue,IT Support,Phone,226.0,1.0,153,1
TCKT-122964,Critical,General Inquiry,Development,Portal,44.0,12.0,251,4
TCKT-133629,Low,General Inquiry,Customer Service,Chat,230.0,19.0,172,0
TCKT-175934,High,Hardware Failure,Development,Portal,104.0,18.0,190,2
TCKT-162465,Low,Software Bug,Development,Portal,231.0,2.0,178,1
TCKT-198340,High,General Inquiry,Development,Portal,104.0,8.0,213,3
TCKT-146108,Critical,General Inquiry,Development,Phone,53.0,11.0,332,4
TCKT-184928,High,Access Request,IT Support,Email,100.0,7.0,272,4
TCKT-110337,Low,General Inquiry,IT Support,Email,221.0,5.0,179,1
TCKT-162858,Medium,Access Request,Customer Service,Phone,167.0,18.0,182,0
TCKT-122498,Medium,Network Issue,Security,Phone,160.0,19.0,268,4
TCKT-188549,High,Software Bug,Network Ops,Chat,107.0,4.0,212,3
TCKT-168833,Low,Hardware Failure,Security,Email,228.0,3.0,204,1
TCKT-150430,Low,Access Request,Security,Phone,220.0,23.0,132,0
TCKT-138121,Critical,General Inquiry,Customer Service,Portal,49.0,2.0,210,3
TCKT-149870,Medium,Software Bug,Security,Email,173.0,19.0,239,2
TCKT-116120,Low,Software Bug,IT Support,Chat,231.0,17.0,148,0
TCKT-155607,Medium,Software Bug,Customer Service,Chat,179.0,9.0,174,1
TCKT-134934,High,Network Issue,Security,Chat,118.0,12.0,188,2
TCKT-146320,Low,Software Bug,Customer Service,Chat,237.0,5.0,148,1
TCKT-197344,High,Network Issue,IT Support,Portal,106.0,18.0,294,4
TCKT-128346,High,Network Issue,Security,Chat,105.0,21.0,167,2
TCKT-162535,High,Access Request,Network Ops,Phone,109.0,1.0,216,3
TCKT-184599,Low,Access Request,Network Ops,Portal,229.0,6.0,132,1
TCKT-141041,Critical,Access Request,Customer Service,Chat,56.0,14.0,233,3
TCKT-188167,Low,Hardware Failure,Development,Phone,224.0,5.0,166,1
TCKT-151758,Low,Hardware Failure,Development,Email,223.0,9.0,276,4
TCKT-178088,Low,Network Issue,IT Support,Portal,231.0,14.0,287,4
TCKT-168041,Medium,Software Bug,Security,Chat,170.0,23.0,167,0
TCKT-159756,High,Access Request,Network Ops,Portal,106.0,6.0,199,3
TCKT-166842,Medium,General Inquiry,Security,Phone,176.0,19.0,143,0
TCKT-174512,Medium,Hardware Failure,IT Support,Phone,175.0,19.0,238,0
TCKT-173206,Low,Network Issue,Security,Email,227.0,22.0,151,0
TCKT-105485,Medium,Hardware Failure,Development,Chat,163.0,15.0,207,0
TCKT-194317,Critical,Software Bug,Development,Phone,59.0,8.0,207,3
TCKT-181338,Medium,General Inquiry,Customer Service,Phone,169.0,12.0,229,1
TCKT-135070,High,Access Request,Development,Chat,114.0,2.0,266,4
TCKT-124921,Low,Network Issue,Development,Phone,221.0,11.0,151,0
TCKT-120004,Medium,Software Bug,Network Ops,Portal,164.0,3.0,167,1
TCKT-119268,Low,Software Bug,IT Support,Phone,240.0,16.0,179,0
TCKT-112298,Critical,General Inquiry,IT Support,Phone,54.0,11.0,306,4
TCKT-131837,High,Hardware Failure,Security,Portal,113.0,4.0,212,3
TCKT-127363,Low,Network Issue,Development,Email,233.0,7.0,270,1
TCKT-146193,Medium,Access Request,Security,Portal,162.0,0.0,160,1
TCKT-118564,Medium,Hardware Failure,Customer Service,Chat,180.0,21.0,161,0
TCKT-125025,Low,Network Issue,Development,Chat,229.0,18.0,181,0
TCKT-137567,Critical,Access Request,Development,Phone,56.0,4.0,296,4
TCKT-148465,Low,Network Issue,Customer Service,Phone,223.0,10.0,189,0
TCKT-160498,Critical,Hardware Failure,Development,Phone,57.0,17.0,233,2
TCKT-122688,Critical,General Inquiry,Network Ops,Phone,55.0,10.0,279,4
TCKT-120624,Medium,Network Issue,Customer Service,Email,168.0,23.0,189,0
TCKT-187033,Low,General Inquiry,Development,Phone,233.0,21.0,172,0
TCKT-120675,Low,Access Request,Security,Portal,222.0,22.0,223,0
TCKT-114901,High,Access Request,Security,Portal,113.0,7.0,178,3
TCKT-120351,Critical,Hardware Failure,Customer Service,Chat,48.0,8.0,218,3
TCKT-143070,Low,Access Request,Network Ops,Portal,227.0,5.0,117,1
TCKT-138649,High,General Inquiry,Security,Phone,118.0,11.0,235,4
TCKT-199274,Low,Access Request,Network Ops,Email,228.0,1.0,129,1
TCKT-165225,High,General Inquiry,Customer Service,Phone,105.0,0.0,213,3
TCKT-107393,Critical,Software Bug,Development,Portal,40.0,6.0,288,4
TCKT-116224,Critical,Software Bug,Customer Service,Chat,40.0,20.0,193,2
TCKT-185033,Critical,Hardware Failure,Security,Chat,49.0,3.0,258,3
TCKT-196435,High,Hardware Failure,IT Support,Chat,109.0,16.0,257,4
TCKT-164294,Critical,Software Bug,IT Support,Phone,42.0,11.0,209,3
TCKT-157872,Critical,Access Request,Customer Service,Portal,58.0,12.0,210,3
TCKT-122645,High,Access Request,Security,Portal,104.0,16.0,199,2
TCKT-167112,Medium,General Inquiry,Customer Service,Portal,167.0,2.0,211,1
TCKT-110307,High,Hardware Failure,Customer Service,Phone,112.0,23.0,212,2
TCKT-194085,Low,General Inquiry,Security,Portal,221.0,6.0,242,1
TCKT-137465,Critical,Access Request,Network Ops,Chat,58.0,2.0,210,3
TCKT-111193,Low,Access Request,Network Ops,Portal,236.0,12.0,149,0
TCKT-177352,Medium,Software Bug,Customer Service,Phone,171.0,12.0,167,0
TCKT-180712,High,Hardware Failure,Security,Email,120.0,6.0,179,3
TCKT-126586,Low,Hardware Failure,IT Support,Email,240.0,2.0,279,1
TCKT-172851,Low,General Inquiry,IT Support,Chat,226.0,10.0,200,1
TCKT-121753,Critical,Hardware Failure,Security,Email,48.0,18.0,240,2
TCKT-120284,Low,Software Bug,Security,Phone,232.0,2.0,250,1
TCKT-196793,Critical,Access Request,Network Ops,Chat,57.0,9.0,210,3
TCKT-117445,Critical,General Inquiry,Customer Service,Email,46.0,17.0,226,2
TCKT-163378,Medium,Access Request,Network Ops,Phone,160.0,9.0,174,1
TCKT-151949,High,Access Request,IT Support,Portal,112.0,10.0,260,4
TCKT-148838,Low,Software Bug,Development,Email,227.0,13.0,229,0
TCKT-173664,High,Access Request,IT Support,Email,118.0,8.0,300,4
TCKT-155872,Medium,Network Issue,Security,Phone,166.0,14.0,204,0
TCKT-129164,Critical,Network Issue,Development,Email,45.0,5.0,197,3
TCKT-153183,Critical,Access Request,IT Support,Chat,51.0,21.0,289,4
TCKT-151904,Low,Software Bug,Development,Email,240.0,6.0,148,1
TCKT-143603,Medium,Access Request,Development,Portal,167.0,0.0,146,1
TCKT-101219,Critical,Access Request,IT Support,Email,52.0,7.0,215,3
TCKT-131566,High,General Inquiry,Network Ops,Chat,114.0,22.0,235,2
TCKT-151064,Critical,Access Request,Security,Email,57.0,22.0,277,4
TCKT-141854,Medium,General Inquiry,Development,Chat,175.0,18.0,269,4
TCKT-131923,High,Network Issue,Customer Service,Chat,119.0,19.0,210,2
TCKT-149584,High,Software Bug,Customer Service,Email,120.0,10.0,189,3
TCKT-185266,High,Access Request,Security,Chat,110.0,0.0,185,3
TCKT-198364,Low,Access Request,Customer Service,Email,236.0,3.0,135,1
TCKT-129774,Low,Software Bug,Security,Portal,236.0,10.0,148,0
TCKT-156750,High,Software Bug,IT Support,Portal,101.0,1.0,268,4
TCKT-179241,High,Network Issue,IT Support,Email,113.0,15.0,266,4
TCKT-167365,Critical,Hardware Failure,Customer Service,Portal,45.0,16.0,205,2
TCKT-108135,Low,Software Bug,Network Ops,Email,222.0,10.0,148,1
TCKT-149992,Critical,Access Request,IT Support,Email,56.0,11.0,265,4
TCKT-158871,Critical,Access Request,IT Support,Email,52.0,19.0,317,4
TCKT-127759,Low,Network Issue,Security,Phone,225.0,22.0,214,0
TCKT-136070,Low,Access Request,IT Support,Portal,223.0,2.0,204,1
TCKT-190891,High,Hardware Failure,Customer Service,Portal,117.0,12.0,212,2
TCKT-178274,Low,Network Issue,Security,Portal,220.0,12.0,259,4
TCKT-154987,Low,Software Bug,Customer Service,Chat,222.0,19.0,180,0
TCKT-116319,Critical,Hardware Failure,Security,Phone,44.0,8.0,218,3
TCKT-166392,Low,Software Bug,Customer Service,Portal,237.0,15.0,165,0
TCKT-135869,Critical,Software Bug,Network Ops,Chat,60.0,17.0,193,2
TCKT-125363,Medium,Software Bug,Customer Service,Phone,170.0,2.0,166,1
TCKT-197059,Low,General Inquiry,Security,Portal,228.0,19.0,202,0
TCKT-179010,High,General Inquiry,Network Ops,Email,103.0,10.0,166,3
TCKT-165218,Medium,Hardware Failure,IT Support,Email,167.0,2.0,239,1
TCKT-147304,Critical,Software Bug,IT Support,Chat,54.0,22.0,295,4
TCKT-113282,Critical,Network Issue,IT Support,Portal,47.0,12.0,287,4
TCKT-163317,Low,General Inquiry,Security,Email,224.0,16.0,186,0
TCKT-161436,Critical,Access Request,Security,Email,44.0,14.0,210,3
TCKT-155723,Low,Hardware Failure,Customer Service,Phone,225.0,2.0,159,1
TCKT-193080,Medium,Software Bug,Network Ops,Portal,162.0,8.0,174,1
TCKT-126644,Low,Network Issue,Network Ops,Chat,234.0,0.0,157,1
TCKT-178951,Critical,Network Issue,IT Support,Email,55.0,5.0,288,4
TCKT-156193,Medium,Hardware Failure,Security,Portal,161.0,0.0,257,1
TCKT-108247,Low,Software Bug,Customer Service,Email,235.0,0.0,148,1
TCKT-120819,Low,Network Issue,Customer Service,Phone,237.0,15.0,153,0
TCKT-195689,Critical,Software Bug,Development,Phone,58.0,18.0,209,2
TCKT-158736,High,Hardware Failure,Security,Chat,119.0,5.0,180,1
TCKT-169743,Critical,Network Issue,Network Ops,Email,50.0,21.0,232,2
TCKT-139969,Medium,Hardware Failure,Security,Email,171.0,20.0,231,2
TCKT-113296,Medium,Hardware Failure,Security,Email,165.0,7.0,181,1
TCKT-123922,High,Network Issue,Development,Phone,103.0,23.0,278,4
TCKT-120392,High,General Inquiry,IT Support,Chat,105.0,12.0,250,4
TCKT-166939,Medium,Network Issue,Network Ops,Phone,175.0,6.0,189,1
TCKT-155071,Medium,Access Request,Network Ops,Email,164.0,20.0,174,0
TCKT-145944,High,Network Issue,Security,Portal,102.0,19.0,229,2
TCKT-112464,Critical,Access Request,Security,Phone,43.0,10.0,210,3
TCKT-103592,Medium,Software Bug,Customer Service,Phone,165.0,13.0,167,0
TCKT-150961,High,Hardware Failure,Customer Service,Chat,101.0,16.0,212,2
TCKT-147265,Critical,Network Issue,Development,Chat,52.0,0.0,344,4
TCKT-127818,Medium,Access Request,Security,Phone,166.0,5.0,223,1
TCKT-185276,Low,Hardware Failure,Customer Service,Email,222.0,3.0,166,1
TCKT-176521,Low,Access Request,Customer Service,Email,239.0,18.0,161,0
TCKT-162426,Low,Software Bug,Customer Service,Portal,228.0,19.0,165,0
TCKT-164759,High,General Inquiry,IT Support,Portal,108.0,6.0,291,4
TCKT-139665,High,General Inquiry,Network Ops,Chat,112.0,7.0,212,3
TCKT-123316,Critical,Hardware Failure,IT Support,Email,41.0,0.0,218,3
TCKT-121244,High,Access Request,Security,Email,108.0,15.0,178,2
TCKT-197466,Critical,General Inquiry,Customer Service,Email,43.0,23.0,279,4
TCKT-107951,Low,Hardware Failure,Network Ops,Chat,220.0,1.0,163,1
TCKT-151235,Low,General Inquiry,Security,Email,226.0,9.0,186,1
TCKT-168154,Medium,Network Issue,IT Support,Email,172.0,18.0,245,2
TCKT-135900,Low,General Inquiry,Security,Phone,222.0,23.0,162,0
TCKT-199683,High,Access Request,IT Support,Portal,119.0,8.0,252,4
TCKT-137116,Medium,Network Issue,Security,Portal,165.0,21.0,189,0
TCKT-187733,Low,Network Issue,Customer Service,Chat,238.0,12.0,189,0
TCKT-140926,High,Access Request,Development,Phone,116.0,13.0,253,4
TCKT-111816,High,Network Issue,Customer Service,Portal,115.0,17.0,229,2
TCKT-116542,Low,Hardware Failure,Development,Email,233.0,18.0,240,0
TCKT-109814,Low,Hardware Failure,Network Ops,Email,238.0,8.0,166,1
TCKT-153078,Low,General Inquiry,Development,Portal,220.0,20.0,162,0
TCKT-179815,High,General Inquiry,IT Support,Chat,113.0,14.0,297,4
TCKT-122679,High,Access Request,IT Support,Email,117.0,3.0,232,3
TCKT-184470,Medium,General Inquiry,IT Support,Email,164.0,16.0,267,4
TCKT-127791,Critical,General Inquiry,IT Support,Email,43.0,14.0,233,4
TCKT-141708,Medium,Network Issue,IT Support,Portal,180.0,14.0,189,0
TCKT-124771,Critical,Hardware Failure,Customer Service,Phone,58.0,18.0,240,2
TCKT-137813,High,General Inquiry,Development,Phone,113.0,21.0,212,2
TCKT-163297,Medium,General Inquiry,Security,Portal,162.0,8.0,250,4
TCKT-166876,Critical,Access Request,IT Support,Chat,55.0,6.0,299,4
TCKT-145584,Medium,Network Issue,IT Support,Phone,176.0,13.0,161,0
TCKT-129213,Critical,Software Bug,Customer Service,Email,44.0,9.0,222,3
TCKT-197552,Medium,General Inquiry,Security,Email,173.0,11.0,183,1
TCKT-108267,Medium,Access Request,IT Support,Chat,169.0,13.0,182,0
TCKT-170004,Low,Network Issue,IT Support,Chat,236.0,10.0,265,1
TCKT-171389,Critical,Access Request,Network Ops,Phone,50.0,12.0,210,3
TCKT-178116,High,Software Bug,Customer Service,Phone,100.0,18.0,177,2
TCKT-180920,Low,Software Bug,IT Support,Chat,228.0,3.0,204,1
TCKT-102413,Medium,Software Bug,Development,Portal,180.0,0.0,175,1
TCKT-132817,Low,Network Issue,IT Support,Chat,231.0,9.0,167,1
TCKT-129900,Low,Access Request,IT Support,Email,238.0,14.0,204,0
TCKT-162661,Critical,Access Request,Customer Service,Portal,59.0,10.0,181,3
TCKT-106906,Low,Access Request,Security,Portal,233.0,14.0,135,0
TCKT-149159,Medium,Software Bug,IT Support,Email,173.0,17.0,276,4
TCKT-143350,Critical,Hardware Failure,Customer Service,Phone,44.0,8.0,188,3
TCKT-103591,High,Access Request,IT Support,Chat,110.0,2.0,276,4
TCKT-134814,Critical,Hardware Failure,Security,Chat,55.0,9.0,218,3
TCKT-174980,Critical,Access Request,Development,Portal,41.0,16.0,204,2
TCKT-196996,High,Hardware Failure,IT Support,Phone,106.0,10.0,197,3
TCKT-118477,Medium,Hardware Failure,Network Ops,Portal,178.0,15.0,183,0
TCKT-110737,Low,Hardware Failure,Customer Service,Chat,224.0,11.0,159,0
TCKT-120335,Critical,Software Bug,Customer Service,Email,58.0,3.0,211,3
TCKT-175728,Critical,General Inquiry,IT Support,Phone,40.0,4.0,306,4
TCKT-172175,Medium,Network Issue,Customer Service,Chat,166.0,7.0,161,1
TCKT-106868,High,Software Bug,Network Ops,Chat,119.0,0.0,185,1
TCKT-149697,Medium,Hardware Failure,Development,Phone,165.0,18.0,259,4
TCKT-154591,Low,Access Request,IT Support,Email,227.0,14.0,237,0
TCKT-144961,Medium,Hardware Failure,Security,Chat,168.0,8.0,259,4
TCKT-197669,High,Hardware Failure,Security,Chat,106.0,14.0,281,4
TCKT-161235,Low,Hardware Failure,Development,Phone,240.0,12.0,163,0
TCKT-177511,Critical,Hardware Failure,Security,Portal,56.0,0.0,258,3
TCKT-145187,Low,General Inquiry,Security,Portal,235.0,5.0,116,1
TCKT-167824,Low,Software Bug,Network Ops,Phone,234.0,23.0,130,0
TCKT-121420,Critical,Access Request,Customer Service,Email,55.0,3.0,215,3
TCKT-198845,Medium,Software Bug,Development,Chat,173.0,3.0,256,1
TCKT-152782,Medium,General Inquiry,Development,Phone,171.0,1.0,211,1
TCKT-186082,Critical,Software Bug,IT Support,Email,57.0,6.0,291,4
TCKT-168950,Critical,Hardware Failure,Network Ops,Chat,51.0,16.0,187,2
TCKT-120039,Critical,Access Request,Security,Phone,43.0,23.0,215,2
TCKT-177709,Medium,Network Issue,IT Support,Portal,176.0,4.0,186,1
TCKT-116567,Critical,Hardware Failure,Customer Service,Email,57.0,0.0,188,3
TCKT-193014,Medium,Access Request,Security,Email,170.0,2.0,174,1
TCKT-144097,Medium,Network Issue,IT Support,Chat,173.0,10.0,256,4
TCKT-169413,Critical,Network Issue,Customer Service,Email,41.0,6.0,232,3
TCKT-138166,Critical,Hardware Failure,Customer Service,Chat,45.0,9.0,240,3
TCKT-166655,Critical,Network Issue,Network Ops,Email,52.0,12.0,263,4
TCKT-145713,Medium,Network Issue,Network Ops,Chat,173.0,11.0,169,1
TCKT-131968,Critical,Software Bug,Security,Phone,42.0,11.0,205,3
TCKT-123170,High,Access Request,Network Ops,Chat,114.0,10.0,199,2
TCKT-148326,Medium,Access Request,Security,Phone,163.0,18.0,223,0
TCKT-148074,High,General Inquiry,Customer Service,Portal,116.0,4.0,219,3
TCKT-181671,Critical,Access Request,IT Support,Chat,58.0,14.0,294,4
TCKT-102837,Critical,General Inquiry,Security,Email,52.0,18.0,280,4
TCKT-117332,Medium,Software Bug,Customer Service,Chat,173.0,22.0,192,0
TCKT-173044,Medium,Network Issue,Security,Portal,166.0,21.0,186,0
TCKT-150577,Medium,Network Issue,Network Ops,Email,167.0,20.0,198,0
TCKT-163431,High,Software Bug,Development,Portal,119.0,9.0,175,2
TCKT-137538,High,Software Bug,Customer Service,Email,118.0,22.0,212,2
TCKT-164284,High,General Inquiry,Security,Phone,119.0,12.0,282,4
TCKT-120627,Low,General Inquiry,Network Ops,Phone,228.0,1.0,172,1
TCKT-140820,Low,General Inquiry,Security,Phone,223.0,9.0,202,1
TCKT-130267,Medium,General Inquiry,Customer Service,Phone,160.0,23.0,211,0
TCKT-184442,Medium,Software Bug,Network Ops,Portal,170.0,20.0,169,0
TCKT-175327,Low,General Inquiry,Development,Chat,233.0,19.0,202,0
TCKT-196236,Low,Access Request,IT Support,Email,239.0,7.0,213,1
TCKT-116967,Low,Access Request,Development,Chat,220.0,0.0,117,1
TCKT-129141,Critical,Access Request,Network Ops,Portal,48.0,4.0,181,3
TCKT-191321,High,Access Request,IT Support,Email,109.0,9.0,256,4
TCKT-141994,Critical,Hardware Failure,Security,Chat,58.0,1.0,258,3
TCKT-159537,Low,Software Bug,Network Ops,Email,220.0,14.0,130,0
TCKT-195253,High,Software Bug,Development,Portal,118.0,22.0,220,2
TCKT-148836,Medium,Access Request,IT Support,Email,173.0,6.0,244,1
TCKT-141755,Critical,General Inquiry,Security,Phone,57.0,23.0,210,2
TCKT-154606,High,General Inquiry,Customer Service,Chat,109.0,7.0,166,3
TCKT-180649,Critical,Software Bug,Network Ops,Phone,44.0,21.0,222,2
TCKT-109981,High,General Inquiry,IT Support,Portal,116.0,10.0,284,4
TCKT-157510,Critical,Software Bug,IT Support,Chat,45.0,19.0,287,4
TCKT-198658,Low,Network Issue,Customer Service,Portal,223.0,4.0,181,1
TCKT-135660,Low,Network Issue,Network Ops,Chat,235.0,18.0,157,0
TCKT-162401,Critical,Hardware Failure,Customer Service,Email,47.0,11.0,233,3
TCKT-162384,High,General Inquiry,Security,Phone,106.0,13.0,236,4
TCKT-165414,High,Hardware Failure,Security,Portal,107.0,13.0,180,2
TCKT-144990,Medium,Access Request,Customer Service,Portal,168.0,8.0,182,1
TCKT-192946,Critical,Software Bug,Customer Service,Chat,48.0,1.0,222,3
TCKT-169238,High,Hardware Failure,Security,Chat,109.0,22.0,171,2
TCKT-193761,Low,General Inquiry,Network Ops,Phone,223.0,16.0,116,0
TCKT-163810,Medium,Network Issue,Development,Chat,171.0,5.0,242,1
TCKT-173000,Medium,Network Issue,Network Ops,Chat,160.0,22.0,204,2
TCKT-163857,Medium,Hardware Failure,Development,Email,161.0,12.0,187,1
TCKT-180039,Medium,Network Issue,Network Ops,Phone,168.0,18.0,198,0
TCKT-176957,High,Access Request,Security,Email,114.0,17.0,199,2
TCKT-148996,Critical,Software Bug,Customer Service,Email,58.0,9.0,211,3
TCKT-190999,Low,Access Request,Security,Chat,222.0,16.0,149,0
TCKT-167985,Medium,Hardware Failure,Development,Chat,176.0,0.0,262,1
TCKT-159304,Medium,Software Bug,Network Ops,Phone,160.0,19.0,174,0
TCKT-106733,Medium,Access Request,Development,Phone,167.0,21.0,263,4
TCKT-136245,Medium,Hardware Failure,Development,Phone,165.0,10.0,189,1
TCKT-112898,High,Hardware Failure,IT Support,Portal,110.0,13.0,255,4
TCKT-174290,Critical,Network Issue,Development,Email,60.0,21.0,217,2
TCKT-199471,Critical,Hardware Failure,Development,Email,57.0,20.0,314,4
TCKT-149892,Low,Hardware Failure,IT Support,Portal,239.0,3.0,222,1
TCKT-107671,High,Hardware Failure,Security,Email,108.0,21.0,260,2
TCKT-125479,Medium,Software Bug,IT Support,Chat,166.0,0.0,175,1
TCKT-108562,Critical,General Inquiry,Development,Email,56.0,10.0,222,3
TCKT-178981,High,Network Issue,Network Ops,Chat,118.0,1.0,197,3
TCKT-154971,Critical,Hardware Failure,Customer Service,Portal,54.0,14.0,218,2
TCKT-144183,Critical,Software Bug,Network Ops,Chat,42.0,10.0,181,3
TCKT-187620,High,Network Issue,Customer Service,Phone,116.0,13.0,191,2
TCKT-186190,High,Software Bug,Security,Email,117.0,9.0,175,3
TCKT-121693,Critical,Network Issue,IT Support,Portal,40.0,3.0,217,3
TCKT-135753,Critical,Hardware Failure,Customer Service,Chat,58.0,9.0,205,3
TCKT-175387,Critical,General Inquiry,Network Ops,Phone,48.0,21.0,226,2
TCKT-107495,Critical,Access Request,Customer Service,Email,57.0,13.0,207,3
TCKT-184145,Low,Hardware Failure,Development,Portal,224.0,18.0,163,0
TCKT-184086,Medium,Network Issue,Customer Service,Email,165.0,7.0,189,1
TCKT-107872,Critical,General Inquiry,IT Support,Portal,46.0,7.0,335,4
TCKT-156521,High,Network Issue,Development,Chat,115.0,10.0,191,3
TCKT-198917,High,Network Issue,Customer Service,Portal,115.0,21.0,210,2
TCKT-113811,Medium,Network Issue,Customer Service,Phone,167.0,21.0,200,0
TCKT-171334,Low,Hardware Failure,Development,Email,223.0,8.0,276,4
TCKT-166476,Critical,General Inquiry,Development,Email,52.0,0.0,291,4
TCKT-190507,High,Access Request,IT Support,Phone,113.0,1.0,283,4
TCKT-126770,High,Software Bug,IT Support,Chat,113.0,18.0,261,2
TCKT-141540,Critical,Network Issue,Security,Email,51.0,17.0,293,4
TCKT-126878,High,Hardware Failure,Development,Email,110.0,22.0,293,4
TCKT-156413,Critical,General Inquiry,Development,Portal,54.0,5.0,303,4
TCKT-108900,High,Hardware Failure,IT Support,Email,113.0,11.0,281,4
TCKT-158764,Critical,General Inquiry,Customer Service,Portal,49.0,13.0,213,3
TCKT-115215,High,General Inquiry,IT Support,Portal,103.0,13.0,297,4
TCKT-172316,Medium,Hardware Failure,Security,Portal,180.0,8.0,178,1
TCKT-185570,High,Network Issue,IT Support,Email,102.0,14.0,188,2
TCKT-149972,Medium,General Inquiry,IT Support,Chat,171.0,14.0,313,4
TCKT-102329,High,Access Request,Customer Service,Chat,102.0,13.0,216,2
TCKT-156427,Critical,Access Request,Development,Phone,41.0,6.0,262,4
TCKT-110449,Medium,Software Bug,Security,Email,171.0,7.0,174,1
TCKT-140579,Critical,Software Bug,Network Ops,Phone,53.0,2.0,211,3
TCKT-133696,Low,Software Bug,Security,Chat,234.0,8.0,235,1
TCKT-196524,Low,Hardware Failure,Network Ops,Email,225.0,3.0,159,1
TCKT-153271,High,Hardware Failure,IT Support,Chat,106.0,0.0,295,4
TCKT-149719,Low,Software Bug,Security,Phone,239.0,14.0,248,0
TCKT-153147,High,Network Issue,Development,Email,106.0,17.0,167,2
TCKT-120714,Critical,General Inquiry,IT Support,Email,57.0,23.0,317,4
TCKT-129628,Critical,Network Issue,IT Support,Email,57.0,19.0,217,2
TCKT-141431,Medium,Software Bug,IT Support,Phone,173.0,6.0,253,4
TCKT-187685,Low,Software Bug,Customer Service,Phone,240.0,4.0,148,1
TCKT-152595,Medium,Hardware Failure,IT Support,Chat,172.0,6.0,187,1
TCKT-146477,Low,Hardware Failure,Security,Phone,230.0,16.0,229,0
TCKT-178640,Critical,General Inquiry,Network Ops,Email,46.0,19.0,251,2
TCKT-196601,Medium,Software Bug,Security,Phone,160.0,11.0,174,1
TCKT-133580,Medium,Access Request,Network Ops,Portal,177.0,13.0,160,0
TCKT-155823,Low,Hardware Failure,Security,Chat,222.0,14.0,163,0
TCKT-168631,Low,Access Request,Customer Service,Phone,239.0,3.0,149,1
TCKT-189649,Critical,Network Issue,Development,Phone,53.0,7.0,263,4
TCKT-111639,Low,Software Bug,IT Support,Chat,223.0,2.0,248,1
TCKT-111534,Low,Hardware Failure,Development,Phone,220.0,3.0,247,1
TCKT-198371,Medium,General Inquiry,Customer Service,Chat,168.0,4.0,229,1
TCKT-194390,Low,General Inquiry,IT Support,Chat,235.0,3.0,256,1
TCKT-140523,Medium,Hardware Failure,Development,Chat,166.0,13.0,181,1
TCKT-168736,Low,Network Issue,Network Ops,Chat,222.0,3.0,203,1
TCKT-138090,Critical,Network Issue,Customer Service,Phone,52.0,7.0,232,3
TCKT-166072,High,Access Request,IT Support,Phone,104.0,8.0,262,4
TCKT-120386,Critical,Access Request,Security,Email,50.0,11.0,210,3
TCKT-185685,Critical,General Inquiry,Customer Service,Portal,44.0,10.0,222,3
TCKT-172817,Medium,Access Request,Network Ops,Email,177.0,10.0,182,1
TCKT-122999,Medium,Hardware Failure,Security,Chat,169.0,18.0,181,0
TCKT-102579,High,Hardware Failure,Network Ops,Email,102.0,4.0,201,3
TCKT-166975,Critical,Network Issue,Development,Phone,55.0,22.0,217,2
TCKT-145980,Critical,Software Bug,IT Support,Email,45.0,11.0,261,4
TCKT-112352,Medium,Hardware Failure,Security,Phone,167.0,1.0,207,1
TCKT-183603,Critical,Network Issue,Customer Service,Phone,47.0,12.0,232,3
TCKT-112950,Critical,Access Request,Network Ops,Email,51.0,17.0,210,2
TCKT-113413,Low,General Inquiry,IT Support,Portal,233.0,4.0,200,1
TCKT-169021,Medium,Access Request,Security,Chat,176.0,21.0,230,0
TCKT-164321,High,Access Request,Security,Email,101.0,18.0,255,2
TCKT-170777,Low,Network Issue,Customer Service,Phone,220.0,1.0,153,1
TCKT-164075,Low,Hardware Failure,Network Ops,Email,235.0,11.0,180,0
TCKT-136550,Low,Access Request,Security,Email,226.0,4.0,129,1
TCKT-197535,Low,Hardware Failure,Customer Service,Portal,232.0,2.0,180,1
TCKT-114170,Low,Network Issue,Security,Chat,228.0,0.0,227,1
TCKT-199031,Medium,Software Bug,Development,Portal,178.0,10.0,169,1
TCKT-165992,Critical,General Inquiry,Customer Service,Email,57.0,9.0,279,4
TCKT-145587,Low,Hardware Failure,Security,Portal,239.0,6.0,236,1
TCKT-179687,High,Access Request,Security,Portal,105.0,23.0,199,2
TCKT-156782,High,Software Bug,Development,Email,109.0,0.0,256,3
TCKT-171067,Critical,General Inquiry,Security,Email,40.0,14.0,349,4
TCKT-124901,High,Access Request,Security,Phone,114.0,13.0,266,4
TCKT-110536,Medium,Network Issue,IT Support,Portal,168.0,8.0,282,4
TCKT-181334,Medium,General Inquiry,IT Support,Email,162.0,1.0,309,4
TCKT-191867,Low,Access Request,IT Support,Portal,223.0,6.0,204,1
TCKT-186178,Low,General Inquiry,Development,Phone,239.0,13.0,116,0
TCKT-177710,Low,Access Request,Network Ops,Chat,239.0,11.0,148,0
TCKT-176085,Medium,Network Issue,Development,Portal,179.0,22.0,186,0
TCKT-148531,Low,Access Request,Security,Chat,227.0,23.0,161,0
TCKT-142376,Low,Software Bug,Security,Phone,234.0,1.0,180,1
TCKT-147414,High,Access Request,Security,Phone,104.0,22.0,178,2
TCKT-188328,High,Hardware Failure,Development,Portal,100.0,11.0,293,4
TCKT-185450,Low,Access Request,Customer Service,Email,225.0,9.0,161,0
TCKT-107758,Low,General Inquiry,Security,Chat,226.0,12.0,179,0
TCKT-148234,Medium,Hardware Failure,Security,Phone,168.0,11.0,231,1
TCKT-182832,Critical,Hardware Failure,Security,Chat,40.0,7.0,187,3
TCKT-155700,Critical,Network Issue,IT Support,Phone,51.0,5.0,307,4
TCKT-155895,Low,Software Bug,Security,Email,227.0,17.0,164,0
TCKT-125393,Medium,General Inquiry,Network Ops,Email,175.0,14.0,211,1
TCKT-142052,Critical,Hardware Failure,Customer Service,Email,55.0,8.0,233,3
TCKT-119898,High,General Inquiry,IT Support,Portal,101.0,19.0,235,2
TCKT-131139,Low,General Inquiry,Customer Service,Portal,222.0,16.0,162,0
TCKT-107316,Low,Network Issue,Security,Portal,220.0,10.0,227,1
TCKT-142056,Critical,Access Request,Development,Phone,44.0,15.0,296,4
TCKT-114398,Medium,Hardware Failure,Network Ops,Chat,168.0,6.0,189,1
TCKT-174056,Critical,General Inquiry,Customer Service,Portal,53.0,12.0,226,3
TCKT-106254,High,Network Issue,Development,Email,116.0,1.0,229,3
TCKT-118311,Medium,General Inquiry,Development,Phone,176.0,10.0,143,1
TCKT-169486,Low,Access Request,Network Ops,Phone,232.0,3.0,161,1
TCKT-107091,Critical,General Inquiry,Security,Email,43.0,23.0,251,2
TCKT-194305,High,Hardware Failure,Security,Phone,108.0,20.0,180,2
TCKT-136593,High,Software Bug,IT Support,Portal,103.0,15.0,189,2
TCKT-112928,Low,Hardware Failure,Customer Service,Chat,231.0,5.0,180,1
TCKT-149492,Low,General Inquiry,IT Support,Portal,238.0,23.0,162,0
TCKT-160294,Medium,General Inquiry,IT Support,Portal,180.0,1.0,225,1
TCKT-114293,Critical,Network Issue,Development,Phone,54.0,15.0,203,2
TCKT-159585,Low,Access Request,Network Ops,Phone,228.0,19.0,149,0
TCKT-149121,Low,Network Issue,IT Support,Phone,224.0,2.0,200,1
TCKT-196017,Low,Network Issue,IT Support,Email,233.0,21.0,213,0
TCKT-108773,Critical,Access Request,IT Support,Chat,46.0,0.0,294,4
TCKT-152063,Medium,General Inquiry,Network Ops,Phone,170.0,14.0,143,0
TCKT-178993,High,Network Issue,IT Support,Phone,106.0,10.0,229,3
TCKT-102580,Medium,General Inquiry,IT Support,Portal,169.0,17.0,236,2
TCKT-139745,High,General Inquiry,Customer Service,Phone,106.0,20.0,213,2
TCKT-197616,Critical,Network Issue,Development,Portal,52.0,15.0,304,4
TCKT-134254,Medium,Access Request,IT Support,Chat,176.0,22.0,174,0
TCKT-107555,High,Software Bug,Security,Chat,101.0,11.0,184,2
TCKT-175987,Critical,General Inquiry,Customer Service,Chat,57.0,21.0,279,4
TCKT-154656,Medium,General Inquiry,Network Ops,Portal,166.0,18.0,193,2
TCKT-183714,Critical,Hardware Failure,Security,Portal,57.0,22.0,218,2
TCKT-179741,High,Network Issue,Network Ops,Phone,115.0,15.0,210,2
TCKT-192392,Critical,Network Issue,IT Support,Portal,54.0,13.0,217,3
TCKT-120665,High,Hardware Failure,Network Ops,Portal,107.0,21.0,211,2
TCKT-112821,Critical,Network Issue,Network Ops,Chat,48.0,17.0,203,2
TCKT-114281,Medium,Software Bug,Development,Portal,170.0,4.0,174,1
TCKT-186475,Medium,Software Bug,Customer Service,Portal,167.0,17.0,174,0
TCKT-107157,Low,Hardware Failure,Customer Service,Chat,225.0,12.0,199,0
TCKT-170907,Low,General Inquiry,Security,Portal,239.0,13.0,121,0
TCKT-175212,High,General Inquiry,Development,Phone,119.0,6.0,309,4
TCKT-126344,Medium,General Inquiry,Security,Email,173.0,13.0,188,1
TCKT-197369,Medium,General Inquiry,Security,Chat,176.0,21.0,263,4
TCKT-154811,Critical,General Inquiry,Network Ops,Portal,44.0,19.0,279,4
TCKT-160656,Critical,Hardware Failure,Network Ops,Phone,58.0,13.0,240,4
TCKT-135263,Critical,Access Request,Development,Email,49.0,15.0,210,2
TCKT-103856,Low,Access Request,Network Ops,Chat,224.0,16.0,161,0
TCKT-157430,Medium,Software Bug,Network Ops,Phone,174.0,22.0,166,0
TCKT-136858,Critical,Software Bug,IT Support,Portal,46.0,1.0,211,3
TCKT-102283,High,Network Issue,Network Ops,Chat,114.0,4.0,210,3
TCKT-163315,Low,Network Issue,Network Ops,Portal,224.0,22.0,153,0
TCKT-114242,Medium,Network Issue,Security,Email,178.0,11.0,169,1
TCKT-155952,Low,Access Request,Network Ops,Email,236.0,6.0,148,1
TCKT-153270,Critical,Hardware Failure,IT Support,Phone,60.0,11.0,244,4
TCKT-133163,Medium,Network Issue,Security,Phone,171.0,10.0,189,1
TCKT-117364,Low,Software Bug,IT Support,Email,239.0,14.0,264,0
TCKT-132022,Critical,General Inquiry,Customer Service,Phone,46.0,17.0,222,2
TCKT-146163,High,General Inquiry,Development,Portal,111.0,22.0,280,4
TCKT-181733,Critical,Access Request,Development,Chat,53.0,3.0,210,3
TCKT-146943,Medium,Access Request,Security,Portal,175.0,0.0,153,1
TCKT-164888,High,Access Request,IT Support,Chat,120.0,15.0,176,2
TCKT-115635,Medium,Network Issue,Network Ops,Portal,173.0,10.0,186,1
TCKT-104121,Medium,Access Request,IT Support,Chat,160.0,11.0,265,4
TCKT-183852,Critical,Access Request,Network Ops,Phone,55.0,16.0,210,2
TCKT-177365,Low,Network Issue,IT Support,Email,228.0,2.0,209,1
TCKT-134761,Medium,Hardware Failure,Development,Phone,169.0,11.0,154,1
TCKT-104755,Low,Access Request,Customer Service,Portal,223.0,18.0,117,0
TCKT-132310,High,Software Bug,Development,Phone,104.0,16.0,270,4
TCKT-156216,Critical,Access Request,Security,Phone,54.0,8.0,207,3
TCKT-165015,Low,Access Request,Security,Phone,221.0,21.0,223,0
TCKT-175000,Low,General Inquiry,Security,Email,238.0,0.0,116,1
TCKT-187747,Medium,General Inquiry,IT Support,Phone,166.0,1.0,281,4
TCKT-155293,Critical,Network Issue,Security,Email,40.0,4.0,301,4
TCKT-107183,Low,Software Bug,Security,Portal,240.0,20.0,148,0
TCKT-142174,Low,Hardware Failure,Development,Email,222.0,23.0,199,0
TCKT-117674,Critical,Access Request,Security,Email,42.0,0.0,285,4
TCKT-102559,Critical,General Inquiry,Security,Phone,41.0,15.0,213,2
TCKT-167362,Medium,Network Issue,Network Ops,Phone,173.0,3.0,200,1
TCKT-177893,High,Access Request,Security,Portal,102.0,9.0,196,3
TCKT-111905,Critical,General Inquiry,Security,Portal,46.0,12.0,226,3
TCKT-136943,Medium,Access Request,Network Ops,Email,175.0,21.0,182,0
TCKT-129059,High,Hardware Failure,IT Support,Phone,111.0,16.0,201,2
TCKT-100957,Low,Software Bug,Security,Phone,235.0,21.0,130,0
TCKT-180150,Medium,Access Request,Network Ops,Phone,161.0,6.0,162,1
TCKT-109258,Critical,General Inquiry,Security,Portal,58.0,12.0,231,4
TCKT-175813,Low,Network Issue,Security,Chat,221.0,2.0,157,1
TCKT-139635,Medium,Network Issue,Development,Portal,174.0,23.0,279,2
TCKT-116887,High,Access Request,Development,Portal,101.0,3.0,196,3
TCKT-152967,Low,Hardware Failure,Development,Portal,230.0,12.0,180,0
TCKT-118272,High,Hardware Failure,Customer Service,Chat,117.0,14.0,212,2
TCKT-102865,Critical,General Inquiry,Development,Chat,52.0,18.0,251,4
TCKT-198006,High,General Inquiry,Customer Service,Phone,109.0,12.0,166,2
TCKT-104757,Critical,Software Bug,Network Ops,Email,50.0,1.0,205,3
TCKT-161490,Critical,Software Bug,Customer Service,Email,45.0,9.0,203,3
TCKT-120571,Critical,Access Request,Development,Chat,51.0,14.0,314,4
TCKT-143221,Medium,General Inquiry,IT Support,Phone,163.0,5.0,267,4
TCKT-135459,Critical,Network Issue,Customer Service,Portal,57.0,1.0,232,3
TCKT-191871,Medium,Software Bug,Customer Service,Chat,177.0,21.0,169,0
TCKT-115541,Medium,General Inquiry,Security,Chat,170.0,18.0,193,0
TCKT-174667,High,Network Issue,IT Support,Chat,103.0,0.0,266,3
TCKT-144728,Medium,Network Issue,IT Support,Portal,169.0,17.0,273,4
TCKT-100386,High,Access Request,Network Ops,Email,103.0,6.0,216,3
TCKT-138185,Critical,General Inquiry,Customer Service,Email,49.0,4.0,222,3
TCKT-182303,High,General Inquiry,Development,Chat,112.0,2.0,247,3
TCKT-105990,Critical,Hardware Failure,Customer Service,Portal,47.0,19.0,205,2
TCKT-167220,High,General Inquiry,Development,Email,107.0,1.0,280,4
TCKT-179150,Medium,Access Request,IT Support,Chat,164.0,2.0,230,1
TCKT-180864,Low,Network Issue,Security,Phone,230.0,6.0,151,1
TCKT-147189,High,Software Bug,Development,Portal,106.0,22.0,270,2
TCKT-143563,Medium,General Inquiry,Security,Phone,162.0,9.0,143,1
TCKT-184418,Critical,General Inquiry,Development,Portal,48.0,10.0,314,4
TCKT-149166,Medium,General Inquiry,Development,Phone,168.0,7.0,274,4
TCKT-173488,Critical,Software Bug,Network Ops,Email,40.0,15.0,222,2
TCKT-190997,Medium,Software Bug,Development,Email,178.0,10.0,169,1
TCKT-142035,Low,Hardware Failure,Customer Service,Email,226.0,6.0,195,1
TCKT-152615,Low,Access Request,Development,Phone,235.0,10.0,210,0
TCKT-144597,Medium,Network Issue,Development,Portal,177.0,2.0,189,1
TCKT-129691,Critical,General Inquiry,Development,Chat,54.0,11.0,279,4
TCKT-147986,Critical,Software Bug,Development,Email,40.0,1.0,193,3
TCKT-155613,Medium,Software Bug,Network Ops,Portal,180.0,13.0,192,1
TCKT-108557,High,Hardware Failure,Security,Phone,105.0,12.0,171,2
TCKT-172646,Critical,Hardware Failure,Security,Portal,51.0,6.0,257,4
TCKT-169402,Low,Hardware Failure,Network Ops,Email,223.0,5.0,195,1
TCKT-180577,Medium,General Inquiry,Development,Email,163.0,4.0,211,1
TCKT-159602,Critical,Access Request,Development,Portal,53.0,17.0,285,4
TCKT-111807,Low,Network Issue,Customer Service,Chat,239.0,4.0,181,1
TCKT-136330,High,Software Bug,Customer Service,Phone,102.0,11.0,177,2
TCKT-104462,High,Software Bug,Security,Phone,113.0,6.0,245,4
TCKT-105549,Medium,Access Request,Network Ops,Portal,163.0,16.0,146,0
TCKT-116329,Low,Software Bug,Security,Phone,235.0,16.0,165,0
TCKT-114120,Critical,Hardware Failure,Customer Service,Email,58.0,6.0,233,3
TCKT-137272,Critical,Hardware Failure,Development,Phone,49.0,15.0,218,2
TCKT-134018,High,Hardware Failure,Network Ops,Chat,119.0,3.0,179,1
TCKT-193294,Critical,Software Bug,Security,Email,41.0,20.0,211,2
TCKT-155415,High,Access Request,Development,Phone,110.0,3.0,216,3
TCKT-154853,Medium,Hardware Failure,IT Support,Portal,171.0,10.0,273,4
TCKT-180605,High,Access Request,Network Ops,Chat,106.0,20.0,216,2
TCKT-102198,Critical,Software Bug,Customer Service,Chat,48.0,7.0,205,3
TCKT-185178,Medium,Hardware Failure,IT Support,Email,174.0,11.0,181,1
TCKT-136073,Critical,Hardware Failure,Security,Portal,53.0,18.0,240,2
TCKT-131810,High,Software Bug,Network Ops,Portal,106.0,15.0,220,2
TCKT-145031,Low,Software Bug,IT Support,Phone,234.0,6.0,186,1
TCKT-164860,Low,Access Request,Security,Email,223.0,17.0,132,0
TCKT-124727,Critical,Software Bug,IT Support,Chat,41.0,7.0,181,3
TCKT-160683,Critical,Software Bug,Customer Service,Chat,59.0,20.0,203,2
TCKT-187884,Critical,Access Request,Customer Service,Email,45.0,5.0,181,3
TCKT-104579,Critical,Network Issue,Customer Service,Phone,40.0,7.0,263,4
TCKT-179201,Low,Hardware Failure,Network Ops,Chat,226.0,19.0,204,0
TCKT-143719,Critical,Software Bug,IT Support,Portal,55.0,9.0,211,3
TCKT-172753,Low,Access Request,IT Support,Phone,223.0,17.0,204,0
TCKT-178412,Medium,Network Issue,Network Ops,Email,174.0,1.0,198,1
TCKT-109235,Low,General Inquiry,Security,Portal,234.0,9.0,242,1
TCKT-170062,Low,Network Issue,IT Support,Chat,235.0,8.0,237,1
TCKT-176529,High,Network Issue,Security,Phone,108.0,3.0,280,4
TCKT-172716,Medium,General Inquiry,Customer Service,Email,166.0,4.0,143,1
TCKT-152029,Critical,General Inquiry,Customer Service,Phone,56.0,15.0,231,4
TCKT-163570,High,Hardware Failure,Development,Portal,113.0,23.0,211,2
TCKT-118677,Low,Software Bug,Security,Chat,239.0,4.0,180,1
TCKT-101786,Low,Access Request,Customer Service,Chat,231.0,16.0,117,0
TCKT-121716,Low,General Inquiry,Network Ops,Phone,227.0,2.0,202,1
TCKT-189644,Medium,Software Bug,Security,Phone,163.0,18.0,239,2
TCKT-180959,Critical,Network Issue,IT Support,Email,59.0,1.0,253,3
TCKT-104401,Medium,Hardware Failure,IT Support,Chat,170.0,5.0,267,4
TCKT-150999,Medium,Hardware Failure,Network Ops,Phone,175.0,21.0,189,0
TCKT-161794,High,Hardware Failure,Customer Service,Portal,109.0,17.0,212,2
TCKT-198257,Low,Network Issue,Customer Service,Phone,233.0,11.0,167,0
TCKT-136896,Critical,General Inquiry,IT Support,Portal,47.0,7.0,335,4
TCKT-142011,High,Software Bug,Development,Email,110.0,4.0,301,4
TCKT-103975,Medium,Network Issue,Security,Email,166.0,5.0,200,1
TCKT-117124,Critical,Software Bug,Development,Email,47.0,10.0,222,3
TCKT-126451,Medium,Hardware Failure,Customer Service,Phone,179.0,9.0,161,1
TCKT-101422,Low,Access Request,Security,Phone,227.0,17.0,199,0
TCKT-128633,Critical,Hardware Failure,Network Ops,Chat,53.0,13.0,205,2
TCKT-171065,High,Software Bug,Security,Portal,100.0,10.0,175,2
TCKT-124510,Low,Access Request,IT Support,Chat,222.0,14.0,213,0
TCKT-176641,Critical,Network Issue,Security,Portal,49.0,19.0,273,4
TCKT-183632,Medium,Network Issue,Network Ops,Chat,180.0,12.0,204,1
TCKT-141438,Low,General Inquiry,IT Support,Email,234.0,21.0,116,0
TCKT-157802,Low,Hardware Failure,Development,Phone,235.0,4.0,204,1
TCKT-159579,Critical,Hardware Failure,Development,Chat,52.0,19.0,240,2
TCKT-133967,High,General Inquiry,Customer Service,Email,112.0,14.0,229,2
TCKT-160689,Low,Hardware Failure,IT Support,Email,228.0,13.0,260,4
TCKT-147849,High,Network Issue,Customer Service,Phone,105.0,21.0,189,2
TCKT-166416,Medium,General Inquiry,Development,Phone,163.0,12.0,211,1
TCKT-190017,Low,Hardware Failure,IT Support,Chat,235.0,7.0,219,1
TCKT-197488,Low,Hardware Failure,Security,Portal,227.0,4.0,274,1
TCKT-127952,Critical,Access Request,IT Support,Email,51.0,2.0,263,3
TCKT-126965,Low,Access Request,Network Ops,Phone,221.0,4.0,153,1
TCKT-117710,High,Hardware Failure,Customer Service,Portal,101.0,17.0,211,2
TCKT-187907,Low,General Inquiry,Development,Portal,221.0,8.0,202,1
TCKT-123167,Medium,Access Request,Customer Service,Email,167.0,4.0,153,1
TCKT-126535,Low,Network Issue,Security,Portal,223.0,10.0,227,1
TCKT-125258,Medium,Software Bug,Development,Chat,165.0,10.0,174,1
TCKT-180722,Critical,Software Bug,Customer Service,Chat,59.0,4.0,222,3
TCKT-165281,High,Network Issue,Security,Portal,118.0,13.0,229,2
TCKT-185772,Medium,Access Request,Network Ops,Portal,175.0,13.0,160,0
TCKT-105668,Low,Hardware Failure,IT Support,Phone,222.0,4.0,283,4
TCKT-108029,High,Hardware Failure,Security,Phone,110.0,0.0,201,3
TCKT-105662,High,Access Request,Security,Portal,118.0,1.0,192,3
TCKT-121609,Medium,General Inquiry,IT Support,Phone,180.0,14.0,227,0
TCKT-167182,Low,Software Bug,IT Support,Portal,227.0,19.0,235,0
TCKT-111385,High,Network Issue,Customer Service,Portal,119.0,4.0,229,3
TCKT-114916,Critical,Network Issue,Network Ops,Phone,53.0,1.0,231,3
TCKT-122262,Critical,Software Bug,Network Ops,Email,58.0,20.0,205,2
TCKT-154178,High,Access Request,Network Ops,Chat,117.0,11.0,196,2
TCKT-180891,Critical,General Inquiry,Security,Email,40.0,8.0,210,3
TCKT-146160,Critical,Network Issue,Customer Service,Phone,56.0,21.0,217,2
TCKT-115508,High,General Inquiry,Customer Service,Phone,119.0,19.0,219,2
TCKT-164137,Critical,Network Issue,Customer Service,Phone,54.0,5.0,232,3
TCKT-170051,Medium,Hardware Failure,Customer Service,Email,163.0,5.0,207,1
TCKT-191162,Low,General Inquiry,IT Support,Phone,225.0,4.0,202,1
TCKT-160920,Critical,Access Request,Customer Service,Chat,51.0,7.0,207,3
TCKT-109207,Low,Access Request,IT Support,Email,234.0,9.0,161,0
TCKT-106849,Critical,Network Issue,Security,Chat,42.0,4.0,302,4
TCKT-173112,Critical,Hardware Failure,IT Support,Phone,52.0,18.0,243,4
TCKT-156553,Critical,Access Request,Customer Service,Email,52.0,14.0,233,3
TCKT-151217,Medium,Software Bug,Customer Service,Email,167.0,4.0,174,1
TCKT-130364,Critical,General Inquiry,Network Ops,Phone,52.0,9.0,251,4
TCKT-166078,Low,Hardware Failure,Network Ops,Email,233.0,23.0,166,0
TCKT-119818,High,Hardware Failure,IT Support,Email,118.0,1.0,263,4
TCKT-189239,High,Access Request,Security,Portal,116.0,4.0,262,4
TCKT-161739,Low,General Inquiry,Customer Service,Chat,237.0,22.0,179,0
TCKT-196775,Medium,Hardware Failure,Network Ops,Email,173.0,16.0,178,0
TCKT-111741,High,Hardware Failure,Customer Service,Email,106.0,9.0,171,3
TCKT-137409,Medium,Network Issue,Development,Phone,176.0,8.0,186,1
TCKT-171202,Critical,General Inquiry,Customer Service,Email,55.0,5.0,279,4
TCKT-166299,High,Hardware Failure,Network Ops,Portal,105.0,23.0,201,2
TCKT-170713,Critical,General Inquiry,Development,Email,48.0,11.0,294,4
TCKT-194844,Low,Access Request,Customer Service,Phone,224.0,16.0,132,0
TCKT-154530,Medium,Access Request,Development,Portal,175.0,9.0,174,1
TCKT-151755,Medium,Access Request,Customer Service,Email,171.0,6.0,153,1
TCKT-157821,High,General Inquiry,Customer Service,Portal,107.0,14.0,228,2
TCKT-185069,Medium,Hardware Failure,Development,Phone,162.0,1.0,262,4
TCKT-156550,Medium,Access Request,Security,Email,166.0,22.0,223,0
TCKT-102358,Medium,General Inquiry,Security,Phone,161.0,10.0,225,1
TCKT-196877,Low,General Inquiry,Customer Service,Phone,235.0,16.0,121,0
TCKT-190794,Critical,General Inquiry,IT Support,Email,56.0,2.0,315,4
TCKT-147935,Low,General Inquiry,Development,Email,240.0,5.0,121,1
TCKT-100315,Critical,General Inquiry,Security,Phone,41.0,3.0,226,3
TCKT-187847,Critical,Network Issue,Development,Chat,52.0,14.0,284,4
TCKT-181366,Low,Access Request,IT Support,Phone,223.0,13.0,213,0
TCKT-183459,Critical,Software Bug,Network Ops,Email,49.0,10.0,203,3
TCKT-127631,Critical,Hardware Failure,Security,Chat,43.0,21.0,188,2
TCKT-194817,Low,Network Issue,Development,Email,225.0,18.0,157,0
TCKT-188453,Critical,Software Bug,Security,Email,57.0,5.0,281,4
TCKT-153127,Medium,Access Request,Security,Email,179.0,3.0,230,1
TCKT-136515,High,General Inquiry,Network Ops,Email,115.0,23.0,166,2
TCKT-151743,High,Software Bug,Security,Email,110.0,11.0,177,2
TCKT-112287,Critical,Access Request,Network Ops,Email,57.0,21.0,233,2
TCKT-102392,Low,Software Bug,Security,Chat,223.0,12.0,130,0
TCKT-102125,Medium,Hardware Failure,Network Ops,Email,166.0,6.0,183,1
TCKT-168762,High,Hardware Failure,IT Support,Phone,105.0,4.0,285,4
TCKT-126819,High,Hardware Failure,IT Support,Phone,101.0,15.0,246,4
TCKT-121330,Critical,Software Bug,Development,Portal,46.0,18.0,211,2
TCKT-105653,Critical,Network Issue,Security,Portal,52.0,0.0,231,3
TCKT-111248,Critical,Network Issue,Security,Email,48.0,16.0,267,4
TCKT-157156,Critical,Hardware Failure,Security,Chat,46.0,7.0,218,3
TCKT-125878,Low,Hardware Failure,Security,Phone,221.0,8.0,265,4
TCKT-153020,High,Hardware Failure,Security,Portal,107.0,5.0,171,3
TCKT-189915,High,Software Bug,Development,Email,109.0,10.0,212,3
TCKT-167022,Medium,Hardware Failure,Network Ops,Phone,169.0,12.0,207,1
TCKT-163396,Low,General Inquiry,Security,Phone,228.0,23.0,242,0
TCKT-140715,Medium,Hardware Failure,IT Support,Phone,180.0,16.0,207,0
TCKT-167971,Low,Software Bug,Customer Service,Portal,222.0,17.0,180,0
TCKT-142888,Critical,Network Issue,Security,Chat,58.0,22.0,232,2
TCKT-116853,High,Network Issue,Customer Service,Email,118.0,9.0,197,3
TCKT-114489,Critical,Network Issue,Network Ops,Email,57.0,0.0,231,3
TCKT-168093,Low,Hardware Failure,Development,Phone,228.0,0.0,166,1
TCKT-113785,Critical,Access Request,Development,Portal,43.0,22.0,233,2
TCKT-142176,Low,General Inquiry,Development,Portal,238.0,14.0,202,0
TCKT-167151,Critical,Network Issue,Network Ops,Portal,40.0,7.0,217,3
TCKT-145629,Low,Software Bug,Security,Email,222.0,6.0,180,1
TCKT-175718,Medium,Network Issue,Security,Chat,168.0,8.0,161,1
TCKT-175902,Critical,Hardware Failure,Development,Email,55.0,17.0,218,2
TCKT-141436,Critical,Software Bug,IT Support,Phone,45.0,9.0,249,4
TCKT-100838,Medium,Software Bug,Development,Chat,161.0,6.0,175,1
TCKT-151151,High,Network Issue,IT Support,Chat,111.0,22.0,272,2
TCKT-132006,Medium,Network Issue,Security,Portal,163.0,19.0,161,0
TCKT-162790,Low,Hardware Failure,IT Support,Email,240.0,9.0,195,1
TCKT-102303,High,Hardware Failure,Network Ops,Phone,119.0,2.0,190,3
TCKT-174829,High,Network Issue,Security,Chat,111.0,22.0,188,2
TCKT-198264,Critical,Network Issue,Development,Chat,40.0,16.0,278,4
TCKT-185581,Critical,Network Issue,Development,Email,59.0,11.0,231,3
TCKT-152156,Medium,Network Issue,Customer Service,Phone,168.0,11.0,169,0
TCKT-128436,Medium,General Inquiry,Customer Service,Email,176.0,12.0,183,1
TCKT-198208,Critical,Access Request,Security,Phone,54.0,8.0,210,3
TCKT-169299,Critical,General Inquiry,Development,Phone,48.0,3.0,233,3
TCKT-130849,Low,General Inquiry,Development,Chat,227.0,21.0,202,0
TCKT-187261,High,Access Request,IT Support,Phone,120.0,4.0,272,4
TCKT-173776,High,Software Bug,Security,Chat,111.0,19.0,189,2
TCKT-186006,Critical,Software Bug,Customer Service,Portal,56.0,23.0,181,2
TCKT-163202,Low,Access Request,Customer Service,Chat,236.0,16.0,153,0
TCKT-125818,High,Access Request,Security,Chat,105.0,7.0,266,4
TCKT-156508,Low,Access Request,IT Support,Portal,230.0,23.0,153,0
TCKT-130391,Low,Access Request,Development,Portal,223.0,22.0,132,0
TCKT-198070,Low,General Inquiry,Network Ops,Email,222.0,11.0,162,1
TCKT-161695,High,Network Issue,Network Ops,Email,107.0,1.0,167,3
TCKT-153682,Critical,General Inquiry,Development,Chat,50.0,3.0,213,3
TCKT-158004,Medium,Hardware Failure,Security,Email,168.0,11.0,231,1
TCKT-172662,Critical,General Inquiry,Development,Chat,46.0,4.0,251,3
TCKT-194112,Low,General Inquiry,Development,Chat,227.0,22.0,116,0
TCKT-182775,Critical,General Inquiry,Development,Chat,55.0,18.0,210,2
TCKT-104355,Critical,General Inquiry,IT Support,Chat,49.0,20.0,289,4
TCKT-106236,Low,General Inquiry,Security,Chat,233.0,0.0,179,1
TCKT-192559,Low,Access Request,IT Support,Email,230.0,15.0,217,0
TCKT-195380,Medium,General Inquiry,Development,Chat,162.0,15.0,310,4
TCKT-199002,Medium,Software Bug,IT Support,Chat,177.0,17.0,222,2
TCKT-194912,Low,Access Request,Network Ops,Portal,222.0,12.0,161,0
TCKT-160820,Critical,General Inquiry,Development,Phone,42.0,2.0,291,4
TCKT-157900,Critical,Access Request,Customer Service,Email,58.0,10.0,181,3
TCKT-138348,Medium,Software Bug,Network Ops,Chat,178.0,13.0,175,1
TCKT-144441,Low,Hardware Failure,IT Support,Chat,220.0,0.0,247,1
TCKT-133482,Medium,Software Bug,Development,Portal,169.0,12.0,192,1
TCKT-143484,High,Hardware Failure,Security,Portal,102.0,16.0,211,2
TCKT-176495,Medium,Access Request,Development,Phone,174.0,12.0,181,0
TCKT-109504,Low,Access Request,IT Support,Phone,227.0,19.0,209,0
TCKT-139209,Medium,Access Request,Development,Email,177.0,17.0,174,0
TCKT-125542,High,Hardware Failure,Network Ops,Phone,109.0,10.0,179,2
TCKT-199026,Low,General Inquiry,Network Ops,Chat,225.0,5.0,121,1
TCKT-175349,Critical,Access Request,Development,Chat,40.0,15.0,285,4
TCKT-195075,Medium,Network Issue,Security,Phone,161.0,10.0,186,1
TCKT-181490,Low,Network Issue,Customer Service,Phone,240.0,4.0,167,1
TCKT-167470,Critical,Access Request,Customer Service,Portal,50.0,12.0,204,3
TCKT-182342,Critical,Network Issue,Security,Portal,51.0,5.0,333,4
TCKT-132935,Medium,General Inquiry,Network Ops,Email,180.0,18.0,211,0
TCKT-159181,Medium,Software Bug,Network Ops,Email,178.0,1.0,166,1
TCKT-148881,Critical,General Inquiry,Security,Portal,58.0,8.0,251,4
TCKT-164194,Low,Software Bug,Development,Email,239.0,16.0,130,0
TCKT-135741,Medium,General Inquiry,Development,Chat,162.0,1.0,143,1
TCKT-123341,Critical,General Inquiry,Customer Service,Email,57.0,8.0,210,3
TCKT-159138,Critical,Access Request,Security,Chat,58.0,4.0,233,3
TCKT-107181,Critical,General Inquiry,IT Support,Portal,40.0,6.0,251,4
TCKT-113024,Low,Access Request,Development,Phone,231.0,1.0,242,1
TCKT-117107,Low,General Inquiry,Security,Email,240.0,19.0,172,0
TCKT-171620,Low,General Inquiry,Network Ops,Chat,234.0,17.0,116,0
TCKT-112320,High,Software Bug,Network Ops,Email,116.0,9.0,189,3
TCKT-150365,Medium,Access Request,Network Ops,Chat,165.0,3.0,162,1
TCKT-187539,Medium,Software Bug,Customer Service,Chat,172.0,21.0,166,0
TCKT-108486,Medium,Hardware Failure,Development,Chat,163.0,3.0,183,1
TCKT-171813,Medium,Software Bug,Development,Email,161.0,14.0,256,4
TCKT-113080,Medium,Software Bug,Security,Chat,175.0,11.0,192,1
TCKT-129739,High,Hardware Failure,Security,Phone,120.0,5.0,180,3
TCKT-142945,High,Network Issue,Customer Service,Portal,105.0,21.0,219,2
TCKT-160660,High,Access Request,Development,Chat,102.0,11.0,196,2
TCKT-122072,Medium,General Inquiry,IT Support,Email,169.0,16.0,225,2
TCKT-164319,Low,Software Bug,Customer Service,Portal,229.0,16.0,130,0
TCKT-185221,Medium,General Inquiry,Development,Chat,163.0,17.0,180,0
TCKT-104075,High,Access Request,IT Support,Email,112.0,8.0,216,3
TCKT-120882,Low,Hardware Failure,Development,Chat,240.0,21.0,166,0
TCKT-102227,Critical,Hardware Failure,Network Ops,Email,56.0,1.0,187,3
TCKT-123082,Critical,Access Request,Security,Email,54.0,23.0,210,2
TCKT-142457,Critical,General Inquiry,Development,Phone,54.0,12.0,210,3
TCKT-115981,High,Access Request,Customer Service,Portal,109.0,9.0,192,3
TCKT-190487,Medium,Network Issue,Network Ops,Email,162.0,10.0,169,1
TCKT-178154,Critical,Hardware Failure,Customer Service,Phone,41.0,7.0,188,3
TCKT-141836,Medium,Network Issue,Security,Chat,166.0,5.0,189,1
TCKT-136360,Critical,Hardware Failure,Development,Chat,47.0,1.0,218,3
TCKT-128989,Medium,General Inquiry,Customer Service,Chat,169.0,15.0,229,0
TCKT-161755,High,Network Issue,Customer Service,Email,107.0,1.0,191,3
TCKT-150047,High,Software Bug,Development,Portal,116.0,19.0,256,2
TCKT-178118,High,Network Issue,Security,Chat,114.0,11.0,289,4
TCKT-121085,Critical,General Inquiry,Customer Service,Phone,52.0,18.0,233,2
TCKT-138257,Critical,Hardware Failure,Security,Phone,50.0,23.0,218,2
TCKT-186701,Low,Hardware Failure,Security,Phone,231.0,18.0,204,0
TCKT-104781,High,General Inquiry,Network Ops,Email,105.0,12.0,166,2
TCKT-198155,High,General Inquiry,IT Support,Chat,113.0,17.0,303,4
TCKT-152480,Low,Access Request,IT Support,Email,235.0,19.0,213,0
TCKT-133912,High,Hardware Failure,Network Ops,Chat,113.0,18.0,212,2
TCKT-150610,High,Network Issue,Network Ops,Email,111.0,8.0,229,3
TCKT-179827,Critical,Access Request,Customer Service,Chat,40.0,20.0,215,2
TCKT-157733,Low,Hardware Failure,IT Support,Email,240.0,23.0,251,0
TCKT-112508,Critical,Network Issue,Customer Service,Email,56.0,14.0,231,3
TCKT-150014,Low,Access Request,Development,Chat,230.0,19.0,229,0
TCKT-139226,High,Access Request,Development,Email,120.0,7.0,216,3
TCKT-183948,Critical,Hardware Failure,IT Support,Phone,55.0,5.0,302,4
TCKT-116493,High,Software Bug,Security,Email,115.0,5.0,254,3
TCKT-120588,Low,Network Issue,Security,Portal,228.0,21.0,181,0
TCKT-135714,High,Software Bug,Network Ops,Portal,117.0,10.0,189,2
TCKT-121519,Critical,General Inquiry,Customer Service,Phone,59.0,20.0,233,2
TCKT-103080,High,Network Issue,Network Ops,Email,109.0,6.0,197,3
TCKT-155937,Medium,General Inquiry,IT Support,Phone,176.0,6.0,227,1
TCKT-139986,Medium,Network Issue,Customer Service,Email,163.0,4.0,161,1
TCKT-162029,High,Hardware Failure,Network Ops,Phone,111.0,21.0,180,2
TCKT-188596,Critical,Access Request,Security,Phone,44.0,22.0,210,2
TCKT-105400,Critical,Hardware Failure,Security,Email,57.0,16.0,233,2
TCKT-116340,Medium,Software Bug,Security,Phone,176.0,7.0,237,1
TCKT-160026,Low,General Inquiry,Customer Service,Email,227.0,20.0,172,0
TCKT-166678,High,Access Request,Customer Service,Email,102.0,10.0,178,3
TCKT-132454,Critical,Access Request,IT Support,Portal,47.0,21.0,263,2
TCKT-148224,Critical,Hardware Failure,Network Ops,Phone,53.0,5.0,218,3
TCKT-167646,High,Software Bug,IT Support,Phone,100.0,20.0,268,4
TCKT-157217,Medium,General Inquiry,Development,Chat,163.0,5.0,224,1
TCKT-159133,High,Hardware Failure,Security,Chat,116.0,21.0,197,2
TCKT-143857,Low,Network Issue,Network Ops,Chat,225.0,23.0,189,0
TCKT-114025,High,General Inquiry,Network Ops,Chat,118.0,8.0,212,1
TCKT-144105,Critical,General Inquiry,Network Ops,Phone,49.0,11.0,279,4
TCKT-182999,Medium,Hardware Failure,Customer Service,Chat,171.0,5.0,189,1
TCKT-168904,High,Hardware Failure,Customer Service,Email,106.0,0.0,212,3
TCKT-149401,Critical,Network Issue,Development,Phone,46.0,6.0,231,3
TCKT-136407,Critical,Network Issue,Customer Service,Email,56.0,21.0,232,2
TCKT-103670,High,Network Issue,IT Support,Portal,119.0,10.0,253,4
TCKT-155069,High,General Inquiry,IT Support,Portal,107.0,0.0,313,4
TCKT-134054,Medium,Network Issue,IT Support,Portal,170.0,15.0,245,4
TCKT-130033,Medium,Network Issue,Customer Service,Email,172.0,18.0,198,0
TCKT-134224,Medium,Software Bug,Customer Service,Chat,174.0,16.0,174,0
TCKT-129812,Critical,Access Request,Security,Email,48.0,21.0,280,4
TCKT-144252,Critical,Hardware Failure,Customer Service,Chat,44.0,19.0,188,2
TCKT-181473,High,Software Bug,IT Support,Phone,119.0,12.0,189,2
TCKT-114233,High,Hardware Failure,Customer Service,Chat,103.0,5.0,180,3
TCKT-128191,Low,Software Bug,Customer Service,Email,234.0,14.0,130,0
TCKT-186615,Critical,Network Issue,Network Ops,Portal,47.0,20.0,223,2
TCKT-153411,Medium,Software Bug,Development,Email,164.0,3.0,169,1
TCKT-127937,Medium,Network Issue,Network Ops,Portal,166.0,23.0,169,0
TCKT-150562,Critical,Software Bug,Customer Service,Portal,47.0,11.0,209,3
TCKT-157803,High,Network Issue,Development,Email,120.0,12.0,188,3
TCKT-108509,Medium,Access Request,IT Support,Phone,177.0,12.0,244,4
TCKT-147752,Low,General Inquiry,Development,Phone,239.0,5.0,116,1
TCKT-108706,Medium,Access Request,IT Support,Email,168.0,6.0,266,4
TCKT-143163,High,Hardware Failure,Customer Service,Phone,117.0,20.0,180,2
TCKT-143583,Medium,Network Issue,IT Support,Portal,160.0,10.0,198,1
TCKT-148971,Low,Software Bug,IT Support,Chat,221.0,6.0,165,1
TCKT-171427,Medium,Access Request,Customer Service,Phone,164.0,21.0,182,0
TCKT-196272,Medium,Hardware Failure,Security,Phone,170.0,23.0,181,0
TCKT-116013,Medium,Access Request,Security,Portal,167.0,9.0,153,1
TCKT-193514,High,Access Request,Network Ops,Chat,104.0,12.0,185,2
TCKT-115633,Low,Network Issue,Development,Portal,236.0,9.0,151,1
TCKT-135876,Low,Access Request,IT Support,Email,237.0,18.0,217,0
TCKT-183690,Critical,General Inquiry,Security,Email,51.0,8.0,210,3
TCKT-148720,Low,Access Request,Network Ops,Portal,233.0,1.0,153,1
TCKT-171521,High,Hardware Failure,Development,Portal,108.0,10.0,252,4
TCKT-147504,High,Access Request,Network Ops,Portal,102.0,14.0,199,2
TCKT-153461,Low,Network Issue,Development,Portal,240.0,20.0,157,0
TCKT-103083,Low,Access Request,Network Ops,Phone,237.0,17.0,132,0
TCKT-192209,Medium,Software Bug,Security,Phone,167.0,7.0,174,1
TCKT-160135,High,General Inquiry,Security,Portal,101.0,22.0,283,4
TCKT-120151,Low,Network Issue,Customer Service,Phone,232.0,21.0,144,0
TCKT-144872,High,Network Issue,IT Support,Chat,106.0,8.0,281,4
TCKT-162094,Low,Access Request,Development,Chat,235.0,12.0,135,0
TCKT-186616,High,General Inquiry,Development,Email,106.0,13.0,229,2
TCKT-158542,Critical,Network Issue,Network Ops,Phone,52.0,8.0,231,3
TCKT-115704,Medium,Network Issue,Customer Service,Chat,177.0,2.0,189,1
TCKT-160775,High,Network Issue,Development,Portal,111.0,13.0,272,4
TCKT-191006,Critical,Software Bug,Development,Phone,56.0,16.0,222,2
TCKT-166102,Low,Access Request,Security,Chat,227.0,12.0,161,0
TCKT-103016,Low,Access Request,Network Ops,Email,233.0,14.0,135,0
TCKT-124451,Low,Access Request,Network Ops,Portal,235.0,6.0,132,1
TCKT-135450,Low,Access Request,Development,Portal,236.0,23.0,161,0
TCKT-135123,Critical,Software Bug,IT Support,Phone,57.0,15.0,193,2
TCKT-109350,Critical,General Inquiry,Network Ops,Chat,47.0,1.0,213,3
TCKT-117290,High,Software Bug,Customer Service,Email,114.0,10.0,212,3
TCKT-198869,Critical,Hardware Failure,Network Ops,Portal,54.0,11.0,218,3
TCKT-137759,Low,Access Request,Network Ops,Phone,231.0,10.0,153,0
TCKT-124977,Low,General Inquiry,IT Support,Email,236.0,11.0,172,0
TCKT-189761,Low,Hardware Failure,Security,Phone,240.0,7.0,204,1
TCKT-114959,Critical,Hardware Failure,Security,Phone,46.0,9.0,257,4
TCKT-155228,Medium,Hardware Failure,Network Ops,Chat,175.0,0.0,187,1
TCKT-174597,High,General Inquiry,Network Ops,Phone,107.0,13.0,213,2
TCKT-163573,Critical,Software Bug,Security,Portal,59.0,22.0,279,2
TCKT-116401,High,General Inquiry,Customer Service,Chat,108.0,7.0,229,3
TCKT-109233,High,Access Request,Customer Service,Portal,115.0,12.0,199,2
TCKT-130458,Medium,General Inquiry,Development,Email,179.0,16.0,225,0
TCKT-176183,High,Access Request,Network Ops,Phone,101.0,23.0,199,2
TCKT-154731,Medium,Software Bug,Network Ops,Email,177.0,10.0,166,1
TCKT-197040,High,Hardware Failure,IT Support,Portal,107.0,5.0,296,4
TCKT-198555,High,Network Issue,Customer Service,Chat,113.0,15.0,229,2
TCKT-112683,Medium,Software Bug,Development,Phone,170.0,15.0,174,0
TCKT-103463,Critical,Network Issue,Security,Phone,50.0,15.0,197,2
TCKT-148742,High,Hardware Failure,Development,Chat,103.0,11.0,180,2
TCKT-143240,Medium,Hardware Failure,Network Ops,Portal,173.0,22.0,207,2
TCKT-116533,Medium,Network Issue,IT Support,Phone,162.0,18.0,254,4
TCKT-109057,Medium,Access Request,Customer Service,Chat,175.0,19.0,181,0
TCKT-132519,Medium,Network Issue,Development,Portal,168.0,19.0,161,0
TCKT-143053,Medium,General Inquiry,Security,Email,167.0,17.0,253,4
TCKT-117168,High,Network Issue,IT Support,Email,113.0,12.0,294,4
TCKT-113354,Medium,Access Request,Customer Service,Phone,175.0,4.0,160,1
TCKT-165894,High,Network Issue,IT Support,Phone,120.0,21.0,251,2
TCKT-174812,High,General Inquiry,Security,Phone,117.0,21.0,228,2
TCKT-119461,Medium,Hardware Failure,Security,Phone,161.0,10.0,259,4
TCKT-194818,Critical,Access Request,Network Ops,Phone,48.0,8.0,181,3
TCKT-178457,Medium,Access Request,Development,Chat,161.0,6.0,153,1
TCKT-116559,Medium,Software Bug,Customer Service,Email,178.0,19.0,167,0
TCKT-163593,Medium,Network Issue,Network Ops,Phone,177.0,1.0,189,1
TCKT-123326,High,Network Issue,Development,Phone,108.0,6.0,191,3
TCKT-150625,Low,Access Request,IT Support,Email,234.0,6.0,205,1
TCKT-121558,Low,Software Bug,Development,Phone,230.0,19.0,245,0
TCKT-106443,Medium,Access Request,Security,Phone,174.0,8.0,244,4
TCKT-117280,High,Software Bug,Customer Service,Chat,109.0,3.0,189,3
TCKT-185449,Medium,General Inquiry,IT Support,Email,170.0,23.0,249,2
TCKT-183247,Medium,Network Issue,Customer Service,Email,160.0,10.0,161,1
TCKT-122508,Low,Access Request,Security,Chat,221.0,20.0,199,0
TCKT-148170,High,Network Issue,Customer Service,Portal,118.0,22.0,191,2
TCKT-187603,Critical,Network Issue,Customer Service,Phone,59.0,11.0,203,3
TCKT-171687,Low,General Inquiry,Customer Service,Chat,221.0,17.0,172,0
TCKT-146329,Critical,General Inquiry,Customer Service,Email,50.0,16.0,213,2
TCKT-150445,Low,Software Bug,Network Ops,Email,227.0,2.0,164,1
TCKT-132594,Low,Access Request,Security,Portal,239.0,18.0,199,0
TCKT-137060,Medium,Access Request,Network Ops,Phone,162.0,16.0,182,0
TCKT-106102,High,Software Bug,IT Support,Chat,108.0,5.0,268,4
TCKT-127961,High,Software Bug,Customer Service,Portal,105.0,8.0,184,3
TCKT-168526,Low,Hardware Failure,IT Support,Phone,232.0,22.0,159,0
TCKT-147344,High,General Inquiry,Security,Phone,115.0,0.0,305,4
TCKT-153767,Medium,Hardware Failure,Development,Email,161.0,11.0,178,1
TCKT-164708,High,General Inquiry,Customer Service,Email,108.0,21.0,235,2
TCKT-135329,Critical,Hardware Failure,Customer Service,Email,55.0,15.0,188,3
TCKT-129750,Critical,Network Issue,Customer Service,Email,45.0,20.0,231,2
TCKT-147804,Low,Network Issue,Development,Email,234.0,11.0,189,0
TCKT-144034,Low,General Inquiry,Network Ops,Chat,234.0,14.0,116,0
TCKT-125192,Low,Access Request,Customer Service,Phone,220.0,18.0,132,0
TCKT-172912,Critical,General Inquiry,Customer Service,Phone,58.0,17.0,251,4
TCKT-192640,Critical,Software Bug,Development,Portal,54.0,19.0,284,4
TCKT-152364,Low,General Inquiry,Security,Portal,227.0,7.0,179,1
TCKT-100280,Low,General Inquiry,Development,Chat,220.0,8.0,283,4
TCKT-106139,Critical,Network Issue,Security,Chat,46.0,16.0,232,2
TCKT-114100,Low,Access Request,Development,Portal,232.0,19.0,161,0
TCKT-170705,Critical,Access Request,Security,Email,54.0,9.0,207,3
TCKT-140882,High,Network Issue,Development,Chat,116.0,4.0,197,3
TCKT-155950,Medium,General Inquiry,Development,Email,177.0,16.0,229,0
TCKT-120022,Medium,Hardware Failure,Network Ops,Portal,170.0,15.0,178,0
TCKT-132755,Medium,Access Request,IT Support,Phone,164.0,0.0,160,1
TCKT-140271,Critical,General Inquiry,IT Support,Phone,59.0,8.0,335,4
TCKT-101726,Low,Network Issue,Development,Phone,222.0,22.0,181,0
TCKT-124119,Medium,Network Issue,IT Support,Phone,176.0,2.0,242,1
TCKT-185930,Low,Network Issue,Development,Phone,226.0,23.0,153,0
TCKT-129704,Low,Network Issue,Security,Portal,226.0,4.0,153,1
TCKT-175187,High,General Inquiry,Development,Portal,108.0,5.0,247,4
TCKT-192069,Critical,Hardware Failure,IT Support,Email,50.0,2.0,233,3
TCKT-171254,Medium,Network Issue,Customer Service,Chat,162.0,20.0,189,0
TCKT-161197,High,Access Request,Security,Portal,114.0,6.0,286,4
TCKT-154462,Low,Network Issue,Security,Chat,230.0,3.0,167,1
TCKT-114158,Critical,Hardware Failure,Development,Email,57.0,4.0,218,3
TCKT-182897,Critical,Software Bug,IT Support,Email,57.0,21.0,193,2
TCKT-161113,Low,Access Request,IT Support,Portal,222.0,9.0,173,0
TCKT-106346,Medium,Hardware Failure,Customer Service,Email,180.0,18.0,207,0
TCKT-177446,Low,Access Request,Security,Chat,240.0,3.0,161,1
TCKT-102640,Low,Network Issue,Customer Service,Chat,238.0,16.0,144,0
TCKT-169201,High,Network Issue,Customer Service,Email,108.0,6.0,229,3
TCKT-196050,Critical,Software Bug,IT Support,Email,55.0,6.0,306,4
TCKT-113615,High,Network Issue,Customer Service,Email,108.0,23.0,191,2
TCKT-191788,High,Network Issue,IT Support,Phone,103.0,21.0,197,2
TCKT-143382,Critical,Software Bug,Development,Portal,58.0,7.0,222,3
TCKT-129705,High,Hardware Failure,Development,Chat,119.0,14.0,261,4
TCKT-189853,Critical,General Inquiry,Security,Phone,57.0,12.0,210,3
TCKT-115817,Critical,Access Request,Network Ops,Chat,46.0,4.0,181,3
TCKT-138985,Low,Hardware Failure,Development,Phone,220.0,9.0,240,1
TCKT-175338,Critical,Software Bug,Network Ops,Email,51.0,8.0,203,3
TCKT-122685,High,General Inquiry,IT Support,Portal,117.0,3.0,312,4
TCKT-122214,Critical,Network Issue,IT Support,Portal,53.0,20.0,287,4
TCKT-136168,Critical,Software Bug,IT Support,Portal,55.0,7.0,211,3
TCKT-199978,Medium,Network Issue,IT Support,Email,163.0,23.0,204,0
TCKT-153872,Medium,General Inquiry,IT Support,Portal,177.0,18.0,267,4
TCKT-178046,Medium,Network Issue,Security,Email,175.0,7.0,270,4
TCKT-187068,Medium,Network Issue,Security,Portal,160.0,5.0,161,1
TCKT-108494,Medium,Access Request,Network Ops,Chat,166.0,21.0,160,0
TCKT-146180,Critical,Software Bug,Security,Portal,45.0,22.0,193,2
TCKT-163004,High,Network Issue,Development,Phone,113.0,22.0,188,2
TCKT-169115,Low,Network Issue,Customer Service,Phone,223.0,12.0,153,0
TCKT-115607,Critical,Hardware Failure,Customer Service,Chat,60.0,6.0,188,3
TCKT-153111,Low,Access Request,Development,Phone,236.0,1.0,198,1
TCKT-166536,Medium,Access Request,Security,Phone,172.0,7.0,160,1
TCKT-199228,Medium,Access Request,IT Support,Phone,174.0,9.0,216,1
TCKT-104792,Medium,Hardware Failure,Security,Portal,180.0,19.0,178,0
TCKT-129251,High,Hardware Failure,Network Ops,Chat,112.0,22.0,211,2
TCKT-100541,High,Hardware Failure,Security,Phone,112.0,11.0,179,2
TCKT-162136,Medium,Access Request,Security,Phone,173.0,5.0,252,4
TCKT-185367,High,Software Bug,Customer Service,Chat,107.0,23.0,220,2
TCKT-167424,Low,Network Issue,Customer Service,Chat,239.0,2.0,167,1
TCKT-132795,High,Hardware Failure,Security,Email,108.0,16.0,171,2
TCKT-186357,High,General Inquiry,IT Support,Chat,102.0,16.0,275,4
TCKT-117711,Low,Hardware Failure,IT Support,Portal,232.0,19.0,222,0
TCKT-143154,Medium,General Inquiry,IT Support,Email,172.0,1.0,244,1
TCKT-110546,High,Software Bug,Security,Chat,108.0,5.0,220,3
TCKT-109291,High,Software Bug,IT Support,Email,116.0,12.0,259,4
TCKT-173726,Medium,Software Bug,Customer Service,Phone,163.0,6.0,178,1
TCKT-118195,Low,Software Bug,Security,Chat,234.0,2.0,148,1
TCKT-144675,Medium,Access Request,Customer Service,Chat,177.0,7.0,181,1
TCKT-155855,Critical,Hardware Failure,Network Ops,Phone,59.0,10.0,218,3
TCKT-189854,High,Network Issue,Development,Email,111.0,7.0,188,3
TCKT-170484,Low,Network Issue,IT Support,Phone,221.0,7.0,213,1
TCKT-179358,High,General Inquiry,Customer Service,Chat,107.0,5.0,212,3
TCKT-176393,Critical,General Inquiry,Security,Phone,46.0,1.0,226,3
TCKT-120178,Critical,Network Issue,Development,Portal,55.0,14.0,203,2
TCKT-100423,Low,General Inquiry,IT Support,Phone,229.0,9.0,177,1
TCKT-173317,High,Access Request,Security,Chat,100.0,17.0,172,2
TCKT-147475,High,Network Issue,Security,Portal,112.0,17.0,191,2
TCKT-193652,High,Software Bug,IT Support,Chat,101.0,16.0,220,2
TCKT-116036,Low,Access Request,Development,Portal,233.0,13.0,148,0
TCKT-121094,High,Software Bug,IT Support,Portal,103.0,0.0,268,4
TCKT-134818,High,Access Request,Development,Chat,120.0,21.0,178,2
TCKT-171931,Low,Network Issue,IT Support,Phone,229.0,15.0,209,0
TCKT-151136,Low,General Inquiry,Security,Chat,230.0,3.0,186,1
TCKT-190077,Medium,Access Request,Customer Service,Email,162.0,9.0,146,1
TCKT-184495,High,Software Bug,Development,Chat,117.0,19.0,212,2
TCKT-135902,Critical,Hardware Failure,Network Ops,Portal,41.0,2.0,188,3
TCKT-191358,Medium,Hardware Failure,IT Support,Phone,179.0,8.0,265,4
TCKT-183412,Low,Access Request,Network Ops,Chat,229.0,23.0,135,0
TCKT-151773,High,Software Bug,Network Ops,Portal,104.0,10.0,212,2
TCKT-190641,Critical,Hardware Failure,Security,Portal,48.0,20.0,275,4
TCKT-138699,Critical,Hardware Failure,Network Ops,Phone,41.0,22.0,240,2
TCKT-102587,High,Software Bug,Network Ops,Phone,118.0,16.0,177,2
TCKT-181565,Critical,Software Bug,Network Ops,Chat,54.0,5.0,209,3
TCKT-172890,High,Hardware Failure,Development,Phone,107.0,17.0,179,2
TCKT-146721,Low,Access Request,IT Support,Portal,236.0,10.0,233,0
TCKT-178003,Critical,Network Issue,Development,Chat,41.0,11.0,263,4
TCKT-169304,Critical,Hardware Failure,Security,Email,45.0,7.0,205,3
TCKT-185533,Medium,Network Issue,IT Support,Phone,176.0,6.0,200,1
TCKT-119815,High,Software Bug,Customer Service,Email,106.0,4.0,175,3
TCKT-123813,High,Hardware Failure,Security,Email,109.0,0.0,249,3
TCKT-185057,Medium,Software Bug,Network Ops,Portal,166.0,15.0,192,2
TCKT-136941,Medium,General Inquiry,IT Support,Chat,167.0,10.0,267,4
TCKT-175698,Medium,Network Issue,IT Support,Portal,175.0,16.0,288,4
TCKT-166475,Critical,Access Request,Customer Service,Portal,60.0,12.0,210,3
TCKT-124452,Medium,Network Issue,Network Ops,Email,179.0,11.0,169,1
TCKT-104471,Low,Software Bug,Development,Phone,238.0,14.0,148,0
TCKT-150117,Critical,General Inquiry,Customer Service,Chat,59.0,13.0,222,3
TCKT-171850,Medium,Access Request,Development,Portal,175.0,18.0,162,0
TCKT-133890,Low,Access Request,Network Ops,Portal,240.0,14.0,117,0
TCKT-144076,Critical,Access Request,Security,Portal,50.0,1.0,204,3
TCKT-144740,High,Access Request,IT Support,Email,120.0,4.0,256,4
TCKT-124615,Critical,General Inquiry,IT Support,Portal,56.0,15.0,315,4
TCKT-173184,Medium,Software Bug,IT Support,Chat,163.0,0.0,166,1
TCKT-177432,Critical,Hardware Failure,Customer Service,Portal,49.0,5.0,218,3
TCKT-160984,Low,Hardware Failure,Customer Service,Phone,231.0,1.0,199,1
TCKT-171629,Critical,Hardware Failure,Security,Portal,51.0,1.0,258,3
TCKT-175346,High,General Inquiry,Customer Service,Chat,110.0,13.0,235,2
TCKT-106050,Medium,Hardware Failure,Customer Service,Portal,174.0,0.0,181,1
TCKT-109997,High,Access Request,Development,Portal,114.0,9.0,280,4
TCKT-121053,Critical,Network Issue,Development,Email,44.0,0.0,263,3
TCKT-177863,Critical,Access Request,Network Ops,Portal,60.0,22.0,181,2
TCKT-169764,High,Software Bug,Customer Service,Chat,104.0,23.0,189,2
TCKT-130569,Critical,Access Request,Development,Chat,43.0,9.0,233,3
TCKT-120209,Critical,General Inquiry,Security,Portal,47.0,23.0,210,2
TCKT-159670,Low,Hardware Failure,Network Ops,Portal,240.0,7.0,199,1
TCKT-103130,Medium,Access Request,Network Ops,Email,171.0,18.0,160,0
TCKT-164260,Medium,Hardware Failure,IT Support,Phone,169.0,0.0,183,1
TCKT-119577,Critical,General Inquiry,IT Support,Phone,58.0,2.0,269,4
TCKT-125035,Low,Hardware Failure,Customer Service,Phone,230.0,20.0,195,0
TCKT-140217,High,Access Request,Customer Service,Portal,118.0,7.0,178,3
TCKT-163893,High,Network Issue,Security,Phone,114.0,8.0,197,3
TCKT-166186,Critical,Hardware Failure,Development,Phone,55.0,13.0,321,4
TCKT-163666,Critical,Access Request,IT Support,Phone,59.0,1.0,215,3
TCKT-187839,High,General Inquiry,Development,Phone,120.0,11.0,300,4
TCKT-145482,Low,Network Issue,Customer Service,Email,237.0,19.0,157,0
TCKT-160212,High,Hardware Failure,IT Support,Chat,101.0,3.0,201,3
TCKT-115198,Medium,Network Issue,IT Support,Portal,160.0,4.0,270,4
TCKT-190275,Low,Access Request,Network Ops,Email,240.0,7.0,148,1
TCKT-104177,Low,Network Issue,IT Support,Email,234.0,18.0,241,0
TCKT-140445,High,Access Request,Security,Phone,116.0,4.0,216,3
TCKT-121159,High,Network Issue,Network Ops,Email,118.0,0.0,189,3
TCKT-162311,Critical,Access Request,IT Support,Portal,46.0,4.0,271,4
TCKT-143409,Critical,General Inquiry,IT Support,Portal,56.0,3.0,231,3
TCKT-102042,Critical,Network Issue,Network Ops,Chat,56.0,8.0,197,3
TCKT-120454,Critical,Hardware Failure,IT Support,Email,49.0,17.0,296,4
TCKT-191478,Critical,Access Request,Security,Phone,41.0,21.0,251,2
TCKT-119918,Medium,Software Bug,Development,Email,171.0,8.0,169,1
TCKT-190053,High,Network Issue,Customer Service,Phone,100.0,21.0,210,2
TCKT-144757,Low,Access Request,Security,Portal,223.0,11.0,219,0
TCKT-136971,High,General Inquiry,Network Ops,Phone,105.0,23.0,228,2
TCKT-143488,Critical,Hardware Failure,IT Support,Portal,60.0,1.0,296,4
TCKT-182914,Critical,Software Bug,Security,Phone,58.0,22.0,222,2
TCKT-178687,Medium,Network Issue,Security,Phone,160.0,8.0,161,1
TCKT-168574,High,Access Request,Security,Phone,107.0,22.0,196,2
TCKT-129835,Low,Hardware Failure,Customer Service,Email,234.0,18.0,166,0
TCKT-126302,Low,General Inquiry,Development,Phone,238.0,0.0,202,1
TCKT-152783,Medium,Software Bug,IT Support,Portal,167.0,2.0,175,1
TCKT-190913,Critical,General Inquiry,Customer Service,Chat,44.0,6.0,213,3
TCKT-192224,Critical,Hardware Failure,Development,Email,49.0,7.0,321,4
TCKT-108628,Low,Network Issue,Customer Service,Chat,236.0,4.0,157,1
TCKT-158379,Medium,Hardware Failure,Security,Chat,177.0,8.0,181,1
TCKT-172060,Low,Software Bug,Network Ops,Portal,238.0,2.0,148,1
TCKT-196014,Medium,Network Issue,Security,Portal,161.0,15.0,204,2
TCKT-169531,Low,Hardware Failure,Security,Portal,239.0,21.0,233,0
TCKT-155233,Medium,Software Bug,Security,Chat,176.0,7.0,244,1
TCKT-178140,Low,Hardware Failure,Network Ops,Chat,237.0,2.0,163,1
TCKT-161725,High,Access Request,Development,Portal,109.0,3.0,257,4
TCKT-153638,Critical,Hardware Failure,IT Support,Chat,43.0,1.0,296,4
TCKT-112292,High,Software Bug,Customer Service,Portal,102.0,0.0,177,3
TCKT-194639,High,Network Issue,IT Support,Portal,105.0,10.0,266,4
TCKT-162475,Critical,Hardware Failure,Development,Chat,56.0,20.0,299,4
TCKT-133908,Low,Hardware Failure,IT Support,Email,221.0,21.0,283,4
TCKT-181414,High,Hardware Failure,Network Ops,Chat,115.0,6.0,211,3
TCKT-108103,Critical,General Inquiry,Customer Service,Phone,57.0,7.0,279,4
TCKT-133480,Critical,Access Request,Development,Portal,43.0,12.0,291,4
TCKT-150468,Low,Network Issue,Development,Phone,238.0,2.0,203,1
TCKT-183336,Critical,Access Request,IT Support,Email,51.0,14.0,294,4
TCKT-129005,Critical,General Inquiry,Development,Email,60.0,23.0,251,2
TCKT-178998,High,General Inquiry,Development,Email,113.0,8.0,212,3
TCKT-147227,Medium,Access Request,IT Support,Phone,168.0,21.0,237,0
TCKT-120691,Critical,Access Request,Development,Portal,60.0,15.0,296,4
TCKT-167336,High,General Inquiry,Customer Service,Chat,112.0,18.0,212,2
TCKT-162430,High,Network Issue,IT Support,Phone,108.0,2.0,294,4
TCKT-110977,Medium,Software Bug,IT Support,Phone,172.0,18.0,276,4
TCKT-159853,Low,Hardware Failure,IT Support,Phone,235.0,12.0,166,0
TCKT-184357,High,Network Issue,Customer Service,Phone,114.0,0.0,229,3
TCKT-152164,Low,Hardware Failure,Network Ops,Phone,234.0,15.0,204,0
TCKT-155623,Critical,General Inquiry,IT Support,Portal,48.0,21.0,279,4
TCKT-104517,Low,General Inquiry,Development,Chat,225.0,14.0,121,0
TCKT-192211,Critical,General Inquiry,Network Ops,Chat,40.0,23.0,231,2
TCKT-109081,Low,Access Request,Customer Service,Portal,240.0,12.0,148,0
TCKT-102715,Medium,Software Bug,IT Support,Email,178.0,17.0,248,2
TCKT-143415,Critical,Access Request,Security,Email,47.0,0.0,277,3
TCKT-158881,Medium,Software Bug,Customer Service,Portal,172.0,9.0,192,1
TCKT-154925,Low,Hardware Failure,IT Support,Chat,233.0,7.0,222,1
TCKT-184587,Critical,General Inquiry,Development,Portal,57.0,15.0,226,2
TCKT-179718,Medium,Access Request,Customer Service,Phone,174.0,14.0,181,0
TCKT-142395,Critical,Software Bug,Customer Service,Portal,43.0,4.0,209,3
TCKT-112880,High,General Inquiry,Network Ops,Email,103.0,9.0,166,3
TCKT-111405,Medium,Access Request,Customer Service,Phone,165.0,18.0,146,0
TCKT-192827,Low,Access Request,IT Support,Chat,223.0,6.0,217,1
TCKT-161937,Critical,Access Request,Security,Phone,56.0,10.0,215,3
TCKT-179800,High,General Inquiry,Development,Portal,103.0,1.0,166,3
TCKT-185119,Critical,Hardware Failure,Development,Portal,50.0,14.0,314,4
TCKT-190933,Low,Hardware Failure,IT Support,Email,224.0,11.0,159,0
TCKT-196895,Medium,Software Bug,Security,Email,177.0,11.0,175,1
TCKT-145241,Critical,Access Request,Development,Email,52.0,18.0,181,2
TCKT-141226,Medium,Software Bug,Network Ops,Phone,177.0,7.0,169,1
TCKT-139065,Medium,Access Request,Security,Email,178.0,0.0,160,1
TCKT-160988,Medium,Hardware Failure,Security,Chat,178.0,20.0,181,0
TCKT-188327,Medium,General Inquiry,Security,Portal,168.0,17.0,229,2
TCKT-148989,Critical,Access Request,Development,Email,56.0,7.0,288,4
TCKT-187213,High,Hardware Failure,IT Support,Email,114.0,8.0,190,3
TCKT-147735,Medium,Software Bug,Development,Portal,164.0,7.0,174,1
TCKT-148961,Low,Network Issue,IT Support,Chat,225.0,4.0,213,1
TCKT-116991,High,Software Bug,Development,Phone,118.0,1.0,301,4
TCKT-144853,Low,Access Request,IT Support,Phone,224.0,1.0,245,1
TCKT-117268,Low,General Inquiry,IT Support,Phone,232.0,6.0,258,1
TCKT-147219,Critical,Access Request,IT Support,Portal,52.0,21.0,299,4
TCKT-106223,Medium,Access Request,Customer Service,Chat,179.0,4.0,162,1
TCKT-125362,Medium,Software Bug,Development,Chat,162.0,22.0,166,0
TCKT-129189,Low,General Inquiry,IT Support,Portal,233.0,18.0,263,0
TCKT-169955,Low,Software Bug,IT Support,Phone,222.0,16.0,204,0
TCKT-130015,High,General Inquiry,Customer Service,Email,107.0,2.0,228,3
TCKT-140833,Critical,Access Request,IT Support,Portal,59.0,6.0,207,3
TCKT-168053,Low,General Inquiry,Customer Service,Chat,234.0,23.0,162,0
TCKT-181845,High,Network Issue,IT Support,Portal,101.0,21.0,273,2
TCKT-132540,Low,Hardware Failure,Customer Service,Email,237.0,8.0,166,1
TCKT-140747,Medium,Network Issue,IT Support,Phone,165.0,3.0,273,4
TCKT-135731,Medium,Access Request,Development,Phone,178.0,4.0,146,1
TCKT-189597,Critical,Access Request,Development,Chat,55.0,12.0,262,4
TCKT-146957,Critical,General Inquiry,Security,Email,49.0,5.0,222,3
TCKT-135334,Medium,Hardware Failure,Security,Chat,160.0,4.0,187,1
TCKT-191480,Low,Access Request,Customer Service,Chat,235.0,7.0,117,1
TCKT-168701,Critical,Hardware Failure,Security,Phone,43.0,23.0,188,2
TCKT-113297,Medium,Network Issue,IT Support,Email,175.0,7.0,204,1
TCKT-190331,High,Hardware Failure,Security,Phone,118.0,9.0,271,4
TCKT-122233,High,Access Request,Development,Portal,119.0,6.0,178,3
TCKT-132075,Medium,Network Issue,Customer Service,Chat,163.0,15.0,198,0
TCKT-125750,Critical,Software Bug,Development,Phone,47.0,15.0,288,4
TCKT-130414,Low,Network Issue,IT Support,Phone,229.0,6.0,259,1
TCKT-179726,High,Network Issue,Network Ops,Phone,104.0,23.0,189,2
TCKT-176132,Medium,Access Request,Development,Portal,164.0,16.0,243,2
TCKT-199196,Low,Hardware Failure,Customer Service,Chat,224.0,19.0,199,0
TCKT-195547,Critical,Software Bug,Network Ops,Email,47.0,8.0,193,3
TCKT-190682,Medium,Software Bug,IT Support,Email,161.0,19.0,230,2
TCKT-143621,Medium,Software Bug,Development,Phone,168.0,15.0,248,4
TCKT-185736,Medium,Network Issue,IT Support,Chat,173.0,23.0,200,0
TCKT-119805,High,Software Bug,Customer Service,Portal,119.0,23.0,184,2
TCKT-122925,Medium,Hardware Failure,Security,Email,162.0,8.0,187,1
TCKT-198955,Critical,Network Issue,Customer Service,Phone,47.0,0.0,197,3
TCKT-189090,Critical,Software Bug,Security,Chat,40.0,0.0,292,4
TCKT-135939,Low,General Inquiry,Network Ops,Phone,221.0,23.0,172,0
TCKT-109726,Low,Access Request,Security,Email,220.0,22.0,149,0
TCKT-148753,Critical,Hardware Failure,IT Support,Portal,55.0,10.0,272,4
TCKT-122637,Medium,Access Request,Network Ops,Phone,171.0,17.0,146,0
TCKT-135117,Medium,General Inquiry,Security,Portal,160.0,11.0,188,1
TCKT-105319,Low,Software Bug,Development,Email,240.0,5.0,165,1
TCKT-143035,Medium,Access Request,Customer Service,Phone,173.0,4.0,160,1
TCKT-180171,Medium,General Inquiry,Customer Service,Chat,166.0,7.0,143,1
TCKT-172592,Low,Access Request,Security,Phone,235.0,2.0,153,1
TCKT-192195,Medium,Software Bug,IT Support,Phone,166.0,14.0,230,2
TCKT-137133,Critical,Hardware Failure,Network Ops,Phone,41.0,12.0,188,3
TCKT-132326,Low,Hardware Failure,Customer Service,Phone,237.0,8.0,199,1
TCKT-147952,Medium,General Inquiry,Development,Portal,168.0,10.0,188,1
TCKT-170351,Critical,Access Request,Development,Chat,45.0,0.0,291,4
TCKT-184257,Medium,Software Bug,Customer Service,Email,170.0,9.0,169,1
TCKT-103960,Critical,General Inquiry,IT Support,Chat,56.0,7.0,287,4
TCKT-119152,High,Access Request,Network Ops,Chat,114.0,5.0,178,1
TCKT-191302,Medium,General Inquiry,IT Support,Chat,172.0,20.0,229,2
TCKT-159359,Medium,Access Request,Network Ops,Chat,172.0,0.0,182,1
TCKT-188681,Medium,General Inquiry,Security,Phone,177.0,23.0,299,4
TCKT-149780,Low,Network Issue,Customer Service,Email,230.0,21.0,181,0
TCKT-113515,Critical,Access Request,Development,Portal,43.0,12.0,285,4
TCKT-130047,Medium,Network Issue,Development,Email,178.0,3.0,270,4
TCKT-126016,Critical,Hardware Failure,IT Support,Portal,58.0,2.0,296,4
TCKT-172126,Medium,Software Bug,Security,Portal,172.0,23.0,237,2
TCKT-191868,Medium,General Inquiry,Development,Phone,178.0,10.0,211,1
TCKT-176249,High,Hardware Failure,Development,Email,119.0,13.0,282,4
TCKT-164214,Critical,Software Bug,Security,Email,53.0,9.0,181,3
TCKT-197895,Critical,Software Bug,Customer Service,Chat,45.0,10.0,222,3
TCKT-110116,Medium,General Inquiry,Development,Phone,177.0,22.0,292,4
TCKT-195757,Low,Software Bug,Network Ops,Email,223.0,23.0,130,0
TCKT-107081,High,Hardware Failure,Security,Chat,111.0,3.0,180,3
TCKT-183521,Critical,Network Issue,Network Ops,Email,48.0,20.0,231,2
TCKT-122077,Critical,Access Request,Network Ops,Email,40.0,2.0,233,3
TCKT-155155,Critical,General Inquiry,Customer Service,Phone,45.0,21.0,210,2
TCKT-166785,Medium,Software Bug,Security,Email,169.0,23.0,175,0
TCKT-121098,Medium,Hardware Failure,Network Ops,Email,174.0,20.0,207,0
TCKT-193698,Critical,Hardware Failure,Security,Chat,40.0,17.0,218,2
TCKT-161672,High,Software Bug,Security,Chat,101.0,12.0,247,2
TCKT-119394,Critical,Access Request,Customer Service,Portal,46.0,16.0,233,2
TCKT-194601,Medium,Access Request,Security,Portal,163.0,11.0,182,1
TCKT-100946,Low,Hardware Failure,IT Support,Email,235.0,12.0,199,0
TCKT-164644,Critical,Hardware Failure,Development,Chat,43.0,1.0,240,3
TCKT-191359,Critical,General Inquiry,Network Ops,Chat,43.0,20.0,231,2
TCKT-122128,Low,Access Request,Network Ops,Phone,236.0,4.0,117,1
TCKT-109060,Low,Access Request,Network Ops,Portal,233.0,11.0,148,0
TCKT-191010,High,Network Issue,IT Support,Chat,114.0,16.0,245,2
TCKT-117010,High,General Inquiry,Network Ops,Chat,109.0,23.0,235,2
TCKT-104981,Medium,General Inquiry,Development,Email,164.0,3.0,310,4
TCKT-106585,Medium,Access Request,Customer Service,Phone,162.0,12.0,182,0
TCKT-131335,Critical,Network Issue,Network Ops,Chat,56.0,9.0,223,3
TCKT-191686,Medium,Access Request,IT Support,Phone,171.0,19.0,181,0
TCKT-164935,Low,Network Issue,IT Support,Portal,221.0,16.0,213,0
TCKT-128447,Critical,General Inquiry,IT Support,Portal,59.0,10.0,310,4
TCKT-117857,High,Network Issue,Customer Service,Portal,103.0,13.0,191,2
TCKT-144705,High,General Inquiry,Development,Email,113.0,11.0,229,3
TCKT-130925,Low,General Inquiry,IT Support,Portal,225.0,5.0,205,1
TCKT-108672,High,Access Request,IT Support,Chat,118.0,21.0,256,2
TCKT-146416,High,General Inquiry,Customer Service,Phone,109.0,7.0,229,3
TCKT-112019,Medium,Hardware Failure,Development,Chat,179.0,23.0,187,0
TCKT-187779,Medium,Network Issue,Network Ops,Portal,177.0,11.0,161,1
TCKT-130853,Critical,Software Bug,Security,Phone,47.0,16.0,205,2
TCKT-180930,High,Hardware Failure,Network Ops,Phone,114.0,23.0,197,2
TCKT-152144,Critical,General Inquiry,Network Ops,Portal,49.0,19.0,213,2
TCKT-196194,Low,Software Bug,IT Support,Chat,237.0,22.0,180,0
TCKT-196918,Low,Access Request,Customer Service,Email,233.0,3.0,153,1
TCKT-180482,High,Software Bug,IT Support,Email,110.0,13.0,245,4
TCKT-145512,Critical,Access Request,IT Support,Chat,58.0,1.0,271,4
TCKT-106763,Medium,Access Request,Customer Service,Email,166.0,13.0,181,0
TCKT-119951,Low,Network Issue,IT Support,Chat,226.0,9.0,265,4
TCKT-173301,Low,General Inquiry,IT Support,Email,223.0,3.0,172,1
TCKT-151504,Low,Hardware Failure,Customer Service,Phone,238.0,19.0,159,0
TCKT-139756,High,Hardware Failure,Customer Service,Chat,117.0,19.0,171,2
TCKT-115460,High,Software Bug,Security,Chat,107.0,15.0,255,2
TCKT-137693,High,Network Issue,Development,Portal,119.0,13.0,248,2
TCKT-135603,Medium,Software Bug,Customer Service,Portal,170.0,14.0,169,0
TCKT-131529,High,Access Request,Network Ops,Email,102.0,19.0,216,2
TCKT-169797,Critical,Hardware Failure,Security,Portal,48.0,21.0,275,4
TCKT-191865,Low,General Inquiry,IT Support,Phone,230.0,10.0,235,1
TCKT-184585,Low,Software Bug,Security,Chat,232.0,5.0,178,1
TCKT-133167,Critical,Access Request,Customer Service,Portal,54.0,21.0,215,2
TCKT-127781,High,Access Request,Development,Phone,112.0,10.0,178,3
TCKT-158525,Critical,Software Bug,Network Ops,Phone,59.0,2.0,203,3
TCKT-145603,Critical,General Inquiry,IT Support,Chat,41.0,20.0,226,2
TCKT-184552,High,Hardware Failure,IT Support,Phone,109.0,6.0,253,4
TCKT-198595,High,Network Issue,Security,Email,102.0,9.0,219,3
TCKT-113325,High,General Inquiry,Development,Portal,117.0,22.0,235,2
TCKT-171402,Critical,General Inquiry,Customer Service,Phone,51.0,22.0,231,2
TCKT-156662,Critical,Software Bug,Security,Portal,41.0,11.0,281,4
TCKT-169205,Critical,General Inquiry,Security,Phone,45.0,15.0,349,4
TCKT-173111,High,Network Issue,Security,Portal,118.0,23.0,188,2
TCKT-100117,Medium,Network Issue,IT Support,Phone,180.0,22.0,169,0
TCKT-155793,Critical,Network Issue,Security,Chat,46.0,23.0,217,2
TCKT-136489,Low,Software Bug,Customer Service,Phone,240.0,19.0,130,0
TCKT-102149,Critical,Network Issue,Customer Service,Chat,42.0,14.0,203,3
TCKT-113919,High,Access Request,Network Ops,Phone,111.0,17.0,185,2
TCKT-175420,High,General Inquiry,Customer Service,Email,120.0,16.0,229,2
TCKT-155870,Medium,Software Bug,Network Ops,Chat,161.0,8.0,192,1
TCKT-114220,Low,Software Bug,IT Support,Chat,231.0,13.0,214,0
TCKT-137303,High,General Inquiry,Network Ops,Phone,112.0,18.0,199,2
TCKT-172551,Critical,Access Request,Network Ops,Email,40.0,8.0,181,3
TCKT-194162,Critical,Network Issue,Customer Service,Email,58.0,12.0,217,3
TCKT-196840,Critical,General Inquiry,Development,Chat,47.0,10.0,222,3
TCKT-101011,High,Hardware Failure,Development,Portal,120.0,17.0,180,2
TCKT-180152,Low,Hardware Failure,Network Ops,Portal,221.0,7.0,166,1
TCKT-182924,Medium,Software Bug,Customer Service,Phone,177.0,6.0,169,1
TCKT-185998,Low,Hardware Failure,Customer Service,Phone,223.0,16.0,167,0
TCKT-199549,High,Network Issue,IT Support,Portal,107.0,6.0,245,3
TCKT-183899,Critical,Hardware Failure,Customer Service,Phone,41.0,4.0,233,3
TCKT-161529,Critical,General Inquiry,IT Support,Phone,43.0,21.0,289,4
TCKT-170856,Low,Software Bug,Customer Service,Portal,229.0,14.0,178,0
TCKT-108556,Critical,Network Issue,IT Support,Chat,41.0,9.0,223,3
TCKT-163743,High,Access Request,Security,Email,114.0,5.0,178,3
TCKT-194174,Medium,Software Bug,IT Support,Chat,172.0,23.0,174,0
TCKT-172281,Critical,Software Bug,Security,Email,46.0,12.0,209,3
TCKT-184172,Critical,Hardware Failure,Network Ops,Email,50.0,16.0,233,2
TCKT-164886,Critical,General Inquiry,Development,Phone,55.0,22.0,231,2
TCKT-102150,Medium,Software Bug,Development,Email,167.0,3.0,256,1
TCKT-108091,Medium,Network Issue,Network Ops,Phone,179.0,19.0,204,0
TCKT-116342,Critical,General Inquiry,Customer Service,Portal,47.0,0.0,222,3
TCKT-151965,Critical,General Inquiry,IT Support,Email,40.0,20.0,226,2
TCKT-105745,Low,General Inquiry,Customer Service,Chat,235.0,14.0,162,0
TCKT-139547,Medium,Network Issue,Customer Service,Phone,171.0,10.0,189,1
TCKT-195491,Critical,Software Bug,Development,Portal,59.0,9.0,193,3
TCKT-157750,High,Software Bug,Network Ops,Email,116.0,3.0,177,3
TCKT-142426,Low,Access Request,IT Support,Phone,238.0,16.0,232,0
TCKT-182234,Critical,General Inquiry,Development,Email,52.0,6.0,314,4
TCKT-104716,Medium,Software Bug,Security,Portal,167.0,11.0,166,1
TCKT-171239,High,Software Bug,IT Support,Portal,110.0,21.0,304,4
TCKT-177056,Low,Access Request,Customer Service,Portal,239.0,5.0,132,1
TCKT-162219,Critical,Hardware Failure,Security,Portal,50.0,18.0,188,2
TCKT-106804,Low,Software Bug,Development,Chat,229.0,9.0,260,1
TCKT-157064,Low,Access Request,Development,Chat,225.0,5.0,117,1
TCKT-195667,Low,Software Bug,Development,Chat,238.0,11.0,246,1
TCKT-144742,High,Hardware Failure,Customer Service,Chat,115.0,19.0,197,2
TCKT-165804,Critical,Hardware Failure,IT Support,Email,42.0,22.0,271,4
TCKT-148384,Critical,General Inquiry,Security,Phone,59.0,15.0,233,4
TCKT-151067,High,General Inquiry,IT Support,Email,118.0,7.0,255,4
TCKT-170613,High,Hardware Failure,Development,Phone,101.0,19.0,171,2
TCKT-112838,Medium,Network Issue,Security,Email,171.0,10.0,169,1
TCKT-112030,Critical,Network Issue,Customer Service,Chat,43.0,20.0,263,4
TCKT-191445,High,Network Issue,Development,Email,102.0,22.0,300,4
TCKT-182460,High,General Inquiry,Customer Service,Email,108.0,8.0,213,3
TCKT-159982,High,Access Request,Network Ops,Phone,113.0,4.0,178,3
TCKT-134584,Critical,General Inquiry,Customer Service,Chat,58.0,0.0,226,3
TCKT-174958,High,Hardware Failure,Development,Portal,101.0,3.0,292,4
TCKT-153085,High,Hardware Failure,Development,Phone,111.0,13.0,180,2
TCKT-104551,Low,Hardware Failure,Development,Email,239.0,3.0,247,1
TCKT-185063,Medium,Software Bug,Network Ops,Chat,168.0,2.0,166,1
TCKT-165621,Critical,Network Issue,IT Support,Phone,58.0,9.0,223,3
TCKT-180773,Medium,General Inquiry,Customer Service,Chat,161.0,13.0,225,1
TCKT-137466,Critical,Access Request,IT Support,Email,47.0,7.0,266,4
TCKT-168055,High,Software Bug,Network Ops,Phone,106.0,22.0,177,2
TCKT-184789,High,Access Request,Network Ops,Portal,107.0,17.0,199,2
TCKT-171878,Low,Network Issue,Customer Service,Chat,230.0,14.0,203,0
TCKT-188468,Medium,Hardware Failure,Development,Phone,180.0,3.0,270,4
TCKT-124805,Low,General Inquiry,Development,Email,239.0,18.0,179,0
TCKT-195761,Critical,Access Request,Customer Service,Portal,43.0,20.0,210,2
TCKT-122661,Medium,Access Request,IT Support,Phone,164.0,12.0,162,0
TCKT-167562,Critical,Access Request,Customer Service,Email,52.0,21.0,210,2
TCKT-108108,Medium,Software Bug,Network Ops,Chat,180.0,0.0,178,1
TCKT-101343,Low,Hardware Failure,Network Ops,Chat,238.0,8.0,199,1
TCKT-185741,Low,Network Issue,Network Ops,Email,231.0,11.0,167,0
TCKT-171381,Low,Hardware Failure,Security,Chat,234.0,20.0,163,0
TCKT-119508,Low,Hardware Failure,Development,Email,231.0,21.0,167,0
TCKT-159239,Critical,Software Bug,IT Support,Portal,48.0,22.0,295,4
TCKT-102193,Medium,General Inquiry,Security,Portal,170.0,3.0,211,1
TCKT-188548,High,General Inquiry,IT Support,Portal,115.0,22.0,199,2
TCKT-175373,Low,General Inquiry,Network Ops,Email,224.0,9.0,172,1
TCKT-107752,Critical,Software Bug,Customer Service,Phone,53.0,10.0,193,3
TCKT-114392,Medium,General Inquiry,Security,Phone,170.0,23.0,253,2
TCKT-146447,Medium,Hardware Failure,IT Support,Email,167.0,9.0,183,1
TCKT-105093,Low,Software Bug,Customer Service,Phone,228.0,1.0,179,1
TCKT-191418,Critical,Access Request,Customer Service,Portal,50.0,3.0,204,3
TCKT-174451,High,General Inquiry,Development,Portal,113.0,4.0,235,3
TCKT-187367,Medium,General Inquiry,IT Support,Portal,166.0,21.0,285,4
TCKT-156520,Medium,Access Request,Security,Chat,167.0,11.0,146,1
TCKT-143982,Low,Network Issue,IT Support,Email,240.0,20.0,228,0
TCKT-105153,High,Access Request,IT Support,Chat,102.0,8.0,276,4
TCKT-119512,High,Software Bug,Customer Service,Portal,110.0,0.0,189,3
TCKT-121648,Medium,Network Issue,Network Ops,Email,160.0,9.0,189,1
TCKT-181292,Low,Access Request,Security,Email,237.0,10.0,148,0
TCKT-180062,Critical,Access Request,Development,Email,48.0,22.0,296,4
TCKT-150863,Medium,Hardware Failure,IT Support,Portal,168.0,16.0,178,0
TCKT-165276,High,Hardware Failure,Development,Portal,102.0,19.0,212,2
TCKT-136464,Medium,Hardware Failure,Security,Chat,170.0,23.0,154,0
TCKT-118116,Medium,Hardware Failure,Customer Service,Phone,166.0,13.0,178,0
TCKT-122179,Critical,Access Request,Customer Service,Chat,57.0,20.0,210,2
TCKT-169600,Low,General Inquiry,Security,Portal,233.0,17.0,179,0
TCKT-112578,Medium,General Inquiry,IT Support,Phone,165.0,20.0,229,2
TCKT-179177,Low,General Inquiry,Customer Service,Email,226.0,7.0,179,1
TCKT-110935,Medium,Access Request,Customer Service,Email,161.0,17.0,160,0
TCKT-141666,High,Network Issue,Network Ops,Phone,105.0,7.0,189,3
TCKT-101406,High,Software Bug,Network Ops,Portal,119.0,7.0,189,3
TCKT-197648,Low,Network Issue,Development,Phone,228.0,23.0,167,0
TCKT-184408,High,Software Bug,Development,Chat,119.0,22.0,177,2
TCKT-155606,Critical,Software Bug,Customer Service,Phone,56.0,7.0,222,3
TCKT-108735,Critical,Software Bug,Security,Email,48.0,4.0,222,3
TCKT-118494,Medium,General Inquiry,Security,Email,172.0,4.0,183,1
TCKT-195433,Critical,Software Bug,IT Support,Phone,55.0,8.0,278,4
TCKT-171295,High,Software Bug,IT Support,Portal,104.0,2.0,261,4
TCKT-117206,Critical,Hardware Failure,Customer Service,Email,46.0,19.0,218,2
TCKT-136273,Critical,Hardware Failure,IT Support,Chat,43.0,6.0,324,4
TCKT-142247,Low,Software Bug,Network Ops,Chat,235.0,9.0,148,1
TCKT-163108,Critical,Software Bug,Development,Portal,59.0,6.0,262,4
TCKT-110135,Critical,Network Issue,Customer Service,Phone,45.0,5.0,223,3
TCKT-142246,Low,General Inquiry,Customer Service,Portal,220.0,14.0,172,0
TCKT-181639,Low,Software Bug,Development,Portal,231.0,11.0,148,0
TCKT-122382,Low,General Inquiry,Security,Chat,233.0,11.0,172,1
TCKT-163968,High,Hardware Failure,Network Ops,Email,116.0,13.0,171,2
TCKT-163393,Critical,Access Request,IT Support,Portal,41.0,6.0,265,4
TCKT-105456,High,Access Request,Security,Email,118.0,15.0,196,2
TCKT-131251,Medium,Network Issue,IT Support,Phone,161.0,9.0,200,1
TCKT-129237,High,Network Issue,Network Ops,Phone,111.0,19.0,189,2
TCKT-152648,Critical,Hardware Failure,IT Support,Email,44.0,14.0,302,4
TCKT-137688,Medium,General Inquiry,Customer Service,Email,169.0,5.0,225,1
TCKT-133766,Low,Access Request,Security,Phone,238.0,7.0,148,1
TCKT-150963,Low,Access Request,Development,Portal,232.0,16.0,210,0
TCKT-165370,Low,Hardware Failure,Network Ops,Portal,227.0,11.0,166,0
TCKT-157776,Low,Hardware Failure,Development,Portal,239.0,1.0,285,1
TCKT-102536,Low,General Inquiry,Network Ops,Portal,240.0,13.0,179,0
TCKT-190092,Medium,General Inquiry,Customer Service,Chat,171.0,15.0,193,0
TCKT-193484,Critical,Hardware Failure,Development,Phone,41.0,16.0,299,4
TCKT-110331,High,Access Request,IT Support,Phone,100.0,10.0,185,3
TCKT-124004,Critical,General Inquiry,Network Ops,Portal,55.0,11.0,226,3
TCKT-107272,Medium,Hardware Failure,Network Ops,Chat,175.0,0.0,189,1
TCKT-195349,Low,General Inquiry,Security,Portal,221.0,14.0,116,0
TCKT-199352,Low,Access Request,IT Support,Phone,239.0,8.0,185,0
TCKT-111325,High,Network Issue,Security,Chat,103.0,18.0,267,4
TCKT-167282,Low,General Inquiry,Network Ops,Chat,234.0,9.0,172,1
TCKT-108775,Critical,Hardware Failure,IT Support,Portal,59.0,14.0,272,4
TCKT-180902,Medium,Hardware Failure,Development,Chat,167.0,12.0,270,4
TCKT-111316,High,Software Bug,IT Support,Phone,119.0,13.0,233,2
TCKT-177487,High,Access Request,Development,Email,119.0,21.0,178,2
TCKT-188613,Medium,Network Issue,Development,Email,172.0,16.0,189,0
TCKT-122140,Low,Network Issue,IT Support,Chat,229.0,22.0,273,0
TCKT-186280,Low,Access Request,Network Ops,Email,229.0,5.0,153,1
TCKT-166869,High,Network Issue,IT Support,Email,114.0,1.0,247,3
TCKT-124898,High,Access Request,Customer Service,Email,116.0,8.0,192,3
TCKT-145017,Medium,Network Issue,Development,Phone,173.0,0.0,285,4
TCKT-173835,Critical,Software Bug,Security,Chat,55.0,13.0,205,2
TCKT-137917,Medium,Software Bug,Network Ops,Chat,162.0,13.0,169,1
TCKT-145422,High,General Inquiry,Security,Portal,104.0,3.0,212,3
TCKT-102870,Critical,Access Request,Security,Email,57.0,9.0,215,3
TCKT-164518,High,General Inquiry,Customer Service,Email,118.0,11.0,235,3
TCKT-138421,Critical,Hardware Failure,Security,Portal,43.0,12.0,240,4
TCKT-163645,Low,Hardware Failure,Security,Email,229.0,13.0,163,0
TCKT-147417,Medium,Network Issue,Development,Chat,176.0,7.0,285,4
TCKT-195135,Low,Software Bug,Security,Chat,221.0,4.0,164,1
TCKT-142702,Medium,Network Issue,Network Ops,Phone,170.0,7.0,198,1
TCKT-159333,Critical,Network Issue,Development,Portal,53.0,12.0,231,3
TCKT-119059,Critical,General Inquiry,Customer Service,Portal,43.0,21.0,233,2
TCKT-176111,Critical,Hardware Failure,IT Support,Portal,59.0,12.0,289,4
TCKT-146123,Critical,Software Bug,Development,Portal,49.0,15.0,181,2
TCKT-140074,Low,Access Request,IT Support,Chat,231.0,19.0,148,0
TCKT-128085,Medium,Network Issue,Network Ops,Phone,175.0,0.0,161,1
TCKT-130747,Critical,Access Request,IT Support,Portal,50.0,0.0,207,3
TCKT-126166,Critical,Network Issue,Development,Chat,44.0,10.0,231,3
TCKT-124300,Low,Access Request,Network Ops,Email,235.0,14.0,132,0
TCKT-119034,Critical,Network Issue,Network Ops,Email,52.0,1.0,197,3
TCKT-175037,Medium,Hardware Failure,Network Ops,Chat,172.0,2.0,154,1
TCKT-181594,Critical,Software Bug,IT Support,Portal,59.0,15.0,211,2
TCKT-186301,Low,General Inquiry,Development,Chat,230.0,17.0,116,0
TCKT-198277,Critical,Software Bug,Customer Service,Email,48.0,21.0,211,2
TCKT-133758,Low,Software Bug,Customer Service,Portal,232.0,7.0,148,1
TCKT-156912,High,Network Issue,Customer Service,Phone,109.0,17.0,210,2
TCKT-127443,High,Software Bug,Development,Portal,104.0,17.0,184,2
TCKT-174203,Low,Access Request,Development,Chat,224.0,11.0,210,0
TCKT-112964,High,Software Bug,Security,Chat,115.0,10.0,247,4
TCKT-190199,Medium,Hardware Failure,Security,Chat,172.0,21.0,154,0
TCKT-152345,Low,General Inquiry,Network Ops,Email,236.0,10.0,162,1
TCKT-136379,Critical,Hardware Failure,Security,Email,48.0,3.0,187,3
TCKT-125082,Critical,Hardware Failure,Network Ops,Chat,59.0,1.0,218,3
TCKT-168268,Medium,Hardware Failure,Network Ops,Phone,177.0,10.0,207,1
TCKT-183053,Medium,Access Request,Customer Service,Phone,174.0,20.0,146,0
TCKT-107022,Critical,General Inquiry,IT Support,Portal,44.0,8.0,317,4
TCKT-114946,High,Software Bug,Customer Service,Phone,114.0,1.0,189,3
TCKT-124098,Low,Hardware Failure,IT Support,Portal,220.0,12.0,180,0
TCKT-183433,Low,Software Bug,Development,Email,234.0,0.0,148,1
TCKT-131587,High,General Inquiry,Customer Service,Email,106.0,13.0,199,2
TCKT-163051,High,General Inquiry,Customer Service,Email,102.0,4.0,229,3
TCKT-188314,Medium,General Inquiry,IT Support,Portal,160.0,6.0,281,4
TCKT-171115,Low,Access Request,Network Ops,Phone,227.0,9.0,148,0
TCKT-179009,High,Software Bug,Security,Phone,117.0,5.0,290,4
TCKT-105308,Medium,Access Request,Development,Chat,173.0,14.0,160,0
TCKT-128943,High,Software Bug,Customer Service,Phone,114.0,12.0,184,2
TCKT-146357,Critical,General Inquiry,Development,Email,55.0,9.0,251,4
TCKT-119470,Low,Hardware Failure,IT Support,Chat,223.0,21.0,167,0
TCKT-118246,High,Network Issue,Development,Phone,116.0,14.0,167,2
TCKT-145874,Low,Access Request,IT Support,Portal,228.0,6.0,217,1
TCKT-181603,Low,Network Issue,Development,Phone,240.0,8.0,153,1
TCKT-122002,Critical,Network Issue,IT Support,Portal,50.0,18.0,319,4
TCKT-152285,Low,Software Bug,Customer Service,Email,238.0,10.0,148,0
TCKT-126452,Critical,Access Request,Security,Chat,48.0,4.0,285,4
TCKT-194230,Medium,Hardware Failure,Network Ops,Email,174.0,23.0,183,0
TCKT-161248,Medium,Software Bug,Security,Email,168.0,23.0,239,2
TCKT-130365,Low,Hardware Failure,Development,Chat,238.0,2.0,280,1
TCKT-154496,Critical,Software Bug,Network Ops,Chat,40.0,16.0,211,2
TCKT-182911,Medium,Access Request,IT Support,Phone,178.0,20.0,244,0
TCKT-198649,Critical,General Inquiry,IT Support,Phone,43.0,9.0,287,4
TCKT-117216,Medium,Hardware Failure,Customer Service,Email,178.0,18.0,189,0
TCKT-124791,High,General Inquiry,Security,Phone,112.0,0.0,229,3
TCKT-166042,Critical,Hardware Failure,Customer Service,Phone,43.0,10.0,233,3
TCKT-185764,High,Access Request,Network Ops,Chat,101.0,19.0,192,2
TCKT-177691,High,Hardware Failure,Security,Phone,104.0,3.0,180,3
TCKT-134695,High,Network Issue,IT Support,Email,106.0,13.0,197,2
TCKT-117861,Medium,Access Request,IT Support,Email,160.0,6.0,216,1
TCKT-145921,Medium,Hardware Failure,Customer Service,Portal,163.0,11.0,154,1
TCKT-145366,Low,General Inquiry,IT Support,Email,220.0,13.0,116,0
TCKT-121627,Low,Access Request,Customer Service,Chat,230.0,12.0,135,0
TCKT-100101,Medium,Access Request,Development,Chat,179.0,12.0,255,4
TCKT-173520,High,Access Request,Customer Service,Email,106.0,20.0,185,2
TCKT-158628,High,Software Bug,Customer Service,Email,106.0,22.0,185,2
TCKT-118412,High,General Inquiry,Customer Service,Portal,114.0,3.0,228,3
TCKT-190458,Medium,General Inquiry,Development,Email,178.0,18.0,310,4
TCKT-145236,High,General Inquiry,IT Support,Chat,109.0,15.0,269,4
TCKT-160012,Medium,Hardware Failure,Network Ops,Portal,168.0,2.0,187,1
TCKT-100718,High,Software Bug,Customer Service,Phone,112.0,7.0,185,3
TCKT-193994,Critical,Access Request,Network Ops,Email,54.0,12.0,181,3
TCKT-116696,Low,Software Bug,Network Ops,Email,226.0,1.0,178,1
TCKT-189287,Critical,Hardware Failure,Security,Phone,52.0,1.0,275,4
TCKT-179872,Critical,General Inquiry,Customer Service,Chat,43.0,0.0,222,3
TCKT-195843,Low,Hardware Failure,Development,Chat,240.0,6.0,199,1
TCKT-107506,Low,General Inquiry,Network Ops,Phone,228.0,4.0,116,1
TCKT-199225,Medium,Access Request,Security,Phone,162.0,11.0,230,1
TCKT-195678,High,General Inquiry,IT Support,Email,118.0,15.0,212,2
TCKT-164690,Critical,Software Bug,IT Support,Portal,40.0,5.0,237,3
TCKT-144837,Low,Network Issue,Network Ops,Email,232.0,19.0,189,0
TCKT-154094,Medium,Network Issue,Development,Portal,175.0,5.0,285,4
TCKT-178234,Critical,Network Issue,Development,Portal,55.0,6.0,312,4
TCKT-108045,Medium,Access Request,Customer Service,Portal,177.0,4.0,174,1
TCKT-171274,Critical,General Inquiry,Development,Email,41.0,14.0,251,4
TCKT-198925,Critical,Hardware Failure,Security,Chat,46.0,12.0,218,3
TCKT-177104,Low,General Inquiry,IT Support,Phone,236.0,8.0,286,4
TCKT-197407,Low,General Inquiry,IT Support,Chat,230.0,0.0,286,1
TCKT-184795,High,Hardware Failure,Development,Phone,114.0,23.0,293,4
TCKT-105177,Low,Network Issue,Security,Portal,224.0,5.0,167,1
TCKT-144670,Critical,Hardware Failure,Network Ops,Phone,54.0,9.0,218,3
TCKT-167440,Medium,General Inquiry,Development,Email,180.0,4.0,183,1
TCKT-126515,High,General Inquiry,Network Ops,Email,113.0,18.0,212,2
TCKT-197567,Low,General Inquiry,IT Support,Phone,237.0,21.0,256,0
TCKT-109380,Critical,Hardware Failure,Customer Service,Chat,52.0,11.0,218,3
TCKT-108878,Low,Access Request,Customer Service,Portal,221.0,2.0,135,1
TCKT-128852,Critical,Software Bug,Network Ops,Chat,49.0,21.0,205,2
TCKT-131824,Medium,General Inquiry,Customer Service,Chat,175.0,4.0,193,1
TCKT-186681,Low,General Inquiry,Customer Service,Chat,223.0,9.0,179,1
TCKT-178899,High,General Inquiry,Customer Service,Portal,106.0,8.0,228,3
TCKT-141652,Low,Software Bug,Customer Service,Chat,234.0,3.0,148,1
TCKT-147188,Critical,Hardware Failure,Development,Email,46.0,6.0,218,3
TCKT-126918,High,Access Request,Network Ops,Phone,112.0,14.0,196,2
TCKT-188012,High,General Inquiry,Customer Service,Phone,112.0,11.0,228,4
TCKT-158366,Low,Network Issue,Security,Email,225.0,16.0,203,0
TCKT-107810,Medium,Network Issue,Security,Phone,177.0,17.0,259,4
TCKT-167169,Critical,Software Bug,Security,Phone,44.0,19.0,281,4
TCKT-148056,Low,Network Issue,IT Support,Portal,239.0,3.0,241,1
TCKT-192544,Low,Hardware Failure,IT Support,Portal,240.0,6.0,195,1
TCKT-192006,Low,Hardware Failure,Customer Service,Email,233.0,10.0,180,0
TCKT-133371,Critical,Access Request,Security,Phone,51.0,4.0,207,3
TCKT-169106,Low,Access Request,IT Support,Email,238.0,14.0,213,0
TCKT-144093,Critical,Software Bug,Network Ops,Portal,45.0,7.0,222,3
TCKT-164658,High,Access Request,Network Ops,Chat,109.0,11.0,199,2
TCKT-144694,Critical,General Inquiry,Development,Chat,46.0,19.0,294,4
TCKT-123885,Low,Network Issue,Network Ops,Chat,232.0,10.0,189,1
TCKT-185702,Low,Software Bug,Development,Portal,231.0,21.0,179,0
TCKT-181856,Critical,General Inquiry,Security,Portal,47.0,22.0,303,4
TCKT-144207,High,Access Request,Network Ops,Portal,116.0,9.0,172,2
TCKT-123178,Medium,Hardware Failure,Network Ops,Email,163.0,14.0,187,0
TCKT-184588,High,Software Bug,IT Support,Phone,110.0,23.0,220,2
TCKT-147200,Critical,Access Request,Security,Email,57.0,20.0,215,2
TCKT-155008,Low,General Inquiry,Customer Service,Portal,235.0,0.0,116,1
TCKT-160774,Critical,Network Issue,Security,Phone,59.0,21.0,223,2
TCKT-133541,Critical,General Inquiry,Network Ops,Portal,52.0,19.0,222,2
TCKT-133936,Low,Network Issue,Development,Chat,233.0,5.0,151,1
TCKT-173202,Medium,Hardware Failure,IT Support,Portal,179.0,2.0,263,4
TCKT-112467,Critical,Access Request,Development,Email,53.0,15.0,215,2
TCKT-126099,Medium,Access Request,Security,Chat,164.0,11.0,232,1
TCKT-148402,Medium,Hardware Failure,Customer Service,Phone,174.0,0.0,183,1
TCKT-164959,High,Software Bug,Customer Service,Chat,117.0,21.0,212,2
TCKT-143178,High,Hardware Failure,Development,Portal,117.0,18.0,271,4
TCKT-197937,Critical,Software Bug,Customer Service,Chat,43.0,7.0,203,3
TCKT-100525,Critical,Hardware Failure,Security,Email,48.0,10.0,303,4
TCKT-172347,Medium,Software Bug,IT Support,Phone,176.0,23.0,169,0
TCKT-194604,Low,General Inquiry,Customer Service,Chat,228.0,0.0,172,1
TCKT-167225,Critical,Access Request,Network Ops,Chat,46.0,14.0,210,2
TCKT-149053,Medium,Access Request,Customer Service,Email,168.0,0.0,146,1
TCKT-193074,Critical,Network Issue,Network Ops,Phone,41.0,17.0,197,2
TCKT-145872,Low,Network Issue,Network Ops,Email,225.0,21.0,157,0
TCKT-142369,Medium,Network Issue,Customer Service,Chat,168.0,14.0,204,0
TCKT-130970,Low,Software Bug,Security,Email,225.0,1.0,164,1
TCKT-112138,Low,Software Bug,Network Ops,Email,228.0,1.0,179,1
TCKT-131947,Low,Software Bug,Customer Service,Phone,240.0,1.0,165,1
TCKT-185236,Medium,Network Issue,Network Ops,Phone,165.0,12.0,200,1
TCKT-186487,Critical,Network Issue,Customer Service,Email,55.0,7.0,203,3
TCKT-147307,Low,Network Issue,IT Support,Chat,229.0,5.0,241,1
TCKT-131161,High,Network Issue,Security,Portal,102.0,11.0,191,2
TCKT-115305,High,Network Issue,Customer Service,Chat,115.0,1.0,197,3
TCKT-110415,High,Access Request,Development,Phone,112.0,20.0,199,2
TCKT-139203,Critical,Software Bug,Customer Service,Chat,58.0,10.0,205,3
TCKT-120365,Critical,Network Issue,Development,Phone,58.0,0.0,312,4
TCKT-132848,Medium,Network Issue,Customer Service,Portal,177.0,15.0,189,0
TCKT-126826,Medium,Network Issue,Network Ops,Portal,174.0,19.0,200,2
TCKT-150834,Medium,Access Request,Development,Email,179.0,13.0,153,0
TCKT-156460,Medium,Software Bug,Customer Service,Phone,176.0,17.0,178,0
TCKT-154258,High,General Inquiry,Customer Service,Phone,120.0,5.0,235,3
TCKT-194124,Medium,Access Request,Network Ops,Phone,171.0,18.0,182,0
TCKT-137672,Low,General Inquiry,Network Ops,Phone,236.0,19.0,179,0
TCKT-128159,Medium,Software Bug,Network Ops,Portal,166.0,0.0,174,1
TCKT-107852,Medium,Software Bug,IT Support,Phone,161.0,20.0,223,2
TCKT-125142,Medium,Hardware Failure,Customer Service,Chat,170.0,14.0,207,0
TCKT-108597,High,Software Bug,Development,Email,111.0,2.0,270,4
TCKT-146307,Low,Hardware Failure,Security,Email,232.0,15.0,166,0
TCKT-126526,High,Access Request,Development,Email,113.0,11.0,178,3
TCKT-160982,Low,General Inquiry,Network Ops,Phone,229.0,11.0,172,0
TCKT-145026,Medium,Access Request,Development,Portal,180.0,10.0,182,1
TCKT-113598,High,Access Request,IT Support,Phone,109.0,16.0,256,4
TCKT-195313,High,Access Request,Development,Email,112.0,9.0,216,3
TCKT-186656,Medium,Hardware Failure,IT Support,Email,168.0,8.0,273,4
TCKT-189956,High,Hardware Failure,Development,Email,112.0,14.0,211,2
TCKT-101500,Low,Network Issue,Security,Phone,222.0,8.0,273,4
TCKT-126650,Medium,Software Bug,Development,Phone,178.0,17.0,167,0
TCKT-169811,High,Software Bug,Development,Portal,105.0,10.0,293,4
TCKT-134185,Low,Access Request,Development,Portal,228.0,15.0,234,0
TCKT-126094,Critical,Access Request,Development,Email,51.0,19.0,262,4
TCKT-114006,Critical,Network Issue,Development,Portal,44.0,2.0,312,4
TCKT-110795,Critical,Hardware Failure,Development,Email,58.0,6.0,321,4
TCKT-188937,Critical,Software Bug,Customer Service,Portal,41.0,12.0,211,3
TCKT-189812,High,Software Bug,Development,Chat,113.0,21.0,265,2
TCKT-142043,Medium,Access Request,Network Ops,Email,179.0,8.0,162,1
TCKT-148718,Medium,Software Bug,IT Support,Chat,163.0,9.0,174,1
TCKT-166065,High,General Inquiry,Network Ops,Email,116.0,19.0,212,2
TCKT-121454,Medium,General Inquiry,Network Ops,Email,175.0,15.0,143,0
TCKT-174076,Medium,Hardware Failure,IT Support,Portal,176.0,12.0,273,4
TCKT-134821,Medium,Access Request,Security,Portal,165.0,0.0,174,1
TCKT-130034,Medium,Network Issue,Customer Service,Chat,176.0,19.0,161,0
TCKT-157384,Critical,Hardware Failure,Customer Service,Email,60.0,19.0,188,2
TCKT-171316,Medium,Access Request,Development,Chat,168.0,17.0,182,0
TCKT-170951,Low,General Inquiry,Network Ops,Email,237.0,7.0,162,1
TCKT-166563,High,Software Bug,IT Support,Email,101.0,4.0,231,3
TCKT-157094,Critical,Network Issue,Customer Service,Portal,48.0,8.0,231,3
TCKT-107636,Medium,Hardware Failure,IT Support,Portal,163.0,20.0,265,4
TCKT-190217,Medium,Access Request,Customer Service,Phone,174.0,4.0,182,1
TCKT-135313,Low,Software Bug,Security,Portal,236.0,11.0,248,1
TCKT-179921,Critical,General Inquiry,IT Support,Portal,51.0,22.0,282,4
TCKT-102551,High,Software Bug,Development,Chat,109.0,17.0,189,2
TCKT-113033,Critical,Access Request,Customer Service,Portal,48.0,12.0,207,3
TCKT-118358,Critical,Software Bug,Security,Portal,54.0,9.0,222,3
TCKT-130843,Medium,General Inquiry,IT Support,Phone,171.0,16.0,295,4
TCKT-156404,High,Access Request,Network Ops,Phone,102.0,3.0,196,3
TCKT-119206,Medium,Network Issue,Customer Service,Portal,168.0,4.0,198,1
TCKT-127708,Critical,Software Bug,Development,Chat,54.0,19.0,211,2
TCKT-116363,High,Access Request,Network Ops,Phone,109.0,3.0,172,3
TCKT-120766,Low,Network Issue,Network Ops,Email,220.0,15.0,167,0
TCKT-146027,Low,Software Bug,Security,Phone,233.0,2.0,148,1
TCKT-179922,Critical,Access Request,Network Ops,Phone,41.0,19.0,210,2
TCKT-181195,Low,Hardware Failure,IT Support,Chat,236.0,13.0,204,0
TCKT-177061,Medium,Access Request,Network Ops,Phone,162.0,2.0,162,1
TCKT-125828,Critical,Software Bug,Customer Service,Portal,54.0,19.0,211,2
TCKT-112293,High,Access Request,Development,Phone,113.0,11.0,199,2
TCKT-135750,High,General Inquiry,IT Support,Portal,100.0,3.0,255,4
TCKT-175628,Medium,Hardware Failure,Security,Chat,170.0,16.0,154,0
TCKT-176857,High,General Inquiry,Customer Service,Portal,103.0,14.0,166,2
TCKT-151941,High,Software Bug,Security,Phone,116.0,16.0,177,2
TCKT-138256,High,Network Issue,Security,Chat,119.0,21.0,258,2
TCKT-121215,High,Hardware Failure,Customer Service,Phone,102.0,2.0,190,3
TCKT-106074,Medium,General Inquiry,Security,Email,172.0,20.0,211,0
TCKT-150429,Medium,Network Issue,Network Ops,Email,176.0,9.0,169,1
TCKT-109166,High,Access Request,Security,Chat,107.0,9.0,176,3
TCKT-143429,Medium,Hardware Failure,Security,Chat,174.0,18.0,248,2
TCKT-104485,Low,Hardware Failure,Customer Service,Chat,230.0,5.0,204,1
TCKT-106276,Medium,Access Request,Security,Chat,171.0,6.0,160,1
TCKT-121980,Medium,Access Request,Security,Portal,180.0,23.0,153,0
TCKT-137591,Medium,Hardware Failure,Security,Email,174.0,11.0,178,1
TCKT-173577,High,Network Issue,IT Support,Chat,107.0,19.0,253,2
TCKT-128011,Critical,Network Issue,Network Ops,Phone,52.0,3.0,223,3
TCKT-196298,High,General Inquiry,IT Support,Portal,115.0,13.0,222,2
TCKT-141189,Low,Access Request,Network Ops,Phone,228.0,3.0,129,1
TCKT-160000,Low,Software Bug,IT Support,Email,239.0,9.0,248,1
TCKT-190976,High,Access Request,Development,Portal,118.0,23.0,178,2
TCKT-197440,Medium,Hardware Failure,IT Support,Phone,167.0,4.0,217,1
TCKT-114424,Low,General Inquiry,Network Ops,Phone,237.0,8.0,116,1
TCKT-127885,Low,General Inquiry,IT Support,Phone,224.0,6.0,121,1
TCKT-152941,High,Software Bug,IT Support,Phone,112.0,17.0,261,4
TCKT-189006,Medium,Access Request,Development,Phone,180.0,10.0,181,1
TCKT-169566,Medium,General Inquiry,Network Ops,Phone,162.0,1.0,143,1
TCKT-165926,Low,Software Bug,IT Support,Phone,226.0,7.0,148,1
TCKT-154276,Medium,General Inquiry,Customer Service,Email,161.0,21.0,225,2
TCKT-194574,High,Hardware Failure,Development,Chat,110.0,11.0,171,2
TCKT-173073,Low,Access Request,Security,Portal,222.0,14.0,205,0
TCKT-145665,Low,Software Bug,Security,Portal,230.0,12.0,218,0
TCKT-127754,Low,Software Bug,Customer Service,Portal,239.0,5.0,130,1
TCKT-159311,Low,Software Bug,Security,Portal,222.0,8.0,148,1
TCKT-103947,Critical,General Inquiry,IT Support,Email,43.0,14.0,233,4
TCKT-144819,Critical,Software Bug,IT Support,Email,53.0,21.0,193,2
TCKT-160325,Low,Network Issue,IT Support,Phone,234.0,14.0,259,0
TCKT-180678,Low,Network Issue,IT Support,Portal,236.0,0.0,189,1
TCKT-106879,High,Access Request,Customer Service,Chat,106.0,2.0,192,3
TCKT-130538,Medium,Network Issue,Development,Chat,162.0,15.0,189,0
TCKT-170931,High,Software Bug,Network Ops,Phone,120.0,19.0,175,2
TCKT-137394,Medium,Access Request,Customer Service,Email,180.0,9.0,153,1
TCKT-193547,Critical,Access Request,Development,Email,48.0,1.0,210,3
TCKT-106407,High,General Inquiry,Network Ops,Chat,105.0,4.0,228,3
TCKT-157181,Low,Access Request,Security,Email,220.0,6.0,132,1
TCKT-111057,Low,General Inquiry,Customer Service,Portal,231.0,2.0,202,1
TCKT-136214,High,Network Issue,IT Support,Email,116.0,10.0,253,4
TCKT-166244,Low,General Inquiry,Security,Email,240.0,6.0,202,1
TCKT-161056,Medium,Software Bug,Development,Portal,178.0,18.0,174,0
TCKT-155099,Critical,Network Issue,Development,Portal,44.0,20.0,231,2
TCKT-162730,High,General Inquiry,Development,Email,100.0,4.0,166,3
TCKT-114848,Medium,Hardware Failure,Security,Chat,179.0,5.0,154,1
TCKT-121442,Medium,Network Issue,Development,Phone,173.0,16.0,279,4
TCKT-188860,Low,General Inquiry,Security,Email,236.0,2.0,121,1
TCKT-171072,Medium,Software Bug,Development,Chat,180.0,17.0,169,0
TCKT-123969,High,Software Bug,Network Ops,Chat,115.0,17.0,212,2
TCKT-151604,Critical,Network Issue,IT Support,Chat,42.0,10.0,279,4
TCKT-112448,Medium,General Inquiry,IT Support,Phone,166.0,2.0,267,4
TCKT-129462,High,Access Request,Network Ops,Email,113.0,2.0,192,3
TCKT-122749,Low,Hardware Failure,Network Ops,Phone,238.0,10.0,180,0
TCKT-184763,Medium,Software Bug,Network Ops,Email,163.0,21.0,169,0
TCKT-177113,Low,Software Bug,Security,Phone,223.0,15.0,179,0
TCKT-129131,High,Network Issue,IT Support,Portal,116.0,8.0,303,4
TCKT-148840,High,Network Issue,IT Support,Email,104.0,12.0,167,3
TCKT-154306,Critical,Software Bug,IT Support,Email,48.0,1.0,205,3
TCKT-142528,Critical,Hardware Failure,Network Ops,Portal,42.0,10.0,187,3
TCKT-106865,Low,General Inquiry,Network Ops,Portal,234.0,3.0,172,1
TCKT-146484,Low,Access Request,IT Support,Email,238.0,8.0,153,1
TCKT-173061,Critical,Network Issue,Security,Chat,56.0,15.0,223,2
TCKT-186055,Low,Access Request,Security,Portal,238.0,2.0,223,1
TCKT-170782,Critical,Hardware Failure,Network Ops,Chat,59.0,2.0,233,3
TCKT-172384,High,Software Bug,Customer Service,Chat,117.0,8.0,189,3
TCKT-148570,Critical,Hardware Failure,Network Ops,Portal,41.0,18.0,187,2
TCKT-108246,Medium,Network Issue,Security,Phone,162.0,16.0,259,4
TCKT-140484,High,General Inquiry,Customer Service,Chat,112.0,21.0,166,2
TCKT-136549,Low,General Inquiry,Security,Phone,239.0,10.0,202,1
TCKT-182224,Critical,Hardware Failure,Customer Service,Portal,40.0,16.0,233,2
TCKT-116466,Critical,General Inquiry,Network Ops,Portal,57.0,13.0,226,2
TCKT-116286,Critical,General Inquiry,Development,Chat,55.0,21.0,231,2
TCKT-157025,Critical,Network Issue,Network Ops,Portal,41.0,21.0,223,2
TCKT-135571,High,Software Bug,IT Support,Phone,107.0,11.0,189,2
TCKT-181381,Low,Access Request,Security,Email,239.0,23.0,135,0
TCKT-174210,Critical,Access Request,IT Support,Portal,56.0,18.0,271,4
TCKT-115348,Critical,Access Request,IT Support,Portal,49.0,11.0,237,4
TCKT-168739,Low,Network Issue,Security,Phone,227.0,8.0,189,1
TCKT-187940,High,Software Bug,IT Support,Email,106.0,0.0,189,3
TCKT-183755,Low,Access Request,Security,Chat,226.0,2.0,205,1
TCKT-133469,Low,Access Request,IT Support,Email,228.0,7.0,219,1
TCKT-152730,Critical,Network Issue,Customer Service,Phone,51.0,14.0,231,3
TCKT-151936,Medium,Hardware Failure,Network Ops,Chat,169.0,9.0,207,1
TCKT-177868,Low,Hardware Failure,Customer Service,Chat,228.0,16.0,167,0
TCKT-115316,Low,Network Issue,Security,Chat,222.0,4.0,153,1
TCKT-156357,Critical,Software Bug,Customer Service,Phone,55.0,17.0,205,2
TCKT-177538,High,Access Request,Customer Service,Portal,111.0,19.0,196,2
TCKT-113350,Medium,General Inquiry,Customer Service,Email,166.0,1.0,183,1
TCKT-189511,High,Network Issue,Development,Chat,103.0,21.0,219,2
TCKT-134907,Low,General Inquiry,Security,Portal,226.0,10.0,186,1
TCKT-155734,High,Hardware Failure,Customer Service,Email,101.0,6.0,211,3
TCKT-194083,Critical,General Inquiry,Customer Service,Email,48.0,15.0,251,4
TCKT-117722,Medium,Hardware Failure,Network Ops,Email,180.0,14.0,187,0
TCKT-101392,Medium,Software Bug,Security,Portal,175.0,3.0,178,1
TCKT-121792,Medium,Access Request,Development,Email,161.0,10.0,160,1
TCKT-169936,Medium,Software Bug,Network Ops,Chat,171.0,1.0,167,1
TCKT-193834,Medium,General Inquiry,Customer Service,Phone,180.0,2.0,143,1
TCKT-195995,Medium,Access Request,Security,Email,160.0,18.0,153,0
TCKT-170154,Critical,Network Issue,Network Ops,Phone,51.0,16.0,203,2
TCKT-153649,Low,General Inquiry,Development,Email,224.0,0.0,202,1
TCKT-148110,Low,Network Issue,Customer Service,Phone,233.0,17.0,203,0
TCKT-186630,Low,Software Bug,IT Support,Chat,222.0,14.0,164,0
TCKT-110742,Medium,General Inquiry,Customer Service,Portal,169.0,13.0,229,1
TCKT-135597,Low,Hardware Failure,Security,Portal,234.0,12.0,159,0
TCKT-190814,Medium,Network Issue,IT Support,Portal,162.0,10.0,273,4
TCKT-142790,High,Access Request,IT Support,Phone,108.0,11.0,199,2
TCKT-113106,High,Access Request,IT Support,Portal,116.0,22.0,185,2
TCKT-155670,Medium,Network Issue,Security,Portal,179.0,15.0,189,0
TCKT-189130,Low,Access Request,Development,Chat,239.0,19.0,135,0
TCKT-188251,Low,Hardware Failure,Network Ops,Chat,237.0,5.0,180,1
TCKT-150159,High,Access Request,Network Ops,Portal,107.0,5.0,192,3
TCKT-117566,Low,General Inquiry,IT Support,Email,227.0,21.0,172,0
TCKT-123825,Critical,Access Request,Security,Email,43.0,18.0,181,2
TCKT-177478,High,Network Issue,Customer Service,Chat,108.0,2.0,189,3
TCKT-151829,Medium,Access Request,Customer Service,Phone,177.0,16.0,162,0
TCKT-166269,Medium,Hardware Failure,IT Support,Chat,178.0,19.0,237,2
TCKT-100141,Low,Hardware Failure,IT Support,Phone,230.0,0.0,264,1
TCKT-172916,High,Software Bug,Customer Service,Portal,106.0,2.0,189,3
TCKT-175880,High,General Inquiry,Security,Portal,118.0,6.0,229,3
TCKT-122777,Low,Hardware Failure,Network Ops,Phone,228.0,3.0,163,1
TCKT-163900,Low,General Inquiry,Development,Chat,235.0,16.0,121,0
TCKT-163341,High,General Inquiry,Customer Service,Phone,111.0,4.0,213,3
TCKT-130852,Critical,Network Issue,Security,Email,44.0,4.0,197,3
TCKT-152064,Medium,Access Request,Security,Phone,179.0,0.0,146,1
TCKT-148826,High,General Inquiry,Development,Phone,114.0,14.0,235,4
TCKT-187607,Critical,Access Request,Network Ops,Portal,44.0,8.0,215,3
TCKT-160270,High,Access Request,IT Support,Portal,109.0,15.0,199,2
TCKT-171469,High,Software Bug,IT Support,Phone,119.0,14.0,189,2
TCKT-138523,Critical,General Inquiry,Customer Service,Phone,47.0,16.0,222,2
TCKT-120271,Medium,Network Issue,Network Ops,Phone,175.0,1.0,189,1
TCKT-167464,High,Hardware Failure,IT Support,Phone,117.0,10.0,180,3
TCKT-130069,High,Hardware Failure,Development,Phone,120.0,1.0,171,3
TCKT-119796,High,Hardware Failure,Development,Email,103.0,17.0,180,2
TCKT-118651,Critical,Network Issue,Security,Portal,53.0,18.0,263,4
TCKT-169770,High,Software Bug,Security,Portal,110.0,15.0,255,2
TCKT-104414,Low,Hardware Failure,Network Ops,Email,224.0,1.0,195,1
TCKT-113779,High,Software Bug,Security,Email,116.0,11.0,259,4
TCKT-194202,High,General Inquiry,IT Support,Chat,102.0,18.0,229,2
TCKT-182565,Critical,Access Request,Development,Phone,55.0,19.0,181,2
TCKT-168029,High,Software Bug,Development,Chat,116.0,14.0,177,2
TCKT-174236,Medium,Software Bug,Network Ops,Email,167.0,20.0,192,2
TCKT-155939,Medium,Network Issue,Customer Service,Chat,160.0,4.0,161,1
TCKT-136888,High,Hardware Failure,Customer Service,Phone,113.0,11.0,171,3
TCKT-131752,Critical,Network Issue,IT Support,Chat,57.0,14.0,253,4
TCKT-181568,Low,General Inquiry,Security,Phone,226.0,8.0,116,1
TCKT-188198,Low,Hardware Failure,Security,Email,226.0,12.0,180,0
TCKT-100572,Critical,Access Request,IT Support,Email,42.0,4.0,260,3
TCKT-190567,Critical,General Inquiry,Security,Email,57.0,8.0,226,3
TCKT-166925,Low,Network Issue,Development,Portal,236.0,8.0,284,4
TCKT-184914,Critical,General Inquiry,Security,Chat,50.0,3.0,226,3
TCKT-147228,Medium,Hardware Failure,IT Support,Portal,179.0,16.0,154,0
TCKT-126314,Critical,Network Issue,IT Support,Portal,49.0,0.0,197,3
TCKT-156361,Medium,Network Issue,Customer Service,Chat,166.0,1.0,189,1
TCKT-134709,Critical,Hardware Failure,Customer Service,Phone,40.0,5.0,233,3
TCKT-144900,Critical,Software Bug,Customer Service,Chat,48.0,19.0,222,2
TCKT-164916,Critical,Access Request,Customer Service,Email,55.0,21.0,181,2
TCKT-148530,Medium,Software Bug,IT Support,Phone,166.0,18.0,259,4
TCKT-179517,Medium,Software Bug,Development,Phone,175.0,22.0,255,2
TCKT-167094,Critical,Software Bug,Development,Portal,51.0,2.0,207,3
TCKT-118846,Critical,Software Bug,Development,Phone,48.0,13.0,209,2
TCKT-100250,Medium,Access Request,Development,Phone,169.0,8.0,255,4
TCKT-150464,High,Hardware Failure,IT Support,Chat,111.0,9.0,236,4
TCKT-193317,Medium,Access Request,Network Ops,Phone,161.0,20.0,160,0
TCKT-142170,Low,General Inquiry,Security,Chat,233.0,5.0,186,1
TCKT-128933,Low,Access Request,Customer Service,Phone,233.0,0.0,129,1
TCKT-130088,High,General Inquiry,Customer Service,Chat,118.0,6.0,213,3
TCKT-106215,High,Software Bug,Security,Chat,106.0,23.0,212,2
TCKT-176596,Low,Network Issue,Customer Service,Email,222.0,4.0,189,1
TCKT-186997,Low,General Inquiry,IT Support,Phone,235.0,13.0,205,0
TCKT-111885,High,Network Issue,Security,Portal,115.0,16.0,237,2
TCKT-132041,High,Network Issue,Customer Service,Chat,111.0,23.0,189,2
TCKT-174897,High,Network Issue,IT Support,Chat,113.0,2.0,223,3
TCKT-178156,Low,Software Bug,Network Ops,Phone,240.0,5.0,148,1
TCKT-163978,Critical,Software Bug,Development,Phone,57.0,9.0,205,3
TCKT-170336,Low,Network Issue,Customer Service,Portal,228.0,10.0,189,0
TCKT-181761,High,Access Request,Customer Service,Phone,104.0,20.0,176,2
TCKT-123463,Low,Hardware Failure,IT Support,Portal,235.0,9.0,288,4
TCKT-180633,High,Network Issue,Security,Portal,106.0,18.0,191,2
TCKT-121983,Low,General Inquiry,Security,Chat,237.0,18.0,179,0
TCKT-118632,Medium,Hardware Failure,Security,Portal,164.0,4.0,178,1
TCKT-161037,Critical,Software Bug,Development,Email,42.0,7.0,203,3
TCKT-165407,Low,Software Bug,IT Support,Chat,236.0,0.0,248,1
TCKT-171664,Critical,Hardware Failure,Network Ops,Email,59.0,16.0,188,2
TCKT-135056,Low,General Inquiry,Network Ops,Phone,235.0,7.0,202,1
TCKT-192579,Medium,Network Issue,Customer Service,Phone,177.0,2.0,189,1
TCKT-133503,Medium,Network Issue,Network Ops,Portal,173.0,15.0,186,0
TCKT-122522,Medium,Software Bug,Security,Email,172.0,0.0,237,1
TCKT-151637,Medium,Hardware Failure,Security,Email,164.0,6.0,161,1
TCKT-169753,Medium,Network Issue,Development,Email,165.0,0.0,189,1
TCKT-120761,Critical,Software Bug,Development,Chat,45.0,16.0,222,2
TCKT-161443,Medium,Hardware Failure,IT Support,Email,164.0,3.0,243,1
TCKT-148935,High,Network Issue,Network Ops,Phone,113.0,20.0,188,2
TCKT-188262,Medium,Software Bug,Customer Service,Email,175.0,10.0,175,1
TCKT-174033,Low,Hardware Failure,Network Ops,Email,236.0,2.0,167,1
TCKT-160086,High,Network Issue,Network Ops,Chat,100.0,17.0,210,2
TCKT-176074,Low,Network Issue,Customer Service,Portal,234.0,3.0,181,1
TCKT-113481,Medium,Network Issue,Network Ops,Chat,173.0,21.0,198,0
TCKT-117752,Critical,Network Issue,Security,Email,43.0,22.0,217,2
TCKT-142113,Low,Hardware Failure,Security,Chat,232.0,11.0,166,0
TCKT-133601,High,Software Bug,Customer Service,Chat,114.0,21.0,220,2
TCKT-141871,High,Network Issue,Customer Service,Portal,116.0,5.0,191,3
TCKT-138568,High,Network Issue,Network Ops,Email,107.0,8.0,189,3
TCKT-119149,Critical,Hardware Failure,Security,Portal,48.0,10.0,233,3
TCKT-106069,Critical,Network Issue,Customer Service,Email,48.0,22.0,232,2
TCKT-115391,Low,Software Bug,Customer Service,Portal,225.0,22.0,165,0
TCKT-157566,Medium,Access Request,Customer Service,Phone,163.0,1.0,181,1
TCKT-120357,High,Software Bug,Customer Service,Chat,100.0,3.0,177,3
TCKT-175068,Critical,Software Bug,Development,Portal,41.0,2.0,292,4
TCKT-156043,Medium,Network Issue,Security,Portal,167.0,10.0,204,1
TCKT-145818,Low,General Inquiry,Customer Service,Portal,222.0,18.0,116,0
TCKT-167468,Critical,General Inquiry,IT Support,Phone,48.0,14.0,222,4
TCKT-160363,Low,Network Issue,Network Ops,Portal,240.0,12.0,157,0
TCKT-110172,Critical,Access Request,Customer Service,Phone,49.0,18.0,233,2
TCKT-118394,Low,Access Request,IT Support,Portal,240.0,2.0,216,1
TCKT-122989,High,Access Request,IT Support,Email,106.0,2.0,199,3
TCKT-163465,Critical,Hardware Failure,IT Support,Phone,47.0,2.0,243,3
TCKT-190364,Low,Access Request,Development,Phone,234.0,13.0,117,0
TCKT-174195,Critical,Access Request,Customer Service,Phone,53.0,14.0,181,3
TCKT-193136,Critical,Hardware Failure,Security,Chat,49.0,2.0,218,3
TCKT-190755,Critical,General Inquiry,IT Support,Chat,42.0,18.0,306,4
TCKT-197052,High,Access Request,Network Ops,Email,110.0,14.0,172,2
TCKT-119163,High,General Inquiry,Customer Service,Phone,110.0,7.0,229,3
TCKT-174609,Medium,General Inquiry,Network Ops,Portal,176.0,21.0,229,2
TCKT-192098,Medium,Hardware Failure,Network Ops,Portal,179.0,7.0,178,1
TCKT-140855,High,Hardware Failure,Security,Chat,100.0,13.0,241,2
TCKT-105134,High,Software Bug,Security,Phone,120.0,1.0,189,3
TCKT-189880,Low,General Inquiry,Network Ops,Phone,238.0,5.0,162,1
TCKT-192612,Medium,General Inquiry,Customer Service,Portal,170.0,2.0,188,1
TCKT-156539,High,Network Issue,Network Ops,Portal,108.0,6.0,219,3
TCKT-142647,Critical,Hardware Failure,IT Support,Phone,40.0,13.0,296,4
TCKT-193418,High,Network Issue,Development,Chat,115.0,22.0,189,2
TCKT-111838,High,General Inquiry,Development,Portal,117.0,16.0,228,2
TCKT-184159,Low,Access Request,Network Ops,Chat,231.0,4.0,117,1
TCKT-149682,High,Access Request,IT Support,Email,102.0,4.0,172,3
TCKT-109588,High,Software Bug,Development,Email,120.0,17.0,189,2
TCKT-108083,Medium,Hardware Failure,Development,Chat,178.0,15.0,207,0
TCKT-110526,High,Hardware Failure,Network Ops,Chat,110.0,1.0,190,3
TCKT-188582,Critical,General Inquiry,Network Ops,Email,56.0,23.0,279,4
TCKT-109994,High,Software Bug,IT Support,Email,117.0,3.0,189,3
TCKT-192207,Critical,General Inquiry,Customer Service,Portal,56.0,4.0,251,3
TCKT-132336,Critical,Hardware Failure,Network Ops,Chat,58.0,10.0,218,3
TCKT-192131,High,Network Issue,IT Support,Phone,117.0,17.0,266,4
TCKT-122610,Medium,Hardware Failure,IT Support,Phone,176.0,12.0,187,0
TCKT-132982,Critical,Access Request,Security,Portal,43.0,0.0,181,3
TCKT-142692,Medium,Hardware Failure,Development,Portal,164.0,19.0,235,2
TCKT-187273,Medium,Software Bug,Customer Service,Phone,167.0,5.0,166,1
TCKT-169891,Medium,Access Request,Security,Email,166.0,19.0,251,2
TCKT-115843,Critical,Hardware Failure,Security,Phone,42.0,20.0,218,2
TCKT-175098,Medium,General Inquiry,Network Ops,Portal,166.0,18.0,225,2
TCKT-170606,Low,Software Bug,IT Support,Phone,232.0,20.0,220,0
TCKT-163960,High,Network Issue,Development,Chat,116.0,2.0,248,3
TCKT-159543,Low,Hardware Failure,Development,Email,221.0,5.0,195,1
TCKT-166801,Low,General Inquiry,Customer Service,Email,234.0,9.0,202,1
TCKT-106526,Low,Access Request,Security,Phone,237.0,9.0,199,0
TCKT-104162,Low,Software Bug,Development,Email,231.0,18.0,164,0
TCKT-198831,Critical,Network Issue,Customer Service,Chat,46.0,11.0,203,3
TCKT-150354,Medium,Network Issue,Security,Chat,179.0,3.0,200,1
TCKT-156859,Low,Network Issue,Network Ops,Email,230.0,20.0,189,0
TCKT-163655,Low,Hardware Failure,Security,Portal,227.0,12.0,274,4
TCKT-130831,Critical,Hardware Failure,Security,Phone,43.0,8.0,188,3
TCKT-155029,Medium,Hardware Failure,IT Support,Email,174.0,0.0,234,1
TCKT-135008,Medium,Software Bug,Network Ops,Chat,175.0,11.0,192,1
TCKT-168078,High,Access Request,Security,Phone,112.0,0.0,199,3
TCKT-159983,Medium,General Inquiry,Development,Portal,179.0,5.0,193,1
TCKT-153361,Medium,Network Issue,Development,Portal,168.0,7.0,189,1
TCKT-137088,Low,Access Request,Customer Service,Chat,227.0,0.0,149,1
TCKT-162375,Medium,General Inquiry,Network Ops,Email,176.0,11.0,180,1
TCKT-131569,Low,General Inquiry,Network Ops,Email,222.0,8.0,179,1
TCKT-152003,High,General Inquiry,Security,Chat,119.0,10.0,219,3
TCKT-146271,Critical,Network Issue,Development,Chat,51.0,6.0,231,3
TCKT-133918,Medium,Software Bug,Customer Service,Email,172.0,12.0,175,0
TCKT-113759,High,General Inquiry,Security,Phone,109.0,17.0,212,2
TCKT-117875,Critical,Access Request,Security,Portal,48.0,18.0,280,4
TCKT-116818,Low,Network Issue,IT Support,Chat,226.0,0.0,237,1
TCKT-129364,High,Hardware Failure,Network Ops,Portal,110.0,12.0,212,2
TCKT-126387,Low,Software Bug,Customer Service,Portal,228.0,8.0,165,1
TCKT-162484,Medium,General Inquiry,IT Support,Chat,169.0,2.0,267,4
TCKT-178236,Medium,Software Bug,Network Ops,Email,165.0,15.0,174,0
TCKT-106221,Medium,Access Request,IT Support,Chat,166.0,11.0,244,4
TCKT-184607,Critical,General Inquiry,IT Support,Phone,55.0,2.0,226,3
TCKT-199011,Critical,Network Issue,Network Ops,Email,53.0,8.0,223,3
TCKT-163016,High,Access Request,Customer Service,Chat,118.0,16.0,176,2
TCKT-166011,High,General Inquiry,Network Ops,Chat,119.0,19.0,229,2
TCKT-193057,Critical,Access Request,IT Support,Chat,57.0,6.0,271,4
TCKT-193102,High,Network Issue,Development,Phone,119.0,9.0,219,3
TCKT-157037,High,Network Issue,Customer Service,Phone,103.0,5.0,188,3
TCKT-123649,Low,General Inquiry,Network Ops,Email,234.0,18.0,179,0
TCKT-103062,Low,Hardware Failure,Network Ops,Phone,224.0,12.0,199,0
TCKT-105531,Critical,Access Request,Network Ops,Chat,49.0,9.0,207,3
TCKT-190146,Medium,Access Request,Development,Email,169.0,6.0,160,1
TCKT-169763,High,Access Request,Customer Service,Email,104.0,22.0,172,2
TCKT-102877,High,Access Request,Development,Email,118.0,19.0,199,2
TCKT-130899,Critical,Access Request,Customer Service,Phone,42.0,18.0,204,2
TCKT-125978,Medium,Access Request,Development,Chat,175.0,8.0,255,4
TCKT-143934,Low,Software Bug,IT Support,Email,236.0,16.0,130,0
TCKT-124385,Critical,General Inquiry,Customer Service,Chat,59.0,17.0,210,2
TCKT-128655,Medium,General Inquiry,Network Ops,Email,173.0,10.0,188,1
TCKT-155334,High,Network Issue,Customer Service,Chat,118.0,9.0,197,3
TCKT-170346,Medium,Network Issue,Network Ops,Phone,172.0,0.0,204,1
TCKT-166325,High,Software Bug,IT Support,Portal,111.0,10.0,259,4
TCKT-157847,Low,General Inquiry,Customer Service,Email,223.0,23.0,121,0
TCKT-163168,High,Hardware Failure,Development,Chat,110.0,22.0,180,2
TCKT-154914,Low,Software Bug,Network Ops,Phone,222.0,21.0,130,0
TCKT-164565,High,Hardware Failure,Network Ops,Chat,103.0,15.0,171,2
TCKT-160654,Critical,Network Issue,Network Ops,Email,54.0,0.0,217,3
TCKT-193690,Medium,Software Bug,Customer Service,Email,177.0,22.0,174,0
TCKT-130660,Low,Network Issue,Network Ops,Chat,227.0,20.0,144,0
TCKT-174865,High,General Inquiry,Customer Service,Portal,112.0,1.0,219,3
TCKT-143623,Medium,Software Bug,IT Support,Email,164.0,13.0,174,0
TCKT-162698,Low,Hardware Failure,Network Ops,Email,228.0,0.0,199,1
TCKT-117903,Low,Hardware Failure,Network Ops,Phone,237.0,1.0,204,1
TCKT-154805,High,Software Bug,IT Support,Chat,115.0,17.0,296,4
TCKT-186046,High,Hardware Failure,Customer Service,Email,116.0,12.0,211,3
TCKT-108823,Low,Software Bug,Network Ops,Phone,227.0,15.0,130,0
TCKT-177362,Low,Software Bug,Security,Email,232.0,18.0,180,0
TCKT-178095,Medium,Hardware Failure,Network Ops,Portal,162.0,2.0,207,1
TCKT-140527,Medium,General Inquiry,Security,Chat,178.0,16.0,229,0
TCKT-189508,Critical,Software Bug,IT Support,Chat,47.0,4.0,287,4
TCKT-163099,Low,Access Request,Customer Service,Chat,226.0,17.0,135,0
TCKT-103911,High,Network Issue,Customer Service,Portal,117.0,5.0,197,3
TCKT-171182,Low,Software Bug,IT Support,Chat,227.0,6.0,180,1
TCKT-102327,Critical,General Inquiry,Customer Service,Chat,41.0,3.0,222,3
TCKT-135950,High,Access Request,Network Ops,Email,110.0,20.0,196,2
TCKT-101418,High,Software Bug,Customer Service,Chat,100.0,13.0,212,2
TCKT-193115,High,Access Request,Customer Service,Email,102.0,20.0,196,2
TCKT-189871,Low,Hardware Failure,Network Ops,Chat,232.0,0.0,199,1
TCKT-152834,Critical,Network Issue,Network Ops,Phone,50.0,19.0,223,2
TCKT-133898,Medium,Access Request,Security,Portal,171.0,7.0,174,1
TCKT-149672,High,Network Issue,Development,Email,113.0,13.0,167,2
TCKT-132725,Low,Hardware Failure,Development,Phone,240.0,18.0,247,0
TCKT-119937,Medium,Software Bug,Development,Phone,167.0,5.0,174,1
TCKT-135444,Medium,General Inquiry,Customer Service,Portal,166.0,13.0,183,0
TCKT-129540,High,General Inquiry,IT Support,Chat,100.0,0.0,275,4
TCKT-196730,Low,Access Request,Customer Service,Phone,235.0,21.0,148,0
TCKT-107762,Critical,Access Request,IT Support,Chat,60.0,23.0,263,2
TCKT-153004,Medium,Hardware Failure,Development,Chat,176.0,2.0,178,1
TCKT-108545,Low,Hardware Failure,Security,Email,232.0,2.0,180,1
TCKT-135607,Medium,Software Bug,Customer Service,Portal,163.0,18.0,178,0
TCKT-114953,Critical,Software Bug,Customer Service,Chat,44.0,11.0,205,3
TCKT-131756,High,Access Request,Network Ops,Chat,103.0,9.0,192,3
TCKT-136870,Low,Hardware Failure,Development,Email,227.0,17.0,159,0
TCKT-116973,Medium,General Inquiry,Network Ops,Chat,173.0,12.0,211,1
TCKT-138585,High,Access Request,Security,Email,111.0,7.0,178,3
TCKT-153951,High,General Inquiry,Development,Chat,103.0,17.0,212,2
TCKT-104917,High,Access Request,Network Ops,Portal,114.0,0.0,192,3
TCKT-138977,Low,General Inquiry,Network Ops,Portal,229.0,23.0,121,0
TCKT-179504,High,Access Request,Development,Chat,108.0,6.0,266,4
TCKT-198366,Low,General Inquiry,Security,Chat,227.0,5.0,272,1
TCKT-112633,High,Software Bug,Network Ops,Phone,114.0,2.0,177,3
TCKT-171782,Low,General Inquiry,Network Ops,Phone,237.0,16.0,172,0
TCKT-140563,High,Network Issue,Security,Chat,105.0,16.0,189,2
TCKT-170737,Medium,Software Bug,Network Ops,Phone,173.0,3.0,192,1
TCKT-114207,High,General Inquiry,Customer Service,Chat,111.0,5.0,219,3
TCKT-134077,Medium,Access Request,Customer Service,Portal,166.0,9.0,146,1
TCKT-113299,Critical,Software Bug,Network Ops,Email,48.0,15.0,222,2
TCKT-100931,High,General Inquiry,Security,Chat,106.0,15.0,235,2
TCKT-126496,High,Network Issue,Network Ops,Phone,108.0,21.0,219,2
TCKT-130157,High,Hardware Failure,Customer Service,Phone,101.0,10.0,180,3
TCKT-112440,High,Hardware Failure,Customer Service,Email,109.0,0.0,201,3
TCKT-100349,High,Access Request,Network Ops,Portal,100.0,12.0,172,2
TCKT-165193,Medium,Network Issue,Security,Email,173.0,12.0,270,4
TCKT-176622,Critical,General Inquiry,Network Ops,Email,56.0,10.0,226,3
TCKT-174389,Critical,Software Bug,Security,Portal,51.0,6.0,203,3
TCKT-104955,Low,Hardware Failure,Customer Service,Phone,231.0,15.0,199,0
TCKT-149220,Low,General Inquiry,Development,Phone,228.0,0.0,162,1
TCKT-189599,High,General Inquiry,Development,Email,119.0,10.0,228,3
TCKT-130617,Critical,Software Bug,Network Ops,Email,53.0,6.0,207,3
TCKT-165423,Medium,Network Issue,IT Support,Chat,167.0,2.0,169,1
TCKT-118532,Critical,Network Issue,Network Ops,Email,48.0,0.0,197,3
TCKT-151105,Medium,General Inquiry,IT Support,Chat,167.0,13.0,193,1
TCKT-109347,Low,Access Request,Customer Service,Phone,226.0,7.0,117,0
TCKT-187982,Medium,Network Issue,Security,Portal,160.0,18.0,189,0
TCKT-158267,High,Access Request,IT Support,Portal,100.0,11.0,262,4
TCKT-110510,Critical,Access Request,Security,Portal,47.0,19.0,204,2
TCKT-136035,Medium,General Inquiry,Customer Service,Phone,173.0,13.0,180,0
TCKT-102606,Low,Software Bug,Customer Service,Phone,231.0,8.0,165,0
TCKT-163258,Critical,Network Issue,IT Support,Chat,60.0,1.0,316,4
TCKT-137240,Medium,Hardware Failure,Security,Portal,168.0,13.0,178,0
TCKT-154441,High,Hardware Failure,Network Ops,Email,113.0,17.0,197,2
TCKT-163901,Low,Hardware Failure,Security,Portal,222.0,14.0,237,0
TCKT-154144,Medium,General Inquiry,Customer Service,Portal,175.0,0.0,143,1
TCKT-140365,Critical,Hardware Failure,IT Support,Chat,49.0,22.0,244,2
TCKT-113569,Critical,Access Request,Development,Portal,40.0,12.0,181,3
TCKT-109769,High,Network Issue,Customer Service,Phone,101.0,19.0,219,2
TCKT-175246,Critical,Network Issue,IT Support,Chat,43.0,14.0,301,4
TCKT-135339,High,General Inquiry,IT Support,Portal,107.0,3.0,235,3
TCKT-106364,Low,Network Issue,Security,Phone,230.0,16.0,223,0
TCKT-174672,High,Software Bug,IT Support,Chat,106.0,22.0,269,2
TCKT-178175,Medium,General Inquiry,IT Support,Email,169.0,18.0,211,0
TCKT-170363,Critical,Access Request,Network Ops,Email,55.0,16.0,181,2
TCKT-111303,Medium,Access Request,Security,Chat,161.0,12.0,251,4
TCKT-167890,Critical,Network Issue,Development,Email,51.0,10.0,217,3
TCKT-112662,Medium,Software Bug,Network Ops,Portal,166.0,23.0,166,0
TCKT-157786,Critical,Network Issue,Security,Phone,45.0,7.0,333,4
TCKT-123530,Low,Network Issue,Customer Service,Phone,220.0,22.0,151,0
TCKT-126865,Low,Network Issue,IT Support,Email,224.0,2.0,207,1
TCKT-121908,Critical,Network Issue,Customer Service,Email,52.0,7.0,223,3
TCKT-128283,Medium,Network Issue,Customer Service,Phone,170.0,7.0,189,1
TCKT-136502,High,Access Request,Network Ops,Portal,104.0,12.0,178,2
TCKT-117051,High,Network Issue,IT Support,Chat,114.0,16.0,281,4
TCKT-142637,High,Software Bug,Security,Portal,120.0,9.0,220,2
TCKT-165610,High,Access Request,Customer Service,Portal,104.0,11.0,216,2
TCKT-176507,Critical,Software Bug,Security,Email,53.0,9.0,209,3
TCKT-133711,Medium,Network Issue,Customer Service,Email,180.0,8.0,186,1
TCKT-161486,Critical,General Inquiry,Network Ops,Chat,44.0,16.0,226,2
TCKT-169251,High,General Inquiry,Customer Service,Portal,115.0,3.0,213,3
TCKT-142028,Low,Hardware Failure,IT Support,Chat,235.0,18.0,166,0
TCKT-180658,Low,Access Request,Network Ops,Chat,231.0,18.0,135,0
TCKT-147461,Medium,Software Bug,IT Support,Chat,167.0,7.0,250,4
TCKT-185690,Medium,Hardware Failure,Customer Service,Chat,161.0,8.0,183,1
TCKT-177096,Medium,Network Issue,Network Ops,Phone,160.0,5.0,204,1
TCKT-170976,Low,Access Request,Network Ops,Portal,230.0,18.0,135,0
TCKT-113906,Medium,Hardware Failure,Development,Portal,170.0,23.0,161,0
TCKT-163589,Critical,Software Bug,Development,Chat,43.0,8.0,207,3
TCKT-198321,Medium,Software Bug,Network Ops,Portal,179.0,20.0,166,0
TCKT-115372,Medium,General Inquiry,IT Support,Phone,161.0,19.0,227,2
TCKT-190636,Critical,Hardware Failure,IT Support,Phone,56.0,3.0,272,4
TCKT-182011,High,Hardware Failure,IT Support,Phone,101.0,3.0,264,4
TCKT-153643,Medium,Network Issue,Network Ops,Portal,177.0,2.0,200,1
TCKT-175677,Critical,Hardware Failure,Security,Email,57.0,3.0,240,3
TCKT-111998,Medium,Software Bug,Security,Chat,175.0,19.0,245,2
TCKT-180206,Low,Hardware Failure,Network Ops,Portal,235.0,22.0,204,0
TCKT-142160,Low,Hardware Failure,IT Support,Chat,232.0,18.0,222,0
TCKT-131354,Medium,Hardware Failure,IT Support,Email,176.0,16.0,237,2
TCKT-134010,High,Access Request,IT Support,Portal,103.0,15.0,232,2
TCKT-105337,High,Hardware Failure,Security,Phone,116.0,21.0,271,4
TCKT-187590,Low,Software Bug,Security,Portal,238.0,23.0,165,0
TCKT-179228,Medium,Software Bug,Customer Service,Portal,176.0,17.0,167,0
TCKT-174863,Medium,Network Issue,Development,Chat,162.0,21.0,204,0
TCKT-128067,High,Hardware Failure,IT Support,Portal,106.0,18.0,179,2
TCKT-179621,Low,Network Issue,Security,Email,220.0,4.0,223,1
TCKT-171965,High,Hardware Failure,Network Ops,Portal,115.0,16.0,197,2
TCKT-101380,Medium,Hardware Failure,Customer Service,Phone,165.0,6.0,187,1
TCKT-194881,Low,General Inquiry,IT Support,Chat,220.0,7.0,228,1
TCKT-124470,Low,Software Bug,Security,Phone,220.0,11.0,200,0
TCKT-153313,High,Network Issue,Development,Phone,110.0,21.0,210,2
TCKT-155367,High,Software Bug,Development,Chat,113.0,19.0,177,2
TCKT-164361,Low,Access Request,Security,Phone,235.0,18.0,117,0
TCKT-133252,High,Network Issue,Development,Email,102.0,11.0,210,3
TCKT-133288,Medium,Software Bug,Security,Email,173.0,19.0,167,0
TCKT-103340,High,General Inquiry,IT Support,Portal,107.0,14.0,166,2
TCKT-136160,Medium,Software Bug,Development,Email,172.0,5.0,178,1
TCKT-142156,Critical,Software Bug,Network Ops,Chat,60.0,3.0,205,3
TCKT-165269,Medium,General Inquiry,Customer Service,Portal,171.0,2.0,229,1
TCKT-126851,Critical,Network Issue,IT Support,Email,57.0,18.0,315,4
TCKT-136566,Critical,Network Issue,Customer Service,Portal,43.0,15.0,217,2
TCKT-190466,Low,Hardware Failure,Security,Phone,235.0,17.0,167,0
TCKT-158390,Medium,General Inquiry,Customer Service,Chat,172.0,19.0,211,0
TCKT-145124,Low,Hardware Failure,Security,Chat,232.0,15.0,180,0
TCKT-103657,High,Software Bug,Customer Service,Phone,102.0,14.0,175,2
TCKT-129057,Critical,Software Bug,IT Support,Email,57.0,14.0,265,4
TCKT-142969,Critical,Access Request,Network Ops,Email,50.0,2.0,181,3
TCKT-127014,High,Software Bug,IT Support,Email,103.0,11.0,231,2
TCKT-123844,Low,Access Request,Customer Service,Portal,239.0,17.0,135,0
TCKT-143457,Critical,Software Bug,Network Ops,Phone,43.0,12.0,193,2
TCKT-195346,Critical,Network Issue,Network Ops,Chat,49.0,1.0,197,3
TCKT-109575,Low,Access Request,Security,Email,226.0,5.0,205,1
TCKT-186209,Low,Hardware Failure,IT Support,Email,232.0,20.0,223,0
TCKT-141613,Medium,Hardware Failure,Development,Portal,176.0,6.0,189,1
TCKT-188915,High,Access Request,Customer Service,Portal,106.0,12.0,185,2
TCKT-121268,High,Network Issue,Network Ops,Chat,104.0,21.0,167,2
TCKT-176492,Critical,General Inquiry,Network Ops,Email,56.0,1.0,226,3
TCKT-106263,Medium,General Inquiry,IT Support,Phone,174.0,5.0,285,4
TCKT-121515,High,Hardware Failure,Security,Portal,107.0,21.0,201,2
TCKT-194367,Low,Access Request,Customer Service,Portal,238.0,1.0,135,1
TCKT-140177,Medium,Access Request,Development,Email,170.0,0.0,234,1
TCKT-123569,Critical,General Inquiry,Security,Portal,47.0,16.0,233,2
TCKT-157416,Low,General Inquiry,Development,Phone,230.0,9.0,162,1
TCKT-140985,Low,Hardware Failure,Network Ops,Portal,232.0,13.0,195,0
TCKT-164635,Medium,General Inquiry,Development,Portal,164.0,11.0,310,4
TCKT-190573,Critical,Hardware Failure,Development,Chat,44.0,4.0,269,4
TCKT-124865,Medium,Hardware Failure,Network Ops,Chat,168.0,2.0,154,1
TCKT-136742,Medium,Access Request,Security,Phone,177.0,17.0,162,0
TCKT-118026,Medium,Access Request,IT Support,Email,164.0,21.0,244,2
TCKT-199229,High,Access Request,IT Support,Phone,105.0,18.0,199,2
TCKT-111890,High,Software Bug,Customer Service,Chat,114.0,11.0,184,2
TCKT-162012,Critical,Network Issue,Security,Portal,48.0,2.0,302,4
TCKT-197393,High,Network Issue,Customer Service,Phone,114.0,19.0,167,2
TCKT-197076,Medium,Software Bug,Security,Chat,174.0,20.0,178,0
TCKT-163657,Low,Hardware Failure,Customer Service,Phone,226.0,7.0,195,1
TCKT-185556,Low,Network Issue,Customer Service,Chat,230.0,3.0,157,1
TCKT-162438,Low,Access Request,Development,Chat,237.0,8.0,198,1
TCKT-197659,Low,Hardware Failure,Security,Portal,222.0,18.0,195,0
TCKT-138647,High,Access Request,IT Support,Chat,107.0,16.0,216,2
TCKT-194428,Low,Hardware Failure,Security,Portal,223.0,19.0,180,0
TCKT-104706,Medium,Access Request,Security,Phone,175.0,9.0,232,1
TCKT-167940,Critical,Hardware Failure,IT Support,Chat,57.0,10.0,244,4
TCKT-138083,High,Software Bug,IT Support,Phone,119.0,13.0,245,4
TCKT-175034,Medium,Network Issue,Development,Portal,169.0,7.0,270,4
TCKT-198424,Critical,Network Issue,Customer Service,Email,42.0,4.0,217,3
TCKT-188631,Low,Access Request,Network Ops,Chat,226.0,22.0,149,0
TCKT-184947,Low,General Inquiry,Development,Phone,234.0,16.0,162,0
TCKT-142288,High,General Inquiry,Development,Phone,101.0,10.0,229,4
TCKT-136348,Critical,Software Bug,IT Support,Phone,48.0,21.0,211,2
TCKT-158178,Critical,Network Issue,IT Support,Email,58.0,17.0,288,4
TCKT-106022,Low,General Inquiry,Network Ops,Phone,234.0,15.0,116,0
TCKT-126640,Critical,Network Issue,Network Ops,Phone,56.0,5.0,232,3
TCKT-111378,Medium,Hardware Failure,Customer Service,Email,174.0,9.0,183,1
TCKT-189382,Low,Hardware Failure,Development,Portal,227.0,5.0,167,1
TCKT-163909,Low,Access Request,Security,Email,236.0,18.0,132,0
TCKT-176108,High,General Inquiry,IT Support,Email,102.0,10.0,284,4
TCKT-192332,High,Network Issue,Development,Phone,112.0,5.0,188,3
TCKT-117305,Low,Hardware Failure,Network Ops,Email,234.0,13.0,180,0
TCKT-109667,High,Network Issue,Development,Phone,113.0,17.0,229,2
TCKT-140846,Low,Software Bug,Development,Chat,228.0,21.0,178,0
TCKT-191889,High,Network Issue,Development,Portal,110.0,20.0,189,2
TCKT-148267,Medium,Software Bug,Network Ops,Chat,172.0,23.0,175,0
TCKT-178613,Medium,Network Issue,Development,Chat,161.0,0.0,161,1
TCKT-137967,Low,Access Request,Development,Email,228.0,0.0,148,1
TCKT-100409,Low,Network Issue,Security,Portal,228.0,1.0,189,1
TCKT-101816,Critical,Network Issue,Customer Service,Portal,54.0,4.0,197,3
TCKT-140466,Low,Hardware Failure,Security,Chat,229.0,10.0,163,1
TCKT-128187,Medium,Network Issue,IT Support,Chat,166.0,7.0,189,1
TCKT-132618,High,Software Bug,Development,Portal,101.0,2.0,270,4
TCKT-102891,Low,General Inquiry,Security,Portal,230.0,11.0,191,1
TCKT-199477,Medium,Access Request,IT Support,Chat,160.0,4.0,230,1
TCKT-119686,Critical,Hardware Failure,Customer Service,Phone,58.0,15.0,188,2
TCKT-152940,Critical,Access Request,IT Support,Phone,47.0,15.0,271,4
TCKT-112295,Low,General Inquiry,Network Ops,Chat,226.0,9.0,116,1
TCKT-120430,Medium,Software Bug,Development,Phone,165.0,19.0,248,2
TCKT-132719,Low,Software Bug,IT Support,Phone,238.0,16.0,235,0
TCKT-120865,High,Access Request,Network Ops,Portal,118.0,4.0,216,3
TCKT-174971,Critical,Network Issue,IT Support,Email,58.0,10.0,259,4
TCKT-169584,High,Access Request,Network Ops,Phone,113.0,3.0,199,3
TCKT-192990,Critical,Network Issue,Security,Phone,51.0,4.0,302,4
TCKT-198515,Critical,General Inquiry,Network Ops,Portal,52.0,9.0,210,3
TCKT-130422,High,Software Bug,Security,Chat,101.0,2.0,189,3
TCKT-168057,Critical,Access Request,Network Ops,Portal,51.0,9.0,210,3
TCKT-195092,High,Access Request,IT Support,Email,119.0,15.0,232,2
TCKT-193955,Critical,General Inquiry,Network Ops,Portal,40.0,14.0,251,4
TCKT-131865,Low,Software Bug,IT Support,Phone,224.0,20.0,221,0
TCKT-123923,Low,Software Bug,Network Ops,Phone,240.0,12.0,148,0
TCKT-193969,Low,General Inquiry,Customer Service,Phone,239.0,19.0,116,0
TCKT-115292,Critical,Software Bug,Security,Chat,59.0,16.0,263,4
TCKT-118441,Medium,General Inquiry,Customer Service,Portal,174.0,0.0,180,1
TCKT-180779,High,Hardware Failure,Customer Service,Phone,119.0,21.0,212,2
TCKT-188181,High,Network Issue,Security,Phone,103.0,22.0,210,2
TCKT-154209,Critical,Software Bug,IT Support,Chat,56.0,19.0,205,2
TCKT-165739,Critical,Hardware Failure,Development,Portal,55.0,2.0,268,4
TCKT-198985,Medium,General Inquiry,Customer Service,Chat,179.0,2.0,183,1
TCKT-180221,Medium,Access Request,Security,Chat,160.0,17.0,174,0
TCKT-184851,Low,Hardware Failure,Customer Service,Chat,228.0,9.0,199,1
TCKT-178026,Critical,Access Request,Development,Email,48.0,19.0,233,2
TCKT-109826,Low,General Inquiry,Customer Service,Chat,226.0,6.0,116,1
TCKT-123676,Medium,General Inquiry,Security,Chat,165.0,4.0,299,4
TCKT-190993,Critical,General Inquiry,IT Support,Phone,55.0,22.0,210,2
TCKT-189929,Medium,Software Bug,Network Ops,Email,176.0,23.0,178,0
TCKT-151865,High,Network Issue,IT Support,Portal,101.0,18.0,210,2
TCKT-138930,Critical,General Inquiry,Security,Email,46.0,15.0,321,4
TCKT-128756,Critical,Access Request,Security,Phone,53.0,21.0,215,2
TCKT-161560,Critical,Software Bug,Security,Portal,55.0,19.0,207,2
TCKT-150191,Low,Hardware Failure,Security,Phone,224.0,5.0,163,1
TCKT-123088,High,Access Request,IT Support,Email,100.0,23.0,216,2
TCKT-184694,High,Hardware Failure,Customer Service,Email,114.0,8.0,180,3
TCKT-134372,High,Hardware Failure,Development,Phone,107.0,10.0,212,3
TCKT-159519,Medium,Hardware Failure,Customer Service,Email,172.0,3.0,189,1
TCKT-156455,High,Network Issue,Development,Portal,109.0,11.0,300,4
TCKT-184481,Medium,Network Issue,Development,Phone,160.0,18.0,186,0
TCKT-123595,Critical,Software Bug,Security,Email,50.0,15.0,251,4
TCKT-148128,Critical,Software Bug,Development,Portal,50.0,18.0,292,4
TCKT-195982,Critical,Software Bug,Customer Service,Email,52.0,0.0,209,3
TCKT-187536,Medium,General Inquiry,Development,Chat,169.0,10.0,143,1
TCKT-133823,High,Hardware Failure,Security,Chat,117.0,4.0,180,3
TCKT-177704,Medium,Network Issue,Customer Service,Phone,173.0,3.0,169,1
TCKT-193755,Medium,Network Issue,Customer Service,Email,173.0,9.0,169,1
TCKT-143702,Low,Network Issue,Customer Service,Portal,228.0,3.0,157,1
TCKT-149004,Critical,General Inquiry,Security,Chat,45.0,7.0,222,3
TCKT-191667,High,General Inquiry,Network Ops,Chat,105.0,22.0,166,2
TCKT-180451,Medium,General Inquiry,Development,Email,169.0,13.0,180,1
TCKT-140031,Critical,Software Bug,Network Ops,Email,53.0,9.0,203,3
TCKT-165278,High,General Inquiry,Network Ops,Email,110.0,10.0,213,3
TCKT-169235,Low,Software Bug,Network Ops,Portal,233.0,6.0,179,1
TCKT-105621,High,Hardware Failure,Security,Email,105.0,12.0,211,2
TCKT-175064,Medium,Software Bug,Development,Portal,173.0,19.0,178,0
TCKT-167173,Critical,General Inquiry,Security,Phone,57.0,15.0,213,2
TCKT-174490,Critical,Network Issue,IT Support,Phone,57.0,14.0,316,4
TCKT-113405,Critical,Network Issue,Customer Service,Chat,56.0,10.0,231,3
TCKT-119571,Medium,Hardware Failure,IT Support,Chat,162.0,22.0,161,0
TCKT-153744,Low,Access Request,Security,Email,221.0,11.0,231,0
TCKT-181046,High,Access Request,Customer Service,Chat,105.0,17.0,199,2
TCKT-172443,Critical,Software Bug,IT Support,Chat,54.0,18.0,265,4
TCKT-118635,High,General Inquiry,IT Support,Email,116.0,12.0,212,2
TCKT-164810,High,General Inquiry,IT Support,Phone,102.0,9.0,283,4
TCKT-187452,Low,Access Request,Customer Service,Chat,238.0,5.0,148,1
TCKT-168385,Low,Software Bug,IT Support,Portal,231.0,10.0,186,1
TCKT-196666,Medium,Network Issue,Development,Phone,180.0,12.0,169,0
TCKT-173762,Critical,Network Issue,IT Support,Email,52.0,23.0,217,2
TCKT-193545,Low,Network Issue,Network Ops,Email,237.0,21.0,189,0
TCKT-147241,High,Hardware Failure,Customer Service,Phone,103.0,9.0,197,3
TCKT-140779,Critical,Network Issue,IT Support,Phone,55.0,10.0,263,4
TCKT-118151,High,Hardware Failure,IT Support,Portal,102.0,2.0,180,3
TCKT-129770,Low,Access Request,Customer Service,Portal,222.0,20.0,149,0
TCKT-194489,High,Network Issue,Customer Service,Phone,103.0,22.0,167,2
TCKT-136561,Medium,Network Issue,Security,Portal,178.0,10.0,200,1
TCKT-103593,Low,Network Issue,Security,Email,220.0,0.0,157,1
TCKT-189888,Critical,Access Request,Development,Portal,40.0,22.0,233,2
TCKT-177608,Critical,Software Bug,Customer Service,Email,57.0,0.0,203,3
TCKT-136704,Medium,Network Issue,Development,Phone,169.0,13.0,242,4
TCKT-112864,Low,Software Bug,Customer Service,Chat,226.0,5.0,164,1
TCKT-153198,Low,Software Bug,Network Ops,Phone,238.0,0.0,179,1
TCKT-141898,Medium,Access Request,Development,Email,161.0,13.0,182,0
TCKT-102394,Medium,Hardware Failure,Development,Portal,175.0,21.0,288,4
TCKT-143561,Critical,Software Bug,Customer Service,Phone,45.0,15.0,205,2
TCKT-116992,Critical,Network Issue,Customer Service,Phone,59.0,14.0,197,3
TCKT-158595,High,General Inquiry,Security,Phone,109.0,14.0,282,4
TCKT-194206,Low,Network Issue,IT Support,Portal,230.0,12.0,189,0
TCKT-111886,Low,General Inquiry,Development,Portal,224.0,4.0,202,1
TCKT-113093,Critical,Access Request,IT Support,Email,55.0,18.0,294,4
TCKT-197839,Medium,Network Issue,Security,Email,167.0,1.0,169,1
TCKT-185127,High,General Inquiry,Security,Chat,100.0,8.0,229,3
TCKT-137961,High,Network Issue,Customer Service,Portal,114.0,21.0,229,2
TCKT-124991,High,General Inquiry,Development,Portal,109.0,19.0,280,4
TCKT-105569,Low,Network Issue,Security,Portal,236.0,3.0,151,1
TCKT-191719,Critical,Access Request,IT Support,Email,55.0,15.0,265,4
TCKT-125850,High,Software Bug,Development,Phone,107.0,10.0,266,4
TCKT-137981,High,Network Issue,Network Ops,Chat,117.0,22.0,167,2
TCKT-157915,Low,Software Bug,IT Support,Portal,226.0,4.0,204,1
TCKT-117149,Critical,Network Issue,Security,Phone,44.0,18.0,263,4
TCKT-189439,Critical,General Inquiry,Customer Service,Portal,57.0,9.0,226,3
TCKT-172985,High,General Inquiry,Security,Chat,101.0,19.0,289,4
TCKT-107122,High,Network Issue,Customer Service,Phone,117.0,9.0,191,3
TCKT-146102,Critical,Access Request,IT Support,Chat,51.0,10.0,215,3
TCKT-165032,High,Software Bug,Security,Portal,102.0,17.0,220,2
TCKT-169718,Low,Software Bug,IT Support,Email,221.0,0.0,263,1
TCKT-183117,Low,Hardware Failure,Network Ops,Portal,230.0,6.0,204,1
TCKT-176971,Critical,Access Request,IT Support,Email,45.0,23.0,271,4
TCKT-128338,Critical,Software Bug,Network Ops,Portal,60.0,2.0,193,3
TCKT-136750,Medium,Hardware Failure,Development,Email,175.0,6.0,207,1
TCKT-116768,Critical,Software Bug,IT Support,Chat,48.0,16.0,181,2
TCKT-164078,High,Access Request,Network Ops,Chat,102.0,15.0,199,2
TCKT-150749,High,Hardware Failure,Network Ops,Chat,109.0,21.0,212,2
TCKT-141055,Critical,Software Bug,Customer Service,Chat,48.0,13.0,181,3
TCKT-105006,High,Software Bug,Network Ops,Portal,105.0,23.0,220,2
TCKT-120228,High,Network Issue,Network Ops,Chat,100.0,19.0,210,2
TCKT-192196,Critical,Hardware Failure,Customer Service,Phone,55.0,21.0,187,2
TCKT-123109,High,Network Issue,Customer Service,Portal,119.0,18.0,188,2
TCKT-115511,Low,Software Bug,IT Support,Chat,230.0,14.0,264,4
TCKT-172981,Low,Access Request,Development,Phone,227.0,9.0,213,0
TCKT-195521,Medium,Network Issue,Security,Email,166.0,17.0,200,0
TCKT-167256,High,Network Issue,Network Ops,Email,114.0,11.0,188,3
TCKT-102093,Low,Software Bug,Security,Phone,227.0,14.0,164,0
TCKT-121956,High,Software Bug,Network Ops,Portal,112.0,18.0,177,2
TCKT-186126,Medium,Software Bug,Customer Service,Portal,163.0,14.0,174,0
TCKT-114964,Low,General Inquiry,Network Ops,Portal,228.0,18.0,202,0
TCKT-129456,Medium,General Inquiry,Network Ops,Email,166.0,13.0,188,1
TCKT-111352,Medium,Software Bug,Customer Service,Portal,160.0,8.0,178,1
TCKT-108081,Low,Access Request,Network Ops,Chat,234.0,22.0,148,0
TCKT-174390,Low,Network Issue,Customer Service,Phone,234.0,21.0,157,0
TCKT-147688,Medium,Software Bug,IT Support,Chat,160.0,8.0,230,1
TCKT-187108,Low,Hardware Failure,Development,Portal,228.0,14.0,180,0
TCKT-179847,Critical,Software Bug,Security,Portal,45.0,11.0,251,4
TCKT-149372,Medium,Software Bug,Security,Portal,177.0,1.0,174,1
TCKT-100077,Low,Software Bug,Network Ops,Email,240.0,11.0,165,0
TCKT-103992,High,Hardware Failure,Customer Service,Phone,110.0,1.0,190,3
TCKT-170988,Medium,Access Request,Security,Phone,176.0,23.0,153,0
TCKT-123669,Medium,Access Request,IT Support,Phone,178.0,23.0,265,4
TCKT-172616,Critical,Access Request,Network Ops,Chat,54.0,3.0,210,3
TCKT-148868,Critical,Hardware Failure,IT Support,Portal,51.0,8.0,188,3
TCKT-136051,Low,Hardware Failure,Network Ops,Chat,235.0,18.0,199,0
TCKT-176307,Low,General Inquiry,Development,Chat,232.0,20.0,162,0
TCKT-119444,Medium,General Inquiry,Customer Service,Email,173.0,1.0,183,1
TCKT-107074,Medium,General Inquiry,Customer Service,Portal,176.0,15.0,225,0
TCKT-132412,Low,Hardware Failure,Network Ops,Chat,222.0,22.0,199,0
TCKT-114826,Critical,Network Issue,Customer Service,Email,55.0,21.0,263,2
TCKT-135760,Medium,Network Issue,IT Support,Chat,160.0,11.0,282,4
TCKT-100902,High,Access Request,Network Ops,Chat,114.0,19.0,185,2
TCKT-188762,High,Access Request,IT Support,Portal,100.0,4.0,280,4
TCKT-182254,Critical,Access Request,Customer Service,Email,41.0,17.0,210,2
TCKT-115187,Low,Access Request,Development,Phone,225.0,2.0,234,1
TCKT-121283,Low,Network Issue,IT Support,Phone,226.0,9.0,189,1
TCKT-108299,High,Software Bug,Customer Service,Phone,100.0,19.0,175,2
TCKT-126150,Critical,General Inquiry,Development,Portal,43.0,19.0,303,4
TCKT-189095,Low,Network Issue,Security,Email,229.0,5.0,189,1
TCKT-170660,Low,General Inquiry,Network Ops,Portal,236.0,3.0,202,1
TCKT-133762,Low,Hardware Failure,Development,Email,222.0,17.0,159,0
TCKT-191072,High,General Inquiry,Network Ops,Phone,113.0,10.0,235,4
TCKT-148985,Medium,General Inquiry,Development,Chat,160.0,17.0,193,0
TCKT-174886,Low,Access Request,Development,Phone,230.0,16.0,148,0
TCKT-114026,Critical,General Inquiry,IT Support,Chat,44.0,7.0,363,4
TCKT-181044,Critical,Access Request,Security,Phone,55.0,13.0,277,4
TCKT-190844,Medium,Software Bug,Security,Email,167.0,13.0,178,0
TCKT-169417,Critical,Hardware Failure,Development,Phone,59.0,0.0,188,3
TCKT-124131,High,Software Bug,Security,Phone,100.0,21.0,189,2
TCKT-107840,Critical,Access Request,Customer Service,Email,53.0,22.0,204,2
TCKT-134261,Low,Hardware Failure,IT Support,Email,233.0,10.0,247,1
TCKT-145264,Low,Software Bug,Development,Email,238.0,17.0,180,0
TCKT-103772,High,Software Bug,Security,Chat,109.0,12.0,212,2
TCKT-150492,High,Network Issue,Security,Email,104.0,5.0,197,3
TCKT-123947,High,General Inquiry,Customer Service,Phone,120.0,3.0,213,3
TCKT-192368,Low,Software Bug,Network Ops,Chat,240.0,9.0,148,1
TCKT-153522,Medium,Access Request,Security,Email,178.0,18.0,230,0
TCKT-129548,Medium,Network Issue,Customer Service,Phone,167.0,20.0,189,0
TCKT-168480,High,Access Request,Security,Chat,114.0,5.0,255,4
TCKT-139704,Low,Software Bug,Security,Chat,235.0,9.0,164,1
TCKT-110065,Low,Software Bug,IT Support,Phone,232.0,5.0,234,1
TCKT-117292,Critical,Hardware Failure,Security,Phone,53.0,4.0,218,3
TCKT-149047,Medium,Network Issue,IT Support,Email,164.0,17.0,225,2
TCKT-104238,Low,Access Request,Security,Chat,230.0,12.0,205,0
TCKT-101478,Medium,Network Issue,Network Ops,Portal,178.0,6.0,161,1
TCKT-195584,Low,Network Issue,Development,Phone,233.0,13.0,181,0
TCKT-128419,Medium,Access Request,Network Ops,Email,175.0,6.0,160,1
TCKT-180580,Critical,Network Issue,Security,Email,44.0,10.0,217,3
TCKT-190898,High,Access Request,Network Ops,Chat,109.0,18.0,185,2
TCKT-111482,Low,General Inquiry,IT Support,Chat,231.0,11.0,162,1
TCKT-191981,Critical,Software Bug,Customer Service,Chat,41.0,10.0,205,3
TCKT-113170,Critical,Access Request,Security,Phone,45.0,6.0,251,4
TCKT-126942,Medium,Hardware Failure,Network Ops,Chat,178.0,9.0,178,1
TCKT-122794,Critical,Software Bug,Development,Portal,49.0,21.0,303,4
TCKT-161095,Critical,Software Bug,Network Ops,Portal,56.0,21.0,193,2
TCKT-137361,High,Hardware Failure,Development,Phone,106.0,11.0,271,4
TCKT-107443,High,Hardware Failure,Security,Phone,111.0,22.0,241,2
TCKT-110872,High,Hardware Failure,Customer Service,Email,115.0,9.0,197,3
TCKT-110508,High,General Inquiry,Network Ops,Phone,109.0,1.0,235,3
TCKT-181651,Low,Network Issue,IT Support,Phone,227.0,19.0,228,0
TCKT-173648,High,Network Issue,Development,Email,120.0,1.0,270,3
TCKT-124716,High,Access Request,IT Support,Phone,111.0,2.0,228,3
TCKT-123823,Critical,Access Request,Network Ops,Chat,43.0,22.0,204,2
TCKT-100324,Medium,General Inquiry,Development,Chat,180.0,11.0,180,1
TCKT-141753,Critical,Access Request,Security,Phone,60.0,4.0,210,3
TCKT-171889,Medium,General Inquiry,Customer Service,Chat,166.0,14.0,143,0
TCKT-150560,Critical,Software Bug,Network Ops,Email,40.0,8.0,209,3
TCKT-162133,Critical,Hardware Failure,Security,Phone,50.0,20.0,205,2
TCKT-182877,High,Network Issue,Customer Service,Portal,111.0,22.0,191,2
TCKT-142297,Critical,Software Bug,Customer Service,Chat,52.0,17.0,205,2
TCKT-114004,Critical,Network Issue,Customer Service,Phone,40.0,22.0,217,2
TCKT-171219,Medium,General Inquiry,Development,Portal,168.0,2.0,183,1
TCKT-198935,Medium,General Inquiry,Security,Phone,171.0,10.0,250,4
TCKT-146223,Low,Access Request,Network Ops,Portal,221.0,20.0,132,0
TCKT-162827,Medium,Access Request,IT Support,Phone,173.0,22.0,153,0
TCKT-151996,Medium,Access Request,Development,Phone,167.0,6.0,146,1
TCKT-121408,Critical,General Inquiry,IT Support,Email,49.0,1.0,278,4
TCKT-128866,Low,Hardware Failure,Development,Email,236.0,22.0,247,0
TCKT-102652,Medium,Access Request,Customer Service,Email,180.0,9.0,160,1
TCKT-144454,Low,Hardware Failure,Development,Phone,220.0,8.0,180,1
TCKT-126204,Critical,Hardware Failure,Development,Email,47.0,14.0,205,3
TCKT-119880,High,Hardware Failure,Customer Service,Email,101.0,14.0,190,2
TCKT-130503,Medium,General Inquiry,Development,Portal,167.0,19.0,274,4
TCKT-134435,Low,Software Bug,Network Ops,Email,226.0,8.0,165,1
TCKT-191034,Medium,Software Bug,Security,Email,172.0,13.0,178,0
TCKT-154050,Low,General Inquiry,Network Ops,Email,227.0,13.0,162,0
TCKT-158996,Medium,Software Bug,Development,Chat,167.0,0.0,174,1
TCKT-142114,Critical,Software Bug,Development,Email,47.0,7.0,209,3
TCKT-135499,Low,Access Request,Customer Service,Portal,233.0,12.0,161,0
TCKT-144004,Medium,Access Request,IT Support,Portal,171.0,13.0,162,0
TCKT-100736,High,General Inquiry,Customer Service,Email,103.0,4.0,166,3
TCKT-126785,Medium,Access Request,Security,Portal,170.0,17.0,160,0
TCKT-134784,Medium,Access Request,Development,Chat,169.0,13.0,243,4
TCKT-100936,Low,Software Bug,Security,Chat,224.0,8.0,178,1
TCKT-116043,High,Hardware Failure,IT Support,Phone,113.0,17.0,190,2
TCKT-119794,Medium,Access Request,Security,Chat,177.0,13.0,174,0
TCKT-111041,High,Hardware Failure,Network Ops,Phone,105.0,2.0,171,3
TCKT-124440,High,General Inquiry,Network Ops,Email,116.0,17.0,213,2
TCKT-148830,Medium,General Inquiry,Customer Service,Chat,172.0,5.0,225,1
TCKT-133313,Low,Network Issue,Security,Phone,232.0,18.0,153,0
TCKT-198183,Medium,General Inquiry,IT Support,Email,173.0,8.0,264,4
TCKT-173676,Critical,General Inquiry,IT Support,Chat,47.0,18.0,266,4
TCKT-155056,Medium,Network Issue,Security,Email,167.0,11.0,189,1
TCKT-137187,High,Software Bug,Security,Email,106.0,14.0,185,2
TCKT-103536,High,Hardware Failure,Customer Service,Email,120.0,15.0,197,2
TCKT-153158,High,General Inquiry,IT Support,Email,117.0,5.0,219,3
TCKT-117312,Medium,Access Request,Development,Portal,174.0,6.0,234,1
TCKT-166880,Low,Software Bug,IT Support,Phone,223.0,17.0,148,0
TCKT-175421,Critical,Access Request,Security,Phone,49.0,23.0,215,2
TCKT-103678,Critical,Software Bug,Development,Email,60.0,9.0,292,4
TCKT-187736,Critical,General Inquiry,IT Support,Phone,54.0,17.0,317,4
TCKT-161299,High,Network Issue,IT Support,Email,119.0,12.0,294,4
TCKT-128901,High,General Inquiry,Development,Phone,117.0,3.0,212,3
TCKT-186395,High,Network Issue,Network Ops,Chat,108.0,9.0,191,3
TCKT-101859,Medium,Software Bug,IT Support,Phone,179.0,11.0,248,4
TCKT-121995,High,Access Request,Customer Service,Portal,119.0,11.0,176,2
TCKT-170982,Medium,Access Request,IT Support,Phone,174.0,4.0,216,1
TCKT-136890,Low,Hardware Failure,IT Support,Chat,228.0,6.0,250,1
TCKT-131924,Low,Network Issue,Development,Phone,221.0,23.0,153,0
TCKT-107295,High,Hardware Failure,Network Ops,Portal,101.0,15.0,211,2
TCKT-116774,Critical,Software Bug,Customer Service,Email,55.0,1.0,209,3
TCKT-144082,Medium,General Inquiry,Network Ops,Portal,171.0,11.0,180,1
TCKT-150127,Critical,Software Bug,Network Ops,Email,41.0,1.0,205,3
TCKT-171342,High,Hardware Failure,Network Ops,Portal,112.0,9.0,197,2
TCKT-157448,High,Access Request,Development,Portal,119.0,15.0,185,2
TCKT-155459,Low,Network Issue,Security,Email,228.0,11.0,189,0
TCKT-174650,Low,Software Bug,Network Ops,Portal,225.0,10.0,179,1
TCKT-124521,Critical,Access Request,Development,Portal,45.0,1.0,291,4
TCKT-172351,Low,General Inquiry,Customer Service,Phone,227.0,3.0,162,1
TCKT-186807,High,General Inquiry,IT Support,Phone,109.0,12.0,269,4
TCKT-174294,High,Network Issue,Network Ops,Phone,110.0,18.0,229,2
TCKT-184809,Critical,General Inquiry,Security,Chat,45.0,17.0,233,2
TCKT-180824,Low,Hardware Failure,Security,Portal,228.0,13.0,195,0
TCKT-143204,High,Software Bug,Development,Portal,115.0,15.0,175,2
TCKT-128094,High,Hardware Failure,IT Support,Portal,120.0,4.0,212,3
TCKT-174465,Low,Network Issue,IT Support,Portal,224.0,5.0,259,1
TCKT-139288,High,Network Issue,Security,Chat,118.0,13.0,299,4
TCKT-159470,Medium,Software Bug,Security,Portal,170.0,23.0,244,2
TCKT-138530,Medium,General Inquiry,IT Support,Phone,176.0,11.0,264,4
TCKT-105759,Medium,General Inquiry,Security,Email,170.0,19.0,213,0
TCKT-100477,Low,Software Bug,Customer Service,Portal,221.0,0.0,178,1
TCKT-114143,Low,Hardware Failure,Network Ops,Phone,221.0,8.0,159,1
TCKT-106545,High,Software Bug,Development,Portal,102.0,17.0,185,2
TCKT-140647,Medium,General Inquiry,Network Ops,Email,171.0,13.0,211,1
TCKT-166752,High,Network Issue,Network Ops,Phone,105.0,17.0,167,2
TCKT-126233,Critical,Hardware Failure,Security,Phone,52.0,9.0,258,4
TCKT-197321,Critical,General Inquiry,IT Support,Phone,49.0,14.0,363,4
TCKT-100538,Medium,Software Bug,Development,Email,163.0,23.0,174,0
TCKT-164417,High,Hardware Failure,Development,Portal,119.0,11.0,278,4
TCKT-107667,Critical,Hardware Failure,IT Support,Email,54.0,1.0,218,3
TCKT-119915,Medium,Access Request,Development,Chat,176.0,20.0,182,0
TCKT-172148,Medium,Network Issue,Network Ops,Portal,160.0,12.0,161,1
TCKT-186137,Critical,Access Request,Development,Portal,51.0,4.0,215,3
TCKT-190931,High,Software Bug,Network Ops,Phone,115.0,5.0,212,3
TCKT-102713,Critical,Network Issue,Development,Chat,60.0,1.0,231,3
TCKT-100022,Critical,Access Request,Network Ops,Phone,52.0,12.0,204,3
TCKT-161902,Low,Network Issue,Network Ops,Phone,226.0,6.0,203,1
TCKT-146023,Critical,Hardware Failure,Development,Portal,58.0,13.0,218,2
TCKT-141142,Medium,Network Issue,Security,Phone,172.0,17.0,169,0
TCKT-114073,Medium,Network Issue,Network Ops,Phone,168.0,2.0,189,1
TCKT-152491,Low,Software Bug,IT Support,Chat,233.0,23.0,263,0
TCKT-140489,High,General Inquiry,Network Ops,Chat,117.0,6.0,213,1
TCKT-131320,High,Access Request,Network Ops,Email,107.0,12.0,185,2
TCKT-119751,Medium,Network Issue,Security,Email,173.0,17.0,186,0
TCKT-125944,Critical,Access Request,Network Ops,Portal,52.0,16.0,207,2
TCKT-168173,High,Software Bug,Security,Portal,101.0,1.0,177,3
TCKT-166708,Critical,Hardware Failure,Security,Chat,49.0,15.0,218,2
TCKT-137806,Low,Software Bug,Customer Service,Phone,228.0,8.0,179,0
TCKT-166596,High,General Inquiry,Network Ops,Portal,117.0,5.0,213,3
TCKT-138418,Low,Hardware Failure,Security,Email,227.0,5.0,195,1
TCKT-100152,Critical,Access Request,Network Ops,Email,60.0,7.0,215,3
TCKT-107299,Low,Software Bug,IT Support,Portal,231.0,23.0,179,0
TCKT-133444,Medium,General Inquiry,IT Support,Email,180.0,21.0,267,4
TCKT-113154,Critical,Software Bug,IT Support,Chat,42.0,16.0,291,4
TCKT-170537,Medium,Network Issue,Customer Service,Chat,177.0,2.0,189,1
TCKT-183119,Medium,Access Request,Security,Portal,166.0,15.0,153,0
TCKT-118594,High,Access Request,Customer Service,Email,113.0,11.0,199,3
TCKT-104489,Critical,Network Issue,Development,Portal,57.0,13.0,203,3
TCKT-140897,Medium,Software Bug,Security,Chat,170.0,18.0,178,0
TCKT-195456,Critical,Software Bug,Network Ops,Portal,45.0,19.0,209,2
TCKT-191423,Low,Hardware Failure,Customer Service,Phone,230.0,23.0,166,0
TCKT-181886,Low,Software Bug,Network Ops,Email,226.0,14.0,179,0
TCKT-106697,High,Network Issue,Security,Chat,102.0,4.0,280,4
TCKT-101134,Low,Hardware Failure,Network Ops,Email,231.0,12.0,195,0
TCKT-119326,Critical,Network Issue,Customer Service,Phone,50.0,1.0,203,3
TCKT-103473,High,General Inquiry,Development,Email,105.0,3.0,212,3
TCKT-153905,Critical,Network Issue,Network Ops,Email,50.0,10.0,231,3
TCKT-120599,Critical,Network Issue,IT Support,Email,57.0,4.0,279,4
TCKT-164163,Critical,Network Issue,Development,Chat,51.0,8.0,232,3
TCKT-145087,Medium,Software Bug,Security,Portal,169.0,18.0,236,2
TCKT-143805,Medium,Network Issue,Development,Portal,167.0,11.0,161,1
TCKT-148908,High,Access Request,Security,Portal,101.0,21.0,192,2
TCKT-189457,Medium,Access Request,IT Support,Email,176.0,13.0,218,0
TCKT-105228,Low,Access Request,IT Support,Chat,226.0,17.0,149,0
TCKT-100675,Medium,General Inquiry,Security,Portal,172.0,5.0,295,4
TCKT-194519,Medium,Hardware Failure,Security,Chat,174.0,13.0,183,1
TCKT-137086,Low,Access Request,IT Support,Email,223.0,22.0,117,0
TCKT-131090,Medium,Software Bug,IT Support,Portal,175.0,16.0,174,0
TCKT-157973,Low,General Inquiry,IT Support,Email,238.0,23.0,228,0
TCKT-101263,Medium,Access Request,Customer Service,Portal,166.0,1.0,146,1
TCKT-166157,High,General Inquiry,IT Support,Portal,119.0,23.0,312,4
TCKT-117685,Low,General Inquiry,IT Support,Email,240.0,18.0,172,0
TCKT-151164,Critical,Network Issue,Network Ops,Phone,48.0,10.0,232,3
TCKT-101395,Low,Network Issue,Development,Email,234.0,13.0,153,0
TCKT-161396,High,Software Bug,Network Ops,Portal,112.0,12.0,175,2
TCKT-187335,Medium,Access Request,Network Ops,Phone,179.0,2.0,153,1
TCKT-139180,High,Network Issue,Security,Email,115.0,10.0,167,3
TCKT-159864,Medium,Access Request,IT Support,Chat,176.0,9.0,244,1
TCKT-133488,Low,Software Bug,Development,Chat,236.0,10.0,246,1
TCKT-141484,Medium,General Inquiry,Customer Service,Phone,166.0,12.0,188,0
TCKT-158385,Medium,Hardware Failure,Network Ops,Chat,161.0,1.0,183,1
TCKT-173246,Medium,General Inquiry,IT Support,Chat,163.0,17.0,193,0
TCKT-191931,Critical,Hardware Failure,Development,Email,58.0,2.0,205,3
TCKT-169603,Low,Network Issue,Security,Chat,237.0,23.0,189,0
TCKT-167652,Critical,Software Bug,Security,Email,57.0,8.0,277,4
TCKT-109396,High,General Inquiry,Customer Service,Portal,116.0,9.0,212,3
TCKT-174422,Medium,Network Issue,IT Support,Portal,160.0,23.0,225,2
TCKT-136390,High,Network Issue,IT Support,Phone,104.0,8.0,251,4
TCKT-190914,Medium,Network Issue,Security,Phone,173.0,4.0,169,1
TCKT-139133,Critical,Access Request,Development,Portal,49.0,1.0,204,3
TCKT-156183,Low,Network Issue,Customer Service,Phone,228.0,14.0,144,0
TCKT-176144,Critical,Network Issue,Security,Phone,52.0,2.0,223,3
TCKT-111719,Medium,General Inquiry,IT Support,Phone,170.0,10.0,143,1
TCKT-143701,Medium,Network Issue,Network Ops,Portal,167.0,6.0,161,1
TCKT-153609,Low,Access Request,Network Ops,Chat,239.0,13.0,129,0
TCKT-173994,Critical,General Inquiry,Development,Portal,60.0,21.0,226,2
TCKT-186856,Medium,General Inquiry,Security,Portal,160.0,14.0,213,2
TCKT-181725,High,Software Bug,Customer Service,Portal,106.0,16.0,220,2
TCKT-141586,Critical,Access Request,IT Support,Portal,51.0,5.0,265,4
TCKT-149634,Medium,Access Request,Network Ops,Phone,167.0,22.0,182,0
TCKT-169135,High,Access Request,Development,Email,111.0,10.0,176,3
TCKT-133860,Critical,Software Bug,Development,Email,43.0,0.0,209,3
TCKT-144895,Critical,Hardware Failure,IT Support,Email,57.0,18.0,271,4
TCKT-106161,Critical,General Inquiry,IT Support,Portal,57.0,8.0,213,3
TCKT-153927,High,General Inquiry,Development,Email,114.0,17.0,316,4
TCKT-156847,Medium,General Inquiry,Network Ops,Phone,179.0,10.0,229,1
TCKT-169463,Low,Network Issue,Customer Service,Phone,236.0,7.0,189,1
TCKT-152943,Low,Software Bug,Security,Chat,237.0,2.0,148,1
TCKT-171898,Low,Hardware Failure,IT Support,Email,228.0,16.0,279,4
TCKT-115885,Critical,Software Bug,Security,Phone,52.0,20.0,205,2
TCKT-120307,Medium,General Inquiry,IT Support,Portal,173.0,1.0,143,1
TCKT-188378,Critical,General Inquiry,IT Support,Email,55.0,16.0,222,2
TCKT-159153,Medium,General Inquiry,Network Ops,Email,179.0,6.0,211,1
TCKT-151354,Low,Hardware Failure,Development,Email,236.0,22.0,244,0
TCKT-147640,High,Network Issue,Network Ops,Chat,114.0,21.0,229,2
TCKT-138512,High,General Inquiry,IT Support,Chat,108.0,17.0,269,4
TCKT-116930,High,Access Request,Security,Email,107.0,11.0,185,3
TCKT-135228,High,General Inquiry,Security,Portal,109.0,14.0,199,2
TCKT-143226,High,Network Issue,Network Ops,Email,104.0,8.0,188,3
TCKT-135667,High,Hardware Failure,IT Support,Email,108.0,2.0,212,3
TCKT-127117,Critical,Access Request,Network Ops,Chat,43.0,8.0,233,3
TCKT-139945,High,General Inquiry,Network Ops,Email,119.0,5.0,229,3
TCKT-148269,Low,Software Bug,Development,Email,232.0,7.0,148,1
TCKT-114764,Medium,General Inquiry,IT Support,Chat,161.0,23.0,281,4
TCKT-199777,High,Software Bug,Customer Service,Email,105.0,0.0,212,3
TCKT-117315,High,General Inquiry,Development,Email,104.0,10.0,219,3
TCKT-162479,High,Network Issue,Development,Phone,114.0,18.0,229,2
TCKT-161287,Low,Hardware Failure,IT Support,Phone,230.0,10.0,219,0
TCKT-155962,Low,Hardware Failure,IT Support,Chat,235.0,12.0,247,1
TCKT-121847,Low,Network Issue,Customer Service,Email,236.0,14.0,157,0
TCKT-196124,High,Hardware Failure,Network Ops,Chat,104.0,12.0,179,2
TCKT-173988,Medium,Access Request,IT Support,Phone,173.0,10.0,153,1
TCKT-194231,Medium,Network Issue,Network Ops,Portal,179.0,12.0,200,1
TCKT-189443,Critical,Hardware Failure,IT Support,Email,55.0,16.0,244,4
TCKT-136151,Critical,Network Issue,Network Ops,Phone,58.0,10.0,263,4
TCKT-165810,High,Access Request,IT Support,Chat,108.0,9.0,248,4
TCKT-148880,High,General Inquiry,Security,Portal,109.0,8.0,213,3
TCKT-180186,Low,Hardware Failure,Security,Email,220.0,9.0,163,1
TCKT-141328,Medium,Software Bug,Development,Chat,176.0,20.0,273,4
TCKT-131413,Medium,Network Issue,IT Support,Portal,160.0,4.0,200,1
TCKT-137147,Critical,Software Bug,Development,Email,56.0,14.0,205,2
TCKT-172523,Critical,Network Issue,Network Ops,Portal,52.0,10.0,232,3
TCKT-133622,Critical,Hardware Failure,Development,Portal,43.0,2.0,269,4
TCKT-167558,Low,Network Issue,Customer Service,Phone,228.0,21.0,144,0
TCKT-109304,High,General Inquiry,Security,Phone,105.0,5.0,213,3
TCKT-166559,Medium,Access Request,IT Support,Chat,162.0,5.0,237,1
TCKT-189184,High,Network Issue,Network Ops,Phone,105.0,14.0,229,2
TCKT-182456,Medium,Network Issue,IT Support,Portal,177.0,18.0,273,4
TCKT-184214,High,General Inquiry,Network Ops,Phone,114.0,13.0,228,2
TCKT-152937,High,Access Request,Development,Phone,105.0,8.0,196,3
TCKT-103195,Critical,Hardware Failure,IT Support,Email,58.0,3.0,240,3
TCKT-132547,Low,Network Issue,IT Support,Phone,227.0,0.0,207,1
TCKT-101405,Medium,General Inquiry,Security,Email,167.0,7.0,229,1
TCKT-147287,Low,Access Request,IT Support,Portal,229.0,17.0,173,0
TCKT-170522,Low,Network Issue,Network Ops,Phone,236.0,17.0,153,0
TCKT-156132,Medium,General Inquiry,IT Support,Email,168.0,9.0,267,4
TCKT-104991,Low,Software Bug,Development,Portal,229.0,18.0,130,0
TCKT-102675,Low,Access Request,Security,Phone,227.0,18.0,202,0
TCKT-163242,Low,Software Bug,Security,Chat,236.0,5.0,178,1
TCKT-133930,Low,General Inquiry,IT Support,Phone,239.0,3.0,177,1
TCKT-135645,Critical,General Inquiry,Development,Portal,56.0,11.0,222,3
TCKT-188498,Critical,General Inquiry,IT Support,Phone,50.0,9.0,317,4
TCKT-101963,Medium,Access Request,Development,Chat,179.0,5.0,181,1
TCKT-106025,Medium,General Inquiry,IT Support,Phone,161.0,19.0,239,4
TCKT-161568,Critical,Access Request,Network Ops,Portal,40.0,21.0,233,2
TCKT-160322,Medium,Network Issue,Customer Service,Email,164.0,14.0,198,0
TCKT-112227,Low,Access Request,Network Ops,Phone,232.0,22.0,149,0
TCKT-145487,High,General Inquiry,Security,Chat,109.0,3.0,229,3
TCKT-184858,Critical,Network Issue,Network Ops,Email,45.0,16.0,217,2
TCKT-165948,High,Network Issue,IT Support,Phone,108.0,14.0,313,4
TCKT-105483,High,Hardware Failure,Customer Service,Phone,112.0,1.0,211,3
TCKT-184822,Medium,Software Bug,Customer Service,Portal,165.0,23.0,167,0
TCKT-187177,Critical,Hardware Failure,Customer Service,Phone,58.0,8.0,233,3
TCKT-113423,Medium,Hardware Failure,Network Ops,Email,176.0,9.0,181,1
TCKT-108673,Low,Software Bug,Network Ops,Chat,229.0,8.0,164,1
TCKT-136624,Low,Software Bug,Customer Service,Portal,229.0,21.0,148,0
TCKT-108075,Low,General Inquiry,IT Support,Portal,231.0,5.0,200,1
TCKT-104058,Medium,Software Bug,IT Support,Portal,175.0,12.0,192,1
TCKT-158768,Critical,Access Request,IT Support,Portal,40.0,16.0,210,2
TCKT-171286,High,Network Issue,Security,Portal,104.0,16.0,188,2
TCKT-147366,Low,Software Bug,IT Support,Chat,234.0,13.0,221,0
TCKT-193857,Medium,Software Bug,Development,Chat,168.0,0.0,167,1
TCKT-115182,High,Hardware Failure,IT Support,Chat,105.0,2.0,267,4
TCKT-186440,High,Hardware Failure,IT Support,Phone,116.0,20.0,268,4
TCKT-154062,High,Hardware Failure,Security,Chat,115.0,3.0,201,3
TCKT-175275,High,Network Issue,Network Ops,Portal,111.0,5.0,229,3
TCKT-164276,Medium,Software Bug,Customer Service,Chat,165.0,12.0,192,1
TCKT-104293,Critical,General Inquiry,Customer Service,Email,45.0,6.0,279,4
TCKT-149418,High,Network Issue,Security,Email,113.0,8.0,189,3
TCKT-138304,High,Hardware Failure,Security,Email,118.0,0.0,190,3
TCKT-143390,Medium,Access Request,Network Ops,Chat,180.0,8.0,146,1
TCKT-197651,Critical,Network Issue,Customer Service,Portal,41.0,16.0,231,2
TCKT-158498,Critical,Software Bug,Network Ops,Phone,57.0,22.0,222,2
TCKT-110675,Critical,Access Request,IT Support,Portal,48.0,18.0,288,4
TCKT-139598,Low,Hardware Failure,Network Ops,Phone,223.0,1.0,159,1
TCKT-151229,Medium,Software Bug,Security,Phone,174.0,5.0,174,1
TCKT-114273,High,General Inquiry,Customer Service,Phone,110.0,14.0,219,2
TCKT-104864,Critical,Network Issue,Network Ops,Email,47.0,23.0,231,2
TCKT-171706,Low,General Inquiry,Customer Service,Chat,238.0,2.0,116,1
TCKT-103851,Low,Hardware Failure,Development,Portal,233.0,13.0,167,0
TCKT-181674,High,Network Issue,IT Support,Chat,102.0,9.0,210,3
TCKT-143105,Medium,Software Bug,Network Ops,Portal,172.0,19.0,174,0
TCKT-184744,Critical,Software Bug,IT Support,Phone,42.0,16.0,291,4
TCKT-129716,Critical,Software Bug,IT Support,Chat,58.0,8.0,259,4
TCKT-179211,High,Software Bug,Development,Chat,111.0,13.0,266,4
TCKT-107415,Low,Hardware Failure,Security,Phone,238.0,7.0,159,1
TCKT-109939,Medium,Hardware Failure,Security,Portal,179.0,17.0,187,0
TCKT-189748,Medium,General Inquiry,Network Ops,Chat,174.0,16.0,225,2
TCKT-184834,Low,Hardware Failure,Security,Chat,221.0,12.0,274,4
TCKT-132515,Medium,Software Bug,Network Ops,Portal,166.0,3.0,167,1
TCKT-125809,Low,General Inquiry,Customer Service,Phone,224.0,4.0,202,1
TCKT-130231,Critical,General Inquiry,Development,Email,46.0,0.0,251,3
TCKT-101191,High,Access Request,IT Support,Email,108.0,11.0,196,3
TCKT-132753,High,Network Issue,Development,Portal,116.0,20.0,219,2
TCKT-182972,Medium,Hardware Failure,Security,Chat,166.0,23.0,183,0
TCKT-127651,High,Network Issue,Development,Phone,116.0,12.0,229,2
TCKT-148755,Medium,Network Issue,Security,Portal,170.0,13.0,186,0
TCKT-113970,Low,Access Request,Network Ops,Chat,235.0,17.0,161,0
TCKT-158638,Low,Access Request,Development,Phone,223.0,19.0,234,0
TCKT-160243,Low,Access Request,Network Ops,Phone,226.0,7.0,117,1
TCKT-127597,High,Hardware Failure,Security,Email,101.0,8.0,197,3
TCKT-130733,Medium,General Inquiry,Development,Chat,167.0,15.0,211,1
TCKT-107851,Medium,Access Request,Security,Chat,173.0,5.0,182,1
TCKT-169305,Medium,Hardware Failure,Network Ops,Chat,179.0,8.0,181,1
TCKT-184069,Critical,Software Bug,IT Support,Portal,50.0,14.0,249,4
TCKT-132857,Critical,Software Bug,Development,Portal,45.0,14.0,262,4
TCKT-154411,High,General Inquiry,Network Ops,Chat,107.0,20.0,235,2
TCKT-184339,High,General Inquiry,Network Ops,Email,118.0,4.0,213,3
TCKT-107590,High,Software Bug,Network Ops,Chat,102.0,14.0,177,2
TCKT-152323,Low,General Inquiry,IT Support,Email,233.0,3.0,256,1
TCKT-150404,Low,Access Request,Network Ops,Email,233.0,20.0,117,0
TCKT-164952,Low,Hardware Failure,Security,Email,238.0,9.0,163,1
TCKT-198830,Critical,Software Bug,Security,Email,44.0,8.0,203,3
TCKT-152458,High,General Inquiry,Network Ops,Phone,112.0,17.0,235,2
TCKT-145924,Medium,General Inquiry,Network Ops,Chat,167.0,19.0,183,0
TCKT-107226,Medium,Access Request,Security,Email,180.0,2.0,232,1
TCKT-139376,High,Access Request,Security,Portal,101.0,15.0,248,2
TCKT-171676,Medium,Software Bug,IT Support,Phone,166.0,8.0,259,4
TCKT-143067,Low,Access Request,Customer Service,Email,224.0,6.0,129,1
TCKT-145207,Low,General Inquiry,Network Ops,Email,238.0,15.0,162,0
TCKT-125823,High,General Inquiry,Development,Phone,100.0,13.0,212,2
TCKT-135544,High,Access Request,Security,Portal,102.0,5.0,255,4
TCKT-164459,Medium,Network Issue,Network Ops,Portal,168.0,19.0,198,2
TCKT-111332,Critical,Software Bug,Customer Service,Chat,49.0,16.0,209,2
TCKT-144176,Critical,Hardware Failure,Network Ops,Portal,60.0,6.0,187,3
TCKT-139563,Low,Software Bug,IT Support,Email,220.0,19.0,130,0
TCKT-133718,High,Network Issue,Customer Service,Phone,116.0,4.0,219,3
TCKT-161229,Medium,General Inquiry,Security,Portal,162.0,0.0,193,1
TCKT-108962,High,General Inquiry,Network Ops,Email,120.0,3.0,228,3
TCKT-186563,High,Software Bug,Network Ops,Chat,114.0,11.0,177,2
TCKT-142610,Low,Software Bug,Customer Service,Phone,223.0,23.0,179,0
TCKT-108423,Critical,Access Request,Development,Phone,42.0,16.0,296,4
TCKT-103162,High,Software Bug,Network Ops,Chat,118.0,14.0,189,2
TCKT-162522,High,General Inquiry,Customer Service,Phone,106.0,0.0,199,3
TCKT-175061,Low,Network Issue,Security,Chat,229.0,16.0,153,0
TCKT-187078,High,Access Request,Customer Service,Email,115.0,8.0,185,3
TCKT-143612,Critical,Software Bug,Customer Service,Portal,52.0,23.0,181,2
TCKT-159248,Medium,General Inquiry,IT Support,Chat,174.0,18.0,285,4
TCKT-124419,High,Software Bug,Customer Service,Portal,115.0,13.0,175,2
TCKT-113920,Medium,General Inquiry,Development,Chat,175.0,18.0,143,0
TCKT-178166,High,Network Issue,Customer Service,Phone,117.0,7.0,188,3
TCKT-197656,Low,Software Bug,Security,Email,228.0,12.0,180,0
TCKT-136453,Critical,Network Issue,IT Support,Phone,53.0,9.0,223,3
TCKT-129471,Medium,Software Bug,Customer Service,Phone,177.0,0.0,167,1
TCKT-183377,Medium,Access Request,IT Support,Email,178.0,2.0,237,1
TCKT-133750,Critical,Network Issue,Development,Chat,46.0,20.0,231,2
TCKT-119678,High,Hardware Failure,Customer Service,Portal,117.0,8.0,201,3
TCKT-119022,Low,Access Request,Customer Service,Portal,237.0,8.0,161,0
TCKT-195342,High,Hardware Failure,IT Support,Email,109.0,17.0,235,2
TCKT-193764,Critical,Access Request,Development,Phone,41.0,14.0,314,4
TCKT-133310,Medium,General Inquiry,IT Support,Portal,165.0,18.0,236,2
TCKT-140102,High,Software Bug,Security,Email,104.0,4.0,245,3
TCKT-155877,High,General Inquiry,IT Support,Portal,105.0,20.0,228,2
TCKT-155706,Low,Software Bug,Network Ops,Chat,240.0,22.0,148,0
TCKT-159325,Critical,Network Issue,Customer Service,Chat,40.0,4.0,197,3
TCKT-107740,High,Access Request,Customer Service,Portal,103.0,21.0,185,2
TCKT-102710,High,Network Issue,IT Support,Phone,112.0,16.0,275,4
TCKT-111661,Critical,Hardware Failure,Security,Chat,59.0,21.0,275,4
TCKT-188760,Critical,Access Request,Network Ops,Email,55.0,9.0,181,3
TCKT-173604,Low,Hardware Failure,Development,Portal,223.0,11.0,204,0
TCKT-157753,Low,Hardware Failure,Development,Chat,220.0,9.0,195,1
TCKT-120940,Low,Access Request,Development,Chat,234.0,15.0,234,0
TCKT-130883,Medium,Access Request,Network Ops,Email,176.0,20.0,174,0
TCKT-183229,Low,Hardware Failure,Development,Email,231.0,12.0,285,4
TCKT-144799,Low,Access Request,IT Support,Chat,228.0,20.0,153,0
TCKT-119600,Medium,General Inquiry,Network Ops,Chat,164.0,19.0,193,0
TCKT-150119,Low,Hardware Failure,Development,Portal,233.0,5.0,159,1
TCKT-195030,Critical,Network Issue,IT Support,Chat,54.0,23.0,263,2
TCKT-158846,Medium,Network Issue,IT Support,Portal,170.0,11.0,288,4
TCKT-162861,High,Network Issue,Security,Email,118.0,1.0,189,3
TCKT-118813,Critical,General Inquiry,Development,Portal,47.0,20.0,294,4
TCKT-169260,Medium,Hardware Failure,IT Support,Portal,163.0,17.0,265,4
TCKT-140752,High,Access Request,Network Ops,Chat,119.0,6.0,185,1
TCKT-115160,Medium,General Inquiry,Development,Phone,168.0,1.0,188,1
TCKT-168583,Medium,Network Issue,IT Support,Phone,171.0,20.0,270,4
TCKT-119080,Low,Network Issue,IT Support,Chat,233.0,3.0,203,1
TCKT-180000,High,General Inquiry,Security,Chat,105.0,18.0,289,4
TCKT-175725,High,Network Issue,Development,Portal,113.0,19.0,300,4
TCKT-198242,Critical,Software Bug,Security,Portal,58.0,11.0,275,4
TCKT-123491,High,General Inquiry,Development,Portal,113.0,18.0,212,2
TCKT-169057,Low,General Inquiry,Security,Chat,237.0,21.0,116,0
TCKT-157010,Low,Hardware Failure,Development,Phone,227.0,14.0,180,0
TCKT-142662,Low,General Inquiry,Customer Service,Email,223.0,5.0,179,1
TCKT-140231,Critical,General Inquiry,Security,Phone,49.0,17.0,279,4
TCKT-144973,Low,Access Request,Security,Phone,222.0,22.0,202,0
TCKT-124817,Critical,Software Bug,IT Support,Chat,48.0,6.0,289,4
TCKT-194807,Medium,Software Bug,Security,Phone,177.0,14.0,248,4
TCKT-113548,Low,Network Issue,Customer Service,Portal,230.0,18.0,144,0
TCKT-193320,Critical,Network Issue,Network Ops,Email,47.0,19.0,217,2
TCKT-110545,High,Access Request,Customer Service,Email,107.0,19.0,176,2
TCKT-158659,Medium,General Inquiry,Development,Portal,174.0,4.0,211,1
TCKT-125560,Low,General Inquiry,Development,Phone,235.0,10.0,172,0
TCKT-115524,High,Software Bug,IT Support,Phone,106.0,19.0,189,2
TCKT-161911,Critical,Access Request,Network Ops,Phone,49.0,22.0,215,2
TCKT-196980,Critical,Access Request,Network Ops,Phone,42.0,22.0,215,2
TCKT-171231,High,Network Issue,Network Ops,Email,117.0,3.0,197,3
TCKT-126436,Low,General Inquiry,Customer Service,Phone,221.0,12.0,162,0
TCKT-156105,Low,Software Bug,Development,Chat,224.0,13.0,180,0
TCKT-175905,Medium,Software Bug,Customer Service,Phone,167.0,20.0,166,0
TCKT-184832,Low,Access Request,Development,Phone,232.0,11.0,230,0
TCKT-167132,Medium,General Inquiry,Security,Phone,164.0,1.0,193,1
TCKT-191734,Critical,Access Request,Network Ops,Email,40.0,7.0,215,3
TCKT-194075,Critical,Network Issue,Development,Portal,48.0,23.0,232,2
TCKT-111043,Critical,Network Issue,Network Ops,Portal,43.0,8.0,232,3
TCKT-122753,Medium,Software Bug,Development,Chat,175.0,4.0,192,1
TCKT-125641,Low,General Inquiry,Security,Phone,222.0,0.0,116,1
TCKT-161908,Medium,Hardware Failure,Network Ops,Email,176.0,8.0,189,1
TCKT-187717,Critical,Hardware Failure,Security,Portal,43.0,9.0,233,3
TCKT-133651,High,Access Request,Security,Email,105.0,13.0,192,2
TCKT-157564,Medium,General Inquiry,Network Ops,Chat,165.0,13.0,225,1
TCKT-186644,Medium,Software Bug,Network Ops,Portal,168.0,15.0,166,0
TCKT-116767,Low,Software Bug,Customer Service,Chat,239.0,7.0,148,1
TCKT-171042,High,Software Bug,Network Ops,Phone,118.0,3.0,185,3
TCKT-103583,Medium,General Inquiry,Network Ops,Phone,160.0,15.0,225,2
TCKT-116595,Medium,Hardware Failure,Customer Service,Portal,163.0,9.0,183,1
TCKT-190272,Low,Network Issue,Network Ops,Email,225.0,12.0,153,0
TCKT-123337,Medium,Software Bug,IT Support,Chat,176.0,16.0,231,2
TCKT-188620,Medium,Access Request,Development,Chat,160.0,10.0,153,1
TCKT-157339,Low,Network Issue,Network Ops,Chat,228.0,12.0,189,1
TCKT-136438,High,Network Issue,Development,Chat,115.0,14.0,300,4
TCKT-156778,Low,General Inquiry,Security,Chat,227.0,3.0,162,1
TCKT-100053,Critical,Access Request,Security,Portal,54.0,15.0,285,4
TCKT-135328,Low,General Inquiry,IT Support,Email,225.0,5.0,116,1
TCKT-170179,High,Software Bug,IT Support,Email,100.0,23.0,276,2
TCKT-191460,Medium,General Inquiry,IT Support,Email,170.0,23.0,272,4
TCKT-110159,Medium,Software Bug,Customer Service,Chat,176.0,3.0,174,1
TCKT-181394,Low,Network Issue,Development,Portal,224.0,18.0,262,0
TCKT-111554,Medium,Software Bug,Customer Service,Phone,164.0,9.0,174,1
TCKT-124859,High,General Inquiry,IT Support,Phone,116.0,1.0,269,4
TCKT-169748,Critical,Access Request,Development,Portal,56.0,22.0,210,2
TCKT-182610,High,Access Request,Customer Service,Email,104.0,13.0,196,2
TCKT-121914,High,Software Bug,Network Ops,Email,120.0,9.0,189,3
TCKT-142236,Critical,Hardware Failure,Customer Service,Portal,46.0,8.0,187,3
TCKT-126833,Low,Access Request,Security,Phone,234.0,4.0,149,1
TCKT-126773,High,Software Bug,Network Ops,Chat,103.0,7.0,212,3
TCKT-149572,High,Access Request,IT Support,Phone,103.0,9.0,185,3
TCKT-175511,Medium,Access Request,IT Support,Chat,176.0,8.0,246,1
TCKT-146130,Medium,Access Request,Development,Phone,170.0,21.0,227,0
TCKT-174040,High,Access Request,IT Support,Email,109.0,2.0,255,3
TCKT-106065,Critical,Software Bug,Development,Phone,52.0,18.0,262,4
TCKT-111569,Critical,General Inquiry,Network Ops,Email,42.0,6.0,231,3
TCKT-149869,Medium,Software Bug,Network Ops,Phone,162.0,19.0,178,0
TCKT-176603,Critical,Hardware Failure,IT Support,Portal,53.0,16.0,233,2
TCKT-136964,Medium,Hardware Failure,IT Support,Portal,179.0,22.0,243,2
TCKT-111718,Medium,Network Issue,IT Support,Chat,166.0,19.0,245,2
TCKT-194327,Medium,Hardware Failure,Customer Service,Phone,166.0,9.0,189,1
TCKT-197717,Critical,Access Request,Customer Service,Chat,58.0,3.0,204,3
TCKT-181004,Critical,Hardware Failure,Customer Service,Chat,51.0,19.0,240,2
TCKT-136856,Low,General Inquiry,Development,Phone,229.0,13.0,179,0
TCKT-104861,High,Access Request,Security,Phone,115.0,16.0,178,2
TCKT-183886,Low,Hardware Failure,Network Ops,Chat,222.0,5.0,167,1
TCKT-118780,Medium,General Inquiry,Development,Portal,170.0,16.0,188,0
TCKT-178013,Low,Network Issue,Security,Email,228.0,9.0,167,1
TCKT-193173,Critical,Hardware Failure,Development,Email,46.0,3.0,268,3
TCKT-192192,High,Software Bug,Network Ops,Chat,102.0,23.0,189,2
TCKT-151295,Critical,Network Issue,Security,Phone,47.0,5.0,231,3
TCKT-177910,High,Network Issue,Security,Chat,102.0,7.0,237,3
TCKT-112870,High,Access Request,Network Ops,Chat,114.0,21.0,176,2
TCKT-143182,Low,Software Bug,Network Ops,Portal,221.0,21.0,178,0
TCKT-109073,Medium,Access Request,IT Support,Portal,171.0,16.0,153,0
TCKT-108565,Critical,Hardware Failure,IT Support,Email,42.0,9.0,187,3
TCKT-113997,Low,Access Request,Network Ops,Phone,228.0,0.0,148,1
TCKT-110889,High,Network Issue,IT Support,Portal,100.0,18.0,275,4
TCKT-188566,Medium,General Inquiry,Development,Phone,172.0,1.0,193,1
TCKT-170046,Critical,Software Bug,Security,Portal,43.0,18.0,211,2
TCKT-148823,High,Software Bug,Network Ops,Email,116.0,7.0,177,3
TCKT-123129,Critical,General Inquiry,Development,Email,43.0,10.0,233,3
TCKT-176142,High,Access Request,Security,Chat,109.0,0.0,255,3
TCKT-124682,Critical,General Inquiry,IT Support,Phone,58.0,8.0,294,4
TCKT-155114,Low,Access Request,IT Support,Chat,239.0,16.0,219,0
TCKT-135416,Low,Access Request,IT Support,Chat,225.0,16.0,216,0
TCKT-157341,High,General Inquiry,Customer Service,Portal,120.0,10.0,166,3
TCKT-134964,Medium,Network Issue,Security,Phone,164.0,9.0,200,1
TCKT-169274,High,Network Issue,Customer Service,Portal,110.0,2.0,197,3
TCKT-137528,Low,Access Request,Security,Portal,235.0,7.0,135,1
TCKT-134567,Medium,General Inquiry,Network Ops,Phone,160.0,2.0,229,1
TCKT-174632,Medium,Network Issue,IT Support,Phone,173.0,9.0,260,4
TCKT-193767,Low,Hardware Failure,IT Support,Email,239.0,5.0,236,1
TCKT-187231,Low,Access Request,Security,Portal,234.0,17.0,205,0
TCKT-156166,Low,Access Request,Development,Email,222.0,7.0,210,1
TCKT-143216,Medium,Network Issue,Customer Service,Phone,165.0,10.0,189,1
TCKT-175641,Critical,Access Request,Customer Service,Chat,49.0,21.0,204,2
TCKT-153331,Medium,Hardware Failure,Security,Email,177.0,23.0,259,2
TCKT-110670,Critical,Network Issue,Network Ops,Phone,56.0,21.0,217,2
TCKT-162938,Medium,Hardware Failure,Customer Service,Phone,163.0,4.0,181,1
TCKT-107724,High,Network Issue,Network Ops,Portal,111.0,14.0,197,2
TCKT-173265,Low,Network Issue,Development,Email,232.0,2.0,144,1
TCKT-140049,Critical,General Inquiry,Customer Service,Chat,51.0,3.0,231,3
TCKT-171568,Medium,Access Request,Security,Chat,176.0,4.0,230,1
TCKT-185539,High,Hardware Failure,Security,Chat,116.0,14.0,241,2
TCKT-135644,Medium,Network Issue,Customer Service,Chat,176.0,19.0,186,0
TCKT-157848,Critical,Software Bug,Customer Service,Phone,51.0,4.0,209,3
TCKT-135642,Low,Access Request,Security,Phone,226.0,3.0,132,1
TCKT-152539,Critical,Hardware Failure,IT Support,Chat,41.0,14.0,233,4
TCKT-110919,Low,Access Request,Development,Email,236.0,10.0,153,0
TCKT-136436,Critical,Access Request,Security,Chat,46.0,13.0,303,4
TCKT-196936,Critical,Software Bug,Network Ops,Phone,58.0,5.0,193,3
TCKT-170846,High,Software Bug,Customer Service,Portal,103.0,12.0,212,2
TCKT-167381,Medium,Access Request,IT Support,Email,174.0,14.0,162,0
TCKT-190661,Low,Software Bug,Network Ops,Portal,235.0,12.0,180,0
TCKT-142136,High,Software Bug,IT Support,Phone,113.0,9.0,231,4
TCKT-128629,Medium,Access Request,IT Support,Chat,161.0,20.0,238,2
TCKT-120976,Low,Hardware Failure,Customer Service,Email,227.0,2.0,199,1
TCKT-146158,Low,Network Issue,IT Support,Phone,227.0,5.0,265,4
TCKT-155159,Medium,Hardware Failure,Network Ops,Phone,160.0,5.0,207,1
TCKT-141773,Critical,Access Request,IT Support,Chat,40.0,0.0,181,3
TCKT-177976,High,Access Request,Security,Portal,112.0,13.0,176,2
TCKT-103502,High,Network Issue,Network Ops,Email,118.0,15.0,229,2
TCKT-135424,Low,Access Request,Network Ops,Portal,235.0,21.0,129,0
TCKT-107155,Critical,General Inquiry,Security,Email,54.0,4.0,279,4
TCKT-108328,High,General Inquiry,Security,Chat,107.0,13.0,213,2
TCKT-141101,Medium,Access Request,Customer Service,Chat,177.0,13.0,160,0
TCKT-158865,Medium,Access Request,Network Ops,Portal,165.0,4.0,146,1
TCKT-134473,Critical,Hardware Failure,Security,Chat,55.0,17.0,240,2
TCKT-145674,Low,General Inquiry,IT Support,Chat,237.0,14.0,200,0
TCKT-107172,Low,General Inquiry,Customer Service,Phone,231.0,13.0,116,0
TCKT-199086,Low,Network Issue,IT Support,Email,220.0,15.0,245,0
TCKT-167897,Low,General Inquiry,Customer Service,Portal,238.0,10.0,162,0
TCKT-179539,Medium,Software Bug,Security,Portal,161.0,0.0,236,1
TCKT-100640,Medium,Access Request,Security,Portal,163.0,8.0,252,4
TCKT-141340,Medium,General Inquiry,Customer Service,Portal,161.0,1.0,183,1
TCKT-193962,Critical,Software Bug,Network Ops,Phone,60.0,20.0,193,2
TCKT-173419,High,Access Request,Security,Email,102.0,23.0,185,2
TCKT-175573,Low,Software Bug,Development,Phone,223.0,0.0,246,1
TCKT-193446,High,Network Issue,Network Ops,Chat,104.0,21.0,189,2
TCKT-142219,Critical,Access Request,IT Support,Phone,53.0,20.0,215,2
TCKT-131648,Critical,Access Request,IT Support,Email,59.0,16.0,265,4
TCKT-160839,Medium,Hardware Failure,Security,Portal,178.0,23.0,181,0
TCKT-140598,High,Access Request,IT Support,Chat,100.0,7.0,300,4
TCKT-114492,Medium,Access Request,Network Ops,Chat,168.0,4.0,160,1
TCKT-146848,High,Network Issue,Development,Phone,109.0,12.0,270,4
TCKT-117085,Medium,Network Issue,IT Support,Phone,176.0,11.0,273,4
TCKT-115055,Critical,Network Issue,Network Ops,Email,55.0,23.0,197,2
TCKT-103034,Medium,Access Request,IT Support,Portal,161.0,2.0,160,1
TCKT-165713,Critical,Network Issue,Development,Email,48.0,10.0,231,3
TCKT-120045,Medium,Hardware Failure,Security,Phone,179.0,10.0,259,4
TCKT-149711,Medium,Hardware Failure,Network Ops,Portal,169.0,2.0,178,1
TCKT-178153,High,Access Request,Security,Phone,108.0,7.0,196,3
TCKT-135287,Critical,General Inquiry,IT Support,Chat,60.0,11.0,222,3
TCKT-110094,Medium,Software Bug,Network Ops,Portal,168.0,5.0,166,1
TCKT-107732,Low,General Inquiry,IT Support,Chat,224.0,21.0,179,0
TCKT-153151,Medium,Access Request,IT Support,Phone,177.0,14.0,218,0
TCKT-191691,Medium,Access Request,Development,Chat,169.0,14.0,241,4
TCKT-115642,Medium,Access Request,Security,Portal,168.0,5.0,252,1
TCKT-110572,Critical,General Inquiry,Network Ops,Email,58.0,2.0,251,3
TCKT-193859,Medium,General Inquiry,Development,Phone,177.0,9.0,211,1
TCKT-123503,Critical,Hardware Failure,Network Ops,Phone,40.0,20.0,233,2
TCKT-149516,High,Access Request,Security,Email,112.0,19.0,176,2
TCKT-113374,High,Software Bug,IT Support,Phone,119.0,9.0,177,3
TCKT-110965,Medium,Access Request,IT Support,Email,173.0,5.0,202,1
TCKT-100730,High,General Inquiry,IT Support,Portal,115.0,23.0,229,2
TCKT-101533,High,Network Issue,Network Ops,Chat,112.0,19.0,189,2
TCKT-180962,Medium,General Inquiry,Development,Phone,177.0,23.0,183,0
TCKT-137471,Medium,Hardware Failure,Security,Phone,169.0,15.0,207,0
TCKT-183184,Critical,Network Issue,Customer Service,Email,53.0,3.0,223,3
TCKT-156281,High,Access Request,IT Support,Chat,109.0,5.0,232,3
TCKT-116042,Medium,Software Bug,Development,Email,178.0,2.0,256,1
TCKT-169071,High,Software Bug,Customer Service,Portal,118.0,16.0,185,2
TCKT-108602,Low,Access Request,Customer Service,Phone,228.0,18.0,161,0
TCKT-175820,Medium,Software Bug,Development,Email,174.0,14.0,248,4
TCKT-104197,Medium,Software Bug,IT Support,Phone,172.0,21.0,234,2
TCKT-158546,High,Hardware Failure,IT Support,Email,112.0,21.0,235,2
TCKT-190994,Critical,Network Issue,Security,Portal,48.0,1.0,231,3
TCKT-139517,Critical,Network Issue,Customer Service,Chat,40.0,1.0,217,3
TCKT-134477,High,Network Issue,Security,Chat,116.0,3.0,210,3
TCKT-106175,Critical,Network Issue,Network Ops,Portal,41.0,19.0,231,2
TCKT-108752,High,Network Issue,IT Support,Portal,108.0,7.0,253,4
TCKT-122191,Low,General Inquiry,IT Support,Chat,229.0,9.0,162,1
TCKT-199618,Critical,Network Issue,Network Ops,Portal,50.0,7.0,231,3
TCKT-187720,Critical,Hardware Failure,Security,Chat,58.0,7.0,188,3
TCKT-116314,Critical,Network Issue,Network Ops,Portal,42.0,2.0,217,3
TCKT-193681,Medium,Hardware Failure,IT Support,Email,163.0,19.0,262,4
TCKT-154863,Medium,Access Request,Network Ops,Chat,171.0,6.0,162,1
TCKT-114740,Medium,Hardware Failure,IT Support,Email,164.0,15.0,154,0
TCKT-144022,High,Hardware Failure,Network Ops,Portal,114.0,14.0,211,2
TCKT-136032,Medium,General Inquiry,Security,Email,166.0,20.0,299,4
TCKT-149369,Low,Hardware Failure,Security,Chat,230.0,21.0,167,0
TCKT-115341,Critical,Hardware Failure,IT Support,Phone,43.0,2.0,274,4
TCKT-175276,Low,Hardware Failure,Development,Phone,234.0,6.0,276,4
TCKT-154467,Critical,Access Request,Network Ops,Email,53.0,0.0,233,3
TCKT-149601,High,Hardware Failure,Security,Email,116.0,22.0,260,2
TCKT-128451,Critical,General Inquiry,Development,Email,44.0,13.0,226,3
TCKT-109561,Medium,General Inquiry,Development,Email,163.0,13.0,269,4
TCKT-184118,Medium,Software Bug,Customer Service,Portal,178.0,20.0,192,0
TCKT-175288,Low,Access Request,Customer Service,Portal,225.0,4.0,149,1
TCKT-195307,Medium,General Inquiry,Development,Chat,166.0,8.0,225,1
TCKT-157135,Low,Network Issue,IT Support,Chat,220.0,22.0,287,4
TCKT-190795,Critical,Access Request,Development,Phone,58.0,8.0,314,4
TCKT-134936,Low,General Inquiry,Network Ops,Email,223.0,23.0,116,0
TCKT-143214,Critical,Hardware Failure,Security,Chat,50.0,16.0,257,4
TCKT-138074,Critical,Access Request,IT Support,Chat,58.0,13.0,291,4
TCKT-142468,Critical,Hardware Failure,Security,Portal,48.0,18.0,288,4
TCKT-196761,Medium,Hardware Failure,IT Support,Chat,167.0,0.0,271,4
TCKT-146136,High,Hardware Failure,Security,Phone,102.0,21.0,190,2
TCKT-169419,Low,General Inquiry,Security,Email,229.0,5.0,162,1
TCKT-136389,Medium,Network Issue,Customer Service,Phone,163.0,14.0,169,0
TCKT-110264,High,Access Request,Customer Service,Chat,120.0,16.0,199,2
TCKT-125405,High,General Inquiry,Security,Chat,112.0,16.0,213,2
TCKT-158771,Medium,General Inquiry,Development,Chat,166.0,14.0,225,1
TCKT-182185,Low,Software Bug,Development,Phone,221.0,9.0,259,4
TCKT-161291,High,Hardware Failure,IT Support,Phone,101.0,17.0,257,4
TCKT-125173,Medium,Software Bug,Development,Phone,178.0,0.0,255,1
TCKT-184195,High,General Inquiry,Network Ops,Portal,112.0,15.0,219,2
TCKT-146190,High,Hardware Failure,Security,Phone,107.0,3.0,197,3
TCKT-155169,High,Hardware Failure,Customer Service,Email,115.0,20.0,212,2
TCKT-153604,Critical,Software Bug,Security,Phone,52.0,10.0,207,3
TCKT-143699,Medium,Hardware Failure,Development,Chat,160.0,17.0,183,0
TCKT-121176,Critical,Access Request,Customer Service,Portal,40.0,15.0,181,2
TCKT-181351,Critical,Hardware Failure,Network Ops,Chat,54.0,10.0,233,3
TCKT-198233,Low,Network Issue,Network Ops,Portal,233.0,8.0,167,1
TCKT-129529,High,Software Bug,Security,Email,113.0,15.0,245,2
TCKT-151657,Low,Hardware Failure,Customer Service,Chat,229.0,1.0,199,1
TCKT-133194,High,Network Issue,Development,Email,116.0,5.0,219,3
TCKT-135583,Low,Software Bug,Network Ops,Chat,227.0,18.0,148,0
TCKT-156993,High,Hardware Failure,Customer Service,Phone,110.0,9.0,190,3
TCKT-188779,Medium,Software Bug,Network Ops,Chat,162.0,23.0,192,2
TCKT-178131,Critical,General Inquiry,IT Support,Phone,55.0,12.0,315,4
TCKT-187417,High,Software Bug,Development,Chat,104.0,2.0,212,3
TCKT-127517,Low,General Inquiry,Security,Portal,232.0,6.0,162,1
TCKT-100350,Low,Software Bug,IT Support,Chat,234.0,18.0,204,0
TCKT-187870,Medium,General Inquiry,Customer Service,Portal,180.0,12.0,193,1
TCKT-177416,High,Access Request,Network Ops,Email,104.0,20.0,172,2
TCKT-147109,Critical,Access Request,IT Support,Phone,58.0,9.0,265,4
TCKT-112930,High,Access Request,Development,Chat,100.0,11.0,185,2
TCKT-146388,High,Access Request,IT Support,Chat,106.0,14.0,280,4
TCKT-138487,Medium,General Inquiry,Development,Phone,176.0,2.0,310,4
TCKT-179417,Critical,Access Request,Development,Chat,49.0,19.0,204,2
TCKT-195690,Medium,Software Bug,Network Ops,Chat,161.0,1.0,192,1
TCKT-121489,Critical,Software Bug,Customer Service,Email,56.0,3.0,193,3
TCKT-190928,Critical,Network Issue,Customer Service,Email,50.0,17.0,217,2
TCKT-162130,Low,Software Bug,Customer Service,Portal,227.0,6.0,178,1
TCKT-164823,High,General Inquiry,IT Support,Chat,110.0,5.0,235,3
TCKT-103826,Critical,General Inquiry,Development,Phone,49.0,6.0,226,3
TCKT-160828,High,Software Bug,Customer Service,Chat,114.0,7.0,177,3
TCKT-115399,Critical,Hardware Failure,Network Ops,Phone,40.0,22.0,187,2
TCKT-139959,Critical,Access Request,IT Support,Chat,60.0,18.0,299,4
TCKT-162254,High,General Inquiry,Security,Portal,116.0,7.0,229,3
TCKT-103621,Medium,General Inquiry,Security,Phone,173.0,21.0,183,0
TCKT-152797,Medium,Access Request,Security,Portal,163.0,16.0,160,0
TCKT-142995,Critical,Software Bug,IT Support,Email,54.0,17.0,249,4
TCKT-132327,Low,Access Request,Network Ops,Portal,240.0,1.0,129,1
TCKT-106366,Low,Network Issue,Security,Email,226.0,22.0,237,0
TCKT-164312,Critical,Software Bug,Security,Chat,59.0,5.0,181,3
TCKT-121460,Medium,Hardware Failure,Development,Email,180.0,20.0,181,0
TCKT-103411,Medium,Software Bug,Network Ops,Chat,171.0,1.0,174,1
TCKT-122246,Critical,Network Issue,Security,Phone,40.0,3.0,232,3
TCKT-154756,Critical,Network Issue,Network Ops,Email,49.0,17.0,203,2
TCKT-137480,High,Software Bug,Security,Portal,102.0,2.0,185,3
TCKT-121459,High,Software Bug,IT Support,Email,116.0,5.0,189,3
TCKT-150841,Medium,Hardware Failure,Security,Chat,174.0,2.0,257,1
TCKT-147094,Low,Software Bug,Development,Chat,237.0,3.0,148,1
TCKT-118226,Low,Access Request,Customer Service,Email,222.0,8.0,135,0
TCKT-105200,Medium,Hardware Failure,IT Support,Phone,172.0,17.0,245,4
TCKT-190704,Critical,Access Request,Customer Service,Portal,50.0,3.0,204,3
TCKT-195999,Low,Software Bug,Development,Phone,228.0,16.0,246,0
TCKT-149915,Critical,Software Bug,Customer Service,Phone,49.0,22.0,222,2
TCKT-159678,High,Access Request,IT Support,Email,114.0,16.0,176,2
TCKT-150332,Low,Software Bug,Customer Service,Chat,229.0,1.0,148,1
TCKT-171655,Medium,Network Issue,IT Support,Email,164.0,19.0,273,4
TCKT-177645,Critical,Hardware Failure,Network Ops,Chat,51.0,9.0,188,3
TCKT-165941,Critical,Network Issue,Customer Service,Email,57.0,12.0,231,3
TCKT-187293,Critical,Access Request,Security,Email,47.0,15.0,280,4
TCKT-151822,Critical,Hardware Failure,Security,Chat,46.0,18.0,188,2
TCKT-120186,Medium,Software Bug,Customer Service,Phone,164.0,9.0,178,1
TCKT-162015,Medium,General Inquiry,IT Support,Chat,169.0,7.0,309,4
TCKT-112372,High,Network Issue,Security,Chat,102.0,23.0,167,2
TCKT-129215,High,Access Request,IT Support,Portal,120.0,14.0,196,2
TCKT-197021,Medium,Software Bug,Security,Chat,168.0,9.0,237,1
TCKT-152054,Low,Hardware Failure,IT Support,Email,230.0,3.0,260,1
TCKT-139032,Medium,Hardware Failure,IT Support,Portal,167.0,6.0,234,1
TCKT-184877,High,Software Bug,Customer Service,Phone,115.0,8.0,177,3
TCKT-123132,Critical,General Inquiry,IT Support,Chat,51.0,10.0,306,4
TCKT-135498,High,General Inquiry,Development,Portal,117.0,0.0,213,3
TCKT-163487,Low,Hardware Failure,Security,Phone,230.0,17.0,159,0
TCKT-197564,Critical,General Inquiry,Security,Phone,46.0,10.0,321,4
TCKT-155371,High,General Inquiry,Development,Phone,111.0,6.0,212,3
TCKT-151969,Critical,General Inquiry,IT Support,Email,41.0,10.0,222,3
TCKT-140896,High,Software Bug,Security,Chat,102.0,1.0,247,3
TCKT-109664,High,General Inquiry,IT Support,Email,116.0,13.0,269,4
TCKT-182173,Critical,Software Bug,Customer Service,Chat,47.0,1.0,203,3
TCKT-118094,Critical,Network Issue,Security,Portal,51.0,3.0,231,3
TCKT-112337,Low,General Inquiry,Customer Service,Portal,223.0,15.0,172,0
TCKT-155923,High,General Inquiry,IT Support,Chat,105.0,9.0,285,4
TCKT-138796,Critical,Access Request,Network Ops,Chat,46.0,15.0,215,2
TCKT-122885,High,Software Bug,Network Ops,Chat,104.0,18.0,220,2
TCKT-137811,Medium,Access Request,Development,Phone,176.0,18.0,160,0
TCKT-198253,Critical,General Inquiry,Network Ops,Phone,58.0,4.0,213,3
TCKT-172877,Critical,General Inquiry,Customer Service,Chat,56.0,8.0,226,3
TCKT-157790,High,Access Request,IT Support,Phone,103.0,12.0,192,2
TCKT-143283,Medium,Hardware Failure,Customer Service,Chat,175.0,0.0,187,1
TCKT-176750,Medium,Network Issue,Network Ops,Phone,169.0,4.0,198,1
TCKT-141945,Low,Access Request,Security,Email,237.0,4.0,132,1
TCKT-129150,High,Software Bug,Security,Chat,118.0,1.0,189,3
TCKT-146437,Critical,Network Issue,Customer Service,Chat,53.0,21.0,231,2
TCKT-148403,Critical,Software Bug,Security,Email,46.0,1.0,273,3
TCKT-185319,Critical,Software Bug,Network Ops,Portal,52.0,5.0,207,3
TCKT-125300,Medium,Access Request,Security,Email,175.0,14.0,182,0
TCKT-161918,Medium,General Inquiry,IT Support,Email,167.0,5.0,211,1
TCKT-141676,High,Hardware Failure,Development,Portal,112.0,2.0,201,3
TCKT-110498,Medium,Software Bug,Development,Chat,173.0,8.0,259,4
TCKT-166867,Medium,General Inquiry,Security,Phone,173.0,12.0,295,4
TCKT-151259,Critical,Network Issue,Customer Service,Portal,53.0,17.0,231,2
TCKT-149262,Low,General Inquiry,Customer Service,Chat,239.0,14.0,172,0
TCKT-171692,Medium,Software Bug,Customer Service,Email,167.0,2.0,192,1
TCKT-116747,Critical,Network Issue,IT Support,Chat,60.0,9.0,279,4
TCKT-104768,Low,Hardware Failure,Security,Chat,228.0,1.0,204,1
TCKT-173687,Medium,Software Bug,Network Ops,Chat,167.0,8.0,169,1
TCKT-179964,Low,Access Request,Development,Phone,236.0,8.0,161,0
TCKT-172228,Low,Hardware Failure,Customer Service,Email,238.0,15.0,166,0
TCKT-110534,Low,Network Issue,Security,Phone,222.0,11.0,181,0
TCKT-108879,Critical,Hardware Failure,Security,Email,56.0,21.0,218,2
TCKT-191779,High,Access Request,Development,Portal,109.0,5.0,273,4
TCKT-132845,High,Access Request,Development,Chat,110.0,14.0,196,2
TCKT-158346,Medium,Hardware Failure,Development,Phone,174.0,17.0,187,0
TCKT-189279,Critical,Hardware Failure,IT Support,Chat,57.0,17.0,296,4
TCKT-185612,Critical,General Inquiry,Network Ops,Chat,54.0,15.0,210,2
TCKT-129536,Critical,Software Bug,Customer Service,Chat,42.0,10.0,193,3
TCKT-125522,Critical,General Inquiry,Development,Phone,41.0,15.0,251,4
TCKT-101102,Medium,General Inquiry,Network Ops,Email,162.0,6.0,188,1
TCKT-126419,Medium,General Inquiry,Development,Chat,161.0,13.0,193,1
TCKT-117743,High,Hardware Failure,Security,Email,101.0,16.0,190,2
TCKT-181882,Critical,Software Bug,Customer Service,Portal,41.0,11.0,205,3
TCKT-166419,High,Hardware Failure,Development,Phone,117.0,21.0,211,2
TCKT-133331,Critical,General Inquiry,Network Ops,Email,43.0,9.0,279,4
TCKT-167485,Medium,Access Request,Customer Service,Email,173.0,8.0,160,1
TCKT-195403,Medium,Access Request,Network Ops,Portal,169.0,17.0,181,0
TCKT-128207,Critical,Network Issue,Security,Chat,58.0,19.0,223,2
TCKT-157440,Medium,Network Issue,Customer Service,Chat,173.0,16.0,204,0
TCKT-116072,Low,Access Request,Customer Service,Portal,226.0,9.0,117,0
TCKT-136074,High,Network Issue,Security,Phone,104.0,14.0,219,2
TCKT-148808,Medium,General Inquiry,Development,Portal,172.0,3.0,180,1
TCKT-199868,Medium,Network Issue,IT Support,Phone,179.0,14.0,254,4
TCKT-190470,Critical,Hardware Failure,Customer Service,Email,44.0,21.0,187,2
TCKT-174231,Low,Hardware Failure,Customer Service,Chat,221.0,20.0,166,0
TCKT-122741,Medium,General Inquiry,Development,Chat,174.0,6.0,188,1
TCKT-130671,High,General Inquiry,Security,Phone,102.0,16.0,305,4
TCKT-165499,Low,Access Request,IT Support,Phone,234.0,16.0,161,0
TCKT-148063,High,Software Bug,Customer Service,Email,101.0,16.0,220,2
TCKT-137946,Critical,Software Bug,Development,Phone,42.0,1.0,262,3
TCKT-138714,Medium,General Inquiry,Customer Service,Email,169.0,2.0,229,1
TCKT-133328,Medium,Software Bug,Customer Service,Email,180.0,20.0,169,0
TCKT-138501,Low,General Inquiry,IT Support,Email,240.0,6.0,235,1
TCKT-121475,Low,Network Issue,Customer Service,Phone,230.0,1.0,157,1
TCKT-143607,Critical,Hardware Failure,Customer Service,Email,48.0,9.0,240,3
TCKT-153530,Low,Hardware Failure,Development,Chat,236.0,14.0,195,0
TCKT-177676,Medium,General Inquiry,Development,Chat,174.0,4.0,225,1
TCKT-181086,Low,Hardware Failure,Development,Email,237.0,22.0,204,0
TCKT-127372,Low,Software Bug,IT Support,Phone,227.0,10.0,164,0
TCKT-163027,Low,Access Request,Customer Service,Phone,225.0,16.0,117,0
TCKT-104726,Medium,Network Issue,Network Ops,Chat,179.0,0.0,189,1
TCKT-102195,Critical,Hardware Failure,Network Ops,Portal,44.0,18.0,233,2
TCKT-174423,Critical,General Inquiry,Customer Service,Email,41.0,3.0,222,3
TCKT-184304,Low,Hardware Failure,IT Support,Chat,227.0,6.0,222,1
TCKT-128511,Low,Software Bug,Development,Portal,222.0,7.0,130,1
TCKT-139536,Low,Software Bug,Development,Phone,225.0,20.0,229,0
TCKT-122485,Low,Network Issue,Security,Phone,223.0,22.0,259,0
TCKT-171443,Critical,Software Bug,Security,Chat,48.0,18.0,207,2
TCKT-118359,Critical,Hardware Failure,Security,Phone,48.0,0.0,218,3
TCKT-155867,Low,Hardware Failure,Customer Service,Chat,221.0,5.0,166,1
TCKT-104125,Critical,General Inquiry,Customer Service,Phone,56.0,11.0,251,4
TCKT-157817,Low,Network Issue,Customer Service,Chat,238.0,19.0,167,0
TCKT-124743,Critical,Network Issue,IT Support,Email,54.0,21.0,231,2
TCKT-187646,Critical,Network Issue,IT Support,Email,58.0,23.0,315,4
TCKT-111845,High,Software Bug,Customer Service,Phone,106.0,22.0,184,2
TCKT-187146,Critical,General Inquiry,Network Ops,Portal,56.0,5.0,279,4
TCKT-109573,High,Network Issue,Network Ops,Chat,113.0,5.0,219,3
TCKT-183651,Medium,General Inquiry,Network Ops,Email,169.0,7.0,143,1
TCKT-188040,Medium,General Inquiry,Network Ops,Phone,168.0,3.0,143,1
TCKT-189654,Medium,Hardware Failure,IT Support,Portal,160.0,15.0,210,2
TCKT-137943,High,Network Issue,Customer Service,Phone,119.0,2.0,189,3
TCKT-153376,High,Network Issue,Network Ops,Phone,102.0,0.0,197,3
TCKT-105886,Low,Software Bug,IT Support,Portal,235.0,13.0,232,0
TCKT-152568,Medium,Access Request,IT Support,Email,171.0,12.0,218,1
TCKT-107999,Low,Hardware Failure,IT Support,Phone,230.0,12.0,260,4
TCKT-194793,High,Access Request,Customer Service,Portal,110.0,16.0,199,2
TCKT-189662,High,Access Request,Development,Portal,118.0,22.0,257,2
TCKT-129216,Critical,Software Bug,Network Ops,Email,49.0,16.0,203,2
TCKT-142555,Low,Access Request,Security,Portal,240.0,13.0,187,0
TCKT-169189,High,Software Bug,Customer Service,Phone,103.0,21.0,184,2
TCKT-178921,Low,General Inquiry,Network Ops,Portal,220.0,19.0,162,0
TCKT-178910,High,Software Bug,Security,Email,104.0,21.0,212,2
TCKT-103747,Medium,General Inquiry,Development,Portal,177.0,16.0,211,0
TCKT-160144,Medium,Hardware Failure,Development,Chat,164.0,2.0,242,1
TCKT-149400,Medium,General Inquiry,Security,Phone,161.0,3.0,143,1
TCKT-194332,Critical,Access Request,Network Ops,Email,47.0,12.0,215,3
TCKT-157073,High,Software Bug,Network Ops,Portal,116.0,6.0,184,3
TCKT-137883,Low,General Inquiry,Security,Portal,228.0,16.0,191,0
TCKT-164378,Critical,General Inquiry,Network Ops,Chat,56.0,17.0,210,2
TCKT-122266,Low,Software Bug,Security,Email,221.0,14.0,218,0
TCKT-154452,High,Hardware Failure,Network Ops,Email,120.0,5.0,171,3
TCKT-114190,Medium,Hardware Failure,Security,Phone,161.0,16.0,207,0
TCKT-106162,Medium,General Inquiry,Development,Chat,178.0,20.0,224,0
TCKT-107423,Critical,Access Request,Customer Service,Phone,52.0,1.0,210,3
TCKT-107061,High,Network Issue,Security,Chat,101.0,21.0,299,4
TCKT-110137,Critical,Access Request,Customer Service,Phone,50.0,14.0,207,3
TCKT-184445,High,Hardware Failure,Customer Service,Portal,101.0,20.0,197,2
TCKT-169553,High,Software Bug,Customer Service,Phone,116.0,11.0,184,2
TCKT-119126,Medium,Software Bug,Network Ops,Chat,168.0,8.0,174,1
TCKT-159705,Critical,Network Issue,Network Ops,Chat,54.0,1.0,231,3
TCKT-110041,High,Software Bug,IT Support,Portal,111.0,20.0,268,2
TCKT-113417,High,Hardware Failure,Network Ops,Portal,109.0,13.0,171,2
TCKT-110866,Medium,Access Request,Customer Service,Email,177.0,11.0,174,0
TCKT-111573,Low,Network Issue,IT Support,Phone,221.0,18.0,251,0
TCKT-145483,Medium,Software Bug,IT Support,Phone,170.0,0.0,250,1
TCKT-113780,Critical,General Inquiry,Development,Phone,57.0,18.0,279,4
TCKT-176958,Critical,Software Bug,Customer Service,Portal,59.0,6.0,207,3
TCKT-186028,Low,Software Bug,Development,Phone,232.0,11.0,260,4
TCKT-155814,High,General Inquiry,Security,Portal,115.0,6.0,213,3
TCKT-170288,Low,General Inquiry,Network Ops,Email,237.0,3.0,179,1
TCKT-186343,Low,Network Issue,Security,Phone,227.0,20.0,153,0
TCKT-117767,Medium,Access Request,IT Support,Chat,165.0,20.0,162,0
TCKT-162563,Medium,Hardware Failure,IT Support,Email,165.0,10.0,267,4
TCKT-181098,High,Hardware Failure,Development,Email,112.0,23.0,179,2
TCKT-176792,Critical,Access Request,Customer Service,Phone,50.0,0.0,210,3
TCKT-163919,Critical,General Inquiry,Customer Service,Portal,50.0,16.0,210,2
TCKT-185427,Medium,Access Request,Security,Email,177.0,12.0,146,0
TCKT-199704,Low,Hardware Failure,Security,Email,229.0,4.0,199,1
TCKT-121332,Medium,Network Issue,IT Support,Email,176.0,2.0,186,1
TCKT-190070,Low,General Inquiry,Security,Chat,236.0,8.0,116,1
TCKT-138552,Critical,Software Bug,Customer Service,Phone,55.0,1.0,193,3
TCKT-161365,Critical,Software Bug,Development,Phone,47.0,7.0,181,3
TCKT-155715,Critical,Network Issue,IT Support,Chat,41.0,12.0,273,4
TCKT-108444,High,Software Bug,Development,Chat,107.0,1.0,220,3
TCKT-144236,High,Software Bug,Security,Portal,104.0,11.0,189,2
TCKT-107596,High,Hardware Failure,Network Ops,Portal,105.0,18.0,179,2
TCKT-108797,High,Software Bug,Network Ops,Phone,110.0,6.0,212,3
TCKT-110225,Medium,General Inquiry,Development,Phone,167.0,5.0,229,1
TCKT-134489,High,Hardware Failure,Network Ops,Portal,103.0,18.0,212,2
TCKT-149280,Medium,Network Issue,Development,Email,166.0,8.0,189,1
TCKT-193208,Critical,Software Bug,Security,Portal,53.0,3.0,205,3
TCKT-151414,High,Network Issue,Network Ops,Phone,107.0,2.0,197,3
TCKT-187102,Critical,Hardware Failure,Network Ops,Chat,47.0,12.0,240,4
TCKT-137483,Low,Network Issue,Security,Chat,226.0,7.0,181,1
TCKT-103514,Critical,Network Issue,IT Support,Chat,56.0,7.0,307,4
TCKT-181919,Critical,Network Issue,Network Ops,Phone,60.0,5.0,232,3
TCKT-191604,High,General Inquiry,IT Support,Chat,112.0,11.0,291,4
TCKT-138441,Low,General Inquiry,Security,Phone,227.0,2.0,172,1
TCKT-172056,Medium,General Inquiry,Security,Email,165.0,8.0,229,1
TCKT-176464,High,Access Request,Customer Service,Email,108.0,13.0,172,2
TCKT-198256,Critical,Software Bug,Development,Email,50.0,10.0,222,3
TCKT-169068,Critical,Access Request,Development,Phone,60.0,17.0,181,2
TCKT-153863,Medium,Software Bug,Network Ops,Email,162.0,9.0,174,1
TCKT-166770,Medium,Hardware Failure,Network Ops,Portal,161.0,2.0,178,1
TCKT-120960,Medium,Hardware Failure,IT Support,Chat,174.0,4.0,263,4
TCKT-107905,Critical,General Inquiry,Network Ops,Email,59.0,23.0,213,2
TCKT-134129,High,General Inquiry,IT Support,Chat,103.0,0.0,283,4
TCKT-135425,Medium,Network Issue,Network Ops,Chat,163.0,15.0,189,0
TCKT-120215,Low,General Inquiry,Network Ops,Portal,230.0,0.0,172,1
TCKT-161697,High,Hardware Failure,Network Ops,Chat,117.0,3.0,171,1
TCKT-192973,Low,Hardware Failure,IT Support,Email,236.0,9.0,250,1
TCKT-152211,Medium,Hardware Failure,Development,Chat,170.0,11.0,207,1
TCKT-121742,Critical,Access Request,Network Ops,Phone,47.0,1.0,210,3
TCKT-199097,Medium,Access Request,Security,Chat,165.0,10.0,146,1
TCKT-187750,Low,General Inquiry,Network Ops,Chat,237.0,7.0,162,1
TCKT-140347,Medium,Software Bug,Customer Service,Chat,173.0,8.0,167,1
TCKT-168570,Critical,General Inquiry,Security,Chat,56.0,8.0,210,3
TCKT-100880,Medium,General Inquiry,Customer Service,Portal,178.0,3.0,225,1
TCKT-145620,High,Software Bug,Security,Phone,112.0,14.0,220,2
TCKT-107866,Low,Access Request,Network Ops,Chat,227.0,17.0,117,0
TCKT-186153,High,General Inquiry,Development,Phone,119.0,1.0,309,4
TCKT-189307,Critical,Access Request,IT Support,Chat,53.0,8.0,288,4
TCKT-118559,Low,Software Bug,Customer Service,Phone,229.0,18.0,164,0
TCKT-115760,Low,Network Issue,Security,Email,224.0,22.0,227,0
TCKT-156024,Low,Hardware Failure,Customer Service,Chat,236.0,13.0,195,0
TCKT-140915,Medium,General Inquiry,Development,Chat,171.0,13.0,292,4
TCKT-126497,High,Access Request,Security,Chat,117.0,12.0,269,4
TCKT-186257,Medium,Network Issue,Customer Service,Portal,173.0,13.0,186,0
TCKT-131990,Critical,Software Bug,IT Support,Email,46.0,4.0,267,4
TCKT-194467,Medium,Access Request,IT Support,Chat,168.0,2.0,181,1
TCKT-183606,Low,Hardware Failure,IT Support,Phone,227.0,6.0,163,1
TCKT-159077,Low,Network Issue,Customer Service,Phone,238.0,22.0,189,0
TCKT-119209,Low,Hardware Failure,Network Ops,Chat,237.0,4.0,167,1
TCKT-196926,High,Network Issue,Development,Chat,104.0,11.0,278,4
TCKT-145283,Critical,General Inquiry,Development,Phone,46.0,11.0,307,4
TCKT-133853,Medium,Access Request,Customer Service,Phone,172.0,13.0,160,0
TCKT-197306,Medium,Network Issue,Network Ops,Email,178.0,1.0,198,1
TCKT-143627,Medium,Software Bug,Network Ops,Phone,175.0,11.0,174,1
TCKT-138558,Low,Software Bug,Network Ops,Chat,222.0,16.0,148,0
TCKT-162395,High,Hardware Failure,Customer Service,Chat,116.0,3.0,180,3
TCKT-130406,Critical,Hardware Failure,Customer Service,Portal,59.0,22.0,188,2
TCKT-150183,High,Hardware Failure,Security,Portal,106.0,17.0,197,2
TCKT-107682,Medium,Software Bug,Network Ops,Phone,166.0,8.0,174,1
TCKT-157027,Low,Software Bug,Customer Service,Portal,239.0,0.0,179,1
TCKT-125039,Low,Access Request,Customer Service,Portal,240.0,22.0,117,0
TCKT-122588,Medium,General Inquiry,Customer Service,Portal,161.0,21.0,143,0
TCKT-149483,Medium,Software Bug,Development,Portal,164.0,23.0,247,2
TCKT-177135,Critical,Software Bug,Development,Portal,45.0,9.0,211,3
TCKT-199827,Low,General Inquiry,Network Ops,Phone,224.0,6.0,179,1
TCKT-116961,Low,Hardware Failure,Development,Email,223.0,14.0,276,4
TCKT-174225,Critical,Network Issue,Customer Service,Chat,58.0,4.0,232,3
TCKT-115246,Medium,General Inquiry,IT Support,Email,178.0,23.0,180,0
TCKT-187076,Medium,Hardware Failure,Development,Email,163.0,0.0,181,1
TCKT-172166,Medium,Access Request,Development,Chat,160.0,0.0,241,1
TCKT-163291,Medium,Software Bug,Security,Email,180.0,13.0,192,0
TCKT-175219,Medium,Software Bug,Customer Service,Phone,178.0,18.0,192,0
TCKT-152882,Medium,Hardware Failure,Security,Portal,179.0,0.0,257,1
TCKT-127048,Critical,Hardware Failure,Network Ops,Phone,52.0,16.0,240,2
TCKT-172256,Medium,Access Request,Customer Service,Phone,162.0,8.0,181,1
TCKT-193438,High,Access Request,Development,Phone,107.0,13.0,192,2
TCKT-135439,Medium,Access Request,Network Ops,Portal,169.0,16.0,182,0
TCKT-143707,Medium,Access Request,Network Ops,Chat,170.0,7.0,174,1
TCKT-128210,High,Access Request,Security,Portal,117.0,17.0,178,2
TCKT-109152,Medium,Network Issue,IT Support,Portal,170.0,9.0,284,4
TCKT-141565,Low,General Inquiry,Customer Service,Chat,231.0,16.0,116,0
TCKT-154732,Low,Access Request,Security,Phone,220.0,17.0,148,0
TCKT-125559,High,General Inquiry,Development,Email,110.0,14.0,235,2
TCKT-165593,Medium,Access Request,Security,Phone,169.0,6.0,251,4
TCKT-178442,High,Network Issue,Security,Portal,111.0,15.0,299,4
TCKT-196991,Medium,General Inquiry,Security,Chat,176.0,18.0,229,0
TCKT-166155,Low,General Inquiry,Network Ops,Phone,237.0,5.0,116,1
TCKT-120382,High,Hardware Failure,Development,Chat,107.0,10.0,282,4
TCKT-149983,High,General Inquiry,IT Support,Chat,105.0,17.0,255,4
TCKT-154969,Low,Network Issue,Customer Service,Chat,238.0,3.0,203,1
TCKT-120652,Medium,Software Bug,Customer Service,Email,164.0,17.0,174,0
TCKT-164388,Low,Hardware Failure,Development,Email,225.0,5.0,159,1
TCKT-128946,High,General Inquiry,Security,Email,109.0,13.0,289,4
TCKT-198984,Critical,Hardware Failure,Network Ops,Chat,44.0,10.0,205,3
TCKT-123848,Critical,Software Bug,Security,Email,41.0,21.0,209,2
TCKT-121174,High,General Inquiry,Customer Service,Email,108.0,21.0,235,2
TCKT-164472,High,Hardware Failure,Customer Service,Phone,101.0,4.0,212,3
TCKT-161575,Low,Access Request,Security,Portal,224.0,4.0,149,1
TCKT-190145,Low,Access Request,Security,Portal,240.0,16.0,161,0
TCKT-152651,Medium,Hardware Failure,Network Ops,Chat,176.0,12.0,178,1
TCKT-148251,Low,General Inquiry,Security,Portal,238.0,8.0,116,1
TCKT-136746,Low,Hardware Failure,Customer Service,Email,223.0,4.0,166,1
TCKT-182831,Low,Access Request,Network Ops,Portal,231.0,7.0,148,1
TCKT-103023,Low,Network Issue,Customer Service,Portal,237.0,9.0,153,0
TCKT-182520,Critical,Hardware Failure,IT Support,Email,59.0,19.0,218,2
TCKT-148399,Critical,Hardware Failure,Development,Chat,49.0,6.0,188,3
TCKT-100337,High,General Inquiry,Network Ops,Portal,100.0,11.0,213,2
TCKT-105944,Critical,Hardware Failure,Customer Service,Chat,58.0,2.0,233,3
TCKT-165497,High,General Inquiry,Network Ops,Portal,104.0,5.0,219,3
TCKT-153311,Medium,Hardware Failure,IT Support,Email,163.0,0.0,161,1
TCKT-170034,Critical,General Inquiry,Customer Service,Email,41.0,2.0,233,3
TCKT-159189,Medium,Access Request,Security,Chat,166.0,15.0,181,0
TCKT-106764,Critical,Software Bug,Security,Phone,45.0,19.0,281,4
TCKT-133968,Medium,General Inquiry,Network Ops,Email,178.0,19.0,180,0
TCKT-127338,Medium,Network Issue,IT Support,Portal,174.0,10.0,284,4
TCKT-178276,Medium,General Inquiry,Customer Service,Phone,177.0,0.0,188,1
TCKT-180956,Critical,Hardware Failure,Customer Service,Portal,43.0,12.0,240,3
TCKT-111667,Medium,General Inquiry,IT Support,Email,180.0,15.0,188,0
TCKT-151801,Critical,Software Bug,Development,Chat,42.0,5.0,303,4
TCKT-196127,Medium,Hardware Failure,Development,Portal,174.0,17.0,154,0
TCKT-131501,Medium,Software Bug,Customer Service,Portal,173.0,10.0,167,1
TCKT-198546,Medium,Network Issue,Development,Phone,164.0,15.0,186,0
TCKT-112533,High,Access Request,Development,Portal,102.0,6.0,216,3
TCKT-194781,High,Network Issue,Network Ops,Phone,104.0,13.0,229,2
TCKT-124209,Critical,Network Issue,Customer Service,Email,47.0,20.0,232,2
TCKT-188047,Medium,Hardware Failure,Security,Chat,170.0,17.0,207,0
TCKT-144178,High,Software Bug,Security,Phone,108.0,22.0,175,2
TCKT-164291,Medium,General Inquiry,Customer Service,Portal,165.0,20.0,225,2
TCKT-148860,High,Access Request,IT Support,Portal,111.0,15.0,232,2
TCKT-103531,Critical,Hardware Failure,Customer Service,Email,49.0,5.0,240,3
TCKT-176471,Low,Network Issue,Customer Service,Email,221.0,0.0,203,1
TCKT-157054,Low,Access Request,IT Support,Email,226.0,13.0,117,0
TCKT-109174,Critical,Hardware Failure,Network Ops,Portal,50.0,10.0,233,3
TCKT-198798,High,Network Issue,Network Ops,Chat,111.0,6.0,167,3
TCKT-121047,Low,Hardware Failure,Customer Service,Chat,239.0,10.0,195,1
TCKT-177971,Critical,Software Bug,Security,Email,47.0,0.0,211,3
TCKT-147132,Medium,Network Issue,Security,Phone,176.0,20.0,256,4
TCKT-108760,Critical,General Inquiry,Development,Chat,56.0,19.0,210,2
TCKT-150832,Medium,Software Bug,IT Support,Phone,162.0,18.0,174,0
TCKT-106335,High,Hardware Failure,Customer Service,Phone,114.0,0.0,180,3
TCKT-107561,Critical,Access Request,IT Support,Phone,43.0,16.0,271,4
TCKT-199531,Medium,Software Bug,Customer Service,Phone,166.0,17.0,192,0
TCKT-105439,Critical,General Inquiry,Development,Phone,56.0,8.0,291,4
TCKT-137048,Medium,Software Bug,Network Ops,Phone,179.0,12.0,174,1
TCKT-183254,Medium,Software Bug,Development,Chat,172.0,6.0,174,1
TCKT-160185,Critical,Hardware Failure,Customer Service,Chat,55.0,3.0,218,3
TCKT-198977,Critical,Hardware Failure,Network Ops,Chat,60.0,5.0,188,3
TCKT-138790,Medium,Software Bug,Customer Service,Email,168.0,13.0,167,0
TCKT-173490,Critical,Software Bug,Security,Chat,58.0,16.0,251,4
TCKT-169446,Medium,Access Request,IT Support,Email,177.0,22.0,237,0
TCKT-119558,Critical,Network Issue,IT Support,Portal,55.0,10.0,301,4
TCKT-137091,Low,Software Bug,IT Support,Email,222.0,7.0,214,1
TCKT-154049,Critical,Software Bug,Network Ops,Phone,48.0,12.0,211,2
TCKT-129098,High,Software Bug,Development,Portal,114.0,15.0,270,4
TCKT-119316,Medium,Access Request,Security,Portal,180.0,0.0,174,1
TCKT-117048,Low,General Inquiry,IT Support,Phone,236.0,1.0,235,1
TCKT-127171,Low,Access Request,Security,Chat,221.0,12.0,205,0
TCKT-135370,Medium,General Inquiry,Customer Service,Portal,177.0,7.0,211,1
TCKT-117182,High,General Inquiry,Customer Service,Phone,106.0,12.0,229,4
TCKT-103281,Low,General Inquiry,Development,Chat,237.0,11.0,116,0
TCKT-198601,Critical,General Inquiry,Security,Chat,53.0,11.0,349,4
TCKT-187413,Medium,Software Bug,Development,Portal,168.0,14.0,175,0
TCKT-159087,Medium,Network Issue,Development,Email,160.0,23.0,161,0
TCKT-151306,Critical,Network Issue,Network Ops,Phone,53.0,21.0,263,2
TCKT-167504,Medium,Software Bug,IT Support,Email,169.0,13.0,167,0
TCKT-164861,Critical,General Inquiry,Security,Chat,51.0,5.0,251,3
TCKT-190521,Low,Access Request,Security,Email,236.0,19.0,218,0
TCKT-116274,Low,General Inquiry,Network Ops,Portal,223.0,1.0,116,1
TCKT-195794,Low,Hardware Failure,IT Support,Chat,225.0,12.0,251,1
TCKT-132423,Critical,Hardware Failure,Network Ops,Phone,40.0,22.0,218,2
TCKT-144599,High,Software Bug,Customer Service,Chat,104.0,22.0,189,2
TCKT-156802,Critical,Access Request,Development,Portal,41.0,23.0,233,2
TCKT-195580,Low,Software Bug,Customer Service,Email,230.0,16.0,148,0
TCKT-125776,Critical,Network Issue,Security,Portal,50.0,10.0,287,4
TCKT-120924,High,Hardware Failure,Development,Chat,119.0,15.0,271,4
TCKT-185314,High,Access Request,IT Support,Email,113.0,19.0,192,2
TCKT-182667,High,Hardware Failure,Network Ops,Email,114.0,16.0,197,2
TCKT-104886,Medium,General Inquiry,Network Ops,Chat,180.0,8.0,211,1
TCKT-199324,Medium,Hardware Failure,Development,Email,176.0,10.0,268,4
TCKT-196971,Medium,Software Bug,IT Support,Portal,170.0,21.0,234,2
TCKT-159457,Critical,General Inquiry,Network Ops,Portal,56.0,19.0,210,2
TCKT-163698,Medium,General Inquiry,IT Support,Portal,161.0,19.0,267,4
TCKT-132704,Medium,Hardware Failure,IT Support,Email,179.0,3.0,207,1
TCKT-112957,Low,Network Issue,IT Support,Chat,237.0,1.0,151,1
TCKT-153796,Low,Access Request,IT Support,Email,224.0,17.0,149,0
TCKT-127212,High,Hardware Failure,Network Ops,Portal,116.0,15.0,190,2
TCKT-155076,Low,Access Request,Development,Portal,221.0,3.0,161,1
TCKT-174351,Low,Hardware Failure,IT Support,Chat,226.0,21.0,251,0
TCKT-187571,Low,Network Issue,Security,Portal,221.0,9.0,151,1
TCKT-106805,High,Network Issue,Security,Portal,108.0,19.0,267,2
TCKT-172050,Medium,Access Request,Network Ops,Phone,163.0,15.0,181,0
TCKT-186700,Critical,General Inquiry,Development,Chat,53.0,14.0,213,2
TCKT-157925,Medium,Network Issue,Customer Service,Portal,175.0,3.0,186,1
TCKT-175022,Medium,Software Bug,Security,Chat,178.0,13.0,178,1
TCKT-125544,High,Network Issue,Customer Service,Portal,115.0,22.0,197,2
TCKT-189575,Critical,Access Request,Development,Phone,58.0,12.0,215,3
TCKT-153471,Critical,General Inquiry,Network Ops,Portal,45.0,23.0,231,2
TCKT-137030,High,Hardware Failure,IT Support,Phone,107.0,21.0,263,4
TCKT-115263,Critical,Software Bug,IT Support,Email,45.0,22.0,289,4
TCKT-168987,Critical,General Inquiry,IT Support,Email,43.0,23.0,287,4
TCKT-166988,High,Software Bug,Network Ops,Phone,106.0,17.0,189,2
TCKT-192597,Low,Network Issue,Security,Email,230.0,22.0,144,0
TCKT-196202,High,Hardware Failure,Security,Email,113.0,4.0,241,3
TCKT-166073,Low,Access Request,Development,Email,228.0,8.0,242,1
TCKT-100751,Critical,Access Request,Network Ops,Chat,56.0,3.0,215,3
TCKT-169367,Medium,Hardware Failure,Development,Chat,174.0,12.0,264,4
TCKT-139842,Critical,Hardware Failure,Network Ops,Chat,55.0,10.0,218,3
TCKT-137794,Medium,Access Request,Security,Chat,167.0,7.0,230,1
TCKT-147918,Critical,Network Issue,Security,Portal,46.0,12.0,263,4
TCKT-101089,Medium,Network Issue,Development,Chat,179.0,4.0,189,1
TCKT-148260,Critical,Software Bug,Security,Portal,52.0,11.0,251,4
TCKT-193872,Low,Access Request,IT Support,Phone,224.0,16.0,135,0
TCKT-167258,Medium,Access Request,Development,Phone,179.0,18.0,160,0
TCKT-140359,High,Access Request,IT Support,Phone,120.0,20.0,192,2
TCKT-159342,Medium,Access Request,Network Ops,Portal,177.0,2.0,160,1
TCKT-119391,High,Network Issue,IT Support,Email,102.0,23.0,275,2
TCKT-138286,Low,Hardware Failure,Development,Phone,235.0,3.0,247,1
TCKT-157851,High,Network Issue,IT Support,Portal,109.0,21.0,189,2
TCKT-111732,Critical,Software Bug,IT Support,Chat,41.0,5.0,181,3
TCKT-169881,Low,Software Bug,Customer Service,Portal,221.0,10.0,178,0
TCKT-119242,Low,Access Request,Security,Email,233.0,8.0,223,1
TCKT-110188,Critical,Software Bug,Security,Phone,50.0,23.0,292,4
TCKT-161196,Critical,Hardware Failure,Security,Portal,52.0,3.0,188,3
TCKT-183277,Low,General Inquiry,Security,Phone,233.0,8.0,242,1
TCKT-152171,Medium,Software Bug,Customer Service,Portal,178.0,11.0,174,1
TCKT-143808,Low,Network Issue,Development,Phone,240.0,12.0,225,0
TCKT-130581,Critical,Software Bug,Customer Service,Email,57.0,22.0,181,2
TCKT-121843,Medium,General Inquiry,Network Ops,Email,179.0,17.0,211,0
TCKT-190700,Low,Hardware Failure,Development,Chat,222.0,14.0,247,0
TCKT-193366,Medium,Network Issue,Security,Phone,168.0,5.0,189,1
TCKT-103918,High,Hardware Failure,Customer Service,Phone,116.0,5.0,180,3
TCKT-190538,Critical,Hardware Failure,IT Support,Phone,56.0,15.0,271,4
TCKT-139618,Low,Access Request,Security,Portal,235.0,1.0,187,1
TCKT-158872,High,Hardware Failure,Customer Service,Portal,116.0,11.0,171,2
TCKT-119674,Critical,Hardware Failure,IT Support,Email,56.0,8.0,296,4
TCKT-147406,Critical,Software Bug,Network Ops,Portal,46.0,18.0,193,2
TCKT-135296,Medium,Software Bug,Development,Phone,177.0,14.0,192,0
TCKT-156474,Low,Network Issue,Development,Chat,234.0,4.0,248,1
TCKT-160014,Low,General Inquiry,Customer Service,Chat,240.0,3.0,179,1
TCKT-166297,High,General Inquiry,IT Support,Phone,106.0,5.0,229,3
TCKT-145619,Medium,Access Request,Customer Service,Email,172.0,19.0,162,0
TCKT-156955,Low,Network Issue,Development,Phone,235.0,14.0,153,0
TCKT-146627,High,Access Request,Network Ops,Email,118.0,0.0,216,3
TCKT-186011,Low,Software Bug,Network Ops,Phone,239.0,9.0,180,1
TCKT-163745,Critical,Access Request,Security,Phone,52.0,23.0,210,2
TCKT-101822,High,Software Bug,Network Ops,Phone,117.0,1.0,212,3
TCKT-171227,Low,Access Request,Security,Chat,222.0,12.0,129,0
TCKT-184635,Low,Software Bug,Customer Service,Phone,236.0,3.0,180,1
TCKT-147282,Medium,Access Request,Customer Service,Portal,179.0,11.0,182,0
TCKT-156111,Critical,Software Bug,Customer Service,Portal,40.0,17.0,207,2
TCKT-135592,High,Access Request,Customer Service,Phone,112.0,16.0,216,2
TCKT-180455,Critical,Access Request,Customer Service,Chat,48.0,13.0,181,3
TCKT-151087,High,Software Bug,Security,Portal,106.0,16.0,212,2
TCKT-176293,Critical,Hardware Failure,Development,Portal,60.0,19.0,187,2
TCKT-113281,Critical,Hardware Failure,Security,Email,40.0,4.0,187,3
TCKT-178581,Medium,General Inquiry,Network Ops,Chat,174.0,20.0,183,0
TCKT-157986,Medium,Software Bug,Development,Portal,170.0,19.0,248,2
TCKT-107159,Critical,Access Request,Security,Chat,41.0,19.0,215,2
TCKT-129863,Critical,Network Issue,Customer Service,Email,50.0,11.0,217,3
TCKT-113318,High,Software Bug,IT Support,Portal,119.0,21.0,231,2
TCKT-103022,Critical,General Inquiry,Development,Chat,55.0,6.0,226,3
TCKT-109116,Medium,Software Bug,Security,Portal,165.0,21.0,244,2
TCKT-125808,Low,General Inquiry,IT Support,Portal,221.0,4.0,177,1
TCKT-160976,High,Software Bug,IT Support,Phone,105.0,12.0,245,4
TCKT-161010,Critical,Access Request,Customer Service,Email,60.0,20.0,215,2
TCKT-179755,Medium,Access Request,Network Ops,Portal,170.0,14.0,146,0
TCKT-165797,High,Software Bug,IT Support,Phone,112.0,19.0,189,2
TCKT-143803,Low,Hardware Failure,Security,Email,231.0,15.0,195,0
TCKT-177682,Critical,Software Bug,IT Support,Email,44.0,21.0,203,2
TCKT-185912,Low,Access Request,Network Ops,Email,239.0,22.0,117,0
TCKT-111174,High,Software Bug,Security,Phone,106.0,16.0,177,2
TCKT-181238,Medium,Hardware Failure,IT Support,Portal,175.0,10.0,217,1
TCKT-175751,Critical,Software Bug,Customer Service,Email,49.0,7.0,203,3
TCKT-181110,High,Software Bug,IT Support,Email,118.0,2.0,185,3
TCKT-105655,High,Access Request,IT Support,Phone,120.0,3.0,196,3
TCKT-183981,Critical,Access Request,Customer Service,Email,54.0,10.0,210,3
TCKT-162604,Low,General Inquiry,Development,Phone,223.0,22.0,162,0
TCKT-192173,Low,Access Request,Customer Service,Chat,227.0,17.0,161,0
TCKT-131942,Low,Hardware Failure,Development,Portal,233.0,18.0,247,0
TCKT-126270,High,Software Bug,Security,Portal,118.0,7.0,220,3
TCKT-107824,Medium,Software Bug,Development,Chat,168.0,7.0,178,1
TCKT-110568,Low,General Inquiry,Customer Service,Email,220.0,8.0,162,1
TCKT-151265,High,Hardware Failure,Security,Phone,118.0,0.0,211,3
TCKT-141368,Low,Software Bug,Development,Phone,234.0,7.0,165,1
TCKT-153445,High,Access Request,Security,Email,112.0,11.0,255,4
TCKT-128199,High,General Inquiry,IT Support,Phone,105.0,23.0,285,4
TCKT-171223,Critical,Network Issue,Security,Portal,41.0,21.0,223,2
TCKT-162666,Low,General Inquiry,IT Support,Portal,226.0,22.0,162,0
TCKT-103927,Medium,Hardware Failure,IT Support,Phone,178.0,22.0,183,0
TCKT-123663,Medium,Software Bug,Customer Service,Phone,162.0,10.0,178,1
TCKT-164891,High,Network Issue,Security,Portal,109.0,6.0,258,4
TCKT-197583,Medium,Network Issue,Network Ops,Portal,167.0,3.0,169,1
TCKT-163073,High,General Inquiry,Development,Chat,120.0,23.0,212,2
TCKT-156643,Medium,Software Bug,Security,Portal,162.0,15.0,192,2
TCKT-141096,Low,Hardware Failure,Security,Email,227.0,13.0,265,4
TCKT-182949,High,Network Issue,IT Support,Phone,113.0,14.0,245,4
TCKT-123455,Low,Network Issue,IT Support,Chat,229.0,1.0,207,1
TCKT-103459,Low,Network Issue,Customer Service,Portal,232.0,21.0,181,0
TCKT-134373,Medium,General Inquiry,Customer Service,Chat,172.0,21.0,211,0
TCKT-170438,Medium,Hardware Failure,Development,Email,178.0,3.0,268,4
TCKT-110316,Medium,Software Bug,Security,Chat,171.0,22.0,192,0
TCKT-189075,Critical,Software Bug,Security,Email,42.0,1.0,277,3
TCKT-116761,Low,Access Request,Security,Portal,228.0,6.0,149,1
TCKT-141047,Critical,Software Bug,Network Ops,Portal,53.0,12.0,211,2
TCKT-149192,Medium,General Inquiry,Customer Service,Email,178.0,13.0,143,0
TCKT-142745,Low,General Inquiry,Development,Phone,239.0,3.0,179,1
TCKT-132800,High,Access Request,Network Ops,Email,102.0,10.0,199,3
TCKT-107327,High,Network Issue,Network Ops,Phone,111.0,7.0,197,3
TCKT-136595,Low,Network Issue,Network Ops,Chat,221.0,15.0,181,0
TCKT-140251,Medium,Access Request,Network Ops,Chat,176.0,17.0,162,0
TCKT-127272,Low,Software Bug,Development,Chat,236.0,4.0,178,1
TCKT-101643,Medium,General Inquiry,IT Support,Portal,179.0,9.0,295,4
TCKT-132846,Critical,Access Request,IT Support,Portal,42.0,13.0,210,2
TCKT-112666,High,Hardware Failure,Network Ops,Email,118.0,13.0,171,2
TCKT-132157,Medium,Network Issue,IT Support,Phone,178.0,21.0,217,0
TCKT-188430,Medium,Access Request,Development,Portal,168.0,9.0,174,1
TCKT-114455,Medium,Software Bug,Development,Email,176.0,20.0,174,0
TCKT-190508,Critical,General Inquiry,Network Ops,Email,51.0,3.0,231,3
TCKT-153315,Low,Access Request,Network Ops,Email,220.0,17.0,161,0
TCKT-182333,Critical,Software Bug,Security,Portal,50.0,16.0,207,2
TCKT-146693,High,Network Issue,Customer Service,Portal,110.0,4.0,188,3
TCKT-185567,Low,General Inquiry,Network Ops,Portal,234.0,23.0,116,0
TCKT-146551,Low,General Inquiry,Network Ops,Chat,230.0,14.0,121,0
TCKT-173700,Medium,Access Request,Security,Chat,170.0,1.0,252,1
TCKT-128807,High,Software Bug,Security,Phone,102.0,3.0,247,3
TCKT-149135,Low,Software Bug,Network Ops,Chat,225.0,0.0,148,1
TCKT-177599,Critical,Access Request,IT Support,Phone,40.0,10.0,289,4
TCKT-199156,High,Software Bug,Security,Portal,113.0,5.0,259,4
TCKT-107233,High,General Inquiry,Customer Service,Chat,104.0,11.0,235,4
TCKT-145705,High,Access Request,Customer Service,Email,100.0,2.0,178,3
TCKT-163203,High,General Inquiry,Customer Service,Chat,107.0,7.0,219,3
TCKT-162068,Low,Software Bug,IT Support,Phone,220.0,21.0,148,0
TCKT-116240,Medium,Network Issue,Customer Service,Chat,179.0,21.0,161,0
TCKT-172451,Low,Network Issue,IT Support,Email,232.0,13.0,259,0
TCKT-157621,High,General Inquiry,Network Ops,Portal,104.0,3.0,212,3
TCKT-178976,Medium,Access Request,Development,Email,170.0,5.0,153,1
TCKT-138527,High,Network Issue,Customer Service,Phone,110.0,7.0,188,3
TCKT-117774,High,Hardware Failure,Customer Service,Phone,120.0,2.0,180,3
TCKT-164502,Low,Software Bug,Network Ops,Phone,232.0,8.0,148,1
TCKT-166504,Low,Network Issue,Security,Phone,233.0,3.0,273,1
TCKT-195016,Low,General Inquiry,Network Ops,Phone,225.0,2.0,162,1
TCKT-121607,Low,Access Request,IT Support,Chat,240.0,14.0,135,0
TCKT-117806,Medium,General Inquiry,Security,Chat,179.0,1.0,229,1
TCKT-156700,Critical,General Inquiry,Network Ops,Chat,45.0,19.0,251,2
TCKT-155854,Critical,General Inquiry,IT Support,Phone,44.0,0.0,278,4
TCKT-167835,Medium,Access Request,Development,Email,165.0,15.0,160,0
TCKT-170839,Critical,Network Issue,IT Support,Phone,50.0,4.0,203,3
TCKT-171847,Critical,Network Issue,Customer Service,Email,49.0,18.0,203,2
TCKT-116468,Low,Access Request,Customer Service,Email,229.0,3.0,161,1
TCKT-156421,High,Network Issue,Network Ops,Email,120.0,12.0,219,2
TCKT-126908,Critical,Hardware Failure,Network Ops,Chat,40.0,3.0,218,3
TCKT-108001,High,Access Request,Security,Chat,108.0,4.0,172,3
TCKT-177231,Low,Access Request,Security,Phone,223.0,9.0,117,0
TCKT-189306,Low,General Inquiry,Network Ops,Email,238.0,10.0,179,1
TCKT-142044,Critical,Hardware Failure,IT Support,Phone,47.0,23.0,188,2
TCKT-168179,Low,General Inquiry,Customer Service,Portal,221.0,4.0,121,1
TCKT-111792,Critical,General Inquiry,Customer Service,Email,60.0,2.0,226,3
TCKT-124896,Medium,Hardware Failure,Network Ops,Phone,164.0,13.0,187,0
TCKT-146453,High,Hardware Failure,Network Ops,Phone,120.0,0.0,180,1
TCKT-174725,Medium,Access Request,IT Support,Phone,172.0,3.0,209,1
TCKT-167014,High,Software Bug,Security,Portal,120.0,15.0,175,2
TCKT-176592,Low,Hardware Failure,IT Support,Portal,228.0,16.0,251,0
TCKT-172536,Critical,Hardware Failure,Network Ops,Email,57.0,15.0,188,2
TCKT-199873,Medium,Software Bug,Development,Email,167.0,16.0,247,2
TCKT-148849,Critical,Software Bug,Customer Service,Email,54.0,16.0,207,2
TCKT-140709,Low,Hardware Failure,Security,Portal,222.0,6.0,195,1
TCKT-140893,High,Software Bug,Customer Service,Email,108.0,8.0,220,3
TCKT-193380,Critical,Hardware Failure,Development,Chat,58.0,5.0,233,3
TCKT-155605,Medium,Hardware Failure,Customer Service,Phone,174.0,5.0,187,1
TCKT-132401,Medium,Hardware Failure,Network Ops,Chat,160.0,6.0,207,1
TCKT-135813,Medium,Software Bug,Customer Service,Chat,165.0,7.0,166,1
TCKT-183888,Critical,Hardware Failure,Network Ops,Email,51.0,2.0,240,3
TCKT-164683,Critical,Access Request,Network Ops,Portal,50.0,17.0,181,2
TCKT-151116,Medium,Hardware Failure,Development,Chat,180.0,5.0,259,1
TCKT-161750,Critical,Software Bug,Development,Chat,52.0,14.0,193,2
TCKT-118803,Critical,Network Issue,IT Support,Portal,48.0,22.0,231,2
TCKT-196288,Critical,Network Issue,Security,Chat,48.0,1.0,273,3
TCKT-190490,Low,Network Issue,Development,Phone,240.0,10.0,144,0
TCKT-173083,Low,Software Bug,IT Support,Chat,220.0,2.0,232,1
TCKT-139732,High,General Inquiry,Customer Service,Email,113.0,19.0,229,2
TCKT-161849,Low,Network Issue,Development,Email,237.0,12.0,189,0
TCKT-176358,Low,Network Issue,Security,Email,230.0,10.0,157,0
TCKT-196842,High,Hardware Failure,Development,Portal,102.0,6.0,260,4
TCKT-151418,Low,General Inquiry,IT Support,Email,223.0,12.0,246,1
TCKT-174850,High,Access Request,IT Support,Portal,106.0,16.0,241,2
TCKT-177664,Low,Network Issue,Customer Service,Email,223.0,13.0,189,0
TCKT-117530,Medium,Hardware Failure,IT Support,Chat,164.0,16.0,234,2
TCKT-169744,Low,General Inquiry,Security,Chat,236.0,12.0,186,0
TCKT-100576,Low,Access Request,IT Support,Email,237.0,14.0,205,0
TCKT-115741,High,General Inquiry,Customer Service,Email,119.0,9.0,199,3
TCKT-104530,Low,General Inquiry,Security,Chat,233.0,15.0,272,4
TCKT-179218,High,Software Bug,Development,Phone,107.0,17.0,220,2
TCKT-187350,Critical,Software Bug,Development,Chat,60.0,22.0,290,4
TCKT-127285,High,General Inquiry,Security,Phone,113.0,21.0,283,4
TCKT-149368,High,Network Issue,Development,Phone,114.0,16.0,191,2
TCKT-144548,Medium,Hardware Failure,Customer Service,Phone,162.0,2.0,178,1
TCKT-169425,High,Software Bug,Security,Portal,102.0,9.0,245,4
TCKT-134565,High,Access Request,Network Ops,Chat,100.0,9.0,192,3
TCKT-142422,Critical,Access Request,Security,Portal,45.0,15.0,274,4
TCKT-125032,Critical,Network Issue,Development,Email,48.0,17.0,203,2
TCKT-145661,Low,Software Bug,Customer Service,Chat,228.0,22.0,148,0
TCKT-138945,High,Software Bug,Development,Email,101.0,2.0,189,3
TCKT-126153,High,Network Issue,Development,Phone,112.0,13.0,278,4
TCKT-188340,Critical,General Inquiry,Security,Phone,47.0,6.0,226,3
TCKT-108806,High,Software Bug,Security,Chat,111.0,4.0,290,4
TCKT-176575,Critical,Hardware Failure,Customer Service,Portal,55.0,15.0,218,2
TCKT-114053,Medium,Network Issue,IT Support,Portal,169.0,20.0,245,2
TCKT-184882,High,Hardware Failure,IT Support,Email,104.0,17.0,253,2
TCKT-172283,Medium,General Inquiry,Development,Phone,180.0,12.0,211,1
TCKT-111337,Low,Software Bug,Network Ops,Email,239.0,21.0,148,0
TCKT-116147,High,General Inquiry,IT Support,Email,118.0,10.0,199,3
TCKT-169991,High,Access Request,Security,Email,109.0,20.0,216,2
TCKT-103460,Critical,General Inquiry,Customer Service,Phone,53.0,4.0,222,3
TCKT-109408,Medium,Access Request,Security,Portal,176.0,0.0,174,1
TCKT-136976,Critical,Network Issue,IT Support,Portal,41.0,15.0,316,4
TCKT-178560,Medium,General Inquiry,IT Support,Phone,166.0,20.0,180,0
TCKT-165986,Critical,Software Bug,Network Ops,Chat,41.0,21.0,181,2
TCKT-163667,Critical,Hardware Failure,Development,Email,46.0,23.0,240,2
TCKT-153273,Medium,Software Bug,IT Support,Chat,173.0,6.0,174,1
TCKT-121243,Medium,Access Request,Security,Phone,164.0,12.0,251,4
TCKT-118493,Critical,General Inquiry,Security,Phone,55.0,16.0,222,2
TCKT-188635,High,Software Bug,Customer Service,Email,117.0,20.0,184,2
TCKT-168542,High,Software Bug,Network Ops,Portal,108.0,5.0,189,3
TCKT-139874,Medium,Network Issue,Customer Service,Chat,168.0,2.0,186,1
TCKT-196455,Critical,Network Issue,Development,Phone,59.0,16.0,231,2
TCKT-141620,Low,Access Request,IT Support,Phone,221.0,23.0,132,0
TCKT-169072,High,Access Request,IT Support,Portal,103.0,0.0,185,3
TCKT-148344,Critical,Hardware Failure,Network Ops,Chat,47.0,3.0,188,3
TCKT-117742,Critical,Software Bug,IT Support,Portal,49.0,2.0,237,3
TCKT-181517,Low,Network Issue,Development,Portal,231.0,5.0,157,1
TCKT-128131,Critical,General Inquiry,Security,Phone,49.0,18.0,210,2
TCKT-165779,Low,Software Bug,IT Support,Email,234.0,4.0,148,1
TCKT-125196,Low,Hardware Failure,Development,Portal,227.0,12.0,276,4
TCKT-104384,High,Hardware Failure,Customer Service,Email,110.0,23.0,197,2
TCKT-140380,Critical,Access Request,Network Ops,Portal,44.0,19.0,215,2
TCKT-191568,Low,Software Bug,Customer Service,Email,228.0,10.0,164,0
TCKT-150520,Low,Software Bug,IT Support,Phone,237.0,8.0,235,1
TCKT-108674,High,General Inquiry,Customer Service,Chat,110.0,3.0,166,3
TCKT-133514,Medium,Access Request,Customer Service,Portal,178.0,13.0,162,0
TCKT-125526,Medium,Access Request,IT Support,Chat,174.0,6.0,266,4
TCKT-138798,Medium,Access Request,Network Ops,Chat,173.0,22.0,160,0
TCKT-176425,High,Software Bug,Network Ops,Portal,114.0,15.0,220,2
TCKT-198199,Medium,General Inquiry,Network Ops,Portal,179.0,3.0,211,1
TCKT-137229,Critical,Software Bug,Development,Chat,50.0,8.0,203,3
TCKT-140607,Medium,Hardware Failure,Customer Service,Phone,178.0,5.0,187,1
TCKT-100308,Critical,Network Issue,Network Ops,Chat,60.0,1.0,231,3
TCKT-146177,High,Software Bug,Customer Service,Phone,104.0,1.0,220,3
TCKT-123796,High,Access Request,IT Support,Email,109.0,16.0,178,2
TCKT-145655,High,Network Issue,Development,Chat,117.0,11.0,300,4
TCKT-118010,Critical,Access Request,Security,Phone,51.0,17.0,210,2
TCKT-139218,Low,General Inquiry,Development,Phone,229.0,15.0,162,0
TCKT-156956,High,Software Bug,Customer Service,Portal,109.0,17.0,185,2
TCKT-180747,Medium,Network Issue,Customer Service,Phone,167.0,17.0,198,0
TCKT-133370,High,Hardware Failure,Network Ops,Portal,100.0,23.0,190,2
TCKT-143275,Critical,Access Request,Network Ops,Portal,45.0,2.0,207,3
TCKT-120636,High,Network Issue,IT Support,Phone,100.0,19.0,167,2
TCKT-115462,Low,General Inquiry,IT Support,Portal,239.0,6.0,256,1
TCKT-125788,Low,Software Bug,Development,Phone,233.0,13.0,130,0
TCKT-175840,High,General Inquiry,Network Ops,Chat,112.0,20.0,235,2
TCKT-156100,Critical,Software Bug,Development,Chat,43.0,1.0,274,4
TCKT-156546,Low,Software Bug,Customer Service,Portal,236.0,23.0,179,0
TCKT-162487,High,Access Request,Customer Service,Email,102.0,3.0,185,3
TCKT-106528,Medium,Software Bug,IT Support,Portal,168.0,20.0,234,2
TCKT-190263,Low,Hardware Failure,Network Ops,Chat,239.0,16.0,199,0
TCKT-182416,Critical,Network Issue,Network Ops,Email,52.0,15.0,223,2
TCKT-139088,Low,Software Bug,IT Support,Portal,220.0,10.0,236,1
TCKT-160867,Critical,Access Request,Development,Email,51.0,12.0,215,3
TCKT-104797,Critical,General Inquiry,Security,Portal,51.0,0.0,279,4
TCKT-177225,Medium,Network Issue,Development,Phone,165.0,6.0,161,1
TCKT-180903,Low,General Inquiry,Customer Service,Phone,238.0,16.0,172,0
TCKT-118259,Critical,General Inquiry,Security,Phone,42.0,23.0,233,2
TCKT-100347,Medium,Access Request,Customer Service,Phone,176.0,18.0,160,0
TCKT-149277,Medium,Hardware Failure,Development,Email,171.0,8.0,262,4
TCKT-143108,Critical,Access Request,Security,Phone,54.0,8.0,215,3
TCKT-134378,Medium,Hardware Failure,Network Ops,Email,171.0,11.0,178,1
TCKT-181717,Medium,Access Request,Customer Service,Portal,168.0,18.0,182,0
TCKT-180148,Critical,General Inquiry,Customer Service,Portal,58.0,12.0,226,3
TCKT-197807,High,Access Request,Security,Portal,119.0,10.0,172,2
TCKT-197462,Medium,General Inquiry,IT Support,Phone,180.0,2.0,211,1
TCKT-151854,Low,Network Issue,IT Support,Phone,228.0,21.0,203,0
TCKT-164394,Low,Network Issue,Security,Email,236.0,18.0,273,0
TCKT-100982,Critical,Network Issue,Security,Email,60.0,16.0,217,2
TCKT-193877,Critical,Software Bug,Network Ops,Phone,42.0,11.0,193,3
TCKT-183456,High,General Inquiry,Customer Service,Phone,102.0,21.0,212,2
TCKT-192296,High,General Inquiry,Network Ops,Chat,103.0,19.0,229,2
TCKT-141934,High,General Inquiry,Security,Email,116.0,0.0,219,3
TCKT-193389,High,Access Request,Development,Chat,102.0,8.0,216,3
TCKT-175175,High,General Inquiry,Network Ops,Email,116.0,22.0,212,2
TCKT-184598,Low,Access Request,Development,Chat,238.0,14.0,117,0
TCKT-188187,Critical,Hardware Failure,Customer Service,Portal,46.0,14.0,188,2
TCKT-147610,Medium,Network Issue,Development,Phone,167.0,10.0,169,1
TCKT-165671,High,Hardware Failure,Network Ops,Phone,108.0,6.0,179,3
TCKT-148744,Critical,Software Bug,Customer Service,Phone,44.0,2.0,193,3
TCKT-165086,Medium,Hardware Failure,Development,Portal,162.0,13.0,242,2
TCKT-165438,Low,Network Issue,Customer Service,Portal,228.0,7.0,153,1
TCKT-140920,Medium,General Inquiry,IT Support,Email,174.0,17.0,211,0
TCKT-107228,High,General Inquiry,Customer Service,Portal,109.0,14.0,166,2
TCKT-161777,Medium,Network Issue,Network Ops,Portal,176.0,18.0,169,0
TCKT-106085,High,Network Issue,Network Ops,Portal,111.0,7.0,191,3
TCKT-158045,Medium,Software Bug,Network Ops,Phone,167.0,9.0,192,1
TCKT-140139,Low,Network Issue,Customer Service,Phone,237.0,8.0,181,0
TCKT-129288,Medium,Hardware Failure,IT Support,Chat,161.0,0.0,154,1
TCKT-190119,Low,Software Bug,Development,Phone,225.0,17.0,165,0
TCKT-121191,Low,Network Issue,Security,Email,236.0,23.0,223,0
TCKT-117133,Low,Network Issue,Network Ops,Phone,233.0,12.0,189,0
TCKT-171766,High,Access Request,Customer Service,Chat,101.0,23.0,196,2
TCKT-157883,Low,Software Bug,Customer Service,Email,238.0,21.0,130,0
TCKT-101117,High,Access Request,Development,Portal,112.0,12.0,196,2
TCKT-109438,Medium,Software Bug,Development,Chat,165.0,22.0,178,0
TCKT-171672,High,Software Bug,Customer Service,Phone,120.0,9.0,177,3
TCKT-121987,High,Network Issue,IT Support,Portal,105.0,23.0,219,2
TCKT-122468,Low,Hardware Failure,Network Ops,Email,220.0,11.0,199,1
TCKT-162715,Critical,Access Request,Customer Service,Email,58.0,10.0,181,3
TCKT-133646,Low,Hardware Failure,IT Support,Portal,235.0,2.0,288,4
TCKT-139187,Medium,Access Request,Security,Phone,175.0,16.0,182,0
TCKT-195116,Low,Hardware Failure,Development,Chat,222.0,22.0,180,0
TCKT-180049,Medium,Hardware Failure,Network Ops,Email,161.0,11.0,154,1
TCKT-146127,High,Network Issue,Customer Service,Email,119.0,1.0,197,3
TCKT-159660,High,Access Request,Development,Portal,113.0,14.0,185,2
TCKT-176017,Critical,Access Request,IT Support,Phone,44.0,6.0,271,4
TCKT-143994,Critical,Access Request,IT Support,Phone,54.0,12.0,265,4
TCKT-190187,Low,Network Issue,Customer Service,Phone,234.0,23.0,167,0
TCKT-182337,Medium,General Inquiry,Customer Service,Portal,165.0,4.0,211,1
TCKT-138439,Critical,General Inquiry,Security,Email,55.0,3.0,213,3
TCKT-132045,Medium,Software Bug,Customer Service,Phone,171.0,0.0,174,1
TCKT-126246,Critical,Access Request,Network Ops,Phone,46.0,21.0,181,2
TCKT-160048,High,Software Bug,Development,Email,102.0,6.0,177,3
TCKT-140847,Medium,Hardware Failure,IT Support,Portal,164.0,9.0,217,1
TCKT-132476,Critical,Software Bug,Network Ops,Email,50.0,10.0,203,3
TCKT-140371,Low,Software Bug,Network Ops,Phone,222.0,22.0,179,0
TCKT-162174,High,General Inquiry,IT Support,Portal,101.0,13.0,312,4
TCKT-190606,High,General Inquiry,Customer Service,Email,106.0,12.0,219,3
TCKT-155676,Critical,Access Request,Network Ops,Email,49.0,8.0,207,3
TCKT-141134,Critical,Network Issue,Development,Portal,53.0,0.0,197,3
TCKT-109918,High,General Inquiry,Customer Service,Chat,111.0,19.0,199,2
TCKT-182378,Critical,General Inquiry,Customer Service,Email,59.0,15.0,279,4
TCKT-179696,High,Software Bug,Security,Email,105.0,11.0,282,4
TCKT-114778,High,Hardware Failure,Development,Email,117.0,2.0,197,3
TCKT-188424,Critical,Access Request,Development,Phone,48.0,13.0,207,3
TCKT-134067,High,Network Issue,Development,Chat,110.0,11.0,248,4
TCKT-151819,Medium,General Inquiry,Development,Portal,178.0,5.0,225,1
TCKT-126305,High,General Inquiry,Network Ops,Email,118.0,20.0,199,2
TCKT-153994,High,Hardware Failure,Network Ops,Phone,115.0,14.0,179,2
TCKT-198295,Medium,Software Bug,Development,Chat,180.0,19.0,166,0
TCKT-185816,High,Network Issue,Customer Service,Portal,114.0,16.0,189,2
TCKT-140279,Critical,Software Bug,Security,Phone,41.0,6.0,251,4
TCKT-126106,High,Access Request,Development,Portal,111.0,7.0,185,3
TCKT-118713,Low,General Inquiry,Network Ops,Email,220.0,16.0,116,0
TCKT-121547,Medium,Software Bug,Network Ops,Portal,161.0,14.0,192,2
TCKT-150874,High,Hardware Failure,Security,Portal,117.0,10.0,241,4
TCKT-147993,Medium,Software Bug,Security,Portal,176.0,6.0,167,1
TCKT-152669,High,General Inquiry,Network Ops,Email,117.0,15.0,213,2
TCKT-182117,Medium,Hardware Failure,IT Support,Portal,180.0,21.0,291,4
TCKT-155001,High,Hardware Failure,Customer Service,Phone,104.0,23.0,201,2
TCKT-116211,High,Software Bug,Security,Chat,102.0,7.0,184,3
TCKT-159305,Critical,Network Issue,Security,Portal,55.0,0.0,302,4
TCKT-176937,High,General Inquiry,Customer Service,Phone,107.0,20.0,235,2
TCKT-164957,Low,Software Bug,IT Support,Email,237.0,22.0,234,0
TCKT-103369,Low,Access Request,Network Ops,Email,234.0,21.0,135,0
TCKT-168479,High,Access Request,IT Support,Chat,118.0,7.0,300,4
TCKT-145736,High,Network Issue,Network Ops,Chat,101.0,18.0,197,2
TCKT-137673,Low,Software Bug,IT Support,Email,235.0,17.0,262,0
TCKT-177026,High,Network Issue,Development,Phone,106.0,17.0,270,4
TCKT-149422,Critical,General Inquiry,Network Ops,Portal,51.0,3.0,231,3
TCKT-153962,Medium,Software Bug,Development,Chat,175.0,1.0,255,1
TCKT-164397,High,Software Bug,IT Support,Chat,107.0,0.0,273,4
TCKT-107660,Medium,Access Request,Security,Phone,177.0,22.0,146,0
TCKT-194506,High,General Inquiry,Network Ops,Email,106.0,22.0,199,2
TCKT-163787,Medium,Network Issue,Development,Portal,173.0,19.0,270,4
TCKT-170194,High,Software Bug,Customer Service,Portal,120.0,8.0,177,3
TCKT-109860,Critical,Software Bug,Network Ops,Email,51.0,15.0,193,2
TCKT-196741,Low,Software Bug,Security,Chat,231.0,10.0,250,1
TCKT-190734,Medium,General Inquiry,IT Support,Email,171.0,23.0,285,4
TCKT-162080,High,Access Request,Development,Email,108.0,8.0,273,4
TCKT-169467,High,Access Request,Customer Service,Portal,115.0,19.0,185,2
TCKT-163322,Low,Hardware Failure,Customer Service,Phone,223.0,14.0,180,0
TCKT-137615,High,General Inquiry,Customer Service,Portal,118.0,6.0,166,3
TCKT-152279,Low,Hardware Failure,Customer Service,Email,238.0,13.0,204,0
TCKT-132031,Critical,General Inquiry,Network Ops,Portal,57.0,21.0,210,2
TCKT-161680,Critical,General Inquiry,Customer Service,Phone,50.0,2.0,279,4
TCKT-154540,Critical,General Inquiry,Customer Service,Phone,60.0,11.0,279,4
TCKT-156282,High,Network Issue,IT Support,Portal,115.0,20.0,273,4
TCKT-102853,High,Hardware Failure,Customer Service,Email,106.0,14.0,211,2
TCKT-113424,Low,Network Issue,Development,Email,232.0,16.0,144,0
TCKT-148212,Critical,Access Request,Development,Portal,47.0,16.0,210,2
TCKT-134566,Medium,Software Bug,Security,Chat,162.0,20.0,244,2
TCKT-156399,High,Access Request,Development,Chat,120.0,22.0,253,2
TCKT-127542,Medium,Software Bug,Development,Phone,179.0,18.0,175,0
TCKT-149579,High,Software Bug,Development,Phone,115.0,12.0,175,2
TCKT-161961,High,Access Request,Security,Phone,105.0,14.0,255,4
TCKT-105349,High,Hardware Failure,Customer Service,Phone,108.0,22.0,171,2
TCKT-106325,Low,Access Request,Security,Phone,229.0,12.0,132,0
TCKT-181934,Medium,Access Request,Network Ops,Phone,169.0,16.0,160,0
TCKT-123668,Critical,Network Issue,Network Ops,Portal,43.0,6.0,231,3
TCKT-101977,Low,Access Request,Network Ops,Chat,226.0,9.0,149,1
TCKT-133144,Low,Hardware Failure,Network Ops,Email,220.0,18.0,204,0
TCKT-135173,Low,Access Request,Customer Service,Email,233.0,18.0,153,0
TCKT-105631,Low,Network Issue,Customer Service,Portal,227.0,10.0,151,0
TCKT-100816,Medium,Access Request,Customer Service,Chat,161.0,9.0,174,1
TCKT-108100,Low,Access Request,Network Ops,Phone,239.0,17.0,117,0
TCKT-155023,Low,Network Issue,Security,Email,236.0,23.0,167,0
TCKT-185798,Critical,Network Issue,Customer Service,Portal,52.0,8.0,231,3
TCKT-162105,High,Hardware Failure,Network Ops,Phone,114.0,9.0,190,3
TCKT-118230,Critical,Access Request,Security,Email,53.0,14.0,210,3
TCKT-197139,Medium,Software Bug,Customer Service,Chat,168.0,7.0,192,1
TCKT-103408,Medium,Hardware Failure,Network Ops,Phone,180.0,2.0,207,1
TCKT-134774,Low,Software Bug,Development,Portal,237.0,18.0,148,0
TCKT-103861,Medium,Network Issue,Customer Service,Phone,162.0,0.0,161,1
TCKT-170121,Low,Hardware Failure,Development,Chat,220.0,5.0,276,4
TCKT-151173,Low,Access Request,Development,Phone,236.0,6.0,135,1
TCKT-191405,High,General Inquiry,Network Ops,Chat,107.0,17.0,199,2
TCKT-112256,Critical,Access Request,Network Ops,Phone,47.0,20.0,233,2
TCKT-148558,High,Network Issue,Security,Email,102.0,16.0,219,2
TCKT-106488,Critical,General Inquiry,IT Support,Phone,48.0,14.0,310,4
TCKT-144821,Medium,Access Request,Development,Email,171.0,23.0,255,2
TCKT-171774,Medium,Hardware Failure,Development,Chat,168.0,21.0,154,0
TCKT-138567,Low,General Inquiry,IT Support,Portal,227.0,6.0,116,1
TCKT-162921,Medium,General Inquiry,Development,Portal,178.0,1.0,225,1
TCKT-183189,Low,Hardware Failure,Security,Chat,225.0,0.0,195,1
TCKT-119722,Critical,Hardware Failure,IT Support,Chat,59.0,6.0,187,3
TCKT-172623,Critical,Network Issue,Network Ops,Portal,51.0,16.0,231,2
TCKT-149674,Medium,Access Request,Customer Service,Phone,180.0,20.0,174,0
TCKT-167657,High,General Inquiry,Network Ops,Email,108.0,2.0,213,3
TCKT-194170,High,Access Request,Development,Chat,119.0,13.0,253,4
TCKT-163697,Critical,Access Request,Security,Portal,60.0,19.0,181,2
TCKT-158953,Medium,Network Issue,Security,Chat,174.0,13.0,256,4
TCKT-180751,High,Network Issue,Development,Phone,106.0,22.0,278,4
TCKT-165501,High,General Inquiry,IT Support,Phone,107.0,17.0,213,2
TCKT-136323,Medium,Hardware Failure,Security,Phone,175.0,2.0,154,1
TCKT-127813,Critical,Access Request,Network Ops,Portal,57.0,21.0,215,2
TCKT-156064,Critical,Software Bug,Customer Service,Phone,41.0,22.0,181,2
TCKT-199696,Medium,Hardware Failure,Security,Email,176.0,12.0,251,4
TCKT-156964,Low,Software Bug,Network Ops,Chat,233.0,3.0,164,1
TCKT-152241,High,General Inquiry,Network Ops,Phone,104.0,9.0,219,3
TCKT-150343,Medium,Network Issue,Development,Phone,180.0,6.0,169,1
TCKT-175938,Medium,Hardware Failure,Network Ops,Phone,172.0,1.0,154,1
TCKT-169004,Low,Hardware Failure,Development,Phone,231.0,6.0,180,1
TCKT-151372,Medium,General Inquiry,Development,Chat,162.0,2.0,211,1
TCKT-134926,Critical,Access Request,Network Ops,Email,57.0,8.0,210,3
TCKT-182935,Medium,General Inquiry,Development,Phone,180.0,4.0,261,4
TCKT-120878,Critical,General Inquiry,Network Ops,Phone,53.0,17.0,279,4
TCKT-159814,High,Network Issue,Development,Chat,117.0,4.0,188,3
TCKT-162148,Critical,Software Bug,IT Support,Chat,52.0,17.0,287,4
TCKT-151871,Critical,Network Issue,Security,Phone,50.0,19.0,203,2
TCKT-159029,High,Software Bug,Security,Portal,114.0,12.0,175,2
TCKT-192122,Low,General Inquiry,IT Support,Email,233.0,18.0,228,0
TCKT-128219,Low,Hardware Failure,Customer Service,Email,236.0,7.0,166,1
TCKT-186169,Critical,Network Issue,Security,Email,57.0,16.0,217,2
TCKT-135298,Medium,General Inquiry,Security,Chat,171.0,3.0,213,1
TCKT-116353,Medium,Software Bug,Customer Service,Phone,171.0,12.0,174,0
TCKT-168150,Low,General Inquiry,Network Ops,Chat,232.0,22.0,162,0
TCKT-141316,Critical,Software Bug,IT Support,Chat,56.0,20.0,306,4
TCKT-179839,Low,Access Request,Development,Chat,229.0,23.0,234,0
TCKT-131939,Medium,Network Issue,Security,Phone,178.0,19.0,231,0
TCKT-174548,Medium,Software Bug,Security,Phone,178.0,16.0,174,0
TCKT-173243,High,Software Bug,Network Ops,Email,115.0,14.0,184,2
TCKT-128176,Medium,General Inquiry,Security,Portal,169.0,5.0,225,1
TCKT-143972,High,General Inquiry,Customer Service,Portal,101.0,10.0,199,3
TCKT-179811,Critical,Network Issue,Development,Chat,58.0,1.0,278,4
TCKT-156730,High,Access Request,IT Support,Chat,110.0,18.0,199,2
TCKT-168249,Medium,Access Request,Network Ops,Chat,176.0,5.0,181,1
TCKT-198271,Medium,Network Issue,Security,Email,174.0,20.0,231,2
TCKT-145699,Critical,Access Request,Network Ops,Email,60.0,17.0,181,2
TCKT-184997,Critical,Software Bug,Security,Portal,56.0,10.0,263,4
TCKT-154610,Critical,Network Issue,Customer Service,Phone,54.0,15.0,232,3
TCKT-187296,Critical,Access Request,Network Ops,Portal,48.0,5.0,215,3
TCKT-163777,Medium,Hardware Failure,Security,Portal,165.0,11.0,248,4
TCKT-199311,High,General Inquiry,Network Ops,Phone,113.0,1.0,219,3
TCKT-136618,Medium,Software Bug,Customer Service,Portal,168.0,2.0,192,1
TCKT-104390,Low,General Inquiry,Development,Chat,239.0,14.0,197,0
TCKT-141193,Medium,General Inquiry,Network Ops,Chat,173.0,0.0,229,1
TCKT-196411,High,Software Bug,Security,Chat,113.0,5.0,177,3
TCKT-101866,Medium,Hardware Failure,Network Ops,Chat,170.0,12.0,189,1
TCKT-133647,High,Hardware Failure,Network Ops,Email,100.0,10.0,179,3
TCKT-151122,Critical,Hardware Failure,IT Support,Email,55.0,12.0,187,3
TCKT-174375,High,Hardware Failure,Security,Phone,120.0,10.0,211,3
TCKT-146056,Medium,Network Issue,Development,Email,177.0,6.0,169,1
TCKT-184056,Medium,Access Request,IT Support,Portal,160.0,0.0,244,1
TCKT-189301,High,Software Bug,Network Ops,Chat,104.0,0.0,177,3
TCKT-145072,Low,Hardware Failure,Security,Email,226.0,10.0,167,0
TCKT-148639,Medium,Hardware Failure,Network Ops,Chat,178.0,4.0,161,1
TCKT-103361,Low,General Inquiry,Network Ops,Phone,236.0,13.0,162,0
TCKT-104487,Low,General Inquiry,Network Ops,Email,232.0,11.0,116,0
TCKT-164853,Medium,General Inquiry,IT Support,Chat,177.0,1.0,285,4
TCKT-164747,Critical,Software Bug,Security,Portal,53.0,4.0,251,3
TCKT-125228,Medium,Software Bug,Network Ops,Chat,175.0,17.0,178,0
TCKT-147908,Medium,Hardware Failure,Security,Chat,160.0,3.0,183,1
TCKT-144825,Critical,Software Bug,Security,Portal,52.0,8.0,181,3
TCKT-146563,Low,Hardware Failure,Network Ops,Portal,236.0,18.0,166,0
TCKT-166929,Medium,Software Bug,IT Support,Chat,169.0,1.0,250,1
TCKT-116538,High,Network Issue,Security,Phone,116.0,20.0,219,2
TCKT-138652,Medium,Network Issue,Customer Service,Email,163.0,4.0,189,1
TCKT-105541,Low,Software Bug,IT Support,Phone,232.0,21.0,264,0
TCKT-150042,Low,Software Bug,Development,Phone,228.0,6.0,260,1
TCKT-187905,Medium,Software Bug,Customer Service,Portal,180.0,8.0,166,1
TCKT-130818,Low,Network Issue,Network Ops,Portal,231.0,23.0,203,0
TCKT-133456,Medium,Access Request,IT Support,Portal,166.0,9.0,230,1
TCKT-177551,Medium,Network Issue,IT Support,Portal,175.0,21.0,217,2
TCKT-171667,Low,Hardware Failure,IT Support,Email,240.0,13.0,251,0
TCKT-147410,Critical,Network Issue,Development,Chat,42.0,6.0,263,3
TCKT-165538,Medium,Access Request,Network Ops,Chat,167.0,13.0,174,1
TCKT-133534,Medium,Software Bug,Network Ops,Portal,172.0,12.0,192,1
TCKT-106632,Critical,Software Bug,Development,Email,55.0,3.0,209,3
TCKT-155003,Critical,Access Request,Development,Chat,46.0,19.0,215,2
TCKT-122184,Low,Software Bug,Network Ops,Phone,240.0,3.0,178,1
TCKT-163450,Low,General Inquiry,Customer Service,Email,221.0,6.0,162,1
TCKT-142882,Medium,Software Bug,Development,Email,165.0,15.0,178,0
TCKT-159092,Critical,General Inquiry,Development,Portal,54.0,10.0,231,3
TCKT-180714,Critical,Hardware Failure,Security,Phone,43.0,2.0,240,3
TCKT-152776,Low,Access Request,Development,Email,220.0,18.0,135,0
TCKT-124335,High,Network Issue,Network Ops,Portal,109.0,20.0,189,2
TCKT-110370,Critical,General Inquiry,Customer Service,Email,40.0,10.0,210,3
TCKT-195017,Medium,General Inquiry,Customer Service,Phone,174.0,19.0,188,0
TCKT-144877,High,Access Request,Network Ops,Portal,100.0,23.0,196,2
TCKT-137462,Critical,Hardware Failure,Development,Chat,52.0,7.0,268,4
TCKT-123807,Low,Access Request,Network Ops,Portal,236.0,8.0,153,1
TCKT-191800,High,Software Bug,Customer Service,Phone,106.0,3.0,212,3
TCKT-100828,High,Hardware Failure,Security,Email,101.0,5.0,180,3
TCKT-189903,Medium,General Inquiry,Customer Service,Portal,160.0,22.0,229,2
TCKT-183814,Critical,General Inquiry,Network Ops,Portal,40.0,7.0,210,3
TCKT-191027,Low,Hardware Failure,Network Ops,Chat,223.0,13.0,199,0
TCKT-183432,Medium,Access Request,Network Ops,Portal,165.0,13.0,174,0
TCKT-167376,Low,General Inquiry,Customer Service,Email,227.0,20.0,162,0
TCKT-124394,Medium,Hardware Failure,Network Ops,Phone,177.0,20.0,207,0
TCKT-198404,High,General Inquiry,Security,Phone,103.0,20.0,269,4
TCKT-150025,Critical,Network Issue,Security,Email,41.0,8.0,203,3
TCKT-151978,Low,Software Bug,Security,Portal,227.0,23.0,148,0
TCKT-104242,Low,Access Request,Network Ops,Email,240.0,17.0,117,0
TCKT-167262,Critical,Software Bug,Development,Phone,48.0,21.0,181,2
TCKT-111464,Critical,Software Bug,Security,Phone,58.0,0.0,251,3
TCKT-180085,Medium,General Inquiry,IT Support,Portal,176.0,17.0,277,4
TCKT-183859,High,Network Issue,IT Support,Chat,110.0,20.0,313,4
TCKT-184399,Medium,General Inquiry,Network Ops,Portal,165.0,10.0,225,1
TCKT-141181,Critical,Access Request,Network Ops,Phone,53.0,20.0,233,2
TCKT-100942,Low,Software Bug,Development,Phone,235.0,9.0,148,0
TCKT-176281,Medium,Network Issue,Development,Chat,163.0,20.0,285,4
TCKT-151810,Medium,General Inquiry,Development,Phone,169.0,11.0,306,4
TCKT-140276,Critical,Network Issue,IT Support,Email,42.0,5.0,231,3
TCKT-134137,Medium,Access Request,Customer Service,Email,171.0,12.0,146,0
TCKT-199104,Critical,Access Request,Customer Service,Email,43.0,18.0,204,2
TCKT-133263,Critical,General Inquiry,Security,Phone,43.0,14.0,251,4
TCKT-121812,Critical,Network Issue,Customer Service,Chat,56.0,16.0,197,2
TCKT-129225,Medium,Network Issue,Network Ops,Email,163.0,21.0,200,2
TCKT-116705,Critical,Access Request,IT Support,Chat,51.0,1.0,291,4
TCKT-113156,Critical,Network Issue,Network Ops,Portal,51.0,22.0,232,2
TCKT-117251,Critical,Hardware Failure,Network Ops,Chat,50.0,11.0,188,3
TCKT-184336,Low,Access Request,Network Ops,Email,231.0,21.0,129,0
TCKT-105557,Critical,Software Bug,IT Support,Portal,41.0,14.0,263,4
TCKT-143043,Critical,Access Request,IT Support,Phone,53.0,13.0,207,3
TCKT-152294,High,Access Request,Development,Phone,103.0,9.0,185,3
TCKT-133522,Low,Software Bug,Customer Service,Phone,238.0,2.0,165,1
TCKT-166768,Medium,Network Issue,Development,Email,176.0,14.0,186,0
TCKT-109729,Critical,General Inquiry,Development,Chat,49.0,7.0,233,3
TCKT-177075,Medium,Software Bug,Customer Service,Phone,170.0,17.0,175,0
TCKT-164111,Critical,Network Issue,Customer Service,Phone,42.0,16.0,231,2
TCKT-184356,Medium,Access Request,Development,Portal,176.0,1.0,162,1
TCKT-178568,High,Network Issue,Security,Phone,113.0,19.0,229,2
TCKT-108211,High,Access Request,Customer Service,Portal,112.0,19.0,216,2
TCKT-159625,Critical,Hardware Failure,IT Support,Phone,45.0,18.0,296,4
TCKT-121335,Low,Network Issue,IT Support,Portal,225.0,5.0,265,1
TCKT-100111,Critical,General Inquiry,Customer Service,Phone,41.0,14.0,213,3
TCKT-103299,High,General Inquiry,Development,Email,118.0,16.0,199,2
TCKT-111304,High,General Inquiry,Security,Chat,115.0,13.0,235,2
TCKT-123426,High,Hardware Failure,IT Support,Portal,107.0,3.0,212,3
TCKT-125010,Critical,General Inquiry,IT Support,Email,46.0,6.0,213,3
TCKT-106790,High,Network Issue,Security,Chat,112.0,7.0,219,3
TCKT-130876,Low,General Inquiry,IT Support,Email,227.0,23.0,172,0
TCKT-111884,High,General Inquiry,Development,Portal,109.0,8.0,235,3
TCKT-154383,Medium,General Inquiry,Customer Service,Portal,179.0,0.0,188,1
TCKT-103088,Low,Access Request,IT Support,Portal,233.0,8.0,216,1
TCKT-189463,Low,General Inquiry,Customer Service,Chat,240.0,23.0,162,0
TCKT-198728,Low,General Inquiry,Network Ops,Phone,223.0,13.0,116,0
TCKT-119476,Low,Network Issue,Development,Email,223.0,18.0,262,0
TCKT-143585,Medium,Software Bug,Customer Service,Chat,161.0,11.0,192,1
TCKT-111804,Medium,Software Bug,IT Support,Phone,171.0,7.0,167,1
TCKT-143135,High,General Inquiry,Customer Service,Phone,104.0,2.0,229,3
TCKT-165065,High,Hardware Failure,IT Support,Chat,119.0,21.0,267,2
TCKT-154121,Critical,Hardware Failure,Network Ops,Email,48.0,20.0,205,2
TCKT-148205,Medium,Hardware Failure,Network Ops,Email,161.0,15.0,187,0
TCKT-110451,High,Software Bug,Security,Phone,115.0,19.0,175,2
TCKT-138898,High,Software Bug,Development,Portal,111.0,13.0,220,2
TCKT-103129,Critical,Hardware Failure,Security,Chat,40.0,7.0,288,4
TCKT-193170,Low,Network Issue,Customer Service,Portal,225.0,20.0,203,0
TCKT-160266,High,Network Issue,Development,Phone,111.0,20.0,210,2
TCKT-197950,Critical,Software Bug,Network Ops,Phone,57.0,15.0,211,2
TCKT-139935,Medium,Hardware Failure,Network Ops,Phone,160.0,18.0,161,0
TCKT-168737,Low,Access Request,Development,Chat,228.0,7.0,135,1
TCKT-148678,Medium,Network Issue,Security,Chat,174.0,15.0,198,0
TCKT-129945,Low,Hardware Failure,Security,Phone,233.0,16.0,204,0
TCKT-184959,Low,Hardware Failure,Network Ops,Phone,231.0,14.0,180,0
TCKT-174828,Medium,Hardware Failure,Development,Portal,172.0,23.0,264,2
TCKT-152505,Low,General Inquiry,Security,Email,234.0,5.0,202,1
TCKT-194012,Low,Software Bug,Customer Service,Email,224.0,21.0,148,0
TCKT-131124,Medium,Hardware Failure,Development,Chat,162.0,9.0,183,1
TCKT-118979,Critical,Access Request,IT Support,Email,58.0,2.0,271,4
TCKT-113246,Medium,General Inquiry,IT Support,Portal,179.0,16.0,180,0
TCKT-109442,Critical,Access Request,Security,Chat,42.0,7.0,233,3
TCKT-172087,Low,Software Bug,Development,Email,222.0,0.0,179,1
TCKT-152981,Critical,Network Issue,Development,Email,43.0,0.0,203,3
TCKT-115957,Critical,Software Bug,Development,Chat,40.0,11.0,211,3
TCKT-136417,Medium,General Inquiry,Development,Chat,178.0,22.0,193,0
TCKT-165470,Medium,Network Issue,Development,Phone,174.0,18.0,250,4
TCKT-190935,Critical,Network Issue,IT Support,Email,52.0,8.0,315,4
TCKT-156896,Medium,Software Bug,IT Support,Portal,179.0,11.0,231,1
TCKT-173191,Medium,Hardware Failure,Customer Service,Chat,172.0,4.0,178,1
TCKT-133556,Critical,Software Bug,Network Ops,Chat,47.0,9.0,207,3
TCKT-141040,High,Software Bug,Customer Service,Phone,119.0,15.0,177,2
TCKT-116535,Low,General Inquiry,Customer Service,Chat,232.0,19.0,162,0
TCKT-176816,Low,Network Issue,IT Support,Phone,225.0,23.0,241,0
TCKT-182542,Medium,General Inquiry,Customer Service,Phone,166.0,12.0,193,0
TCKT-141979,Critical,General Inquiry,IT Support,Phone,41.0,8.0,307,4
TCKT-124587,Critical,Network Issue,IT Support,Chat,49.0,17.0,288,4
TCKT-131405,Medium,General Inquiry,Development,Email,166.0,17.0,264,4
TCKT-199744,Low,Access Request,Customer Service,Chat,237.0,17.0,129,0
TCKT-155422,Medium,Network Issue,Customer Service,Email,173.0,5.0,189,1
TCKT-182770,Medium,Software Bug,Network Ops,Phone,161.0,4.0,178,1
TCKT-100587,High,Network Issue,Customer Service,Email,115.0,16.0,189,2
TCKT-180379,High,Hardware Failure,Security,Portal,112.0,5.0,212,3
TCKT-137027,High,Software Bug,Development,Email,108.0,4.0,185,3
TCKT-117650,Low,Access Request,Customer Service,Portal,239.0,20.0,117,0
TCKT-168724,Low,Access Request,Network Ops,Chat,225.0,5.0,148,1
TCKT-104312,Critical,Access Request,Network Ops,Chat,42.0,22.0,215,2
TCKT-130462,Medium,Access Request,Network Ops,Email,178.0,23.0,162,0
TCKT-114912,Medium,General Inquiry,IT Support,Chat,166.0,12.0,244,4
TCKT-148940,High,Software Bug,Customer Service,Phone,117.0,20.0,220,2
TCKT-175425,High,Network Issue,Customer Service,Portal,105.0,22.0,188,2
TCKT-102076,Medium,General Inquiry,Network Ops,Phone,163.0,1.0,143,1
TCKT-131528,High,Software Bug,Customer Service,Email,106.0,15.0,175,2
TCKT-134911,Critical,Software Bug,Security,Email,58.0,4.0,222,3
TCKT-151311,High,Software Bug,Security,Email,105.0,23.0,189,2
TCKT-114355,Medium,Hardware Failure,IT Support,Phone,177.0,21.0,178,0
TCKT-152455,Critical,Hardware Failure,IT Support,Phone,46.0,2.0,271,4
TCKT-158337,High,Software Bug,Development,Phone,106.0,15.0,189,2
TCKT-168733,Medium,Hardware Failure,Customer Service,Phone,177.0,21.0,181,0
TCKT-155735,High,General Inquiry,Security,Chat,108.0,12.0,228,2
TCKT-156324,Low,General Inquiry,Development,Chat,226.0,19.0,243,0
TCKT-103776,High,General Inquiry,Network Ops,Phone,116.0,11.0,228,2
TCKT-146326,Critical,Hardware Failure,Customer Service,Email,49.0,20.0,218,2
TCKT-153966,Low,Hardware Failure,Network Ops,Phone,236.0,6.0,195,1
TCKT-170894,Low,Network Issue,IT Support,Portal,229.0,0.0,237,1
TCKT-197871,Medium,General Inquiry,Network Ops,Portal,166.0,5.0,188,1
TCKT-157035,High,Access Request,Development,Email,114.0,5.0,259,4
TCKT-182101,High,Hardware Failure,Security,Email,113.0,22.0,260,2
TCKT-116152,Critical,Software Bug,IT Support,Chat,55.0,12.0,181,3
TCKT-159276,Low,Hardware Failure,Security,Chat,227.0,15.0,274,4
TCKT-123808,Medium,General Inquiry,Development,Email,161.0,22.0,180,0
TCKT-102153,High,Software Bug,Network Ops,Chat,110.0,0.0,189,3
TCKT-184365,Low,General Inquiry,Customer Service,Phone,223.0,19.0,121,0
TCKT-137223,High,Software Bug,Customer Service,Email,117.0,6.0,175,3
TCKT-102156,Critical,Network Issue,Customer Service,Phone,42.0,2.0,231,3
TCKT-186735,Medium,General Inquiry,Security,Portal,171.0,17.0,299,4
TCKT-145285,High,Hardware Failure,Customer Service,Portal,103.0,20.0,190,2
TCKT-102064,Critical,General Inquiry,IT Support,Chat,54.0,16.0,294,4
TCKT-133885,High,Network Issue,Security,Email,117.0,13.0,210,2
TCKT-132868,Medium,Access Request,IT Support,Chat,178.0,5.0,202,1
TCKT-132411,Critical,General Inquiry,Security,Email,46.0,18.0,231,2
TCKT-160102,Low,Hardware Failure,IT Support,Email,237.0,21.0,195,0
TCKT-174194,Critical,General Inquiry,Development,Phone,58.0,19.0,279,4
TCKT-168490,Medium,Hardware Failure,Customer Service,Portal,165.0,11.0,161,1
TCKT-138330,High,Access Request,IT Support,Phone,115.0,4.0,248,4
TCKT-180088,Low,Hardware Failure,Development,Email,236.0,22.0,280,0
TCKT-172120,Critical,Hardware Failure,Security,Portal,55.0,9.0,258,4
TCKT-147425,Low,Network Issue,Development,Chat,233.0,20.0,248,0
TCKT-108287,Low,Software Bug,Customer Service,Email,235.0,3.0,164,1
TCKT-174424,High,Software Bug,Network Ops,Phone,117.0,11.0,185,2
TCKT-148786,Critical,General Inquiry,Development,Email,50.0,15.0,231,2
TCKT-136928,Critical,Hardware Failure,Network Ops,Email,60.0,11.0,233,3
TCKT-113339,Medium,Software Bug,Customer Service,Email,176.0,15.0,174,0
TCKT-187666,Low,Access Request,Security,Email,235.0,2.0,132,1
TCKT-128745,Medium,Software Bug,Network Ops,Portal,160.0,15.0,192,2
TCKT-184861,Low,Software Bug,Development,Email,232.0,21.0,148,0
TCKT-164680,Low,Network Issue,Development,Phone,225.0,7.0,167,1
TCKT-137907,Medium,Network Issue,Development,Email,163.0,10.0,270,4
TCKT-196528,High,Access Request,Development,Email,105.0,12.0,185,2
TCKT-144828,Critical,Network Issue,Network Ops,Chat,59.0,6.0,232,3
TCKT-104050,High,General Inquiry,Customer Service,Phone,106.0,7.0,199,3
TCKT-129972,Low,Hardware Failure,Development,Chat,240.0,4.0,247,1
TCKT-136883,High,Software Bug,IT Support,Phone,106.0,3.0,231,3
TCKT-146513,High,Hardware Failure,Network Ops,Chat,110.0,3.0,171,1
TCKT-177668,Critical,Hardware Failure,Security,Phone,51.0,5.0,187,3
TCKT-130054,Critical,Access Request,Development,Phone,57.0,15.0,210,2
TCKT-171665,Low,General Inquiry,Network Ops,Phone,226.0,10.0,162,1
TCKT-154215,High,Access Request,Security,Email,100.0,22.0,178,2
TCKT-145397,High,Hardware Failure,Network Ops,Chat,104.0,14.0,212,2
TCKT-150781,High,Network Issue,Customer Service,Phone,111.0,0.0,219,3
TCKT-147473,High,Network Issue,Security,Phone,104.0,15.0,280,4
TCKT-173670,Low,Access Request,Security,Phone,229.0,21.0,149,0
TCKT-185649,Critical,Network Issue,IT Support,Chat,51.0,14.0,301,4
TCKT-120508,High,Network Issue,Development,Chat,103.0,0.0,229,3
TCKT-123454,Critical,Access Request,Development,Portal,41.0,4.0,291,4
TCKT-144300,Critical,General Inquiry,Security,Phone,59.0,22.0,222,2
TCKT-191189,Critical,General Inquiry,Network Ops,Phone,55.0,16.0,251,4
TCKT-145721,High,Network Issue,IT Support,Phone,112.0,3.0,273,4
TCKT-139801,Critical,Network Issue,Development,Email,49.0,19.0,223,2
TCKT-164877,Medium,Software Bug,Customer Service,Chat,172.0,22.0,174,0
TCKT-163883,Low,Hardware Failure,Network Ops,Portal,227.0,0.0,204,1
TCKT-161685,High,Software Bug,Customer Service,Chat,102.0,10.0,177,3
TCKT-188731,Medium,Software Bug,Customer Service,Chat,167.0,14.0,175,0
TCKT-183371,High,Access Request,Security,Portal,119.0,5.0,192,3
TCKT-165750,High,Software Bug,Development,Email,102.0,11.0,184,2
TCKT-171604,Medium,Hardware Failure,Security,Email,180.0,6.0,257,4
TCKT-139366,Low,Access Request,Network Ops,Phone,237.0,23.0,135,0
TCKT-136062,High,Network Issue,Development,Email,109.0,12.0,210,3
TCKT-183447,Critical,Access Request,Security,Portal,56.0,17.0,280,4
TCKT-197579,High,Network Issue,Development,Chat,118.0,3.0,197,3
TCKT-155975,Critical,Network Issue,Customer Service,Email,41.0,23.0,231,2
TCKT-194734,High,Access Request,IT Support,Portal,111.0,14.0,276,4
TCKT-158328,Critical,Access Request,Security,Phone,46.0,22.0,207,2
TCKT-154272,Medium,General Inquiry,IT Support,Portal,175.0,20.0,281,4
TCKT-140181,Medium,Hardware Failure,Network Ops,Portal,179.0,13.0,161,1
TCKT-127154,Low,Software Bug,IT Support,Portal,235.0,1.0,180,1
TCKT-186885,High,General Inquiry,IT Support,Phone,107.0,15.0,285,4
TCKT-102319,Low,General Inquiry,Customer Service,Portal,239.0,21.0,179,0
TCKT-164122,High,Software Bug,IT Support,Email,120.0,22.0,245,2
TCKT-143700,Medium,General Inquiry,Network Ops,Chat,161.0,7.0,211,1
TCKT-123673,Medium,General Inquiry,Development,Phone,160.0,7.0,180,1
TCKT-150589,High,Access Request,Network Ops,Portal,119.0,21.0,172,2
TCKT-100165,Medium,General Inquiry,IT Support,Chat,162.0,16.0,183,0
TCKT-186003,Low,Software Bug,Security,Phone,222.0,4.0,165,1
TCKT-152305,High,Network Issue,Customer Service,Email,120.0,15.0,167,2
TCKT-139083,Low,Access Request,Customer Service,Phone,238.0,16.0,161,0
TCKT-115958,Low,Network Issue,IT Support,Phone,232.0,13.0,223,0
TCKT-180288,Low,Hardware Failure,Customer Service,Email,234.0,19.0,180,0
TCKT-162030,Medium,Network Issue,Network Ops,Phone,175.0,13.0,198,0
TCKT-167688,Critical,Network Issue,Customer Service,Chat,59.0,15.0,231,3
TCKT-167555,High,Software Bug,Customer Service,Email,103.0,13.0,189,2
TCKT-125980,Critical,Network Issue,Customer Service,Email,47.0,12.0,263,4
TCKT-194187,High,General Inquiry,Security,Email,119.0,15.0,199,2
TCKT-175431,High,Hardware Failure,Development,Portal,120.0,5.0,179,3
TCKT-121445,Low,Access Request,Development,Phone,220.0,23.0,234,0
TCKT-195278,Low,Software Bug,Customer Service,Chat,222.0,19.0,179,0
TCKT-196423,Critical,Software Bug,IT Support,Portal,40.0,1.0,261,3
TCKT-165826,High,Hardware Failure,Customer Service,Chat,111.0,20.0,171,2
TCKT-154668,High,Access Request,Development,Phone,113.0,18.0,176,2
TCKT-133130,Critical,Software Bug,Security,Portal,56.0,7.0,279,4
TCKT-164027,Critical,General Inquiry,Security,Portal,46.0,22.0,213,2
TCKT-115810,Medium,Hardware Failure,Development,Email,171.0,18.0,161,0
TCKT-197828,High,General Inquiry,IT Support,Portal,100.0,23.0,275,2
TCKT-104482,High,Software Bug,Security,Chat,114.0,15.0,184,2
TCKT-110751,Low,Network Issue,Network Ops,Email,225.0,9.0,203,1
TCKT-144952,Critical,Software Bug,Security,Chat,55.0,17.0,277,4
TCKT-183372,Critical,Access Request,IT Support,Phone,47.0,11.0,294,4
TCKT-146884,Low,Software Bug,Security,Phone,233.0,22.0,218,0
TCKT-156393,Low,Network Issue,IT Support,Email,226.0,18.0,200,0
TCKT-196266,Critical,Software Bug,IT Support,Chat,51.0,0.0,259,3
TCKT-160244,High,Hardware Failure,Customer Service,Portal,115.0,2.0,180,3
TCKT-187650,Critical,Access Request,Network Ops,Chat,50.0,0.0,210,3
TCKT-134507,Medium,Network Issue,Security,Chat,169.0,1.0,169,1
TCKT-101663,High,Software Bug,Security,Email,101.0,20.0,184,2
TCKT-189651,Critical,Access Request,Security,Email,41.0,7.0,215,3
TCKT-129424,Low,Access Request,Security,Phone,220.0,5.0,199,1
TCKT-157541,Low,Hardware Failure,Security,Phone,236.0,12.0,167,0
TCKT-109362,Low,Hardware Failure,IT Support,Chat,229.0,14.0,204,0
TCKT-164738,Medium,Access Request,Development,Portal,180.0,7.0,174,1
TCKT-197061,Medium,Network Issue,IT Support,Chat,160.0,3.0,273,4
TCKT-142265,Low,General Inquiry,Customer Service,Portal,221.0,13.0,116,0
TCKT-193759,Medium,Hardware Failure,Development,Email,176.0,14.0,178,0
TCKT-142012,Medium,Network Issue,IT Support,Chat,163.0,2.0,189,1
TCKT-122581,High,Software Bug,IT Support,Chat,105.0,7.0,245,4
TCKT-168079,Critical,General Inquiry,Customer Service,Portal,56.0,7.0,279,4
TCKT-134820,Medium,General Inquiry,Development,Phone,179.0,15.0,188,0
TCKT-136414,High,Software Bug,Customer Service,Portal,104.0,17.0,175,2
TCKT-155532,Critical,Network Issue,Security,Chat,41.0,14.0,203,3
TCKT-115241,Critical,Software Bug,IT Support,Phone,55.0,15.0,289,4
TCKT-140352,Critical,Hardware Failure,Customer Service,Phone,60.0,22.0,218,2
TCKT-154233,Low,Access Request,Network Ops,Chat,240.0,5.0,129,1
TCKT-172567,Critical,Hardware Failure,Customer Service,Chat,43.0,11.0,205,3
TCKT-176090,Critical,Hardware Failure,Network Ops,Chat,58.0,8.0,218,3
TCKT-103141,High,Access Request,Network Ops,Phone,108.0,6.0,196,3
TCKT-141265,Medium,Network Issue,Network Ops,Email,180.0,0.0,200,1
TCKT-156303,Medium,Hardware Failure,Security,Chat,169.0,5.0,154,1
TCKT-111633,Medium,Access Request,Customer Service,Portal,163.0,3.0,174,1
TCKT-142709,High,Hardware Failure,Customer Service,Portal,114.0,11.0,180,2
TCKT-123273,Low,Access Request,IT Support,Email,226.0,14.0,161,0
TCKT-117459,High,Network Issue,Customer Service,Portal,114.0,22.0,197,2
TCKT-151992,High,General Inquiry,IT Support,Chat,112.0,16.0,235,2
TCKT-196208,Critical,General Inquiry,IT Support,Email,55.0,3.0,266,4
TCKT-101940,Medium,Network Issue,Network Ops,Phone,160.0,12.0,189,1
TCKT-181996,Critical,Software Bug,Network Ops,Chat,46.0,11.0,209,3
TCKT-196523,Low,Software Bug,Security,Chat,225.0,20.0,249,0
TCKT-159327,Low,Software Bug,IT Support,Portal,238.0,0.0,186,1
TCKT-197875,Critical,Hardware Failure,Security,Phone,43.0,20.0,258,4
TCKT-114389,Medium,Network Issue,IT Support,Chat,165.0,5.0,256,4
TCKT-190622,Critical,General Inquiry,Network Ops,Chat,49.0,20.0,251,2
TCKT-169860,Medium,Access Request,Security,Phone,169.0,17.0,230,0
TCKT-180571,High,Hardware Failure,Security,Chat,120.0,19.0,260,2
TCKT-146240,Medium,General Inquiry,Network Ops,Email,178.0,11.0,229,1
TCKT-123122,Medium,General Inquiry,Customer Service,Chat,167.0,15.0,225,0
TCKT-171378,Low,Network Issue,Development,Portal,229.0,12.0,189,0
TCKT-155630,Medium,Software Bug,Network Ops,Phone,171.0,19.0,192,0
TCKT-121040,Low,Access Request,Security,Phone,224.0,14.0,148,0
TCKT-196596,Critical,General Inquiry,Customer Service,Phone,47.0,3.0,251,3
TCKT-194264,Medium,Hardware Failure,Network Ops,Portal,167.0,9.0,178,1
TCKT-198289,Low,Hardware Failure,Customer Service,Phone,237.0,17.0,167,0
TCKT-153424,Critical,Hardware Failure,Network Ops,Chat,42.0,16.0,187,2
TCKT-164859,Medium,Hardware Failure,IT Support,Chat,168.0,21.0,210,0
TCKT-192316,High,Hardware Failure,Network Ops,Phone,118.0,10.0,197,2
TCKT-143678,Critical,Access Request,IT Support,Email,60.0,9.0,294,4
TCKT-112618,Low,Network Issue,IT Support,Chat,227.0,14.0,189,0
TCKT-109466,Critical,Software Bug,IT Support,Chat,57.0,8.0,259,4
TCKT-175232,Low,Access Request,Development,Chat,224.0,2.0,135,1
TCKT-138768,High,General Inquiry,Development,Chat,108.0,23.0,228,2
TCKT-117032,Low,Network Issue,Development,Phone,239.0,6.0,262,1
TCKT-159856,Medium,Software Bug,Security,Phone,165.0,2.0,236,1
TCKT-137587,Critical,Hardware Failure,Network Ops,Phone,60.0,17.0,188,2
TCKT-150645,Medium,General Inquiry,Customer Service,Phone,160.0,9.0,143,1
TCKT-128116,Critical,General Inquiry,Development,Phone,51.0,2.0,233,3
TCKT-135833,Low,General Inquiry,IT Support,Portal,225.0,0.0,218,1
TCKT-132407,Critical,General Inquiry,IT Support,Chat,55.0,23.0,231,2
TCKT-158662,High,Software Bug,IT Support,Email,109.0,4.0,212,3
TCKT-101987,Low,Software Bug,Security,Phone,229.0,20.0,130,0
TCKT-102516,Critical,Hardware Failure,Development,Chat,50.0,9.0,286,4
TCKT-179983,Critical,Network Issue,IT Support,Phone,50.0,15.0,319,4
TCKT-154737,Medium,Hardware Failure,Development,Portal,167.0,17.0,161,0
TCKT-151503,High,Software Bug,Customer Service,Phone,105.0,20.0,175,2
TCKT-145318,Critical,Software Bug,Security,Email,45.0,0.0,203,3
TCKT-148920,Medium,Software Bug,Security,Chat,175.0,17.0,192,0
TCKT-130787,High,Access Request,Customer Service,Phone,117.0,2.0,178,3
TCKT-132903,High,Hardware Failure,Network Ops,Portal,115.0,4.0,179,3
TCKT-146060,Low,Access Request,Network Ops,Chat,230.0,1.0,117,1
TCKT-129280,Critical,Access Request,Network Ops,Portal,53.0,4.0,233,3
TCKT-101193,Low,General Inquiry,Customer Service,Email,234.0,13.0,172,0
TCKT-108090,Low,Hardware Failure,Security,Portal,226.0,5.0,180,1
TCKT-192553,Critical,General Inquiry,Security,Chat,54.0,5.0,279,4
TCKT-138981,Critical,Hardware Failure,Security,Phone,56.0,19.0,258,4
TCKT-167189,Low,Software Bug,Customer Service,Portal,238.0,7.0,178,1
TCKT-156308,High,Access Request,Security,Portal,115.0,23.0,176,2
TCKT-107904,Critical,General Inquiry,Security,Portal,44.0,7.0,279,4
TCKT-172271,High,Network Issue,Customer Service,Email,113.0,14.0,191,2
TCKT-194920,High,Software Bug,Security,Portal,107.0,12.0,189,2
TCKT-196043,High,General Inquiry,Customer Service,Chat,110.0,3.0,212,3
TCKT-106554,Critical,Access Request,Development,Portal,47.0,0.0,215,3
TCKT-148791,Critical,Access Request,Development,Phone,56.0,9.0,233,3
TCKT-113657,Low,General Inquiry,Network Ops,Phone,231.0,21.0,116,0
TCKT-144399,Low,Access Request,Network Ops,Chat,222.0,17.0,132,0
TCKT-160471,Critical,General Inquiry,Customer Service,Email,46.0,20.0,226,2
TCKT-184922,High,General Inquiry,Customer Service,Phone,109.0,3.0,219,3
TCKT-105593,High,Software Bug,Network Ops,Phone,107.0,7.0,212,3
TCKT-186353,Low,Hardware Failure,Security,Email,234.0,18.0,159,0
TCKT-194670,Low,Software Bug,Security,Phone,224.0,11.0,180,0
TCKT-125858,Low,Hardware Failure,Network Ops,Email,239.0,4.0,195,1
TCKT-194044,High,General Inquiry,IT Support,Chat,102.0,13.0,235,4
TCKT-107117,High,Access Request,Security,Portal,114.0,15.0,185,2
TCKT-177864,Low,General Inquiry,IT Support,Chat,231.0,16.0,246,0
TCKT-147257,Critical,Access Request,IT Support,Chat,40.0,14.0,260,4
TCKT-193141,Low,Network Issue,IT Support,Chat,224.0,8.0,235,1
TCKT-129948,High,General Inquiry,Security,Portal,103.0,20.0,212,2
TCKT-148928,Low,General Inquiry,Network Ops,Phone,220.0,8.0,179,1
TCKT-185331,High,Network Issue,Security,Portal,115.0,20.0,210,2
TCKT-198709,High,Hardware Failure,Development,Chat,107.0,1.0,261,3
TCKT-172547,Medium,General Inquiry,Security,Email,166.0,9.0,263,4
TCKT-122377,Low,General Inquiry,IT Support,Email,237.0,4.0,177,1
TCKT-193364,High,Access Request,IT Support,Chat,112.0,20.0,185,2
TCKT-162606,Critical,Access Request,Network Ops,Email,57.0,0.0,215,3
TCKT-190329,Low,Software Bug,Security,Portal,225.0,15.0,148,0
TCKT-191593,High,Hardware Failure,Development,Chat,102.0,7.0,180,3
TCKT-193643,Medium,General Inquiry,Security,Email,174.0,7.0,180,1
TCKT-151083,Medium,Access Request,Network Ops,Portal,175.0,18.0,153,0
TCKT-133546,Low,Software Bug,Security,Chat,225.0,15.0,165,0
TCKT-166727,Critical,Network Issue,Development,Chat,58.0,16.0,231,2
TCKT-146590,High,Access Request,Customer Service,Phone,102.0,23.0,199,2
TCKT-110540,High,General Inquiry,Customer Service,Phone,106.0,22.0,235,2
TCKT-168021,Medium,Hardware Failure,Security,Chat,164.0,19.0,277,4
TCKT-122982,Low,Hardware Failure,IT Support,Phone,230.0,14.0,159,0
TCKT-164955,High,Network Issue,Network Ops,Phone,105.0,7.0,167,3
TCKT-192506,Medium,Network Issue,IT Support,Chat,180.0,1.0,273,4
TCKT-178366,Medium,Access Request,Network Ops,Phone,172.0,22.0,160,0
TCKT-151848,High,Network Issue,Security,Chat,101.0,17.0,188,2
TCKT-112960,Critical,Access Request,Customer Service,Portal,46.0,14.0,181,2
TCKT-122518,Low,Hardware Failure,Security,Phone,223.0,3.0,180,1
TCKT-155825,Medium,Hardware Failure,IT Support,Phone,176.0,17.0,291,4
TCKT-173087,Critical,Hardware Failure,Customer Service,Email,54.0,10.0,218,3
TCKT-161278,Critical,Network Issue,Customer Service,Email,41.0,5.0,263,3
TCKT-120279,Critical,Access Request,Security,Chat,42.0,7.0,233,3
TCKT-185877,High,Software Bug,IT Support,Chat,106.0,1.0,245,3
TCKT-163630,Critical,General Inquiry,Development,Chat,41.0,16.0,314,4
TCKT-112226,Medium,Network Issue,Customer Service,Portal,166.0,19.0,200,0
TCKT-183534,Critical,Access Request,Development,Phone,47.0,3.0,210,3
TCKT-191075,Low,Access Request,Security,Portal,237.0,19.0,149,0
TCKT-125973,Low,Network Issue,Development,Portal,240.0,8.0,157,1
TCKT-159603,High,Access Request,Security,Email,106.0,0.0,185,3
TCKT-156674,Medium,Network Issue,IT Support,Email,174.0,15.0,217,0
TCKT-130282,Low,Software Bug,Network Ops,Phone,233.0,6.0,180,1
TCKT-153825,Medium,Network Issue,Customer Service,Email,166.0,13.0,189,0
TCKT-167734,Low,Access Request,Network Ops,Portal,224.0,16.0,117,0
TCKT-106250,High,General Inquiry,Customer Service,Email,116.0,14.0,199,2
TCKT-186971,Medium,General Inquiry,Security,Chat,175.0,20.0,229,2
TCKT-124369,Critical,Hardware Failure,Network Ops,Email,45.0,3.0,218,3
TCKT-161004,High,Access Request,Development,Chat,118.0,14.0,280,4
TCKT-144149,Medium,Hardware Failure,Network Ops,Portal,161.0,20.0,181,2
TCKT-146522,Low,Software Bug,Security,Portal,222.0,17.0,180,0
TCKT-164041,High,General Inquiry,IT Support,Email,119.0,13.0,199,2
TCKT-139770,Low,General Inquiry,Customer Service,Chat,230.0,18.0,162,0
TCKT-172233,Low,Network Issue,Development,Phone,221.0,7.0,153,1
TCKT-178541,Medium,Network Issue,Network Ops,Portal,165.0,23.0,189,2
TCKT-144444,High,Hardware Failure,Security,Portal,110.0,16.0,250,2
TCKT-122564,High,Access Request,Customer Service,Portal,120.0,18.0,216,2
TCKT-165410,Low,Software Bug,Security,Portal,239.0,12.0,178,0
TCKT-154482,High,Access Request,Development,Portal,108.0,7.0,196,3
TCKT-128550,Low,General Inquiry,Network Ops,Portal,236.0,11.0,121,0
TCKT-136842,Low,Access Request,Network Ops,Portal,230.0,5.0,132,1
TCKT-191649,High,Software Bug,Network Ops,Phone,119.0,19.0,220,2
TCKT-151632,Critical,Software Bug,Development,Phone,40.0,22.0,222,2
TCKT-180201,Medium,Access Request,Security,Phone,174.0,21.0,216,0
TCKT-167494,Medium,Network Issue,Development,Email,173.0,9.0,204,1
TCKT-124462,Critical,Access Request,Network Ops,Phone,46.0,20.0,233,2
TCKT-102372,Critical,Hardware Failure,Network Ops,Portal,46.0,20.0,187,2
TCKT-106059,Critical,Hardware Failure,IT Support,Portal,46.0,2.0,324,4
TCKT-141942,High,Software Bug,Network Ops,Email,113.0,2.0,177,3
TCKT-190742,Medium,Access Request,IT Support,Chat,163.0,13.0,244,4
TCKT-142158,High,Access Request,Security,Chat,110.0,13.0,196,2
TCKT-102610,Critical,Access Request,Customer Service,Portal,56.0,4.0,215,3
TCKT-100617,Critical,Access Request,Development,Email,56.0,15.0,210,2
TCKT-144156,Low,Network Issue,Network Ops,Email,220.0,0.0,157,1
TCKT-172356,High,Software Bug,IT Support,Email,118.0,13.0,220,2
TCKT-128632,High,Hardware Failure,Network Ops,Portal,113.0,9.0,171,2
TCKT-101577,Low,Software Bug,Development,Portal,234.0,2.0,261,1
TCKT-124482,Medium,Access Request,Development,Phone,175.0,10.0,262,4
TCKT-125302,Low,Software Bug,IT Support,Portal,226.0,21.0,220,0
TCKT-119356,Low,Network Issue,Network Ops,Portal,226.0,8.0,189,1
TCKT-144615,High,Network Issue,Development,Email,112.0,23.0,272,2
TCKT-114125,Critical,General Inquiry,Customer Service,Portal,47.0,9.0,222,3
TCKT-135892,High,General Inquiry,Network Ops,Email,109.0,0.0,229,3
TCKT-103350,Low,Software Bug,Network Ops,Email,235.0,13.0,148,0
TCKT-188753,Low,Network Issue,Customer Service,Email,220.0,13.0,189,0
TCKT-152170,Critical,Hardware Failure,IT Support,Email,44.0,15.0,205,2
TCKT-189600,Medium,Network Issue,Customer Service,Phone,172.0,0.0,189,1
TCKT-145050,High,Software Bug,Development,Phone,104.0,4.0,270,4
TCKT-107115,Critical,General Inquiry,Customer Service,Phone,50.0,21.0,233,2
TCKT-129617,Critical,Software Bug,IT Support,Email,50.0,9.0,203,3
TCKT-184564,Medium,Access Request,IT Support,Chat,163.0,15.0,209,0
TCKT-136601,Medium,Network Issue,Customer Service,Portal,162.0,4.0,189,1
TCKT-134872,Critical,Access Request,Security,Chat,46.0,9.0,285,4
TCKT-168295,Critical,Access Request,IT Support,Portal,54.0,4.0,210,3
TCKT-162175,Medium,General Inquiry,Network Ops,Phone,175.0,11.0,193,1
TCKT-117186,Low,Access Request,Customer Service,Portal,237.0,2.0,132,1
TCKT-186706,Low,General Inquiry,Development,Email,226.0,10.0,253,1
TCKT-136723,Medium,Software Bug,Customer Service,Chat,170.0,2.0,178,1
TCKT-159109,Medium,Software Bug,Customer Service,Portal,165.0,12.0,178,0
TCKT-196277,Medium,Access Request,Security,Email,171.0,10.0,230,1
TCKT-125067,Critical,Hardware Failure,Customer Service,Email,58.0,10.0,187,3
TCKT-145884,Critical,Access Request,Development,Chat,60.0,2.0,291,4
TCKT-161546,Low,Access Request,Customer Service,Portal,231.0,9.0,161,0
TCKT-182324,Critical,Access Request,Customer Service,Email,40.0,17.0,210,2
TCKT-169022,Medium,Network Issue,IT Support,Email,167.0,13.0,169,0
TCKT-177270,High,General Inquiry,IT Support,Portal,118.0,2.0,275,4
TCKT-137895,Critical,Network Issue,Network Ops,Phone,53.0,21.0,263,2
TCKT-180780,Medium,Access Request,Development,Email,172.0,15.0,255,4
TCKT-152587,Critical,Software Bug,Customer Service,Phone,57.0,17.0,203,2
TCKT-190202,High,General Inquiry,IT Support,Chat,110.0,12.0,312,4
TCKT-136838,Medium,Access Request,Network Ops,Phone,167.0,9.0,181,1
TCKT-111744,Critical,Hardware Failure,IT Support,Chat,59.0,8.0,218,3
TCKT-155126,Critical,Hardware Failure,IT Support,Phone,58.0,23.0,233,2
TCKT-178193,Low,General Inquiry,Security,Portal,223.0,20.0,186,0
TCKT-164835,Low,Access Request,Network Ops,Email,226.0,2.0,148,1
TCKT-116785,Low,General Inquiry,Development,Portal,233.0,1.0,172,1
TCKT-199091,Critical,Software Bug,Customer Service,Phone,51.0,14.0,222,2
TCKT-117063,High,Software Bug,IT Support,Chat,108.0,12.0,231,2
TCKT-121846,Low,General Inquiry,Customer Service,Portal,238.0,18.0,121,0
TCKT-183573,Low,Software Bug,Security,Email,237.0,3.0,250,1
TCKT-145091,Low,General Inquiry,Network Ops,Phone,234.0,14.0,162,0
TCKT-191201,Medium,Access Request,Customer Service,Chat,178.0,23.0,160,0
TCKT-147879,Low,Access Request,IT Support,Chat,222.0,15.0,185,0
TCKT-150357,High,Software Bug,Development,Phone,107.0,8.0,177,3
TCKT-199048,Medium,Software Bug,Security,Phone,173.0,1.0,178,1
TCKT-111901,Low,Network Issue,Development,Portal,238.0,0.0,203,1
TCKT-155551,High,Access Request,Security,Email,117.0,1.0,199,3
TCKT-155377,Low,General Inquiry,Development,Email,238.0,12.0,197,0
TCKT-168428,Medium,Hardware Failure,Development,Email,163.0,4.0,262,4
TCKT-138612,Low,Network Issue,Development,Portal,229.0,7.0,262,1
TCKT-192162,High,Software Bug,IT Support,Portal,119.0,13.0,273,4
TCKT-196602,Critical,Software Bug,IT Support,Portal,54.0,22.0,261,2
TCKT-193809,High,Access Request,IT Support,Phone,119.0,16.0,276,4
TCKT-121403,High,General Inquiry,Customer Service,Phone,101.0,9.0,212,3
TCKT-102507,Critical,General Inquiry,Security,Phone,58.0,1.0,210,3
TCKT-138562,Critical,Access Request,Customer Service,Portal,55.0,2.0,215,3
TCKT-145423,Critical,Network Issue,Development,Portal,51.0,7.0,217,3
TCKT-147363,High,Network Issue,Customer Service,Portal,103.0,23.0,197,2
TCKT-106663,High,Hardware Failure,Security,Email,108.0,14.0,271,4
TCKT-128126,Critical,Software Bug,Network Ops,Phone,52.0,0.0,203,3
TCKT-193409,Medium,Access Request,Network Ops,Phone,161.0,7.0,160,1
TCKT-164657,Low,Network Issue,Development,Email,224.0,3.0,157,1
TCKT-123782,Critical,Network Issue,IT Support,Phone,50.0,7.0,281,4
TCKT-107639,Critical,Access Request,Development,Phone,57.0,19.0,204,2
TCKT-191024,Critical,Software Bug,Customer Service,Chat,45.0,10.0,222,3
TCKT-164934,Low,Network Issue,Customer Service,Phone,237.0,9.0,167,0
TCKT-112547,Medium,Software Bug,Development,Portal,162.0,22.0,174,0
TCKT-117663,High,Hardware Failure,Network Ops,Email,116.0,12.0,179,2
TCKT-190753,Critical,General Inquiry,Development,Email,60.0,3.0,314,4
TCKT-150689,Medium,Network Issue,Development,Portal,171.0,19.0,161,0
TCKT-143979,Medium,Hardware Failure,IT Support,Email,169.0,7.0,265,4
TCKT-110006,Medium,Access Request,Security,Email,177.0,0.0,162,1
TCKT-197702,Critical,General Inquiry,Development,Phone,50.0,12.0,360,4
TCKT-119787,Critical,Access Request,IT Support,Email,45.0,17.0,289,4
TCKT-191335,High,Access Request,Development,Chat,114.0,19.0,176,2
TCKT-192887,Medium,General Inquiry,Security,Chat,177.0,1.0,180,1
TCKT-137715,Medium,Software Bug,IT Support,Email,174.0,16.0,258,4
TCKT-166288,Low,General Inquiry,Development,Phone,231.0,23.0,283,4
TCKT-198490,Critical,Hardware Failure,Customer Service,Portal,50.0,11.0,188,3
TCKT-112216,High,General Inquiry,Development,Portal,100.0,11.0,212,2
TCKT-104396,Medium,Access Request,Customer Service,Chat,163.0,6.0,162,1
TCKT-199543,High,Access Request,Network Ops,Email,105.0,19.0,216,2
TCKT-117333,Critical,Hardware Failure,Development,Phone,48.0,13.0,269,4
TCKT-142168,High,Software Bug,IT Support,Email,108.0,11.0,245,4
TCKT-189621,Medium,Software Bug,Development,Chat,165.0,1.0,256,1
TCKT-172961,Low,Access Request,Network Ops,Phone,234.0,7.0,149,1
TCKT-100396,Critical,Hardware Failure,Customer Service,Portal,53.0,4.0,218,3
TCKT-194408,Medium,General Inquiry,Customer Service,Chat,170.0,7.0,143,1
TCKT-197134,Critical,Software Bug,Customer Service,Email,47.0,13.0,211,3
TCKT-150983,Critical,Software Bug,Security,Chat,41.0,2.0,203,3
TCKT-143038,Medium,Hardware Failure,Network Ops,Email,163.0,0.0,189,1
TCKT-153519,Medium,General Inquiry,Customer Service,Portal,165.0,0.0,211,1
TCKT-187841,High,Hardware Failure,Customer Service,Email,120.0,21.0,171,2
TCKT-177698,Medium,Network Issue,IT Support,Chat,162.0,20.0,245,2
TCKT-127323,High,General Inquiry,Customer Service,Phone,118.0,18.0,212,2
TCKT-117052,Low,Network Issue,Network Ops,Chat,238.0,19.0,189,0
TCKT-134593,High,Software Bug,Security,Chat,114.0,22.0,175,2
TCKT-139897,Critical,Software Bug,Development,Email,55.0,5.0,222,3
TCKT-190871,Low,Access Request,IT Support,Phone,224.0,19.0,173,0
TCKT-116824,Medium,Software Bug,Security,Phone,162.0,11.0,192,1
TCKT-104020,Low,Network Issue,Security,Email,229.0,22.0,237,0
TCKT-174119,Low,Hardware Failure,Customer Service,Portal,225.0,3.0,199,1
TCKT-133201,Medium,Hardware Failure,Network Ops,Chat,177.0,7.0,189,1
TCKT-129679,Medium,Network Issue,Security,Portal,177.0,23.0,189,0
TCKT-107938,Critical,General Inquiry,Security,Portal,50.0,14.0,213,2
TCKT-180670,Critical,General Inquiry,Customer Service,Chat,60.0,1.0,222,3
TCKT-163491,Medium,Access Request,IT Support,Chat,167.0,15.0,244,4
TCKT-175206,Low,Hardware Failure,IT Support,Portal,224.0,10.0,159,0
TCKT-154257,Critical,General Inquiry,Network Ops,Chat,57.0,3.0,251,3
TCKT-193836,Critical,General Inquiry,Security,Phone,46.0,19.0,279,4
TCKT-135579,Critical,General Inquiry,IT Support,Chat,40.0,10.0,279,4
TCKT-188697,Low,Network Issue,IT Support,Phone,226.0,6.0,157,1
TCKT-157592,High,Network Issue,IT Support,Phone,119.0,19.0,251,2
TCKT-141826,Low,General Inquiry,IT Support,Chat,225.0,10.0,256,1
TCKT-122238,Medium,Access Request,Security,Phone,162.0,3.0,160,1
TCKT-184330,Low,Hardware Failure,Security,Phone,222.0,6.0,233,1
TCKT-142429,High,Software Bug,Customer Service,Chat,108.0,14.0,175,2
TCKT-160149,High,General Inquiry,Network Ops,Phone,117.0,10.0,212,2
TCKT-141757,Medium,Access Request,Network Ops,Chat,174.0,12.0,160,1
TCKT-103967,Medium,Network Issue,IT Support,Email,176.0,17.0,270,4
TCKT-141525,Medium,Network Issue,IT Support,Portal,179.0,7.0,204,1
TCKT-136795,Critical,Network Issue,Customer Service,Email,55.0,14.0,223,3
TCKT-113949,Medium,Hardware Failure,Development,Email,170.0,5.0,242,1
TCKT-180549,Medium,Software Bug,Development,Phone,176.0,6.0,166,1
TCKT-142391,High,Hardware Failure,Development,Email,116.0,4.0,278,4
TCKT-140927,Low,Access Request,Security,Email,231.0,5.0,219,1
TCKT-117291,High,Software Bug,Security,Chat,113.0,19.0,185,2
TCKT-192386,High,Network Issue,Network Ops,Chat,106.0,0.0,189,3
TCKT-152370,Medium,Network Issue,Network Ops,Portal,165.0,4.0,198,1
TCKT-123261,Medium,General Inquiry,Customer Service,Phone,161.0,1.0,211,1
TCKT-146317,Medium,Access Request,Network Ops,Phone,176.0,20.0,162,0
TCKT-167600,Low,Access Request,Customer Service,Phone,235.0,2.0,129,1
TCKT-165564,Low,Access Request,IT Support,Chat,225.0,18.0,233,0
TCKT-163943,High,Network Issue,Network Ops,Phone,115.0,14.0,191,2
TCKT-139137,High,Software Bug,Network Ops,Chat,112.0,14.0,175,2
TCKT-107602,Medium,Software Bug,Network Ops,Portal,161.0,15.0,174,2
TCKT-154208,High,Access Request,Development,Email,106.0,23.0,178,2
TCKT-164905,High,Network Issue,Customer Service,Email,108.0,0.0,229,3
TCKT-112489,Low,Hardware Failure,IT Support,Email,227.0,23.0,167,0
TCKT-135903,Critical,Access Request,Security,Portal,51.0,7.0,215,3
TCKT-105533,Medium,General Inquiry,Development,Email,173.0,7.0,225,1
TCKT-150410,Critical,Software Bug,IT Support,Chat,45.0,21.0,193,2
TCKT-182728,Low,Software Bug,Development,Email,223.0,23.0,229,0
TCKT-157824,Medium,Network Issue,Security,Email,174.0,17.0,198,0
TCKT-185475,Low,Hardware Failure,IT Support,Phone,231.0,17.0,255,0
TCKT-171082,Critical,General Inquiry,Security,Chat,42.0,23.0,233,2
TCKT-199537,Critical,Access Request,Security,Email,49.0,19.0,204,2
TCKT-114191,Critical,Hardware Failure,Customer Service,Chat,42.0,1.0,218,3
TCKT-163283,Critical,Software Bug,Network Ops,Chat,55.0,20.0,207,2
TCKT-146664,Medium,Network Issue,Development,Email,172.0,2.0,270,4
TCKT-108981,Critical,Access Request,Development,Portal,50.0,6.0,210,3
TCKT-158479,Critical,General Inquiry,IT Support,Chat,60.0,7.0,231,3
TCKT-169085,Critical,General Inquiry,IT Support,Portal,56.0,14.0,233,4
TCKT-101477,Critical,Network Issue,Security,Chat,47.0,18.0,232,2
TCKT-193552,Medium,Access Request,Development,Portal,162.0,4.0,241,1
TCKT-119497,Medium,Software Bug,IT Support,Email,170.0,9.0,250,4
TCKT-116987,Critical,Access Request,Customer Service,Phone,47.0,5.0,204,3
TCKT-132552,Critical,Software Bug,IT Support,Email,41.0,6.0,295,4
TCKT-198848,Critical,Software Bug,Security,Email,56.0,5.0,207,3
TCKT-163583,Medium,General Inquiry,Network Ops,Email,169.0,1.0,229,1
TCKT-148047,Medium,General Inquiry,Customer Service,Chat,176.0,2.0,211,1
TCKT-170599,Critical,Network Issue,Development,Chat,41.0,2.0,197,3
TCKT-160293,Medium,Software Bug,Development,Chat,161.0,16.0,169,0
TCKT-199742,Low,Software Bug,Security,Portal,222.0,22.0,178,0
TCKT-149256,High,General Inquiry,Security,Chat,111.0,18.0,219,2
TCKT-172037,High,Software Bug,Customer Service,Portal,103.0,4.0,212,3
TCKT-196740,High,Network Issue,IT Support,Portal,100.0,17.0,244,2
TCKT-109935,Medium,Access Request,Development,Phone,165.0,2.0,241,1
TCKT-151847,Medium,Access Request,IT Support,Email,161.0,11.0,237,4
TCKT-184956,Low,Hardware Failure,Network Ops,Chat,226.0,17.0,159,0
TCKT-175642,Critical,Access Request,Security,Portal,43.0,21.0,215,2
TCKT-143971,Medium,Network Issue,Security,Portal,165.0,15.0,198,0
TCKT-178983,Critical,Network Issue,Development,Phone,58.0,20.0,231,2
TCKT-132377,Medium,Access Request,Network Ops,Phone,170.0,22.0,160,0
TCKT-193562,Low,Network Issue,Customer Service,Phone,223.0,17.0,167,0
TCKT-121045,Medium,Hardware Failure,Security,Chat,164.0,11.0,257,4
TCKT-151209,Medium,Software Bug,Security,Phone,172.0,13.0,169,0
TCKT-102766,Critical,General Inquiry,Customer Service,Portal,54.0,3.0,231,3
TCKT-120868,Critical,Software Bug,IT Support,Phone,43.0,18.0,295,4
TCKT-126281,Low,General Inquiry,Security,Chat,232.0,19.0,162,0
TCKT-106957,Low,General Inquiry,Development,Portal,240.0,3.0,202,1
TCKT-120856,Low,Access Request,Security,Portal,223.0,19.0,205,0
TCKT-102849,Medium,Software Bug,Customer Service,Phone,172.0,23.0,175,0
TCKT-174144,Critical,Network Issue,Security,Phone,43.0,23.0,301,4
TCKT-172464,Medium,General Inquiry,Customer Service,Email,169.0,5.0,180,1
TCKT-153431,Critical,General Inquiry,Development,Email,47.0,1.0,294,4
TCKT-154728,Medium,Access Request,IT Support,Email,177.0,3.0,230,1
TCKT-178349,Medium,Software Bug,Security,Phone,177.0,20.0,244,2
TCKT-172062,Critical,Hardware Failure,Security,Email,41.0,21.0,218,2
TCKT-102306,Medium,Software Bug,Security,Chat,160.0,12.0,192,1
TCKT-101468,High,Network Issue,Customer Service,Chat,104.0,8.0,197,3
TCKT-127930,Medium,Software Bug,Development,Chat,162.0,8.0,166,1
TCKT-179785,Critical,Access Request,IT Support,Chat,54.0,13.0,266,4
TCKT-186839,Low,Software Bug,Network Ops,Chat,226.0,3.0,180,1
TCKT-187152,Low,Access Request,Customer Service,Chat,239.0,15.0,129,0
TCKT-114660,Medium,General Inquiry,Customer Service,Chat,163.0,19.0,183,0
TCKT-167310,Medium,Access Request,IT Support,Email,166.0,3.0,216,1
TCKT-182767,High,Software Bug,Development,Portal,103.0,4.0,177,3
TCKT-130323,High,Hardware Failure,Customer Service,Chat,110.0,23.0,201,2
TCKT-119428,Medium,Hardware Failure,Customer Service,Portal,176.0,16.0,187,0
TCKT-107222,Medium,Software Bug,IT Support,Chat,173.0,10.0,253,4
TCKT-143441,Low,Software Bug,Security,Chat,227.0,19.0,179,0
TCKT-108473,Low,Network Issue,Security,Phone,239.0,0.0,203,1
TCKT-157527,Low,Access Request,Customer Service,Email,236.0,11.0,129,0
TCKT-181646,High,Network Issue,IT Support,Portal,110.0,20.0,273,4
TCKT-162571,Low,Access Request,IT Support,Chat,233.0,3.0,148,1
TCKT-167647,Medium,Software Bug,Security,Chat,167.0,5.0,178,1
TCKT-181815,Critical,Access Request,IT Support,Portal,57.0,9.0,271,4
TCKT-164576,Low,Network Issue,Customer Service,Chat,233.0,9.0,151,1
TCKT-160030,High,Access Request,IT Support,Phone,105.0,10.0,234,4
TCKT-109023,Critical,Network Issue,Network Ops,Chat,46.0,7.0,231,3
TCKT-122176,Critical,Hardware Failure,Development,Chat,42.0,9.0,240,3
TCKT-191515,Critical,Software Bug,Customer Service,Phone,50.0,20.0,205,2
TCKT-196703,Medium,Software Bug,IT Support,Portal,174.0,3.0,222,1
TCKT-124804,High,General Inquiry,Customer Service,Phone,103.0,20.0,235,2
TCKT-143903,Medium,Software Bug,Network Ops,Portal,167.0,10.0,178,1
TCKT-151223,Low,Access Request,Security,Phone,220.0,21.0,223,0
TCKT-135889,High,Access Request,Development,Chat,106.0,0.0,280,4
TCKT-146591,High,Network Issue,Development,Chat,104.0,0.0,210,3
TCKT-135683,Low,Software Bug,Network Ops,Portal,230.0,4.0,178,1
TCKT-182936,Critical,Hardware Failure,Network Ops,Email,53.0,5.0,187,3
TCKT-131430,Low,Network Issue,Development,Phone,220.0,9.0,151,0
TCKT-198800,High,General Inquiry,IT Support,Phone,109.0,6.0,303,4
TCKT-186214,Low,Access Request,Development,Chat,238.0,17.0,132,0
TCKT-164187,Critical,General Inquiry,Customer Service,Chat,57.0,1.0,226,3
TCKT-190629,High,Access Request,Security,Phone,107.0,11.0,242,4
TCKT-127565,Medium,General Inquiry,IT Support,Portal,168.0,22.0,188,0
TCKT-126548,High,Software Bug,Customer Service,Chat,111.0,4.0,177,3
TCKT-117964,Medium,Access Request,Development,Email,167.0,21.0,263,2
TCKT-190509,Medium,Access Request,Development,Portal,161.0,22.0,241,2
TCKT-115608,Critical,General Inquiry,IT Support,Email,43.0,1.0,363,4
TCKT-188534,Medium,Hardware Failure,Security,Chat,171.0,1.0,277,4
TCKT-179309,Low,Hardware Failure,Network Ops,Email,240.0,13.0,180,0
TCKT-166654,Low,Network Issue,Development,Chat,231.0,22.0,238,0
TCKT-103945,Low,Hardware Failure,Network Ops,Phone,224.0,7.0,166,1
TCKT-123098,Low,Access Request,Security,Portal,224.0,18.0,161,0
TCKT-135691,High,Software Bug,IT Support,Portal,119.0,11.0,268,4
TCKT-152822,High,General Inquiry,Customer Service,Phone,114.0,0.0,219,3
TCKT-101461,High,Software Bug,Network Ops,Chat,114.0,16.0,185,2
TCKT-134610,Low,Access Request,Customer Service,Phone,224.0,0.0,129,1
TCKT-184918,High,Access Request,Customer Service,Chat,102.0,13.0,216,2
TCKT-152421,Medium,Software Bug,Customer Service,Chat,173.0,6.0,192,1
TCKT-128007,Medium,General Inquiry,Network Ops,Phone,166.0,2.0,188,1
TCKT-140035,Critical,Network Issue,Development,Portal,60.0,12.0,231,3
TCKT-162480,Medium,Access Request,Network Ops,Portal,166.0,22.0,153,0
TCKT-141965,Critical,Access Request,Network Ops,Portal,58.0,3.0,210,3
TCKT-190096,Low,Network Issue,IT Support,Chat,220.0,5.0,189,1
TCKT-100977,Medium,General Inquiry,Development,Chat,180.0,4.0,229,1
TCKT-110383,High,Hardware Failure,IT Support,Portal,120.0,14.0,255,4
TCKT-124578,Critical,Access Request,Security,Portal,44.0,17.0,207,2
TCKT-173999,Low,Network Issue,Network Ops,Chat,227.0,8.0,151,1
TCKT-128481,Low,Network Issue,Network Ops,Email,226.0,7.0,167,1
TCKT-119055,Critical,General Inquiry,IT Support,Portal,51.0,22.0,297,4
TCKT-113555,Critical,General Inquiry,Development,Phone,42.0,6.0,213,3
TCKT-133690,Critical,Network Issue,Customer Service,Chat,43.0,23.0,197,2
TCKT-136234,High,General Inquiry,Security,Phone,103.0,9.0,213,3
TCKT-142955,Low,Software Bug,Security,Phone,234.0,20.0,130,0
TCKT-155658,High,Network Issue,Security,Phone,108.0,8.0,229,3
TCKT-157367,High,Software Bug,IT Support,Phone,100.0,10.0,296,4
TCKT-117246,High,General Inquiry,Customer Service,Phone,108.0,1.0,166,3
TCKT-198346,Low,Network Issue,Security,Chat,237.0,0.0,181,1
TCKT-138059,Low,General Inquiry,Security,Chat,232.0,3.0,202,1
TCKT-135215,Medium,General Inquiry,IT Support,Phone,178.0,9.0,236,1
TCKT-160215,Medium,Access Request,Security,Phone,163.0,5.0,181,1
TCKT-168645,High,Software Bug,Security,Chat,112.0,19.0,259,2
TCKT-167859,Medium,Access Request,IT Support,Phone,174.0,18.0,265,4
TCKT-105812,Medium,General Inquiry,Security,Portal,177.0,1.0,180,1
TCKT-105591,Low,Access Request,Development,Chat,236.0,10.0,213,1
TCKT-101970,Low,Software Bug,Security,Email,237.0,18.0,248,0
TCKT-169217,High,Software Bug,Security,Chat,120.0,22.0,247,2
TCKT-196285,Low,Access Request,Development,Chat,229.0,0.0,148,1
TCKT-153467,Low,General Inquiry,IT Support,Chat,233.0,12.0,286,4
TCKT-104037,High,General Inquiry,Security,Portal,117.0,12.0,166,2
TCKT-110674,Low,Network Issue,Customer Service,Portal,223.0,3.0,181,1
TCKT-106403,Low,Software Bug,IT Support,Portal,223.0,14.0,232,0
TCKT-181645,Low,Network Issue,Network Ops,Email,233.0,12.0,167,0
TCKT-103201,Medium,Network Issue,Development,Email,163.0,23.0,189,0
TCKT-142273,Low,General Inquiry,Network Ops,Chat,229.0,22.0,162,0
TCKT-161364,Medium,Software Bug,Network Ops,Email,167.0,9.0,192,1
TCKT-183833,Medium,Access Request,Development,Phone,167.0,1.0,153,1
TCKT-121915,Low,Hardware Failure,Network Ops,Email,222.0,11.0,163,0
TCKT-124009,Critical,Hardware Failure,IT Support,Portal,58.0,20.0,272,4
TCKT-124844,Medium,General Inquiry,IT Support,Phone,176.0,13.0,277,4
TCKT-107187,High,Access Request,Customer Service,Phone,115.0,11.0,196,3
TCKT-119608,Medium,Access Request,Network Ops,Chat,161.0,20.0,181,0
TCKT-111427,Critical,Network Issue,Development,Portal,49.0,20.0,231,2
TCKT-140961,Medium,Hardware Failure,Network Ops,Portal,173.0,17.0,187,0
TCKT-130596,Low,Network Issue,Customer Service,Chat,226.0,22.0,189,0
TCKT-193092,Medium,Network Issue,IT Support,Chat,180.0,3.0,270,4
TCKT-106890,High,Access Request,Security,Portal,120.0,22.0,178,2
TCKT-191968,Critical,Software Bug,Network Ops,Phone,49.0,7.0,211,3
TCKT-190574,High,General Inquiry,IT Support,Phone,102.0,17.0,228,2
TCKT-139123,High,Network Issue,Security,Email,103.0,8.0,210,3
TCKT-135771,Low,General Inquiry,Customer Service,Phone,238.0,15.0,162,0
TCKT-197949,Low,Software Bug,Development,Phone,236.0,3.0,180,1
TCKT-178845,Low,General Inquiry,Network Ops,Phone,223.0,23.0,121,0
TCKT-190955,Low,Hardware Failure,Security,Chat,233.0,8.0,233,1
TCKT-158378,High,Access Request,Customer Service,Phone,107.0,23.0,192,2
TCKT-103322,Low,Software Bug,Network Ops,Portal,223.0,20.0,130,0
TCKT-197522,Medium,Network Issue,Network Ops,Portal,167.0,5.0,198,1
TCKT-115168,Critical,General Inquiry,Development,Email,51.0,9.0,233,3
TCKT-122355,Critical,General Inquiry,Development,Phone,44.0,16.0,251,4
TCKT-123356,High,Software Bug,Network Ops,Portal,100.0,6.0,184,3
TCKT-113813,Critical,Hardware Failure,Network Ops,Portal,48.0,23.0,187,2
TCKT-135868,Low,Network Issue,Development,Phone,239.0,7.0,151,1
TCKT-194819,High,Software Bug,Customer Service,Email,111.0,19.0,220,2
TCKT-104511,Medium,General Inquiry,Security,Portal,172.0,21.0,263,2
TCKT-124799,Low,Hardware Failure,IT Support,Portal,238.0,2.0,166,1
TCKT-179604,Low,Network Issue,IT Support,Email,233.0,18.0,245,0
TCKT-105174,Critical,Software Bug,Customer Service,Chat,47.0,12.0,193,3
TCKT-172657,Medium,Access Request,IT Support,Chat,180.0,18.0,266,4
TCKT-191293,Medium,General Inquiry,Customer Service,Email,163.0,5.0,229,1
TCKT-118881,Low,Access Request,Security,Phone,237.0,21.0,117,0
TCKT-147793,Low,General Inquiry,Network Ops,Chat,229.0,10.0,116,1
TCKT-154225,Critical,Network Issue,Network Ops,Email,46.0,0.0,231,3
TCKT-106771,Low,Hardware Failure,Customer Service,Chat,232.0,5.0,167,1
TCKT-128857,Medium,Hardware Failure,IT Support,Portal,178.0,13.0,189,0
TCKT-141948,Low,Access Request,Security,Phone,239.0,1.0,161,1
TCKT-166077,Critical,General Inquiry,Development,Phone,45.0,2.0,303,4
TCKT-135231,Medium,General Inquiry,IT Support,Portal,172.0,12.0,267,4
TCKT-119783,Critical,General Inquiry,IT Support,Chat,43.0,17.0,231,2
TCKT-159577,Low,Access Request,IT Support,Portal,225.0,13.0,173,0
TCKT-137551,High,Network Issue,Customer Service,Chat,115.0,10.0,189,3
TCKT-195739,Medium,Software Bug,Customer Service,Email,176.0,9.0,166,1
TCKT-108294,Low,Access Request,Security,Email,220.0,14.0,218,0
TCKT-162629,Medium,Software Bug,Development,Portal,165.0,2.0,174,1
TCKT-198860,Low,Software Bug,Security,Phone,223.0,21.0,178,0
TCKT-133959,Low,Hardware Failure,Security,Email,223.0,3.0,237,1
TCKT-153094,Low,General Inquiry,Security,Phone,240.0,2.0,232,1
TCKT-126060,High,Hardware Failure,Development,Phone,118.0,3.0,201,3
TCKT-160128,High,Access Request,Development,Portal,119.0,5.0,253,4
TCKT-156690,Critical,General Inquiry,Customer Service,Chat,58.0,23.0,233,2
TCKT-144780,Critical,Network Issue,IT Support,Phone,50.0,5.0,287,4
TCKT-193283,Low,Hardware Failure,Customer Service,Portal,225.0,1.0,163,1
TCKT-178379,Critical,General Inquiry,Network Ops,Phone,45.0,18.0,279,4
TCKT-167915,High,General Inquiry,Security,Phone,116.0,8.0,212,3
TCKT-113240,Low,Hardware Failure,Customer Service,Portal,240.0,1.0,167,1
TCKT-130224,High,Hardware Failure,IT Support,Chat,100.0,18.0,190,2
TCKT-103740,Low,Access Request,Network Ops,Portal,221.0,18.0,153,0
TCKT-115895,Low,Hardware Failure,Security,Phone,224.0,21.0,167,0
TCKT-159078,Critical,Software Bug,IT Support,Portal,59.0,10.0,277,4
TCKT-114413,Medium,General Inquiry,Customer Service,Phone,164.0,22.0,180,0
TCKT-167434,Critical,Software Bug,IT Support,Email,45.0,22.0,207,2
TCKT-192921,Low,Software Bug,Security,Chat,236.0,1.0,178,1
TCKT-141205,Medium,Access Request,Security,Chat,163.0,18.0,174,0
TCKT-131768,Medium,Network Issue,Network Ops,Email,173.0,22.0,204,0
TCKT-136809,High,Network Issue,Security,Phone,109.0,20.0,191,2
TCKT-148805,Medium,Access Request,Customer Service,Chat,173.0,10.0,160,1
TCKT-189120,Critical,Network Issue,Network Ops,Portal,60.0,4.0,232,3
TCKT-181618,Low,Network Issue,Development,Chat,232.0,23.0,151,0
TCKT-158711,Critical,Hardware Failure,Security,Portal,57.0,21.0,205,2
TCKT-176923,Medium,General Inquiry,Development,Email,171.0,23.0,183,0
TCKT-135116,High,Hardware Failure,Security,Chat,102.0,4.0,211,3
TCKT-102331,Low,Network Issue,Development,Portal,236.0,6.0,189,1
TCKT-129468,Low,Hardware Failure,Customer Service,Phone,238.0,4.0,166,1
TCKT-156765,Low,Hardware Failure,Security,Chat,225.0,9.0,167,1
TCKT-121242,Critical,Hardware Failure,Development,Portal,58.0,10.0,268,4
TCKT-174792,Critical,Hardware Failure,Network Ops,Phone,47.0,18.0,240,2
TCKT-197291,High,Software Bug,Network Ops,Phone,100.0,18.0,184,2
TCKT-105045,Low,Software Bug,Network Ops,Email,235.0,20.0,180,0
TCKT-101473,Critical,Access Request,Network Ops,Phone,46.0,15.0,204,2
TCKT-189005,Critical,Hardware Failure,Security,Email,45.0,12.0,310,4
TCKT-100133,Medium,General Inquiry,Network Ops,Portal,166.0,1.0,193,1
TCKT-105506,Low,Network Issue,IT Support,Portal,222.0,12.0,200,0
TCKT-171511,High,Hardware Failure,Security,Email,115.0,23.0,197,2
TCKT-120585,Medium,General Inquiry,Security,Chat,162.0,10.0,225,1
TCKT-185586,Medium,Hardware Failure,Customer Service,Chat,165.0,22.0,181,0
TCKT-110406,Low,Software Bug,Customer Service,Portal,234.0,10.0,179,0
TCKT-178232,High,Access Request,Development,Portal,106.0,9.0,266,4
TCKT-114339,Critical,Hardware Failure,Security,Portal,57.0,18.0,233,2
TCKT-111415,Medium,General Inquiry,Network Ops,Portal,161.0,23.0,229,2
TCKT-140085,Critical,Software Bug,Security,Chat,44.0,5.0,292,4
TCKT-147716,Medium,General Inquiry,Customer Service,Chat,160.0,7.0,193,1
TCKT-137757,Medium,General Inquiry,Development,Email,175.0,8.0,229,1
TCKT-155953,High,Software Bug,Development,Email,105.0,19.0,270,2
TCKT-146864,Low,General Inquiry,IT Support,Phone,220.0,21.0,172,0
TCKT-122793,High,Software Bug,Development,Email,117.0,20.0,293,4
TCKT-156019,Medium,Network Issue,Customer Service,Portal,172.0,2.0,198,1
TCKT-137977,Low,Hardware Failure,Network Ops,Phone,225.0,6.0,199,1
TCKT-157594,High,Network Issue,IT Support,Portal,118.0,7.0,313,4
TCKT-124687,High,Hardware Failure,Network Ops,Portal,114.0,18.0,197,2
TCKT-154334,High,Access Request,IT Support,Portal,115.0,3.0,228,3
TCKT-105682,Medium,Access Request,Development,Phone,177.0,2.0,174,1
TCKT-139725,Low,Software Bug,Network Ops,Chat,221.0,9.0,130,1
TCKT-175254,High,Software Bug,Development,Email,111.0,18.0,189,2
TCKT-187316,Low,General Inquiry,Network Ops,Portal,235.0,22.0,162,0
TCKT-175712,Critical,Access Request,IT Support,Email,57.0,17.0,288,4
TCKT-172786,Low,General Inquiry,Network Ops,Phone,224.0,19.0,172,0
TCKT-106897,Low,Access Request,Development,Phone,234.0,3.0,132,1
TCKT-172253,High,Access Request,Security,Chat,108.0,7.0,266,4
TCKT-129917,Medium,Software Bug,IT Support,Email,167.0,0.0,231,1
TCKT-144722,Critical,Access Request,Network Ops,Email,47.0,7.0,181,3
TCKT-104135,High,Access Request,Security,Phone,105.0,7.0,185,3
TCKT-106993,Critical,Hardware Failure,Security,Email,52.0,10.0,205,3
TCKT-129387,Medium,Access Request,Network Ops,Email,166.0,10.0,153,1
TCKT-139497,Low,Access Request,Security,Email,223.0,0.0,117,1
TCKT-137910,Low,General Inquiry,Security,Phone,225.0,7.0,179,1
TCKT-172439,High,Software Bug,Development,Email,101.0,8.0,270,4
TCKT-114440,High,Software Bug,Development,Phone,106.0,3.0,293,4
TCKT-118092,High,Hardware Failure,IT Support,Portal,114.0,2.0,171,3
TCKT-161406,Critical,Access Request,IT Support,Chat,44.0,23.0,271,4
TCKT-106004,High,Access Request,Security,Chat,109.0,22.0,246,2
TCKT-159951,Critical,Network Issue,Development,Phone,47.0,8.0,203,3
TCKT-141808,Medium,Network Issue,IT Support,Email,178.0,18.0,245,2
TCKT-132507,Low,Access Request,Network Ops,Chat,235.0,17.0,161,0
TCKT-104534,Low,Hardware Failure,Network Ops,Phone,232.0,9.0,195,1
TCKT-192106,Medium,Network Issue,Security,Chat,161.0,5.0,189,1
TCKT-130523,High,Hardware Failure,IT Support,Phone,102.0,1.0,296,4
TCKT-112369,Medium,General Inquiry,Network Ops,Email,176.0,2.0,229,1
TCKT-162291,High,Access Request,Network Ops,Phone,109.0,10.0,172,2
TCKT-181071,Critical,Access Request,Customer Service,Portal,59.0,14.0,210,2
TCKT-142382,Medium,Access Request,Development,Portal,173.0,0.0,263,1
TCKT-121029,Critical,Access Request,Customer Service,Email,51.0,1.0,233,3
TCKT-186637,Critical,Access Request,Network Ops,Portal,57.0,12.0,215,2
TCKT-178495,Critical,Access Request,Security,Phone,60.0,9.0,181,3
TCKT-119435,Low,Access Request,IT Support,Phone,222.0,19.0,209,0
TCKT-130838,Low,Access Request,IT Support,Portal,231.0,14.0,232,0
TCKT-120021,Critical,Network Issue,Customer Service,Chat,51.0,23.0,203,2
TCKT-108476,Medium,Access Request,IT Support,Portal,177.0,3.0,160,1
TCKT-112972,Medium,Access Request,Security,Phone,174.0,13.0,181,0
TCKT-198967,Critical,General Inquiry,Development,Phone,45.0,17.0,226,2
TCKT-146039,Medium,Hardware Failure,Network Ops,Chat,169.0,18.0,181,0
TCKT-100831,Low,Hardware Failure,Development,Phone,229.0,23.0,247,0
TCKT-114153,High,General Inquiry,Customer Service,Phone,105.0,22.0,228,2
TCKT-102843,Medium,General Inquiry,Development,Chat,177.0,23.0,188,0
TCKT-186349,Critical,General Inquiry,IT Support,Email,40.0,9.0,279,4
TCKT-115531,Low,General Inquiry,IT Support,Portal,227.0,0.0,286,4
TCKT-185634,Critical,Software Bug,Customer Service,Chat,60.0,0.0,205,3
TCKT-152372,Medium,Access Request,Customer Service,Chat,161.0,7.0,181,1
TCKT-108939,Critical,Software Bug,Development,Chat,45.0,10.0,209,3
TCKT-127996,Critical,General Inquiry,IT Support,Phone,57.0,9.0,222,3
TCKT-192493,Medium,Hardware Failure,Customer Service,Chat,173.0,15.0,161,0
TCKT-157671,Medium,Network Issue,Customer Service,Phone,164.0,1.0,204,1
TCKT-169031,Low,General Inquiry,Security,Email,232.0,15.0,202,0
TCKT-184953,Medium,Access Request,Customer Service,Phone,172.0,2.0,160,1
TCKT-159157,Critical,Hardware Failure,Development,Portal,40.0,21.0,218,2
TCKT-120102,Medium,Hardware Failure,Development,Email,160.0,7.0,207,1
TCKT-117334,Critical,Hardware Failure,Security,Portal,47.0,18.0,205,2
TCKT-102841,Low,General Inquiry,Development,Chat,232.0,16.0,172,0
TCKT-124516,High,Hardware Failure,Network Ops,Portal,115.0,12.0,212,2
TCKT-118689,High,Software Bug,Network Ops,Phone,102.0,11.0,189,2
TCKT-104969,Medium,Access Request,Development,Phone,160.0,21.0,160,0
TCKT-115989,Medium,Access Request,Customer Service,Email,160.0,4.0,181,1
TCKT-163880,Critical,Software Bug,Network Ops,Phone,58.0,16.0,181,2
TCKT-170350,Critical,Software Bug,Customer Service,Chat,59.0,7.0,222,3
TCKT-194969,Critical,Network Issue,Security,Email,58.0,8.0,267,4
TCKT-111459,High,Access Request,Network Ops,Chat,117.0,13.0,199,2
TCKT-165255,Medium,Network Issue,Network Ops,Portal,177.0,22.0,204,2
TCKT-180142,High,Software Bug,Development,Phone,101.0,15.0,189,2
TCKT-117017,High,Network Issue,Development,Chat,101.0,22.0,300,4
TCKT-127929,Critical,Hardware Failure,Network Ops,Chat,55.0,8.0,233,3
TCKT-159074,High,General Inquiry,Security,Chat,108.0,0.0,213,3
TCKT-133679,High,Network Issue,Security,Email,117.0,19.0,197,2
TCKT-193287,High,Network Issue,Security,Phone,120.0,13.0,258,4
TCKT-148404,Medium,General Inquiry,Security,Email,179.0,3.0,295,4
TCKT-134354,Critical,Hardware Failure,Development,Email,43.0,5.0,321,4
TCKT-181504,Critical,Software Bug,Customer Service,Phone,46.0,13.0,222,3
TCKT-178338,High,Hardware Failure,IT Support,Phone,101.0,6.0,179,3
TCKT-147853,Low,Network Issue,Customer Service,Phone,239.0,5.0,157,1
TCKT-131287,Low,General Inquiry,Network Ops,Email,228.0,0.0,116,1
TCKT-122554,High,Access Request,Network Ops,Phone,111.0,20.0,178,2
TCKT-174140,Low,Software Bug,IT Support,Email,230.0,17.0,186,0
TCKT-123706,High,Network Issue,IT Support,Phone,116.0,12.0,189,2
TCKT-157482,Low,Access Request,Network Ops,Email,234.0,6.0,117,1
TCKT-130063,Critical,Network Issue,Network Ops,Portal,42.0,9.0,217,3
TCKT-104366,Low,Hardware Failure,Customer Service,Portal,232.0,9.0,166,0
TCKT-159066,Critical,Network Issue,Development,Chat,44.0,13.0,231,3
TCKT-138161,Low,Access Request,Development,Portal,233.0,12.0,129,0
TCKT-134440,High,Network Issue,Network Ops,Chat,107.0,20.0,219,2
TCKT-157279,Critical,General Inquiry,IT Support,Portal,44.0,13.0,306,4
TCKT-150195,Medium,Software Bug,Network Ops,Email,165.0,11.0,178,1
TCKT-164734,Low,Access Request,Network Ops,Email,232.0,2.0,153,1
TCKT-131473,High,Network Issue,Development,Email,110.0,22.0,188,2
TCKT-193056,Critical,Hardware Failure,IT Support,Phone,53.0,13.0,271,4
TCKT-199033,Critical,Hardware Failure,Network Ops,Chat,50.0,3.0,188,3
TCKT-160855,Low,Access Request,Customer Service,Chat,221.0,18.0,117,0
TCKT-164638,High,Software Bug,Network Ops,Chat,112.0,1.0,189,3
TCKT-174679,Critical,Access Request,IT Support,Email,43.0,9.0,271,4
TCKT-170969,Low,General Inquiry,Network Ops,Email,228.0,19.0,162,0
TCKT-128444,High,Access Request,Network Ops,Chat,105.0,0.0,216,3
TCKT-138072,Low,Network Issue,Development,Portal,231.0,19.0,157,0
TCKT-174943,High,Network Issue,IT Support,Email,104.0,2.0,251,3
TCKT-124007,Critical,Hardware Failure,Network Ops,Chat,44.0,17.0,240,2
TCKT-193087,Medium,Software Bug,Customer Service,Email,173.0,20.0,166,0
TCKT-178251,Critical,Access Request,Security,Chat,50.0,9.0,251,4
TCKT-118182,Medium,Network Issue,IT Support,Phone,180.0,11.0,189,1
TCKT-102068,Critical,General Inquiry,Network Ops,Chat,44.0,20.0,222,2
TCKT-183974,Medium,Software Bug,Security,Phone,173.0,4.0,248,1
TCKT-136017,High,Network Issue,Security,Chat,113.0,15.0,210,2
TCKT-173170,High,Hardware Failure,Customer Service,Phone,110.0,3.0,171,3
TCKT-142234,Medium,Hardware Failure,Development,Portal,177.0,21.0,178,0
TCKT-153018,Medium,Access Request,Customer Service,Phone,173.0,14.0,162,0
TCKT-130657,Medium,Hardware Failure,IT Support,Chat,169.0,23.0,187,0
TCKT-138874,High,General Inquiry,Network Ops,Portal,112.0,17.0,213,2
TCKT-105750,Medium,Access Request,IT Support,Chat,160.0,3.0,162,1
TCKT-170252,Critical,Hardware Failure,Network Ops,Portal,42.0,2.0,233,3
TCKT-158811,Medium,Access Request,Development,Chat,162.0,23.0,153,0
TCKT-134642,High,General Inquiry,Network Ops,Email,104.0,1.0,166,3
TCKT-169156,High,Network Issue,Network Ops,Email,106.0,9.0,167,3
TCKT-177370,High,General Inquiry,Development,Email,107.0,8.0,199,3
TCKT-121197,Low,Network Issue,IT Support,Email,236.0,12.0,151,0
TCKT-133213,High,Hardware Failure,Development,Portal,100.0,13.0,179,2
TCKT-167427,Low,Network Issue,Network Ops,Portal,222.0,11.0,144,0
TCKT-119520,Critical,Access Request,IT Support,Portal,48.0,20.0,215,2
TCKT-157982,Low,Hardware Failure,IT Support,Email,224.0,15.0,288,4
TCKT-116606,Critical,Software Bug,Customer Service,Chat,48.0,2.0,211,3
TCKT-174011,Critical,Hardware Failure,IT Support,Portal,54.0,0.0,274,4
TCKT-128870,Low,Network Issue,Development,Portal,221.0,22.0,203,0
TCKT-136685,Low,General Inquiry,Security,Portal,229.0,10.0,232,1
TCKT-192980,Medium,Network Issue,Customer Service,Chat,174.0,4.0,200,1
TCKT-118198,Critical,Access Request,Development,Chat,41.0,11.0,314,4
TCKT-173823,High,General Inquiry,IT Support,Email,107.0,9.0,269,4
TCKT-154348,Medium,General Inquiry,Security,Email,171.0,12.0,263,4
TCKT-116950,Low,Network Issue,IT Support,Email,234.0,12.0,207,0
TCKT-150566,Critical,Software Bug,Customer Service,Email,59.0,22.0,193,2
TCKT-192319,High,Software Bug,Security,Phone,116.0,11.0,177,2
TCKT-143473,Critical,Software Bug,Network Ops,Email,54.0,8.0,181,3
TCKT-199560,Medium,Network Issue,Network Ops,Email,171.0,16.0,189,0
TCKT-154897,Medium,General Inquiry,Development,Chat,163.0,1.0,188,1
TCKT-104942,Low,Network Issue,Development,Chat,232.0,2.0,181,1
TCKT-198459,High,Access Request,Development,Phone,100.0,21.0,196,2
TCKT-125979,Low,Hardware Failure,Development,Portal,226.0,23.0,204,0
TCKT-113854,High,Network Issue,Network Ops,Phone,115.0,10.0,167,3
TCKT-143551,High,General Inquiry,Development,Email,118.0,13.0,228,2
TCKT-150153,Medium,General Inquiry,Development,Portal,172.0,0.0,264,1
TCKT-127318,Critical,Network Issue,Customer Service,Phone,49.0,19.0,231,2
TCKT-174010,Medium,Hardware Failure,Development,Email,170.0,2.0,189,1
TCKT-175303,Medium,General Inquiry,Customer Service,Chat,164.0,3.0,183,1
TCKT-124863,Low,Network Issue,Network Ops,Phone,235.0,21.0,153,0
TCKT-195321,Low,General Inquiry,Development,Phone,236.0,7.0,116,1
TCKT-127417,Critical,Software Bug,Development,Phone,44.0,12.0,181,3
TCKT-174563,Low,Access Request,Network Ops,Chat,220.0,8.0,117,1
TCKT-135333,Critical,Software Bug,Security,Chat,46.0,0.0,193,3
TCKT-135358,Low,Hardware Failure,Customer Service,Chat,239.0,7.0,199,1
TCKT-119524,Low,General Inquiry,Security,Phone,230.0,1.0,162,1
TCKT-131443,Low,Network Issue,Network Ops,Chat,229.0,11.0,181,1
TCKT-141976,Low,General Inquiry,Security,Phone,236.0,4.0,272,1
TCKT-143344,Critical,Network Issue,Customer Service,Portal,40.0,5.0,231,3
TCKT-126309,Critical,Software Bug,Customer Service,Email,44.0,17.0,207,2
TCKT-111409,Critical,Hardware Failure,IT Support,Email,45.0,1.0,205,3
TCKT-198867,Critical,General Inquiry,Security,Portal,42.0,11.0,226,3
TCKT-197518,Low,Software Bug,Security,Portal,236.0,11.0,248,1
TCKT-154950,Medium,Software Bug,Network Ops,Email,179.0,11.0,167,1
TCKT-162865,Medium,General Inquiry,Customer Service,Portal,178.0,20.0,188,0
TCKT-123803,Low,Software Bug,Security,Portal,229.0,22.0,148,0
TCKT-106571,Low,Software Bug,Security,Phone,222.0,6.0,180,1
TCKT-127946,Critical,Software Bug,Development,Portal,49.0,16.0,284,4
TCKT-193938,Medium,General Inquiry,Customer Service,Email,180.0,19.0,211,0
TCKT-119442,Critical,Software Bug,Customer Service,Chat,43.0,9.0,203,3
TCKT-129655,High,General Inquiry,IT Support,Chat,114.0,3.0,212,3
TCKT-181341,Low,Software Bug,Development,Phone,222.0,21.0,211,0
TCKT-175879,High,Software Bug,Security,Email,107.0,5.0,177,3
TCKT-194713,High,Hardware Failure,Network Ops,Chat,106.0,15.0,201,2
TCKT-132731,High,Network Issue,IT Support,Portal,118.0,9.0,229,3
TCKT-155879,High,Software Bug,Customer Service,Email,101.0,13.0,184,2
TCKT-182647,Medium,Hardware Failure,Development,Email,166.0,3.0,183,1
TCKT-103468,Critical,General Inquiry,Network Ops,Chat,42.0,21.0,279,4
TCKT-136290,Low,Access Request,IT Support,Email,238.0,18.0,219,0
TCKT-129803,Low,General Inquiry,Customer Service,Phone,233.0,15.0,179,0
TCKT-108627,Low,Access Request,Network Ops,Portal,232.0,20.0,117,0
TCKT-125658,Low,Software Bug,Security,Phone,239.0,1.0,148,1
TCKT-181402,Low,Access Request,Network Ops,Chat,236.0,6.0,117,1
TCKT-148568,High,Access Request,Security,Portal,111.0,17.0,262,2
TCKT-118692,Critical,General Inquiry,Customer Service,Portal,59.0,10.0,279,4
TCKT-129777,High,General Inquiry,Security,Portal,114.0,21.0,299,4
TCKT-152375,High,General Inquiry,IT Support,Portal,116.0,4.0,283,4
TCKT-188823,Low,General Inquiry,IT Support,Chat,224.0,6.0,246,1
TCKT-178825,Low,Hardware Failure,Customer Service,Email,228.0,11.0,180,0
TCKT-138289,High,General Inquiry,Customer Service,Email,100.0,17.0,219,2
TCKT-183691,Medium,General Inquiry,Development,Portal,163.0,20.0,225,2
TCKT-162363,High,Software Bug,Network Ops,Portal,120.0,2.0,184,1
TCKT-197104,Medium,Access Request,Security,Chat,160.0,21.0,244,2
TCKT-194753,High,Hardware Failure,Development,Portal,120.0,16.0,201,2
TCKT-198355,Critical,Hardware Failure,Development,Email,43.0,9.0,299,4
TCKT-154296,Low,General Inquiry,Network Ops,Email,220.0,23.0,172,0
TCKT-193787,Medium,Hardware Failure,Security,Phone,169.0,15.0,259,4
TCKT-162966,Medium,Network Issue,Security,Email,161.0,11.0,204,1
TCKT-188901,High,Hardware Failure,IT Support,Phone,103.0,8.0,212,3
TCKT-112432,Low,Access Request,IT Support,Portal,229.0,20.0,232,0
TCKT-165625,Critical,General Inquiry,IT Support,Email,59.0,15.0,287,4
TCKT-108956,Medium,Network Issue,Security,Email,174.0,10.0,204,1
TCKT-136311,Medium,Software Bug,Network Ops,Phone,165.0,14.0,178,0
TCKT-184847,Low,Network Issue,Development,Phone,239.0,22.0,225,0
TCKT-123565,Low,General Inquiry,Customer Service,Portal,239.0,18.0,162,0
TCKT-121310,High,Software Bug,Development,Email,106.0,0.0,185,3
TCKT-183970,Critical,Hardware Failure,Network Ops,Phone,41.0,23.0,188,2
TCKT-100189,Low,Software Bug,IT Support,Portal,233.0,13.0,235,0
TCKT-177557,Low,Network Issue,Development,Chat,230.0,22.0,189,0
TCKT-130730,Critical,Network Issue,IT Support,Portal,55.0,20.0,259,2
TCKT-181741,Critical,Access Request,Development,Phone,46.0,7.0,181,3
TCKT-111631,Medium,General Inquiry,Network Ops,Chat,177.0,12.0,183,1
TCKT-153822,Low,Hardware Failure,Development,Email,240.0,1.0,163,1
TCKT-156735,High,Software Bug,IT Support,Phone,105.0,23.0,269,2
TCKT-158112,Low,Hardware Failure,Customer Service,Chat,225.0,16.0,199,0
TCKT-186946,Low,Hardware Failure,IT Support,Portal,227.0,21.0,215,0
TCKT-162201,Low,Access Request,Customer Service,Portal,222.0,17.0,148,0
TCKT-133508,Medium,Network Issue,Network Ops,Chat,161.0,11.0,204,1
TCKT-155201,Medium,General Inquiry,IT Support,Email,162.0,8.0,239,4
TCKT-186158,Critical,General Inquiry,IT Support,Phone,44.0,14.0,226,4
TCKT-113998,High,General Inquiry,IT Support,Email,120.0,14.0,222,2
TCKT-189677,Low,Access Request,IT Support,Chat,232.0,7.0,135,1
TCKT-145274,Low,General Inquiry,Development,Phone,237.0,21.0,253,0
TCKT-187757,Medium,General Inquiry,IT Support,Phone,168.0,17.0,239,4
TCKT-112876,Medium,Software Bug,Customer Service,Email,178.0,4.0,167,1
TCKT-145456,Medium,Access Request,Development,Portal,177.0,20.0,243,2
TCKT-123358,Critical,Network Issue,Security,Portal,54.0,21.0,263,2
TCKT-189133,Low,Software Bug,Security,Email,226.0,19.0,250,0
TCKT-194459,Medium,Network Issue,Security,Chat,166.0,18.0,169,0
TCKT-126739,Critical,Network Issue,Network Ops,Chat,54.0,20.0,223,2
TCKT-119593,Critical,General Inquiry,Network Ops,Email,53.0,17.0,251,4
TCKT-106886,Medium,Access Request,Security,Phone,177.0,14.0,146,0
TCKT-161550,Medium,Software Bug,Customer Service,Email,171.0,14.0,167,0
TCKT-115345,Low,Hardware Failure,Customer Service,Phone,238.0,23.0,167,0
TCKT-196274,Low,Hardware Failure,IT Support,Phone,229.0,19.0,279,4
TCKT-144678,Medium,Access Request,Security,Chat,173.0,11.0,244,1
TCKT-181606,High,Access Request,IT Support,Email,110.0,21.0,283,4
TCKT-106160,Medium,Hardware Failure,Customer Service,Phone,174.0,12.0,189,0
TCKT-176699,Medium,Access Request,Development,Chat,178.0,7.0,255,1
TCKT-158809,High,Network Issue,Network Ops,Chat,116.0,13.0,197,2
TCKT-112745,Low,General Inquiry,Network Ops,Portal,226.0,19.0,116,0
TCKT-116787,Medium,Software Bug,Security,Chat,173.0,6.0,239,1
TCKT-166415,Low,Software Bug,Development,Portal,227.0,8.0,164,1
TCKT-100533,Low,Hardware Failure,Security,Phone,230.0,22.0,163,0
TCKT-166105,Medium,Access Request,Network Ops,Chat,175.0,18.0,181,0
TCKT-115253,Low,Software Bug,Network Ops,Phone,234.0,10.0,180,0
TCKT-105010,High,Software Bug,Network Ops,Chat,114.0,9.0,189,2
TCKT-167284,High,Network Issue,Security,Phone,100.0,21.0,210,2
TCKT-193177,Medium,General Inquiry,Development,Phone,176.0,9.0,292,4
TCKT-165770,Critical,Access Request,Security,Chat,48.0,4.0,285,4
TCKT-174873,Critical,Network Issue,Security,Portal,50.0,13.0,301,4
TCKT-179176,High,Network Issue,Development,Phone,117.0,20.0,197,2
TCKT-143391,Critical,Software Bug,Security,Portal,48.0,0.0,207,3
TCKT-124230,Medium,Hardware Failure,Security,Phone,180.0,4.0,189,1
TCKT-184334,Critical,General Inquiry,Development,Portal,56.0,8.0,231,3
TCKT-150447,High,General Inquiry,Network Ops,Phone,112.0,11.0,212,2
TCKT-101082,Critical,Network Issue,IT Support,Phone,56.0,5.0,253,4
TCKT-115925,Medium,Software Bug,Customer Service,Phone,179.0,19.0,174,0
TCKT-141140,Medium,Network Issue,Development,Email,162.0,6.0,200,1
TCKT-188928,Medium,Network Issue,Network Ops,Chat,170.0,19.0,200,0
TCKT-156675,Low,General Inquiry,IT Support,Chat,220.0,19.0,258,0
TCKT-151560,Critical,Network Issue,Security,Chat,50.0,6.0,293,4
TCKT-187540,Critical,Software Bug,Customer Service,Chat,51.0,12.0,205,3
TCKT-184242,Critical,Software Bug,Customer Service,Portal,48.0,16.0,193,2
TCKT-100696,Low,Software Bug,Network Ops,Chat,239.0,9.0,180,1
TCKT-189149,Low,General Inquiry,Security,Phone,233.0,14.0,162,0
TCKT-194650,High,Hardware Failure,Development,Email,100.0,6.0,201,3
TCKT-172071,Critical,Access Request,Security,Chat,40.0,20.0,277,4
TCKT-195881,Low,Hardware Failure,Development,Email,231.0,11.0,195,0
TCKT-131460,Low,Hardware Failure,Security,Phone,230.0,18.0,180,0
TCKT-105067,Medium,Hardware Failure,Security,Email,165.0,9.0,183,1
TCKT-177414,High,Hardware Failure,Security,Email,112.0,17.0,179,2
TCKT-124925,Critical,Software Bug,Security,Phone,55.0,17.0,181,2
TCKT-185172,Critical,Hardware Failure,Customer Service,Email,43.0,13.0,218,3
TCKT-148279,Low,General Inquiry,Development,Chat,230.0,11.0,197,1
TCKT-140845,Medium,Software Bug,Development,Phone,174.0,15.0,175,0
TCKT-187045,Medium,Hardware Failure,Security,Email,173.0,4.0,181,1
TCKT-114591,Medium,Hardware Failure,IT Support,Chat,168.0,12.0,187,1
TCKT-150660,Low,Hardware Failure,IT Support,Portal,235.0,0.0,204,1
TCKT-168787,High,General Inquiry,Development,Chat,111.0,17.0,280,4
TCKT-120792,Low,Hardware Failure,Network Ops,Email,222.0,21.0,159,0
TCKT-145201,High,General Inquiry,Security,Phone,103.0,15.0,212,2
TCKT-181254,Medium,Access Request,Network Ops,Phone,160.0,7.0,160,1
TCKT-153733,Low,Network Issue,Customer Service,Chat,240.0,20.0,157,0
TCKT-183568,Medium,Software Bug,Development,Portal,180.0,14.0,174,0
TCKT-180182,High,Access Request,Network Ops,Portal,107.0,1.0,178,3
TCKT-106033,Low,Hardware Failure,Network Ops,Email,225.0,3.0,195,1
TCKT-109188,High,Access Request,IT Support,Chat,106.0,15.0,176,2
TCKT-122131,Medium,Network Issue,Development,Chat,177.0,8.0,204,1
TCKT-167767,Medium,Hardware Failure,Development,Chat,176.0,13.0,161,1
TCKT-141446,Critical,General Inquiry,IT Support,Portal,52.0,13.0,279,4
TCKT-160699,Critical,Network Issue,Security,Email,55.0,19.0,287,4
TCKT-177896,Low,General Inquiry,Customer Service,Phone,229.0,23.0,116,0
TCKT-103966,High,Access Request,Security,Phone,114.0,18.0,262,4
TCKT-179215,High,General Inquiry,Security,Portal,106.0,14.0,236,2
TCKT-145154,Medium,Hardware Failure,Security,Chat,178.0,5.0,257,1
TCKT-133691,Critical,Network Issue,Development,Chat,47.0,12.0,197,3
TCKT-172967,Low,General Inquiry,Security,Chat,232.0,18.0,116,0
TCKT-120867,Critical,Access Request,Development,Chat,47.0,14.0,210,2
TCKT-142771,Critical,Network Issue,Network Ops,Portal,55.0,15.0,223,2
TCKT-158615,Critical,Network Issue,IT Support,Phone,41.0,12.0,287,4
TCKT-154416,Critical,General Inquiry,Customer Service,Portal,41.0,19.0,231,2
TCKT-194337,Medium,Hardware Failure,Customer Service,Portal,170.0,20.0,178,0
TCKT-113013,Critical,Software Bug,Customer Service,Email,51.0,9.0,205,3
TCKT-145424,Medium,Network Issue,IT Support,Email,172.0,2.0,225,1
TCKT-173926,Low,Network Issue,IT Support,Phone,220.0,6.0,228,1
TCKT-114114,High,General Inquiry,Network Ops,Chat,107.0,22.0,219,2
TCKT-158037,High,General Inquiry,Customer Service,Portal,103.0,3.0,166,3
TCKT-100674,High,Access Request,IT Support,Phone,119.0,9.0,280,4
TCKT-133977,Critical,Access Request,Customer Service,Phone,46.0,8.0,233,3
TCKT-193587,Critical,Network Issue,Network Ops,Phone,57.0,19.0,217,2
TCKT-182569,High,General Inquiry,IT Support,Phone,118.0,20.0,297,4
TCKT-119935,Critical,General Inquiry,Customer Service,Phone,43.0,8.0,233,3
TCKT-164071,Critical,Hardware Failure,Security,Chat,44.0,23.0,257,2
TCKT-109130,High,General Inquiry,Network Ops,Phone,113.0,11.0,229,2
TCKT-120918,Low,Software Bug,Customer Service,Chat,221.0,16.0,180,0
TCKT-128015,Low,Network Issue,Customer Service,Chat,230.0,11.0,144,0
TCKT-114636,Critical,Network Issue,Customer Service,Chat,44.0,15.0,232,3
TCKT-178321,Medium,Access Request,Network Ops,Email,172.0,1.0,162,1
TCKT-165554,Medium,Network Issue,IT Support,Chat,173.0,7.0,189,1
TCKT-112942,Medium,Hardware Failure,Development,Phone,178.0,8.0,235,1
TCKT-182650,High,Access Request,IT Support,Portal,103.0,9.0,256,4
TCKT-108960,Low,Network Issue,Security,Portal,222.0,7.0,153,1
TCKT-186196,Critical,General Inquiry,Development,Email,56.0,22.0,251,2
TCKT-136225,Medium,General Inquiry,Development,Chat,161.0,4.0,225,1
TCKT-176830,High,Access Request,Security,Chat,107.0,10.0,248,4
TCKT-163495,High,General Inquiry,IT Support,Chat,112.0,20.0,219,2
TCKT-120057,Medium,Network Issue,Customer Service,Chat,166.0,23.0,186,0
TCKT-124383,Critical,Hardware Failure,IT Support,Chat,57.0,16.0,187,2
TCKT-198145,Low,General Inquiry,Customer Service,Portal,225.0,15.0,162,0
TCKT-156876,Low,Software Bug,Network Ops,Chat,224.0,16.0,179,0
TCKT-120416,Low,Hardware Failure,IT Support,Chat,221.0,3.0,223,1
TCKT-179757,Critical,General Inquiry,Network Ops,Phone,51.0,19.0,251,4
TCKT-179802,Low,Software Bug,Network Ops,Portal,226.0,20.0,180,0
TCKT-198924,Critical,Access Request,Network Ops,Portal,52.0,7.0,204,3
TCKT-153508,Critical,Access Request,Development,Email,40.0,9.0,291,4
TCKT-144260,Medium,Network Issue,IT Support,Chat,165.0,12.0,245,4
TCKT-177293,Medium,Software Bug,Development,Phone,173.0,14.0,167,0
TCKT-106828,Medium,General Inquiry,Security,Chat,169.0,6.0,183,1
TCKT-178041,Medium,Access Request,Security,Chat,178.0,22.0,223,0
TCKT-148689,Low,General Inquiry,Security,Email,221.0,18.0,186,0
TCKT-114278,Critical,General Inquiry,Development,Email,49.0,15.0,303,4
TCKT-142685,Critical,General Inquiry,Security,Phone,48.0,11.0,231,4
TCKT-142730,Critical,General Inquiry,Customer Service,Email,41.0,0.0,213,3
TCKT-168118,Low,Access Request,Customer Service,Phone,237.0,5.0,117,1
TCKT-199832,Low,Access Request,Security,Chat,233.0,6.0,148,1
TCKT-160983,Medium,Network Issue,IT Support,Portal,165.0,16.0,256,4
TCKT-157933,High,Network Issue,IT Support,Phone,118.0,11.0,188,3
TCKT-196047,Critical,Software Bug,IT Support,Chat,49.0,16.0,289,4
TCKT-175974,Low,Access Request,Development,Email,220.0,5.0,216,1
TCKT-132678,Critical,General Inquiry,Customer Service,Phone,47.0,21.0,233,2
TCKT-102687,High,General Inquiry,Development,Phone,113.0,21.0,300,4
TCKT-176509,Critical,Hardware Failure,Security,Phone,51.0,3.0,218,3
TCKT-128596,High,Software Bug,IT Support,Portal,115.0,1.0,189,3
TCKT-187782,High,Software Bug,Development,Email,105.0,4.0,177,3
TCKT-169476,Low,Hardware Failure,Network Ops,Portal,237.0,4.0,195,1
TCKT-147954,High,Network Issue,Development,Email,112.0,3.0,278,4
TCKT-186132,Critical,Software Bug,IT Support,Email,57.0,1.0,267,3
TCKT-164335,Critical,Hardware Failure,IT Support,Portal,51.0,18.0,187,2
TCKT-128231,Medium,Access Request,Development,Portal,173.0,6.0,263,4
TCKT-154240,Medium,Access Request,Security,Phone,179.0,14.0,153,0
TCKT-134636,Medium,Network Issue,Security,Portal,174.0,23.0,189,0
TCKT-189469,Medium,Software Bug,Security,Email,172.0,4.0,178,1
TCKT-154429,Low,General Inquiry,Security,Phone,232.0,21.0,162,0
TCKT-150673,High,Access Request,Security,Email,102.0,23.0,262,2
TCKT-109844,Critical,Network Issue,Security,Chat,55.0,11.0,197,3
TCKT-162866,High,Network Issue,Network Ops,Email,101.0,7.0,188,3
TCKT-129392,Medium,Access Request,Customer Service,Phone,178.0,5.0,174,1
TCKT-132553,High,General Inquiry,Customer Service,Chat,114.0,14.0,219,2
TCKT-130505,High,Software Bug,Security,Portal,116.0,1.0,212,3
TCKT-107288,Critical,General Inquiry,IT Support,Chat,46.0,2.0,315,4
TCKT-158031,Medium,General Inquiry,IT Support,Chat,178.0,11.0,295,4
TCKT-185329,Critical,Network Issue,IT Support,Chat,43.0,1.0,319,4
TCKT-123469,Medium,Network Issue,IT Support,Phone,166.0,17.0,254,4
TCKT-199333,Critical,Network Issue,IT Support,Phone,52.0,10.0,232,3
TCKT-133381,High,Access Request,Security,Phone,119.0,23.0,192,2
TCKT-187333,Low,General Inquiry,Security,Chat,238.0,5.0,172,1
TCKT-176743,Medium,Network Issue,Development,Email,178.0,19.0,186,0
TCKT-127262,Low,Network Issue,Network Ops,Email,237.0,2.0,189,1
TCKT-102302,Low,Software Bug,Network Ops,Chat,222.0,17.0,180,0
TCKT-196260,Medium,Software Bug,Customer Service,Email,180.0,10.0,166,1
TCKT-137023,High,Network Issue,Security,Phone,101.0,14.0,210,2
TCKT-136275,Critical,Hardware Failure,Development,Chat,44.0,7.0,240,3
TCKT-145062,High,Access Request,Security,Portal,110.0,23.0,172,2
TCKT-177336,Low,Software Bug,Security,Email,227.0,16.0,178,0
TCKT-144258,Low,General Inquiry,Network Ops,Phone,233.0,2.0,172,1
TCKT-145692,Critical,Network Issue,Customer Service,Chat,43.0,7.0,203,3
TCKT-103155,High,Hardware Failure,Development,Email,103.0,12.0,260,4
TCKT-145006,Medium,Software Bug,Development,Chat,168.0,8.0,174,1
TCKT-103265,Critical,Software Bug,IT Support,Portal,52.0,4.0,306,4
TCKT-198128,Low,Software Bug,Development,Email,230.0,16.0,165,0
TCKT-123544,High,Hardware Failure,Customer Service,Chat,120.0,21.0,190,2
TCKT-152739,Medium,General Inquiry,IT Support,Phone,177.0,21.0,193,0
TCKT-134402,Critical,Access Request,Customer Service,Email,57.0,13.0,210,3
TCKT-111078,High,Hardware Failure,Security,Chat,102.0,22.0,201,2
TCKT-185928,High,Network Issue,IT Support,Portal,111.0,3.0,253,3
TCKT-155903,High,Network Issue,Customer Service,Chat,113.0,11.0,210,3
TCKT-163874,Critical,Network Issue,Security,Portal,42.0,13.0,223,3
TCKT-175598,Critical,Network Issue,Customer Service,Chat,54.0,16.0,231,2
TCKT-175680,High,Access Request,Customer Service,Email,116.0,19.0,178,2
TCKT-198265,Low,Access Request,IT Support,Phone,230.0,8.0,129,0
TCKT-183457,High,Hardware Failure,Customer Service,Chat,111.0,7.0,179,3
TCKT-176063,High,Software Bug,Customer Service,Phone,110.0,14.0,212,2
TCKT-119185,High,Network Issue,Development,Portal,119.0,21.0,197,2
TCKT-115178,High,General Inquiry,Development,Email,119.0,1.0,199,3
TCKT-181264,Low,General Inquiry,IT Support,Portal,236.0,14.0,218,0
TCKT-189587,High,General Inquiry,Development,Chat,115.0,14.0,219,2
TCKT-127217,Critical,General Inquiry,Network Ops,Portal,58.0,22.0,251,2
TCKT-148943,Critical,General Inquiry,Customer Service,Phone,50.0,17.0,210,2
TCKT-175861,High,General Inquiry,Development,Chat,105.0,9.0,212,3
TCKT-143364,Critical,General Inquiry,Security,Chat,55.0,21.0,251,2
TCKT-199008,High,Software Bug,Security,Email,112.0,22.0,175,2
TCKT-145354,Critical,Software Bug,Network Ops,Phone,59.0,14.0,211,2
TCKT-191250,Medium,General Inquiry,IT Support,Portal,180.0,18.0,193,0
TCKT-123193,Medium,General Inquiry,Network Ops,Phone,170.0,7.0,193,1
TCKT-102896,Critical,Access Request,Development,Portal,56.0,14.0,210,2
TCKT-144768,Critical,Hardware Failure,Security,Phone,54.0,0.0,205,3
TCKT-134485,High,Hardware Failure,Customer Service,Portal,107.0,23.0,171,2
TCKT-126628,Critical,Hardware Failure,Development,Portal,43.0,15.0,188,2
TCKT-148979,Low,Hardware Failure,Network Ops,Phone,235.0,23.0,204,0
TCKT-117985,Low,Network Issue,Network Ops,Chat,226.0,2.0,153,1
TCKT-127861,Critical,Network Issue,Customer Service,Chat,49.0,22.0,232,2
TCKT-180353,High,Software Bug,Development,Portal,109.0,11.0,175,2
TCKT-180884,Critical,Hardware Failure,Network Ops,Phone,45.0,1.0,187,3
TCKT-175557,High,Software Bug,Development,Phone,104.0,4.0,265,4
TCKT-131104,Low,Hardware Failure,Network Ops,Email,226.0,7.0,159,1
TCKT-133177,High,Access Request,IT Support,Chat,113.0,21.0,178,2
TCKT-152997,Medium,Access Request,Security,Chat,160.0,19.0,223,2
TCKT-159417,High,Software Bug,IT Support,Phone,108.0,19.0,241,2
TCKT-103712,Critical,General Inquiry,Network Ops,Phone,40.0,1.0,231,3
TCKT-160814,Critical,Software Bug,Customer Service,Chat,40.0,18.0,211,2
TCKT-188707,Medium,Network Issue,Network Ops,Email,170.0,22.0,189,0
TCKT-109007,Critical,Hardware Failure,IT Support,Chat,47.0,17.0,296,4
TCKT-177517,Low,Software Bug,Development,Chat,228.0,0.0,164,1
TCKT-163414,Medium,Software Bug,Development,Phone,179.0,19.0,192,0
TCKT-167701,High,Network Issue,IT Support,Chat,100.0,14.0,219,2
TCKT-155625,Critical,Network Issue,Security,Chat,48.0,21.0,223,2
TCKT-118679,High,General Inquiry,Customer Service,Phone,115.0,7.0,199,3
TCKT-128757,Low,Hardware Failure,Development,Email,231.0,20.0,276,0
TCKT-181369,High,Hardware Failure,Security,Phone,112.0,7.0,249,4
TCKT-158900,Low,Access Request,IT Support,Phone,229.0,13.0,216,0
TCKT-160163,Medium,Hardware Failure,IT Support,Chat,168.0,19.0,243,2
TCKT-149028,Medium,Hardware Failure,Development,Portal,178.0,17.0,259,4
TCKT-138626,High,General Inquiry,Development,Portal,105.0,0.0,228,3
TCKT-186521,Medium,Network Issue,Security,Email,162.0,19.0,161,0
TCKT-139253,High,Software Bug,Development,Chat,112.0,11.0,212,2
TCKT-151359,Critical,Hardware Failure,Development,Email,51.0,8.0,240,3
TCKT-168246,High,Software Bug,Network Ops,Chat,111.0,8.0,184,3
TCKT-171870,Medium,Access Request,Security,Portal,170.0,2.0,244,1
TCKT-113288,Medium,Network Issue,Security,Email,174.0,22.0,161,0
TCKT-177760,Low,Hardware Failure,Network Ops,Phone,238.0,11.0,180,0
TCKT-164899,High,Software Bug,Development,Chat,114.0,2.0,270,4
TCKT-169356,Critical,Access Request,Security,Chat,40.0,20.0,210,2
TCKT-190214,Low,Software Bug,Development,Phone,231.0,4.0,148,1
TCKT-178965,High,Hardware Failure,Network Ops,Phone,110.0,11.0,201,2
TCKT-191914,High,Network Issue,Development,Chat,117.0,18.0,167,2
TCKT-185994,Low,Software Bug,Network Ops,Email,231.0,5.0,148,1
TCKT-154700,Low,Access Request,Customer Service,Email,237.0,23.0,153,0
TCKT-187902,Low,Software Bug,IT Support,Chat,239.0,4.0,148,1
TCKT-115797,High,Network Issue,Security,Chat,108.0,1.0,229,3
TCKT-129889,High,Access Request,Network Ops,Email,109.0,21.0,192,2
TCKT-176059,Medium,Software Bug,Network Ops,Chat,180.0,11.0,167,1
TCKT-149525,High,Network Issue,Customer Service,Email,108.0,2.0,167,3
TCKT-180262,Critical,Network Issue,Network Ops,Email,60.0,4.0,217,3
TCKT-154869,Low,Access Request,Security,Chat,224.0,12.0,161,0
TCKT-129840,Medium,Access Request,IT Support,Chat,165.0,7.0,230,1
TCKT-177127,Medium,Network Issue,IT Support,Portal,179.0,15.0,217,0
TCKT-134211,High,Hardware Failure,IT Support,Chat,119.0,9.0,246,4
TCKT-115076,Low,Software Bug,Development,Phone,240.0,1.0,211,1
TCKT-138697,Low,Network Issue,Customer Service,Chat,235.0,12.0,144,0
TCKT-190544,High,Software Bug,IT Support,Chat,106.0,21.0,240,2
TCKT-147276,High,Software Bug,Network Ops,Phone,113.0,6.0,185,3
TCKT-151596,Low,Software Bug,IT Support,Email,224.0,13.0,186,0
TCKT-113379,Medium,Access Request,Security,Phone,165.0,2.0,153,1
TCKT-136396,High,General Inquiry,Security,Chat,112.0,2.0,229,3
TCKT-151912,High,Access Request,Network Ops,Email,107.0,6.0,185,3
TCKT-189520,High,General Inquiry,IT Support,Chat,101.0,3.0,313,4
TCKT-194232,Medium,General Inquiry,IT Support,Phone,167.0,23.0,229,2
TCKT-179993,Low,Network Issue,Customer Service,Email,220.0,18.0,181,0
TCKT-149417,High,Access Request,Security,Chat,118.0,7.0,242,3
TCKT-144924,High,Access Request,Network Ops,Portal,115.0,22.0,196,2
TCKT-118017,High,Access Request,Security,Portal,114.0,7.0,216,3
TCKT-147802,Critical,Access Request,Customer Service,Chat,52.0,7.0,233,3
TCKT-152720,Critical,Software Bug,IT Support,Portal,41.0,18.0,265,4
TCKT-112861,High,Hardware Failure,Network Ops,Portal,101.0,12.0,180,2
TCKT-189052,Medium,General Inquiry,Customer Service,Portal,169.0,6.0,193,1
TCKT-194585,Medium,Network Issue,IT Support,Email,167.0,15.0,189,0
TCKT-105255,Medium,Access Request,Development,Phone,168.0,9.0,153,1
TCKT-197808,Low,General Inquiry,Development,Chat,226.0,2.0,202,1
TCKT-166103,Medium,Network Issue,IT Support,Phone,179.0,7.0,186,1
TCKT-141057,Medium,Software Bug,Customer Service,Email,163.0,23.0,167,0
TCKT-179346,Critical,Access Request,Network Ops,Phone,50.0,7.0,215,3
TCKT-131417,Medium,Software Bug,IT Support,Portal,170.0,13.0,230,2
TCKT-127524,Critical,Network Issue,Customer Service,Chat,50.0,8.0,232,3
TCKT-126223,Low,General Inquiry,IT Support,Portal,228.0,20.0,172,0
TCKT-170625,Low,Access Request,Customer Service,Phone,233.0,19.0,161,0
TCKT-136755,Medium,Access Request,Security,Phone,177.0,1.0,160,1
TCKT-134905,Medium,General Inquiry,Security,Email,163.0,10.0,143,1
TCKT-151639,Critical,Hardware Failure,Customer Service,Chat,51.0,22.0,205,2
TCKT-123032,Medium,Network Issue,Security,Email,160.0,21.0,161,0
TCKT-131175,High,Access Request,IT Support,Portal,116.0,19.0,192,2
TCKT-155639,High,Hardware Failure,Network Ops,Phone,112.0,5.0,180,3
TCKT-127762,Medium,General Inquiry,IT Support,Email,170.0,13.0,199,1
TCKT-118119,Low,Software Bug,Security,Email,224.0,0.0,178,1
TCKT-188624,Low,Access Request,Security,Chat,237.0,2.0,153,1
TCKT-141048,Medium,Access Request,Network Ops,Portal,160.0,17.0,181,0
TCKT-194915,Low,Hardware Failure,Customer Service,Chat,220.0,19.0,166,0
TCKT-193897,Critical,Hardware Failure,Network Ops,Portal,41.0,21.0,188,2
TCKT-127224,Critical,Network Issue,IT Support,Phone,60.0,11.0,259,4
TCKT-177273,Low,Software Bug,Network Ops,Phone,220.0,3.0,165,1
TCKT-139882,Critical,Hardware Failure,Customer Service,Portal,43.0,10.0,240,3
TCKT-112525,Medium,Software Bug,Development,Portal,179.0,22.0,256,2
TCKT-131103,Medium,Access Request,Development,Chat,180.0,3.0,181,1
TCKT-179944,High,Access Request,Development,Portal,112.0,20.0,266,2
TCKT-131884,Medium,General Inquiry,Security,Portal,169.0,13.0,213,1
TCKT-115801,Low,General Inquiry,Development,Phone,240.0,16.0,162,0
TCKT-141624,Medium,Network Issue,IT Support,Phone,163.0,8.0,169,1
TCKT-165502,Medium,Hardware Failure,Security,Chat,162.0,21.0,181,0
TCKT-195698,Critical,Network Issue,Customer Service,Chat,48.0,8.0,197,3
TCKT-147904,Medium,Network Issue,Development,Chat,160.0,22.0,204,2
TCKT-120492,High,Network Issue,Development,Portal,116.0,3.0,197,3
TCKT-190254,Critical,Access Request,Security,Chat,51.0,4.0,280,4
TCKT-121523,Low,General Inquiry,Network Ops,Phone,228.0,5.0,121,1
TCKT-154851,Low,Access Request,Development,Portal,223.0,6.0,148,1
TCKT-197673,Low,Software Bug,Security,Portal,228.0,10.0,178,0
TCKT-141944,Medium,Network Issue,Customer Service,Email,176.0,6.0,204,1
TCKT-113989,Critical,Software Bug,Security,Portal,53.0,11.0,251,4
TCKT-165149,Critical,Software Bug,IT Support,Phone,53.0,22.0,265,4
TCKT-169791,High,Access Request,IT Support,Portal,103.0,0.0,234,3
TCKT-151002,Medium,Hardware Failure,Security,Portal,160.0,18.0,224,2
TCKT-195937,High,Hardware Failure,IT Support,Chat,104.0,12.0,201,2
TCKT-151367,Low,Network Issue,IT Support,Phone,239.0,8.0,151,1
TCKT-182858,Medium,Access Request,Customer Service,Email,174.0,2.0,153,1
TCKT-160771,Medium,General Inquiry,Development,Portal,162.0,16.0,188,0
TCKT-113445,Critical,Hardware Failure,Security,Phone,55.0,14.0,258,4
TCKT-187346,Medium,Network Issue,Development,Email,176.0,12.0,189,1
TCKT-197274,Medium,Hardware Failure,Security,Portal,160.0,1.0,189,1
TCKT-126612,High,Software Bug,Development,Chat,115.0,13.0,175,2
TCKT-138184,Critical,Software Bug,Security,Phone,42.0,15.0,207,2
TCKT-168323,Medium,Network Issue,Customer Service,Chat,171.0,21.0,189,0
TCKT-141303,Medium,General Inquiry,Security,Chat,165.0,14.0,143,0
TCKT-186742,High,General Inquiry,Development,Email,106.0,2.0,316,4
TCKT-148557,Medium,Hardware Failure,IT Support,Portal,168.0,12.0,187,1
TCKT-106392,Medium,Hardware Failure,Network Ops,Email,178.0,10.0,181,1
TCKT-143714,Critical,General Inquiry,Development,Email,46.0,18.0,222,2
TCKT-114033,Low,Hardware Failure,Development,Chat,239.0,3.0,163,1
TCKT-135399,Low,Access Request,IT Support,Phone,235.0,12.0,135,0
TCKT-103535,High,General Inquiry,Development,Phone,105.0,10.0,247,4
TCKT-164678,Low,General Inquiry,Development,Email,223.0,22.0,116,0
TCKT-186950,Low,Hardware Failure,IT Support,Chat,238.0,18.0,180,0
TCKT-114052,Low,Access Request,Security,Phone,230.0,10.0,117,0
TCKT-179613,Critical,Access Request,Security,Email,45.0,13.0,207,3
TCKT-182368,Low,Network Issue,Development,Email,240.0,16.0,157,0
TCKT-150804,High,General Inquiry,Customer Service,Email,108.0,13.0,229,2
TCKT-111029,Medium,Software Bug,Development,Phone,168.0,15.0,192,0
TCKT-127962,Medium,Software Bug,Network Ops,Portal,175.0,10.0,175,1
TCKT-160067,Critical,Software Bug,IT Support,Chat,54.0,10.0,263,4
TCKT-116587,Critical,Access Request,Customer Service,Email,58.0,20.0,233,2
TCKT-123977,Critical,Hardware Failure,IT Support,Portal,46.0,7.0,274,4
TCKT-189218,High,Software Bug,Development,Chat,113.0,22.0,270,2
TCKT-117258,Critical,Access Request,Network Ops,Phone,54.0,10.0,210,3
TCKT-187799,Low,Hardware Failure,IT Support,Portal,235.0,14.0,279,4
TCKT-194425,Medium,Network Issue,Security,Email,160.0,18.0,169,0
TCKT-115205,Low,Access Request,Development,Phone,221.0,20.0,230,0
TCKT-165641,High,Access Request,Customer Service,Phone,112.0,6.0,178,3
TCKT-175550,Low,Software Bug,IT Support,Portal,237.0,11.0,234,0
TCKT-152417,Critical,Access Request,Network Ops,Email,60.0,3.0,233,3
TCKT-187569,Critical,General Inquiry,IT Support,Portal,57.0,22.0,210,2
TCKT-127758,Critical,Access Request,Network Ops,Chat,42.0,9.0,215,3
TCKT-165295,Medium,Software Bug,IT Support,Chat,173.0,1.0,258,1
TCKT-163021,Medium,Access Request,IT Support,Phone,166.0,11.0,266,4
TCKT-194677,Medium,Software Bug,Development,Phone,162.0,11.0,169,1
TCKT-135354,Critical,General Inquiry,Development,Portal,57.0,14.0,213,2
TCKT-153032,Low,Network Issue,Development,Chat,232.0,11.0,157,0
TCKT-181256,Low,Hardware Failure,Network Ops,Portal,236.0,0.0,195,1
TCKT-157270,Medium,Network Issue,Development,Email,160.0,17.0,161,0
TCKT-122209,Low,Network Issue,Customer Service,Phone,235.0,18.0,144,0
TCKT-144212,Medium,Access Request,Customer Service,Email,167.0,8.0,174,1
TCKT-157497,Low,Network Issue,Security,Chat,231.0,0.0,189,1
TCKT-166688,Low,Access Request,IT Support,Phone,237.0,2.0,204,1
TCKT-109241,Critical,Access Request,Network Ops,Phone,50.0,11.0,210,3
TCKT-142717,Medium,Hardware Failure,Security,Phone,173.0,8.0,231,1
TCKT-131399,High,Hardware Failure,Network Ops,Email,119.0,11.0,201,2
TCKT-148216,Medium,Access Request,Development,Portal,175.0,2.0,182,1
TCKT-160069,Critical,Hardware Failure,Security,Email,54.0,8.0,188,3
TCKT-117097,Critical,Access Request,Network Ops,Chat,41.0,1.0,210,3
TCKT-151704,Medium,Network Issue,Development,Phone,162.0,0.0,198,1
TCKT-158361,High,Hardware Failure,IT Support,Portal,110.0,11.0,274,4
TCKT-107503,Medium,Network Issue,Customer Service,Chat,172.0,7.0,198,1
TCKT-172849,Medium,Network Issue,IT Support,Email,178.0,23.0,245,2
TCKT-197381,High,Hardware Failure,Network Ops,Chat,120.0,1.0,179,1
TCKT-113751,Low,Network Issue,IT Support,Chat,240.0,14.0,237,0
TCKT-151698,Medium,Software Bug,Development,Portal,176.0,2.0,256,1
TCKT-152384,Medium,Access Request,Development,Email,168.0,16.0,241,2
TCKT-178024,Low,Hardware Failure,Development,Chat,232.0,18.0,180,0
TCKT-109412,Medium,Hardware Failure,Development,Portal,168.0,9.0,178,1
TCKT-167999,Critical,Hardware Failure,Development,Phone,55.0,22.0,233,2
TCKT-120913,High,Software Bug,Development,Phone,119.0,12.0,301,4
TCKT-158030,High,General Inquiry,Development,Email,110.0,19.0,229,2
TCKT-193786,Medium,General Inquiry,Customer Service,Phone,165.0,10.0,143,1
TCKT-172326,Critical,Hardware Failure,IT Support,Chat,58.0,19.0,272,4
TCKT-180547,High,Hardware Failure,Security,Phone,118.0,18.0,190,2
TCKT-124731,Low,General Inquiry,IT Support,Email,232.0,5.0,162,1
TCKT-193791,High,General Inquiry,Security,Phone,113.0,2.0,212,3
TCKT-114674,Low,Hardware Failure,Customer Service,Portal,228.0,10.0,204,0
TCKT-152204,Low,Software Bug,IT Support,Email,223.0,20.0,248,0
TCKT-175505,Medium,General Inquiry,Network Ops,Chat,174.0,2.0,143,1
TCKT-149402,Critical,Hardware Failure,Customer Service,Phone,56.0,19.0,240,2
TCKT-167771,Low,Network Issue,IT Support,Chat,235.0,4.0,287,4
TCKT-153188,High,Network Issue,Development,Email,116.0,17.0,210,2
TCKT-176995,High,Network Issue,Development,Portal,117.0,23.0,197,2
TCKT-123814,High,Network Issue,IT Support,Phone,105.0,15.0,272,4
TCKT-187734,Medium,Network Issue,IT Support,Email,169.0,7.0,245,4
TCKT-127374,Critical,General Inquiry,Development,Portal,53.0,2.0,291,4
TCKT-175615,Low,Network Issue,Customer Service,Portal,234.0,18.0,144,0
TCKT-139978,Critical,Access Request,IT Support,Portal,42.0,4.0,260,4
TCKT-147607,High,Software Bug,Customer Service,Portal,102.0,20.0,185,2
TCKT-168687,Low,Access Request,Security,Chat,227.0,17.0,187,0
TCKT-155455,Critical,Network Issue,Customer Service,Portal,58.0,0.0,197,3
TCKT-162386,Low,General Inquiry,Network Ops,Email,230.0,13.0,172,0
TCKT-165263,Low,Access Request,IT Support,Phone,232.0,23.0,232,0
TCKT-190564,High,Access Request,Development,Phone,108.0,7.0,280,4
TCKT-138582,Low,Software Bug,Customer Service,Phone,240.0,7.0,178,1
TCKT-131444,Critical,Software Bug,Security,Chat,59.0,18.0,292,4
TCKT-134545,Low,Hardware Failure,Security,Chat,239.0,11.0,195,1
TCKT-114705,Critical,General Inquiry,Customer Service,Email,42.0,17.0,231,2
TCKT-170030,High,Hardware Failure,IT Support,Chat,103.0,1.0,274,4
TCKT-135882,Critical,Software Bug,Network Ops,Phone,42.0,19.0,205,2
TCKT-189810,High,Network Issue,Development,Email,104.0,12.0,219,3
TCKT-198149,High,Software Bug,IT Support,Chat,101.0,22.0,231,2
TCKT-178411,High,Access Request,IT Support,Chat,119.0,11.0,228,2
TCKT-114286,High,General Inquiry,IT Support,Phone,115.0,11.0,312,4
TCKT-121153,Medium,Hardware Failure,Development,Email,168.0,5.0,181,1
TCKT-167287,Medium,Network Issue,Network Ops,Portal,174.0,4.0,204,1
TCKT-169268,Critical,Access Request,IT Support,Chat,51.0,11.0,291,4
TCKT-112927,Critical,Hardware Failure,IT Support,Email,58.0,11.0,274,4
TCKT-176749,Medium,Network Issue,IT Support,Chat,173.0,11.0,284,4
TCKT-196511,High,Access Request,Network Ops,Phone,101.0,8.0,199,3
TCKT-144056,Critical,Hardware Failure,Customer Service,Portal,43.0,7.0,233,3
TCKT-157649,Medium,Hardware Failure,Customer Service,Chat,172.0,20.0,161,0
TCKT-199503,Medium,Hardware Failure,Network Ops,Chat,176.0,2.0,161,1
TCKT-109514,High,Hardware Failure,Security,Chat,107.0,21.0,190,2
TCKT-144010,High,General Inquiry,Customer Service,Email,104.0,3.0,229,3
TCKT-131152,Medium,Hardware Failure,Security,Portal,170.0,0.0,231,1
TCKT-183821,Medium,Software Bug,IT Support,Chat,163.0,3.0,259,4
TCKT-186979,Low,General Inquiry,Customer Service,Chat,233.0,10.0,116,0
TCKT-113027,Low,Access Request,IT Support,Email,235.0,22.0,149,0
TCKT-198365,Low,Hardware Failure,Development,Phone,239.0,4.0,285,4
TCKT-185072,Critical,Network Issue,Development,Portal,42.0,6.0,313,4
TCKT-186723,Critical,Network Issue,Development,Chat,41.0,20.0,231,2
TCKT-116218,High,Access Request,Security,Chat,104.0,22.0,266,2
TCKT-126470,Medium,Access Request,IT Support,Email,169.0,22.0,244,2
TCKT-162185,Low,General Inquiry,Development,Phone,233.0,15.0,162,0
TCKT-126195,Low,Network Issue,Customer Service,Portal,232.0,14.0,153,0
TCKT-161564,Low,Access Request,Network Ops,Chat,236.0,1.0,129,1
TCKT-137523,Medium,General Inquiry,Network Ops,Portal,177.0,14.0,229,2
TCKT-185379,Critical,Hardware Failure,Security,Email,58.0,1.0,188,3
TCKT-114562,High,Network Issue,Development,Phone,113.0,14.0,270,4
TCKT-191136,Critical,Software Bug,Security,Portal,53.0,6.0,209,3
TCKT-194374,Critical,Software Bug,Customer Service,Phone,54.0,5.0,193,3
TCKT-157040,Medium,Network Issue,Security,Portal,180.0,6.0,268,4
TCKT-188298,Medium,Software Bug,IT Support,Chat,167.0,3.0,234,1
TCKT-137496,Low,Network Issue,Development,Email,227.0,9.0,225,1
TCKT-190242,Critical,Software Bug,Network Ops,Chat,51.0,19.0,222,2
TCKT-112855,Medium,Hardware Failure,Network Ops,Portal,178.0,5.0,181,1
TCKT-152752,Low,Access Request,Network Ops,Chat,228.0,22.0,117,0
TCKT-106058,High,Software Bug,IT Support,Chat,104.0,21.0,269,2
TCKT-164360,Critical,Software Bug,Development,Portal,49.0,6.0,222,3
TCKT-126156,Critical,Network Issue,Customer Service,Email,52.0,16.0,203,3
TCKT-162812,Medium,Software Bug,IT Support,Phone,160.0,17.0,222,2
TCKT-152761,Medium,Access Request,Security,Portal,179.0,1.0,160,1
TCKT-184078,Low,Network Issue,Development,Phone,236.0,14.0,232,0
TCKT-107014,Critical,Hardware Failure,IT Support,Portal,50.0,20.0,271,4
TCKT-152863,Critical,Hardware Failure,Security,Portal,55.0,8.0,303,4
TCKT-177085,Critical,Hardware Failure,Security,Email,59.0,8.0,258,4
TCKT-172145,High,Network Issue,Security,Portal,116.0,19.0,191,2
TCKT-136136,Medium,Access Request,Security,Email,162.0,2.0,160,1
TCKT-175574,Medium,Hardware Failure,Development,Phone,165.0,19.0,154,0
TCKT-175927,High,Access Request,Security,Email,109.0,14.0,266,4
TCKT-184386,Medium,Access Request,IT Support,Email,171.0,1.0,153,1
TCKT-170349,Medium,Hardware Failure,Customer Service,Chat,173.0,5.0,187,1
TCKT-163489,Low,General Inquiry,Security,Phone,222.0,5.0,272,4
TCKT-175648,Critical,Software Bug,Security,Email,60.0,5.0,207,3
TCKT-191982,Medium,Hardware Failure,Security,Portal,161.0,14.0,207,2
TCKT-166896,Critical,Software Bug,Network Ops,Portal,49.0,14.0,222,2
TCKT-130513,Critical,Access Request,Network Ops,Chat,47.0,23.0,210,2
TCKT-181587,Low,General Inquiry,Customer Service,Phone,228.0,10.0,121,0
TCKT-153892,High,Hardware Failure,Network Ops,Portal,103.0,16.0,180,2
TCKT-125135,Medium,Access Request,IT Support,Chat,166.0,18.0,265,4
TCKT-105112,Low,Access Request,Network Ops,Email,228.0,12.0,117,0
TCKT-133593,Critical,Hardware Failure,IT Support,Portal,54.0,3.0,240,3
TCKT-188564,Medium,Access Request,Customer Service,Chat,160.0,23.0,162,0
TCKT-191182,Critical,Network Issue,Network Ops,Chat,51.0,4.0,203,3
TCKT-118127,High,Hardware Failure,Customer Service,Email,101.0,14.0,171,2
TCKT-194576,Medium,Access Request,Customer Service,Phone,173.0,14.0,162,0
TCKT-195483,Critical,Network Issue,Network Ops,Phone,56.0,4.0,217,3
TCKT-124780,High,General Inquiry,Security,Chat,120.0,16.0,229,2
TCKT-165879,Low,Access Request,Customer Service,Portal,221.0,1.0,161,1
TCKT-196379,Critical,Hardware Failure,Customer Service,Chat,46.0,10.0,233,3
TCKT-167681,Medium,Network Issue,IT Support,Email,167.0,4.0,245,3
TCKT-154772,High,Access Request,IT Support,Chat,106.0,2.0,260,4
TCKT-189414,Critical,Hardware Failure,IT Support,Chat,58.0,22.0,244,2
TCKT-102217,Medium,Access Request,Development,Email,164.0,8.0,160,1
TCKT-189719,Critical,Network Issue,Customer Service,Email,57.0,21.0,203,2
TCKT-107754,Low,Software Bug,Network Ops,Chat,222.0,17.0,180,0
TCKT-194591,High,Access Request,Customer Service,Portal,107.0,17.0,172,2
TCKT-119807,Critical,Hardware Failure,IT Support,Email,53.0,7.0,274,4
TCKT-155847,Critical,Network Issue,Network Ops,Portal,46.0,2.0,263,3
TCKT-175828,High,General Inquiry,Customer Service,Email,116.0,17.0,228,2
TCKT-152583,Medium,Access Request,Security,Chat,176.0,11.0,232,1
TCKT-118960,High,General Inquiry,Customer Service,Phone,109.0,15.0,199,2
TCKT-187606,High,Access Request,Network Ops,Phone,101.0,9.0,199,3
TCKT-167790,Medium,Hardware Failure,Development,Phone,163.0,5.0,154,1
TCKT-186814,Critical,Network Issue,Development,Phone,41.0,16.0,217,2
TCKT-126306,Medium,General Inquiry,Development,Portal,173.0,0.0,188,1
TCKT-126010,Critical,Software Bug,Network Ops,Chat,49.0,15.0,207,2
TCKT-155210,High,Access Request,IT Support,Phone,102.0,1.0,260,4
TCKT-103297,Low,General Inquiry,Customer Service,Chat,237.0,2.0,121,1
TCKT-125516,Medium,Hardware Failure,Security,Portal,180.0,17.0,207,0
TCKT-180653,Medium,Access Request,IT Support,Chat,169.0,3.0,238,1
TCKT-136471,High,Access Request,Customer Service,Email,120.0,23.0,192,2
TCKT-123031,Critical,Access Request,Network Ops,Phone,47.0,13.0,233,4
TCKT-139839,Critical,Network Issue,Network Ops,Phone,40.0,1.0,197,3
TCKT-173275,Medium,Hardware Failure,Customer Service,Portal,167.0,15.0,154,0
TCKT-140285,Medium,Software Bug,Network Ops,Chat,162.0,14.0,192,1
TCKT-104909,High,Hardware Failure,Security,Portal,103.0,11.0,211,2
TCKT-131977,High,Hardware Failure,Customer Service,Portal,118.0,9.0,171,3
TCKT-191044,Medium,Software Bug,Development,Email,174.0,0.0,174,1
TCKT-170626,Critical,Access Request,IT Support,Phone,55.0,18.0,215,2
TCKT-176961,Low,Hardware Failure,Network Ops,Chat,236.0,14.0,166,0
TCKT-174252,Low,Access Request,Development,Email,239.0,5.0,153,1
TCKT-180294,Medium,Access Request,Customer Service,Email,160.0,4.0,146,1
TCKT-185294,Medium,Access Request,Customer Service,Email,178.0,5.0,160,1
TCKT-158223,Medium,Access Request,Network Ops,Phone,165.0,3.0,162,1
TCKT-140349,Low,Hardware Failure,Network Ops,Email,227.0,13.0,167,0
TCKT-107238,Critical,Network Issue,Security,Chat,40.0,21.0,231,2
TCKT-156710,Medium,Software Bug,Network Ops,Email,178.0,10.0,166,1
TCKT-196930,High,Software Bug,Development,Phone,116.0,13.0,220,2
TCKT-112333,High,Network Issue,Customer Service,Portal,114.0,6.0,191,3
TCKT-151654,Medium,Hardware Failure,Development,Email,166.0,17.0,181,0
TCKT-165927,Critical,Access Request,Customer Service,Phone,59.0,20.0,204,2
TCKT-129046,Critical,General Inquiry,Customer Service,Phone,44.0,22.0,213,2
TCKT-141568,Low,Software Bug,Security,Email,227.0,12.0,148,0
TCKT-168357,Medium,General Inquiry,Security,Portal,178.0,1.0,188,1
TCKT-116815,Critical,Access Request,Network Ops,Email,44.0,11.0,181,3
TCKT-108723,Low,Hardware Failure,IT Support,Chat,237.0,2.0,163,1
TCKT-196076,Medium,General Inquiry,IT Support,Portal,160.0,2.0,183,1
TCKT-186128,Low,Network Issue,Network Ops,Phone,221.0,16.0,151,0
TCKT-101967,Low,General Inquiry,Network Ops,Chat,220.0,0.0,116,1
TCKT-179672,Critical,Network Issue,Development,Email,50.0,1.0,344,4
TCKT-141779,High,General Inquiry,Development,Portal,107.0,22.0,300,4
TCKT-129355,High,Software Bug,Network Ops,Portal,115.0,10.0,189,2
TCKT-143392,High,Access Request,Customer Service,Portal,101.0,4.0,216,3
TCKT-178452,Low,Access Request,Development,Portal,235.0,1.0,230,1
TCKT-137741,Low,Software Bug,Development,Portal,230.0,4.0,259,1
TCKT-199442,Medium,Access Request,Security,Phone,160.0,9.0,182,1
TCKT-132847,Low,Hardware Failure,Customer Service,Chat,227.0,17.0,195,0
TCKT-199328,Medium,Network Issue,Customer Service,Chat,179.0,15.0,198,0
TCKT-162275,Medium,Access Request,Development,Email,176.0,1.0,181,1
TCKT-163294,High,Software Bug,IT Support,Email,107.0,18.0,220,2
TCKT-166319,High,Network Issue,IT Support,Phone,120.0,4.0,251,4
TCKT-113367,Critical,Network Issue,Network Ops,Portal,55.0,8.0,231,3
TCKT-149450,Critical,Access Request,IT Support,Portal,42.0,6.0,299,4
TCKT-119441,Medium,Access Request,Network Ops,Email,170.0,9.0,182,1
TCKT-125094,High,General Inquiry,Network Ops,Email,107.0,9.0,199,3
TCKT-130568,High,General Inquiry,Customer Service,Chat,104.0,22.0,213,2
TCKT-198320,High,Access Request,Development,Chat,114.0,14.0,266,4
TCKT-179858,Medium,Access Request,IT Support,Portal,177.0,7.0,146,1
TCKT-122484,Low,Network Issue,Network Ops,Chat,240.0,7.0,167,1
TCKT-182769,Medium,Software Bug,Customer Service,Phone,163.0,23.0,166,0
TCKT-138739,High,Hardware Failure,Customer Service,Phone,115.0,0.0,212,3
TCKT-105547,Medium,Access Request,Development,Phone,162.0,12.0,174,0
TCKT-154918,Critical,Software Bug,Customer Service,Chat,45.0,13.0,205,3
TCKT-122658,Medium,Network Issue,Customer Service,Chat,161.0,6.0,189,1
TCKT-165478,Medium,Hardware Failure,Development,Email,162.0,10.0,181,1
TCKT-180524,High,Hardware Failure,Development,Phone,106.0,16.0,179,2
TCKT-182050,High,Hardware Failure,Development,Portal,102.0,12.0,190,2
TCKT-119710,Low,Hardware Failure,IT Support,Chat,227.0,8.0,260,1
TCKT-167152,Critical,General Inquiry,Security,Portal,60.0,2.0,231,3
TCKT-166856,Low,Software Bug,Customer Service,Chat,224.0,7.0,178,1
TCKT-122642,High,Hardware Failure,IT Support,Phone,115.0,21.0,246,2
TCKT-125662,High,Hardware Failure,Network Ops,Phone,119.0,12.0,179,2
TCKT-163149,High,Network Issue,Network Ops,Phone,116.0,22.0,210,2
TCKT-119771,High,Network Issue,Customer Service,Phone,117.0,22.0,167,2
TCKT-190664,Critical,Hardware Failure,Network Ops,Phone,52.0,7.0,233,3
TCKT-140816,High,Software Bug,IT Support,Email,105.0,13.0,296,4
TCKT-184151,Medium,Access Request,Security,Portal,176.0,8.0,181,1
TCKT-192915,Low,Network Issue,Customer Service,Portal,240.0,15.0,167,0
TCKT-112148,Low,Hardware Failure,Network Ops,Phone,220.0,4.0,159,1
TCKT-189238,High,Network Issue,Development,Email,113.0,2.0,210,3
TCKT-148087,Medium,Hardware Failure,Customer Service,Chat,177.0,4.0,181,1
TCKT-192651,Critical,Hardware Failure,Customer Service,Phone,53.0,7.0,218,3
TCKT-110202,High,General Inquiry,Customer Service,Chat,106.0,8.0,235,3
TCKT-155395,Medium,Access Request,Security,Chat,161.0,10.0,146,1
TCKT-111665,High,General Inquiry,Network Ops,Phone,115.0,3.0,212,3
TCKT-133847,High,Access Request,Security,Phone,112.0,12.0,246,4
TCKT-168195,Medium,Access Request,Development,Phone,171.0,16.0,181,0
TCKT-120098,Low,Access Request,Customer Service,Portal,240.0,9.0,153,0
TCKT-145711,Low,Network Issue,Development,Chat,237.0,20.0,153,0
TCKT-133387,High,Software Bug,Customer Service,Portal,108.0,21.0,185,2
TCKT-158704,High,Network Issue,Network Ops,Email,108.0,14.0,210,2
TCKT-149358,High,General Inquiry,Customer Service,Portal,100.0,22.0,213,2
TCKT-176006,Medium,Access Request,Network Ops,Email,169.0,14.0,153,0
TCKT-143452,Critical,Software Bug,Network Ops,Portal,60.0,4.0,222,3
TCKT-134257,High,Hardware Failure,Customer Service,Chat,114.0,15.0,171,2
TCKT-119800,High,Network Issue,Network Ops,Portal,115.0,13.0,229,2
TCKT-173299,High,Hardware Failure,Development,Phone,117.0,20.0,282,4
TCKT-159488,High,General Inquiry,Customer Service,Email,114.0,8.0,212,3
TCKT-126018,High,Network Issue,Development,Chat,116.0,3.0,167,3
TCKT-101348,High,Access Request,Development,Portal,104.0,11.0,216,2
TCKT-104618,Low,Access Request,Development,Phone,233.0,14.0,132,0
TCKT-154538,Medium,Hardware Failure,Network Ops,Phone,174.0,1.0,154,1
TCKT-129140,High,Software Bug,IT Support,Email,112.0,21.0,233,2
TCKT-136118,Critical,Access Request,Customer Service,Portal,40.0,15.0,210,2
TCKT-123076,Low,Network Issue,Development,Chat,232.0,6.0,144,1
TCKT-148743,Critical,Access Request,Security,Email,42.0,21.0,207,2
TCKT-153517,Critical,General Inquiry,Security,Phone,41.0,12.0,233,4
TCKT-129621,Medium,Network Issue,Security,Portal,168.0,20.0,189,0
TCKT-163418,Low,Access Request,IT Support,Phone,232.0,14.0,219,0
TCKT-122177,Critical,General Inquiry,Development,Email,41.0,11.0,213,3
TCKT-138307,Medium,Hardware Failure,Development,Chat,163.0,21.0,270,4
TCKT-131708,High,General Inquiry,Network Ops,Phone,108.0,2.0,228,3
TCKT-169148,High,Network Issue,IT Support,Email,110.0,20.0,247,2
TCKT-149873,Low,General Inquiry,Development,Portal,237.0,18.0,243,0
TCKT-147525,Critical,Access Request,Customer Service,Portal,55.0,5.0,210,3
TCKT-148927,Medium,Access Request,Customer Service,Portal,176.0,14.0,160,0
TCKT-170966,Low,General Inquiry,IT Support,Portal,237.0,2.0,235,1
TCKT-107749,Low,General Inquiry,IT Support,Portal,225.0,0.0,172,1
TCKT-187853,Medium,Network Issue,Security,Portal,171.0,5.0,189,1
TCKT-169339,Critical,Software Bug,IT Support,Email,47.0,9.0,306,4
TCKT-101375,Critical,General Inquiry,Network Ops,Portal,56.0,0.0,210,3
TCKT-165397,Medium,Hardware Failure,Development,Email,176.0,4.0,187,1
TCKT-172801,Low,Network Issue,IT Support,Portal,229.0,14.0,235,0
TCKT-155456,Low,Access Request,Development,Chat,231.0,19.0,148,0
TCKT-149031,Critical,Access Request,Network Ops,Portal,58.0,15.0,207,2
TCKT-102531,Low,Network Issue,Customer Service,Phone,225.0,8.0,157,0
TCKT-146361,High,Network Issue,Development,Chat,110.0,23.0,270,2
TCKT-135567,Medium,Hardware Failure,Network Ops,Email,175.0,1.0,178,1
TCKT-152751,Low,General Inquiry,IT Support,Chat,220.0,20.0,246,0
TCKT-120689,Low,Hardware Failure,Security,Portal,228.0,22.0,199,0
TCKT-167058,Medium,Network Issue,Network Ops,Portal,177.0,22.0,186,0
TCKT-172005,Medium,Software Bug,Customer Service,Phone,174.0,16.0,174,0
TCKT-129756,Critical,General Inquiry,Customer Service,Email,56.0,22.0,279,4
TCKT-100247,Low,Network Issue,Customer Service,Email,221.0,13.0,167,0
TCKT-152263,Critical,Network Issue,Network Ops,Chat,59.0,1.0,231,3
TCKT-100029,High,Network Issue,Network Ops,Portal,120.0,18.0,210,2
TCKT-109197,Low,Hardware Failure,Customer Service,Chat,228.0,16.0,166,0
TCKT-140493,High,Network Issue,Customer Service,Phone,108.0,1.0,229,3
TCKT-115074,Low,Network Issue,Development,Portal,240.0,19.0,153,0
TCKT-137092,Medium,Network Issue,Customer Service,Email,170.0,7.0,204,1
TCKT-124697,Critical,Network Issue,Network Ops,Chat,54.0,6.0,231,3
TCKT-166013,Critical,General Inquiry,Network Ops,Chat,47.0,9.0,210,3
TCKT-175978,Medium,General Inquiry,Security,Email,161.0,13.0,183,1
TCKT-187473,High,Access Request,Security,Phone,100.0,16.0,248,2
TCKT-123681,Medium,Software Bug,Customer Service,Phone,160.0,15.0,174,0
TCKT-174864,Critical,Hardware Failure,Network Ops,Chat,58.0,11.0,233,3
TCKT-181710,High,General Inquiry,Network Ops,Phone,107.0,11.0,212,2
TCKT-194217,Low,Software Bug,Customer Service,Phone,221.0,18.0,165,0
TCKT-149608,Critical,Access Request,Development,Email,49.0,3.0,262,3
TCKT-170314,High,General Inquiry,Network Ops,Email,108.0,18.0,166,2
TCKT-118055,Low,Hardware Failure,Development,Chat,233.0,19.0,204,0
TCKT-164687,High,Network Issue,Development,Portal,102.0,10.0,167,3
TCKT-168825,Low,General Inquiry,Development,Chat,231.0,19.0,116,0
TCKT-185311,Critical,Software Bug,Customer Service,Portal,41.0,9.0,209,3
TCKT-173550,Critical,Network Issue,Development,Email,60.0,10.0,298,4
TCKT-143761,Medium,Access Request,IT Support,Portal,167.0,18.0,258,4
TCKT-165537,Critical,Software Bug,Development,Email,52.0,18.0,286,4
TCKT-179361,Critical,Software Bug,Customer Service,Portal,52.0,9.0,203,3
TCKT-185081,Low,General Inquiry,Security,Portal,231.0,9.0,121,1
TCKT-141681,High,Network Issue,Development,Chat,116.0,23.0,191,2
TCKT-164595,Medium,Software Bug,Development,Chat,173.0,7.0,255,1
TCKT-184885,Medium,Hardware Failure,Network Ops,Chat,179.0,17.0,154,0
TCKT-144019,Medium,Hardware Failure,Network Ops,Chat,179.0,14.0,161,1
TCKT-199163,High,Access Request,Development,Chat,115.0,15.0,178,2
TCKT-149885,Medium,Software Bug,Security,Chat,177.0,17.0,174,0
TCKT-193729,Critical,Access Request,Security,Phone,57.0,10.0,181,3
TCKT-128358,Medium,Hardware Failure,Network Ops,Chat,161.0,12.0,161,1
TCKT-141217,Critical,Software Bug,IT Support,Email,47.0,9.0,293,4
TCKT-160802,High,Software Bug,Customer Service,Chat,109.0,0.0,177,3
TCKT-191558,Critical,Network Issue,Security,Chat,50.0,22.0,197,2
TCKT-138433,Critical,General Inquiry,Security,Portal,53.0,11.0,251,4
TCKT-153240,High,Software Bug,Security,Portal,111.0,8.0,259,4
TCKT-177641,Medium,Hardware Failure,Development,Chat,160.0,11.0,235,1
TCKT-141821,High,General Inquiry,IT Support,Chat,107.0,6.0,297,4
TCKT-191791,High,Software Bug,Development,Phone,109.0,15.0,189,2
TCKT-116339,High,Access Request,IT Support,Phone,120.0,10.0,269,4
TCKT-174116,High,Software Bug,IT Support,Chat,111.0,15.0,231,2
TCKT-130682,Low,Access Request,Development,Chat,229.0,23.0,213,0
TCKT-121581,Critical,Hardware Failure,Network Ops,Portal,52.0,0.0,218,3
TCKT-191881,Low,General Inquiry,Customer Service,Phone,224.0,2.0,179,1
TCKT-126759,High,General Inquiry,Network Ops,Phone,119.0,4.0,228,3
TCKT-108077,Low,Access Request,Customer Service,Email,236.0,15.0,135,0
TCKT-178536,High,Access Request,Development,Portal,109.0,15.0,257,2
TCKT-156293,Critical,General Inquiry,Security,Email,56.0,7.0,231,3
TCKT-179285,Critical,Software Bug,IT Support,Email,49.0,15.0,237,2
TCKT-125336,Critical,Network Issue,Network Ops,Portal,48.0,15.0,231,2
TCKT-149800,Medium,Network Issue,IT Support,Phone,162.0,0.0,242,1
TCKT-164677,High,Access Request,Development,Portal,104.0,5.0,277,4
TCKT-195776,Medium,Access Request,Network Ops,Chat,162.0,1.0,160,1
TCKT-108459,Medium,General Inquiry,IT Support,Phone,176.0,15.0,249,4
TCKT-171884,Low,General Inquiry,IT Support,Portal,237.0,7.0,177,1
TCKT-142328,Low,General Inquiry,Network Ops,Portal,233.0,6.0,202,1
TCKT-189529,High,Software Bug,Development,Phone,116.0,10.0,189,2
TCKT-118944,Medium,General Inquiry,Network Ops,Portal,173.0,11.0,188,1
TCKT-124543,High,General Inquiry,Network Ops,Phone,113.0,15.0,235,2
TCKT-165132,Critical,Hardware Failure,IT Support,Email,40.0,1.0,289,4
TCKT-119199,High,Access Request,Development,Portal,120.0,5.0,172,3
TCKT-151182,Medium,Hardware Failure,IT Support,Email,161.0,10.0,207,1
TCKT-157968,High,Software Bug,Customer Service,Portal,114.0,16.0,189,2
TCKT-104147,High,General Inquiry,Customer Service,Chat,110.0,9.0,235,3
TCKT-114640,Low,Access Request,Development,Portal,221.0,6.0,129,1
TCKT-141793,Medium,Software Bug,Network Ops,Phone,169.0,22.0,178,0
TCKT-114341,Critical,Software Bug,Customer Service,Portal,49.0,10.0,209,3
TCKT-115281,High,Hardware Failure,Customer Service,Portal,114.0,16.0,201,2
TCKT-150141,Critical,Software Bug,IT Support,Chat,44.0,7.0,181,3
TCKT-174777,Low,Hardware Failure,Security,Phone,226.0,6.0,195,1
TCKT-166067,High,Hardware Failure,Development,Chat,114.0,3.0,179,3
TCKT-117745,Medium,Network Issue,Development,Chat,179.0,3.0,281,4
TCKT-189712,High,Network Issue,Customer Service,Portal,115.0,6.0,188,3
TCKT-111443,Critical,Software Bug,Security,Chat,57.0,19.0,203,2
TCKT-182593,High,Hardware Failure,Customer Service,Portal,118.0,6.0,201,3
TCKT-119014,Medium,Network Issue,Network Ops,Email,165.0,16.0,161,0
TCKT-116913,High,General Inquiry,Network Ops,Portal,108.0,18.0,199,2
TCKT-188865,Critical,Access Request,IT Support,Chat,56.0,0.0,299,4
TCKT-169397,Medium,Access Request,Development,Phone,176.0,21.0,160,0
TCKT-172589,Medium,Hardware Failure,Development,Portal,180.0,9.0,181,1
TCKT-148039,High,Software Bug,Security,Email,115.0,10.0,177,3
TCKT-101839,High,Access Request,Network Ops,Email,100.0,17.0,192,2
TCKT-144400,Critical,Hardware Failure,IT Support,Chat,54.0,8.0,233,3
TCKT-181463,Medium,General Inquiry,Customer Service,Phone,163.0,8.0,225,1
TCKT-151063,Medium,Network Issue,Security,Chat,177.0,19.0,200,0
TCKT-173241,High,Software Bug,Security,Email,103.0,17.0,290,4
TCKT-137001,Low,General Inquiry,Security,Email,226.0,10.0,186,1
TCKT-137892,Critical,Software Bug,IT Support,Phone,56.0,21.0,222,2
TCKT-110138,Critical,Software Bug,IT Support,Email,50.0,5.0,291,4
TCKT-195536,Low,Access Request,IT Support,Portal,222.0,16.0,185,0
TCKT-148042,Critical,Access Request,Network Ops,Email,40.0,17.0,181,2
TCKT-115806,Medium,Access Request,Security,Portal,160.0,0.0,174,1
TCKT-127211,High,Software Bug,Security,Email,102.0,7.0,189,3
TCKT-124340,Critical,Network Issue,IT Support,Chat,43.0,18.0,231,2
TCKT-120808,Low,Hardware Failure,IT Support,Chat,235.0,20.0,283,4
TCKT-116382,Medium,Hardware Failure,Network Ops,Phone,160.0,0.0,181,1
TCKT-120684,Critical,Hardware Failure,Development,Email,43.0,17.0,286,4
TCKT-178913,High,Access Request,Security,Chat,114.0,9.0,246,4
TCKT-136041,Medium,Software Bug,Customer Service,Chat,178.0,9.0,192,1
TCKT-126325,High,General Inquiry,Security,Portal,112.0,9.0,219,3
TCKT-148942,Medium,Software Bug,Security,Chat,167.0,13.0,167,1
TCKT-181612,High,Network Issue,IT Support,Chat,118.0,19.0,273,4
TCKT-142370,High,General Inquiry,IT Support,Chat,110.0,8.0,283,4
TCKT-146559,Critical,Network Issue,Development,Phone,48.0,4.0,197,3
TCKT-108582,Critical,Hardware Failure,Development,Chat,60.0,4.0,218,3
TCKT-161893,High,Access Request,IT Support,Email,117.0,10.0,255,4
TCKT-167421,Medium,General Inquiry,Network Ops,Chat,170.0,10.0,183,1
TCKT-102410,High,General Inquiry,Development,Portal,119.0,4.0,229,3
TCKT-196353,Medium,Access Request,Customer Service,Email,178.0,20.0,153,0
TCKT-133963,Low,Access Request,Network Ops,Email,233.0,2.0,129,1
TCKT-142580,Medium,Network Issue,Customer Service,Portal,160.0,21.0,189,0
TCKT-123221,Critical,Software Bug,IT Support,Phone,60.0,21.0,207,2
TCKT-116437,Medium,General Inquiry,Customer Service,Phone,163.0,7.0,143,1
TCKT-134074,Low,General Inquiry,Development,Phone,225.0,20.0,121,0
TCKT-174705,High,Software Bug,Development,Email,100.0,1.0,184,3
TCKT-196914,Critical,Software Bug,Security,Chat,48.0,14.0,193,2
TCKT-170989,Low,Network Issue,IT Support,Phone,229.0,6.0,181,1
TCKT-130992,High,Hardware Failure,Development,Portal,108.0,23.0,180,2
TCKT-168467,Low,Software Bug,Network Ops,Phone,239.0,0.0,180,1
TCKT-171001,Medium,Access Request,IT Support,Chat,164.0,1.0,182,1
TCKT-192108,High,Hardware Failure,Customer Service,Portal,107.0,1.0,171,3
TCKT-168967,Low,General Inquiry,Security,Portal,227.0,5.0,162,1
TCKT-146748,High,Hardware Failure,Network Ops,Phone,109.0,2.0,190,3
TCKT-106583,Critical,Hardware Failure,Development,Chat,52.0,6.0,218,3
TCKT-163150,Medium,Hardware Failure,Network Ops,Phone,176.0,2.0,178,1
TCKT-179496,Critical,General Inquiry,Network Ops,Chat,47.0,1.0,279,4
TCKT-133923,Low,Network Issue,Security,Email,225.0,14.0,189,0
TCKT-119041,Low,Software Bug,Customer Service,Portal,237.0,23.0,148,0
TCKT-160649,High,General Inquiry,Network Ops,Phone,114.0,18.0,213,2
TCKT-136741,High,Network Issue,Network Ops,Phone,117.0,4.0,188,3
TCKT-170734,High,General Inquiry,Security,Email,108.0,3.0,282,4
TCKT-186516,Medium,Network Issue,Customer Service,Email,173.0,21.0,169,0
TCKT-119647,High,Access Request,Customer Service,Phone,112.0,15.0,192,2
TCKT-141992,High,Hardware Failure,Security,Portal,113.0,18.0,211,2
TCKT-161863,Critical,Hardware Failure,Network Ops,Portal,56.0,4.0,188,3
TCKT-152464,Critical,General Inquiry,Customer Service,Chat,42.0,16.0,213,2
TCKT-117207,Low,General Inquiry,Development,Phone,227.0,18.0,116,0
TCKT-189474,High,Hardware Failure,Development,Chat,112.0,22.0,197,2
TCKT-119453,Medium,Access Request,Development,Portal,179.0,17.0,174,0
TCKT-133042,Low,Software Bug,Security,Email,222.0,16.0,148,0
TCKT-166969,Critical,Access Request,Security,Email,44.0,22.0,215,2
TCKT-117731,Medium,Network Issue,Network Ops,Phone,174.0,11.0,161,1
TCKT-104565,Low,Software Bug,Development,Portal,226.0,2.0,229,1
TCKT-118128,Low,Software Bug,IT Support,Chat,224.0,4.0,180,1
TCKT-117152,High,Access Request,Network Ops,Email,110.0,0.0,178,3
TCKT-136774,High,Access Request,IT Support,Portal,115.0,14.0,252,4
TCKT-111281,Critical,Network Issue,Customer Service,Phone,50.0,8.0,231,3
TCKT-163991,High,General Inquiry,Security,Phone,107.0,12.0,213,2
TCKT-194089,Low,Access Request,Development,Portal,228.0,5.0,216,1
TCKT-167061,High,Hardware Failure,Development,Email,113.0,4.0,197,3
TCKT-166818,High,Network Issue,Network Ops,Chat,100.0,23.0,219,2
TCKT-121113,Critical,Access Request,Customer Service,Chat,51.0,21.0,215,2
TCKT-192819,Low,Hardware Failure,Customer Service,Chat,236.0,3.0,199,1
TCKT-156524,Low,Access Request,Network Ops,Phone,221.0,1.0,153,1
TCKT-128110,Medium,General Inquiry,IT Support,Chat,163.0,0.0,183,1
TCKT-121906,Critical,Network Issue,Network Ops,Email,56.0,23.0,232,2
TCKT-100000,High,General Inquiry,Security,Email,108.0,12.0,228,2
TCKT-156480,Medium,Hardware Failure,IT Support,Portal,176.0,1.0,239,1
TCKT-198959,High,Network Issue,Development,Chat,113.0,8.0,291,4
TCKT-128858,Critical,Software Bug,IT Support,Chat,44.0,0.0,193,3
TCKT-124987,Critical,Access Request,Security,Email,57.0,1.0,210,3
TCKT-168270,High,Software Bug,Network Ops,Portal,118.0,7.0,212,3
TCKT-153118,Critical,Access Request,IT Support,Portal,51.0,3.0,215,3
TCKT-148416,Low,Access Request,Development,Portal,220.0,15.0,132,0
TCKT-107464,High,Network Issue,Development,Phone,116.0,19.0,210,2
TCKT-161916,Critical,General Inquiry,IT Support,Phone,50.0,1.0,317,4
TCKT-154206,Low,Software Bug,Development,Phone,238.0,11.0,179,0
TCKT-136760,Critical,Hardware Failure,Security,Email,56.0,9.0,240,3
TCKT-157437,High,General Inquiry,IT Support,Chat,112.0,20.0,275,4
TCKT-141309,Critical,Network Issue,Network Ops,Portal,44.0,14.0,197,2
TCKT-189790,Low,General Inquiry,Network Ops,Chat,238.0,17.0,162,0
TCKT-116277,Low,Hardware Failure,IT Support,Email,221.0,13.0,219,0
TCKT-185333,Critical,Network Issue,Customer Service,Phone,57.0,7.0,231,3
TCKT-130262,Critical,Network Issue,Development,Chat,43.0,20.0,203,2
TCKT-111053,Critical,General Inquiry,Customer Service,Phone,53.0,23.0,213,2
TCKT-173540,Low,Access Request,Development,Email,221.0,15.0,148,0
TCKT-198738,Critical,Hardware Failure,Development,Phone,42.0,12.0,269,4
TCKT-141367,Critical,Network Issue,Development,Portal,53.0,15.0,344,4
TCKT-191374,Low,General Inquiry,Development,Phone,220.0,15.0,116,0
TCKT-136516,Low,Software Bug,Security,Phone,224.0,7.0,218,1
TCKT-142857,High,Software Bug,Network Ops,Portal,106.0,11.0,212,2
TCKT-194074,Low,Software Bug,Security,Chat,223.0,14.0,179,0
TCKT-118369,Low,General Inquiry,Development,Portal,238.0,10.0,202,1
TCKT-102255,Low,General Inquiry,Development,Email,228.0,13.0,162,0
TCKT-163713,Low,Access Request,IT Support,Phone,236.0,2.0,209,1
TCKT-196305,Low,General Inquiry,IT Support,Email,223.0,7.0,172,1
TCKT-168672,High,General Inquiry,Security,Phone,110.0,19.0,229,2
TCKT-181912,Medium,General Inquiry,Network Ops,Portal,163.0,6.0,229,1
TCKT-110695,Low,Hardware Failure,Network Ops,Email,229.0,20.0,199,0
TCKT-149611,High,Software Bug,Security,Phone,104.0,0.0,177,3
TCKT-170577,High,Software Bug,Development,Portal,114.0,2.0,212,3
TCKT-170428,High,Hardware Failure,Network Ops,Phone,112.0,4.0,180,3
TCKT-136166,Critical,Network Issue,Development,Chat,40.0,13.0,263,4
TCKT-172933,Low,Access Request,Customer Service,Phone,222.0,20.0,161,0
TCKT-146150,High,General Inquiry,IT Support,Chat,101.0,0.0,250,3
TCKT-191494,High,Hardware Failure,Network Ops,Portal,111.0,1.0,211,3
TCKT-148649,High,Software Bug,Network Ops,Chat,114.0,19.0,184,2
TCKT-172081,Medium,Access Request,Development,Phone,172.0,4.0,241,1
TCKT-143995,Low,Software Bug,Network Ops,Phone,221.0,19.0,180,0
TCKT-116005,Medium,Hardware Failure,Security,Chat,175.0,14.0,183,0
TCKT-140098,Medium,Access Request,IT Support,Email,178.0,8.0,230,1
TCKT-149190,Low,General Inquiry,IT Support,Email,240.0,15.0,172,0
TCKT-111223,Medium,General Inquiry,IT Support,Portal,172.0,21.0,236,2
TCKT-187451,High,Access Request,IT Support,Phone,116.0,17.0,178,2
TCKT-157754,Critical,General Inquiry,Customer Service,Phone,51.0,18.0,226,2
TCKT-113892,Medium,Software Bug,Development,Chat,162.0,12.0,175,1
TCKT-146755,High,Access Request,Network Ops,Chat,109.0,18.0,172,2
TCKT-190240,Medium,Network Issue,Customer Service,Email,162.0,23.0,200,0
TCKT-192804,High,Network Issue,IT Support,Chat,109.0,15.0,188,2
TCKT-102650,Low,General Inquiry,Network Ops,Chat,232.0,11.0,172,1
TCKT-103032,Critical,General Inquiry,IT Support,Phone,57.0,21.0,335,4
TCKT-151138,High,Network Issue,Development,Portal,114.0,13.0,188,2
TCKT-101933,Low,General Inquiry,Customer Service,Portal,234.0,18.0,202,0
TCKT-168871,Medium,General Inquiry,Customer Service,Email,169.0,7.0,225,1
TCKT-173226,Medium,Network Issue,Customer Service,Email,171.0,3.0,200,1
TCKT-170150,Critical,Access Request,Customer Service,Portal,52.0,8.0,210,3
TCKT-135159,Low,Software Bug,IT Support,Portal,227.0,23.0,248,0
TCKT-123770,High,General Inquiry,IT Support,Email,115.0,16.0,199,2
TCKT-122493,High,General Inquiry,Customer Service,Chat,105.0,17.0,166,2
TCKT-121478,Medium,General Inquiry,Network Ops,Phone,173.0,15.0,183,0
TCKT-150852,Low,Access Request,IT Support,Email,234.0,5.0,213,1
TCKT-114083,Medium,Network Issue,Network Ops,Phone,172.0,11.0,200,1
TCKT-178210,Medium,General Inquiry,Development,Chat,160.0,18.0,229,2
TCKT-162859,Critical,Hardware Failure,Security,Portal,58.0,11.0,188,3
TCKT-175402,Medium,Network Issue,Development,Portal,170.0,7.0,169,1
TCKT-167959,Critical,Software Bug,Security,Portal,42.0,12.0,181,2
TCKT-167369,Critical,Hardware Failure,Network Ops,Email,43.0,4.0,188,3
TCKT-158395,Medium,Access Request,Customer Service,Chat,162.0,12.0,146,0
TCKT-186929,High,Software Bug,Customer Service,Chat,100.0,7.0,189,3
TCKT-115280,Critical,Hardware Failure,Network Ops,Chat,57.0,21.0,218,2
TCKT-146185,Medium,Software Bug,Security,Chat,162.0,0.0,169,1
TCKT-195106,Low,General Inquiry,IT Support,Phone,238.0,13.0,235,0
TCKT-101891,Medium,Software Bug,Development,Email,179.0,9.0,174,1
TCKT-166970,Medium,Access Request,IT Support,Phone,178.0,14.0,202,0
TCKT-106824,Critical,Network Issue,IT Support,Chat,60.0,20.0,223,2
TCKT-114794,Critical,Hardware Failure,IT Support,Phone,58.0,14.0,289,4
TCKT-127983,Low,Network Issue,Security,Phone,233.0,19.0,259,0
TCKT-152906,Critical,Software Bug,IT Support,Chat,44.0,7.0,265,4
TCKT-188645,Medium,Hardware Failure,Development,Email,177.0,10.0,178,1
TCKT-178995,Critical,Network Issue,Customer Service,Phone,45.0,12.0,197,3
TCKT-121380,Critical,Hardware Failure,Network Ops,Chat,59.0,21.0,187,2
TCKT-157315,Critical,Software Bug,Network Ops,Phone,53.0,1.0,203,3
TCKT-129703,Low,Hardware Failure,Security,Portal,233.0,22.0,159,0
TCKT-118217,Low,Network Issue,Development,Portal,229.0,5.0,232,1
TCKT-106623,Critical,General Inquiry,IT Support,Chat,53.0,1.0,282,4
TCKT-148088,Critical,Network Issue,Development,Portal,48.0,6.0,217,3
TCKT-119051,Medium,General Inquiry,Network Ops,Email,171.0,20.0,188,0
TCKT-111545,High,Hardware Failure,Network Ops,Chat,115.0,6.0,180,1
TCKT-136643,Low,Access Request,IT Support,Phone,238.0,11.0,232,0
TCKT-122183,High,Hardware Failure,Security,Phone,103.0,10.0,171,3
TCKT-120855,Medium,Hardware Failure,Development,Portal,173.0,20.0,242,2
TCKT-147780,Medium,General Inquiry,Network Ops,Portal,175.0,2.0,180,1
TCKT-136272,Critical,Network Issue,Development,Portal,57.0,11.0,232,3
TCKT-170842,Low,Software Bug,Network Ops,Portal,239.0,17.0,165,0
TCKT-164486,High,General Inquiry,Security,Portal,112.0,21.0,236,2
TCKT-183353,High,Network Issue,Development,Phone,119.0,8.0,188,3
TCKT-101250,Medium,General Inquiry,Security,Portal,162.0,0.0,180,1
TCKT-161864,Medium,General Inquiry,Development,Chat,176.0,0.0,193,1
TCKT-155264,High,Network Issue,Customer Service,Phone,120.0,21.0,189,2
TCKT-157214,Medium,Hardware Failure,IT Support,Email,163.0,10.0,245,4
TCKT-136649,High,Software Bug,Network Ops,Phone,100.0,16.0,185,2
TCKT-123550,Critical,Network Issue,IT Support,Chat,40.0,12.0,273,4
TCKT-149574,Critical,Software Bug,Network Ops,Phone,54.0,20.0,211,2
TCKT-140237,Low,Hardware Failure,Security,Chat,239.0,22.0,250,0
TCKT-105044,Low,Access Request,Development,Chat,238.0,5.0,198,1
TCKT-113719,Critical,General Inquiry,Customer Service,Email,55.0,23.0,233,2
TCKT-117906,Critical,General Inquiry,Network Ops,Phone,60.0,21.0,251,2
TCKT-153957,Low,General Inquiry,Development,Chat,228.0,22.0,197,0
TCKT-118463,High,Hardware Failure,Security,Portal,120.0,0.0,267,4
TCKT-152792,Critical,Access Request,IT Support,Email,45.0,12.0,181,3
TCKT-152727,Critical,Hardware Failure,Network Ops,Email,60.0,17.0,188,2
TCKT-185208,Medium,Access Request,Development,Portal,175.0,4.0,162,1
TCKT-145909,Critical,Hardware Failure,Development,Chat,51.0,11.0,205,3
TCKT-151899,Medium,Network Issue,Customer Service,Chat,173.0,1.0,169,1
TCKT-183441,Low,Hardware Failure,Customer Service,Portal,223.0,2.0,204,1
TCKT-181742,High,Hardware Failure,Security,Portal,115.0,22.0,179,2
TCKT-180689,Medium,Software Bug,Development,Phone,160.0,13.0,169,0
TCKT-113336,Medium,Software Bug,IT Support,Chat,172.0,7.0,169,1
TCKT-164000,Low,Software Bug,Development,Email,226.0,1.0,148,1
TCKT-115420,Medium,Hardware Failure,Security,Chat,176.0,23.0,189,0
TCKT-180632,Medium,General Inquiry,Customer Service,Email,169.0,10.0,211,1
TCKT-135746,High,Software Bug,Security,Chat,112.0,21.0,255,2
TCKT-128163,Low,Hardware Failure,IT Support,Portal,222.0,9.0,219,1
TCKT-126634,Critical,Hardware Failure,Network Ops,Email,56.0,8.0,187,3
TCKT-105698,High,Hardware Failure,Security,Chat,110.0,7.0,190,3
TCKT-196706,Medium,Software Bug,Customer Service,Chat,163.0,11.0,192,1
TCKT-143251,High,Hardware Failure,IT Support,Email,106.0,13.0,268,4
TCKT-176470,Medium,Hardware Failure,Customer Service,Chat,161.0,12.0,183,1
TCKT-158483,High,Access Request,Development,Chat,108.0,9.0,253,4
TCKT-186255,High,General Inquiry,Network Ops,Email,118.0,11.0,199,2
TCKT-181318,Low,Access Request,Security,Chat,238.0,8.0,132,1
TCKT-187849,High,General Inquiry,IT Support,Phone,117.0,15.0,303,4
TCKT-134970,Medium,General Inquiry,Network Ops,Email,172.0,13.0,143,1
TCKT-171416,Low,Software Bug,Network Ops,Email,225.0,22.0,148,0
TCKT-140788,High,Hardware Failure,Security,Portal,109.0,20.0,201,2
TCKT-110058,Low,Access Request,Security,Chat,236.0,13.0,205,0
TCKT-178312,Medium,Access Request,Network Ops,Email,179.0,11.0,160,1
TCKT-178660,Critical,Access Request,Security,Portal,49.0,0.0,280,4
TCKT-110728,High,General Inquiry,Customer Service,Email,118.0,21.0,166,2
TCKT-179796,High,Hardware Failure,Customer Service,Email,116.0,19.0,180,2
TCKT-160093,Medium,Network Issue,Network Ops,Chat,162.0,10.0,189,1
TCKT-163881,High,General Inquiry,IT Support,Portal,106.0,14.0,285,4
TCKT-114139,Medium,Hardware Failure,Customer Service,Portal,175.0,3.0,178,1
TCKT-130387,Low,Hardware Failure,Security,Email,227.0,17.0,163,0
TCKT-137514,Critical,Hardware Failure,Security,Phone,57.0,3.0,233,3
TCKT-167160,High,Software Bug,Development,Phone,117.0,0.0,270,4
TCKT-143100,High,Access Request,Customer Service,Phone,109.0,12.0,196,2
TCKT-174374,Critical,Software Bug,Development,Email,46.0,18.0,222,2
TCKT-199243,Medium,Hardware Failure,IT Support,Phone,171.0,14.0,271,4
TCKT-105335,Critical,Hardware Failure,IT Support,Portal,53.0,5.0,296,4
TCKT-118674,Medium,Access Request,Development,Email,160.0,9.0,227,1
TCKT-152853,High,General Inquiry,Network Ops,Chat,107.0,20.0,229,2
TCKT-125457,Critical,General Inquiry,Development,Portal,45.0,0.0,226,3
TCKT-173572,High,Hardware Failure,IT Support,Email,108.0,19.0,236,2
TCKT-179258,Critical,Access Request,Network Ops,Email,54.0,18.0,181,2
TCKT-118216,Low,Network Issue,Security,Email,224.0,21.0,167,0
TCKT-130092,Medium,Access Request,IT Support,Email,171.0,11.0,182,1
TCKT-159024,Critical,Network Issue,Customer Service,Phone,42.0,1.0,231,3
TCKT-169643,Critical,Access Request,Development,Portal,55.0,17.0,296,4
TCKT-164875,Low,Software Bug,Development,Portal,227.0,5.0,211,1
TCKT-159168,Critical,Hardware Failure,Development,Email,49.0,13.0,233,3
TCKT-193727,Medium,Software Bug,Customer Service,Chat,164.0,4.0,175,1
TCKT-132971,Low,General Inquiry,Security,Chat,234.0,11.0,232,1
TCKT-148448,Critical,Hardware Failure,Customer Service,Portal,52.0,6.0,218,3
TCKT-129629,Medium,Hardware Failure,Customer Service,Portal,178.0,16.0,189,0
TCKT-143786,Low,Hardware Failure,IT Support,Phone,237.0,16.0,219,0
TCKT-103248,High,Software Bug,Security,Phone,108.0,11.0,189,2
TCKT-164919,Critical,General Inquiry,Customer Service,Phone,47.0,10.0,226,3
TCKT-140984,Critical,Access Request,Network Ops,Chat,50.0,16.0,233,2
TCKT-156580,Low,General Inquiry,Network Ops,Portal,229.0,23.0,179,0
TCKT-150733,Medium,Hardware Failure,Security,Chat,165.0,10.0,154,1
TCKT-123562,Low,General Inquiry,Customer Service,Portal,236.0,16.0,162,0
TCKT-162768,High,Network Issue,Development,Phone,113.0,22.0,300,4
TCKT-122896,Critical,Software Bug,Security,Email,41.0,14.0,193,2
TCKT-156125,High,Access Request,Security,Phone,118.0,9.0,192,3
TCKT-187914,Critical,Access Request,IT Support,Chat,46.0,23.0,289,4
TCKT-147494,Low,Network Issue,Security,Phone,223.0,6.0,203,1
TCKT-100734,Critical,Hardware Failure,Security,Chat,60.0,6.0,240,3
TCKT-187065,Critical,Network Issue,Customer Service,Phone,51.0,11.0,231,3
TCKT-107046,Critical,General Inquiry,IT Support,Chat,60.0,22.0,317,4
TCKT-105144,Medium,Access Request,Customer Service,Portal,167.0,6.0,174,1
TCKT-137808,High,Access Request,Network Ops,Email,102.0,14.0,192,2
TCKT-118991,Medium,Hardware Failure,IT Support,Email,162.0,7.0,154,1
TCKT-103085,High,Access Request,Network Ops,Email,105.0,16.0,185,2
TCKT-122729,Low,Software Bug,Development,Chat,229.0,11.0,180,0
TCKT-155483,High,Network Issue,Development,Chat,108.0,4.0,191,3
TCKT-187689,Medium,Network Issue,Network Ops,Email,169.0,15.0,169,0
TCKT-154667,High,Software Bug,Network Ops,Portal,113.0,18.0,220,2
TCKT-114670,High,Network Issue,IT Support,Phone,102.0,8.0,275,4
TCKT-111463,High,Network Issue,IT Support,Chat,104.0,9.0,229,3
TCKT-140488,High,Software Bug,Network Ops,Portal,118.0,12.0,220,2
TCKT-152103,High,Network Issue,IT Support,Portal,111.0,22.0,275,2
TCKT-181176,Critical,Software Bug,Network Ops,Portal,42.0,19.0,211,2
TCKT-168745,Low,General Inquiry,Development,Portal,231.0,6.0,172,1
TCKT-166226,Critical,Network Issue,IT Support,Portal,58.0,17.0,347,4
TCKT-117131,Critical,Access Request,Customer Service,Phone,56.0,18.0,233,2
TCKT-167943,High,Software Bug,Network Ops,Chat,120.0,14.0,189,2
TCKT-183769,High,Hardware Failure,Customer Service,Portal,113.0,12.0,212,2
TCKT-191229,High,Software Bug,Security,Phone,107.0,8.0,220,3
TCKT-171958,Critical,Software Bug,Customer Service,Chat,48.0,20.0,211,2
TCKT-104876,Critical,Hardware Failure,Customer Service,Phone,54.0,4.0,240,3
TCKT-172043,Medium,Access Request,Security,Chat,162.0,12.0,160,1
TCKT-198695,Low,General Inquiry,Network Ops,Chat,225.0,2.0,116,1
TCKT-141822,Medium,Hardware Failure,Security,Email,161.0,2.0,231,1
TCKT-150161,Low,Software Bug,Network Ops,Email,223.0,11.0,178,0
TCKT-170429,High,General Inquiry,Development,Chat,109.0,11.0,235,4
TCKT-175284,High,Hardware Failure,Customer Service,Portal,102.0,3.0,179,3
TCKT-170292,Low,Hardware Failure,IT Support,Chat,226.0,6.0,264,1
TCKT-190373,Critical,Network Issue,Development,Chat,45.0,9.0,278,4
TCKT-159692,Critical,Access Request,IT Support,Email,53.0,18.0,204,2
TCKT-120999,High,Access Request,Development,Portal,112.0,12.0,257,4
TCKT-101194,Critical,Software Bug,Development,Phone,60.0,1.0,274,4
TCKT-128421,Low,General Inquiry,Security,Portal,238.0,0.0,232,1
TCKT-145374,High,Access Request,Network Ops,Phone,119.0,18.0,192,2
TCKT-197102,Low,Software Bug,Security,Chat,240.0,11.0,165,0
TCKT-152274,Critical,Access Request,Network Ops,Portal,45.0,22.0,181,2
TCKT-147827,Medium,Software Bug,IT Support,Chat,173.0,23.0,175,0
TCKT-111185,Low,Hardware Failure,Network Ops,Chat,227.0,10.0,204,1
TCKT-152738,High,Access Request,Development,Chat,107.0,22.0,253,2
TCKT-182680,Critical,Hardware Failure,Security,Portal,57.0,1.0,257,3
TCKT-171890,High,Access Request,Customer Service,Email,100.0,15.0,199,2
TCKT-149376,High,Software Bug,Customer Service,Portal,111.0,11.0,212,2
TCKT-153730,High,Software Bug,IT Support,Phone,120.0,5.0,268,4
TCKT-148482,Low,General Inquiry,Security,Phone,235.0,8.0,116,1
TCKT-141842,Critical,Network Issue,IT Support,Portal,40.0,6.0,279,4
TCKT-121481,Critical,Software Bug,Customer Service,Phone,60.0,19.0,203,2
TCKT-119618,High,Network Issue,Customer Service,Phone,110.0,20.0,197,2
TCKT-166759,High,Access Request,Development,Phone,115.0,18.0,273,4
TCKT-150865,High,Software Bug,Development,Phone,106.0,19.0,189,2
TCKT-162877,Low,Software Bug,Security,Portal,231.0,15.0,248,0
TCKT-150728,Low,Hardware Failure,Security,Chat,226.0,3.0,269,1
TCKT-103114,Critical,Network Issue,Customer Service,Chat,53.0,17.0,203,2
TCKT-136942,Critical,General Inquiry,Network Ops,Phone,47.0,14.0,226,2
TCKT-134631,Low,Access Request,Development,Portal,238.0,0.0,213,1
TCKT-173493,High,General Inquiry,Security,Chat,102.0,17.0,213,2
TCKT-190431,High,Network Issue,Security,Phone,115.0,7.0,289,4
TCKT-181191,Critical,Hardware Failure,Development,Phone,42.0,22.0,268,4
TCKT-123412,Low,Hardware Failure,Customer Service,Email,227.0,16.0,195,0
TCKT-157055,High,Hardware Failure,Development,Email,105.0,1.0,211,3
TCKT-115773,Medium,General Inquiry,Development,Portal,179.0,3.0,211,1
TCKT-147196,High,General Inquiry,IT Support,Phone,107.0,8.0,199,3
TCKT-134234,Medium,General Inquiry,Development,Email,169.0,15.0,188,0
TCKT-117759,Low,Software Bug,IT Support,Email,234.0,16.0,248,0
TCKT-195983,High,Access Request,Network Ops,Chat,102.0,0.0,172,3
TCKT-140976,Critical,Software Bug,Security,Portal,44.0,6.0,205,3
TCKT-108499,Medium,Software Bug,IT Support,Email,166.0,8.0,223,1
TCKT-100480,High,General Inquiry,Customer Service,Email,108.0,23.0,213,2
TCKT-150964,Critical,Access Request,IT Support,Phone,54.0,23.0,288,4
TCKT-139666,Medium,Network Issue,IT Support,Chat,178.0,11.0,270,4
TCKT-135826,High,Hardware Failure,IT Support,Email,101.0,22.0,212,2
TCKT-164815,High,General Inquiry,Development,Phone,103.0,6.0,310,4
TCKT-142066,Low,General Inquiry,Development,Chat,220.0,4.0,162,1
TCKT-127753,High,Access Request,Development,Email,105.0,10.0,216,3
TCKT-152901,Medium,Network Issue,Security,Email,160.0,10.0,169,1
TCKT-110175,Medium,General Inquiry,Network Ops,Portal,179.0,1.0,180,1
TCKT-130060,Critical,Hardware Failure,Development,Email,51.0,2.0,218,3
TCKT-117497,Medium,Software Bug,Customer Service,Chat,178.0,14.0,169,0
TCKT-182320,High,Hardware Failure,Security,Chat,119.0,2.0,271,4
TCKT-138085,Low,General Inquiry,Customer Service,Email,227.0,11.0,172,0
TCKT-132563,Medium,Hardware Failure,Security,Chat,161.0,22.0,277,4
TCKT-143516,High,General Inquiry,Customer Service,Portal,106.0,23.0,229,2
TCKT-131747,High,General Inquiry,Security,Phone,104.0,22.0,283,4
TCKT-126817,High,Hardware Failure,Customer Service,Portal,108.0,20.0,171,2
TCKT-139546,Critical,Access Request,Security,Chat,49.0,1.0,285,4
TCKT-149722,Medium,Software Bug,Security,Portal,178.0,22.0,174,0
TCKT-149517,Medium,Access Request,Network Ops,Email,167.0,13.0,182,0
TCKT-142626,Critical,General Inquiry,Security,Email,54.0,20.0,301,4
TCKT-121192,High,Hardware Failure,Customer Service,Portal,104.0,10.0,190,3
TCKT-142019,Critical,Access Request,Network Ops,Email,42.0,5.0,233,3
TCKT-140334,Low,Access Request,Network Ops,Email,231.0,16.0,148,0
TCKT-147360,Medium,Access Request,Network Ops,Email,170.0,8.0,174,1
TCKT-163351,High,General Inquiry,Security,Email,105.0,2.0,199,3
TCKT-136675,High,Network Issue,Customer Service,Chat,104.0,16.0,219,2
TCKT-137165,High,Network Issue,Network Ops,Portal,120.0,14.0,189,2
TCKT-106111,Critical,Access Request,Network Ops,Chat,57.0,20.0,207,2
TCKT-152318,Medium,Software Bug,Development,Email,175.0,10.0,169,1
TCKT-187094,High,General Inquiry,IT Support,Email,111.0,7.0,275,4
TCKT-179825,Medium,General Inquiry,Security,Phone,169.0,0.0,225,1
TCKT-107112,High,Software Bug,IT Support,Portal,106.0,18.0,304,4
TCKT-134786,Low,Hardware Failure,Security,Portal,237.0,2.0,180,1
TCKT-162123,Low,Network Issue,IT Support,Email,224.0,20.0,200,0
TCKT-118057,Critical,General Inquiry,Network Ops,Phone,46.0,9.0,226,3
TCKT-173329,Medium,Network Issue,Customer Service,Phone,177.0,13.0,186,0
TCKT-127378,Low,General Inquiry,IT Support,Email,229.0,10.0,218,1
TCKT-190157,High,Network Issue,Security,Email,100.0,23.0,191,2
TCKT-124867,Medium,Network Issue,Network Ops,Portal,171.0,13.0,189,1
TCKT-140534,Critical,Software Bug,Development,Portal,44.0,2.0,274,4
TCKT-101610,Critical,Hardware Failure,Development,Portal,49.0,16.0,240,2
TCKT-117542,Low,Hardware Failure,Security,Portal,228.0,2.0,233,1
TCKT-129035,High,Software Bug,Customer Service,Phone,115.0,15.0,189,2
TCKT-155480,High,General Inquiry,Development,Chat,100.0,1.0,229,3
TCKT-154242,Low,Access Request,Security,Portal,235.0,17.0,218,0
TCKT-115395,Low,Software Bug,Customer Service,Portal,234.0,6.0,178,1
TCKT-161682,Low,General Inquiry,Network Ops,Email,220.0,4.0,116,1
TCKT-149034,High,Software Bug,Network Ops,Chat,116.0,21.0,212,2
TCKT-144660,High,Access Request,Network Ops,Email,105.0,11.0,196,2
TCKT-179336,Medium,Software Bug,Development,Email,165.0,3.0,169,1
TCKT-163716,Critical,Network Issue,Development,Portal,47.0,16.0,197,2
TCKT-117763,Critical,Network Issue,Network Ops,Email,56.0,14.0,232,3
TCKT-179476,High,Access Request,Development,Chat,100.0,17.0,176,2
TCKT-151162,Critical,Network Issue,Security,Chat,51.0,1.0,223,3
TCKT-143370,Medium,Network Issue,Network Ops,Chat,175.0,10.0,204,1
TCKT-180417,Medium,Network Issue,Customer Service,Portal,169.0,23.0,198,0
TCKT-114750,Medium,General Inquiry,Network Ops,Chat,174.0,6.0,211,1
TCKT-160600,High,Software Bug,Development,Portal,101.0,3.0,175,3
TCKT-138195,Critical,Network Issue,Network Ops,Portal,51.0,4.0,217,3
TCKT-146315,High,Access Request,Network Ops,Portal,106.0,23.0,196,2
TCKT-102659,Low,Software Bug,Development,Chat,229.0,6.0,178,1
TCKT-197763,Medium,Access Request,Network Ops,Phone,166.0,5.0,174,1
TCKT-152371,Critical,General Inquiry,Security,Portal,57.0,13.0,210,2
TCKT-193906,Medium,General Inquiry,Customer Service,Portal,177.0,12.0,229,1
TCKT-179591,Critical,Hardware Failure,Customer Service,Email,43.0,11.0,188,3
TCKT-160879,Critical,Software Bug,IT Support,Portal,49.0,4.0,289,4
TCKT-198024,Critical,General Inquiry,Customer Service,Portal,59.0,9.0,222,3
TCKT-151338,Medium,Network Issue,Security,Phone,171.0,0.0,189,1
TCKT-177406,High,Access Request,Customer Service,Phone,105.0,18.0,176,2
TCKT-148373,Critical,General Inquiry,Network Ops,Portal,56.0,13.0,251,4
TCKT-197439,Low,Access Request,Network Ops,Chat,230.0,2.0,149,1
TCKT-124311,Medium,General Inquiry,Network Ops,Portal,167.0,20.0,183,0
TCKT-173813,Medium,Access Request,Network Ops,Email,166.0,9.0,181,1
TCKT-123954,Low,General Inquiry,Network Ops,Phone,223.0,23.0,116,0
TCKT-189084,Medium,Network Issue,Customer Service,Phone,162.0,0.0,204,1
TCKT-171483,Low,Software Bug,Network Ops,Portal,229.0,22.0,179,0
TCKT-171011,Low,Hardware Failure,IT Support,Portal,231.0,11.0,180,0
TCKT-196422,Low,Access Request,Development,Email,229.0,20.0,230,0
TCKT-129333,Medium,General Inquiry,Network Ops,Chat,179.0,13.0,193,1
TCKT-198789,Critical,Access Request,IT Support,Email,46.0,8.0,207,3
TCKT-138454,Medium,Access Request,Development,Portal,170.0,7.0,243,1
TCKT-131652,Low,General Inquiry,IT Support,Chat,223.0,20.0,256,0
TCKT-112339,High,Hardware Failure,Development,Portal,110.0,21.0,180,2
TCKT-188036,Medium,Access Request,IT Support,Email,165.0,11.0,182,1
TCKT-197380,Low,General Inquiry,IT Support,Chat,224.0,2.0,218,1
TCKT-183430,Critical,Hardware Failure,Customer Service,Email,59.0,23.0,218,2
TCKT-108376,Critical,General Inquiry,Development,Chat,56.0,0.0,314,4
TCKT-188969,Low,Hardware Failure,Customer Service,Chat,220.0,3.0,167,1
TCKT-174793,Low,Software Bug,Network Ops,Chat,233.0,11.0,148,1
TCKT-153804,Medium,General Inquiry,Development,Email,171.0,1.0,193,1
TCKT-180269,High,General Inquiry,Network Ops,Phone,103.0,8.0,166,3
TCKT-110702,Low,Software Bug,Customer Service,Portal,231.0,20.0,130,0
TCKT-109372,Low,Hardware Failure,IT Support,Chat,226.0,4.0,236,1
TCKT-189966,High,Hardware Failure,IT Support,Portal,110.0,10.0,274,4
TCKT-128124,Critical,Network Issue,Network Ops,Portal,60.0,21.0,263,2
TCKT-159714,High,Access Request,Customer Service,Chat,106.0,4.0,196,3
TCKT-111743,Critical,Access Request,Customer Service,Portal,41.0,16.0,210,2
TCKT-105617,Medium,Hardware Failure,Network Ops,Email,178.0,19.0,183,0
TCKT-132759,High,Access Request,Customer Service,Portal,107.0,14.0,185,2
TCKT-193044,Critical,Hardware Failure,Network Ops,Email,55.0,20.0,233,2
TCKT-134277,Critical,Access Request,Customer Service,Chat,46.0,21.0,207,2
TCKT-141875,Medium,Access Request,Development,Phone,162.0,9.0,182,1
TCKT-184163,Low,General Inquiry,Network Ops,Phone,222.0,9.0,162,1
TCKT-123288,Low,Access Request,Development,Portal,221.0,6.0,153,1
TCKT-192180,High,Network Issue,Customer Service,Portal,112.0,5.0,191,3
TCKT-174631,Medium,Software Bug,IT Support,Phone,164.0,18.0,250,4
TCKT-151793,Low,Network Issue,Development,Chat,234.0,0.0,284,1
TCKT-124049,Low,Network Issue,Customer Service,Chat,228.0,2.0,189,1
TCKT-189615,High,Access Request,IT Support,Phone,118.0,21.0,262,4
TCKT-146051,Medium,Network Issue,Development,Phone,166.0,22.0,189,0
TCKT-136400,Low,Network Issue,Customer Service,Portal,223.0,9.0,157,0
TCKT-184848,Critical,Software Bug,IT Support,Portal,60.0,3.0,306,4
TCKT-166695,Medium,General Inquiry,Development,Portal,160.0,1.0,264,4
TCKT-100795,High,Hardware Failure,Security,Portal,118.0,18.0,249,2
TCKT-160096,High,Software Bug,Development,Chat,120.0,4.0,184,3
TCKT-179340,Medium,Software Bug,Network Ops,Email,161.0,8.0,175,1
TCKT-163031,Critical,Software Bug,Security,Portal,54.0,11.0,263,4
TCKT-133376,Critical,Network Issue,Development,Phone,54.0,13.0,217,3
TCKT-170244,Medium,General Inquiry,Customer Service,Portal,172.0,11.0,229,1
TCKT-196679,Low,Access Request,Security,Email,239.0,4.0,161,1
TCKT-162049,Low,General Inquiry,Security,Chat,239.0,6.0,172,1
TCKT-157772,High,Hardware Failure,Network Ops,Email,114.0,12.0,201,2
TCKT-177243,Low,Access Request,IT Support,Email,221.0,16.0,132,0
TCKT-140890,Medium,General Inquiry,Development,Phone,160.0,21.0,274,4
TCKT-157256,Critical,General Inquiry,Development,Phone,55.0,7.0,226,3
TCKT-132439,High,Network Issue,Security,Phone,108.0,3.0,167,3
TCKT-156240,Low,Software Bug,IT Support,Chat,229.0,6.0,214,1
TCKT-153758,High,Access Request,Customer Service,Email,115.0,14.0,178,2
TCKT-124236,Low,Software Bug,Network Ops,Portal,240.0,4.0,148,1
TCKT-129421,High,Access Request,Network Ops,Chat,109.0,2.0,192,3
TCKT-171901,Medium,Access Request,IT Support,Portal,180.0,2.0,258,1
TCKT-170078,Critical,Software Bug,Security,Phone,58.0,1.0,205,3
TCKT-188105,Medium,Hardware Failure,Security,Portal,172.0,17.0,154,0
TCKT-157587,High,Hardware Failure,Security,Phone,111.0,8.0,180,3
TCKT-126806,Critical,Software Bug,Security,Email,47.0,21.0,205,2
TCKT-181954,Low,Access Request,Development,Phone,238.0,21.0,198,0
TCKT-180054,High,Software Bug,Customer Service,Portal,100.0,13.0,184,2
TCKT-140179,Critical,Network Issue,Network Ops,Chat,48.0,6.0,217,3
TCKT-161994,Critical,Network Issue,Customer Service,Phone,60.0,10.0,232,3
TCKT-131625,Critical,Access Request,Security,Phone,55.0,14.0,210,2
TCKT-147299,Low,Hardware Failure,IT Support,Chat,233.0,15.0,243,0
TCKT-106086,Low,Access Request,Network Ops,Email,233.0,12.0,148,0
TCKT-178300,Medium,Hardware Failure,Security,Chat,161.0,18.0,183,0
TCKT-125583,High,Software Bug,IT Support,Phone,106.0,0.0,268,4
TCKT-111552,Medium,Hardware Failure,Network Ops,Phone,162.0,5.0,178,1
TCKT-166775,High,Access Request,Development,Email,105.0,5.0,176,3
TCKT-161258,Critical,General Inquiry,IT Support,Email,60.0,10.0,251,4
TCKT-149168,Critical,Access Request,Network Ops,Chat,47.0,20.0,207,2
TCKT-143532,Medium,General Inquiry,IT Support,Portal,179.0,20.0,267,4
TCKT-190681,Low,Software Bug,Customer Service,Email,237.0,17.0,165,0
TCKT-169485,High,Hardware Failure,Customer Service,Portal,109.0,12.0,180,2
TCKT-159124,High,Hardware Failure,IT Support,Email,100.0,12.0,212,2
TCKT-192467,Medium,Hardware Failure,Customer Service,Chat,174.0,22.0,181,0
TCKT-155776,Critical,Software Bug,Customer Service,Portal,59.0,5.0,203,3
TCKT-183860,High,Access Request,IT Support,Phone,106.0,13.0,283,4
TCKT-140937,Medium,Network Issue,Customer Service,Email,169.0,1.0,161,1
TCKT-128595,Low,Software Bug,Development,Email,220.0,21.0,180,0
TCKT-144081,Low,Software Bug,IT Support,Phone,221.0,2.0,186,1
TCKT-190788,Critical,Access Request,Development,Portal,56.0,11.0,181,3
TCKT-143447,Critical,Software Bug,Network Ops,Chat,48.0,5.0,207,3
TCKT-138499,High,Software Bug,Network Ops,Phone,117.0,17.0,175,2
TCKT-166822,Medium,General Inquiry,Customer Service,Email,163.0,1.0,143,1
TCKT-141246,Low,Software Bug,Customer Service,Email,238.0,13.0,180,0
TCKT-176637,Critical,General Inquiry,IT Support,Portal,49.0,21.0,315,4
TCKT-182662,Medium,Access Request,Customer Service,Email,178.0,20.0,160,0
TCKT-103309,Medium,Network Issue,Development,Phone,179.0,2.0,161,1
TCKT-180300,Medium,Software Bug,Security,Chat,169.0,7.0,178,1
TCKT-127188,Medium,Network Issue,IT Support,Email,167.0,16.0,161,0
TCKT-186124,Critical,Access Request,Network Ops,Portal,56.0,4.0,215,3
TCKT-177882,Medium,Access Request,Network Ops,Phone,180.0,23.0,160,0
TCKT-153412,Critical,General Inquiry,Development,Phone,47.0,19.0,307,4
TCKT-136854,Critical,Network Issue,IT Support,Chat,42.0,10.0,259,4
TCKT-180901,High,Software Bug,Security,Phone,106.0,2.0,189,3
TCKT-141179,Critical,General Inquiry,Development,Email,59.0,13.0,226,3
TCKT-162134,Critical,Hardware Failure,Development,Phone,55.0,6.0,269,4
TCKT-152322,Critical,Software Bug,Development,Phone,48.0,2.0,303,4
TCKT-120300,Critical,Network Issue,IT Support,Chat,45.0,10.0,273,4
TCKT-173048,Critical,Software Bug,Customer Service,Phone,46.0,23.0,205,2
TCKT-136762,Low,Network Issue,IT Support,Email,239.0,4.0,287,4
TCKT-158563,Medium,Network Issue,Network Ops,Chat,171.0,15.0,200,0
TCKT-100089,Low,Access Request,Development,Chat,220.0,19.0,161,0
TCKT-174594,Low,Hardware Failure,IT Support,Portal,237.0,8.0,251,1
TCKT-142400,Critical,Access Request,Development,Phone,42.0,2.0,204,3
TCKT-150299,Critical,Access Request,Development,Phone,43.0,7.0,181,3
TCKT-140572,High,Network Issue,Network Ops,Chat,106.0,3.0,189,3
TCKT-130603,Critical,Access Request,IT Support,Chat,49.0,19.0,263,4
TCKT-147587,Medium,General Inquiry,Security,Chat,177.0,23.0,263,2
TCKT-152119,High,Hardware Failure,Customer Service,Email,105.0,13.0,201,2
TCKT-128375,Critical,General Inquiry,Development,Chat,49.0,16.0,251,4
TCKT-127938,Medium,Network Issue,Network Ops,Portal,175.0,18.0,186,0
TCKT-150727,High,General Inquiry,Customer Service,Email,120.0,22.0,213,2
TCKT-138507,Critical,Software Bug,IT Support,Phone,54.0,5.0,211,3
TCKT-184812,Low,Network Issue,Security,Chat,240.0,10.0,214,1
TCKT-138506,Critical,Hardware Failure,IT Support,Phone,49.0,22.0,244,2
TCKT-144549,Low,Hardware Failure,IT Support,Email,239.0,4.0,163,1
TCKT-155101,Critical,Hardware Failure,Customer Service,Phone,42.0,7.0,205,3
TCKT-158834,Low,Network Issue,Development,Phone,236.0,21.0,203,0
TCKT-172740,High,Access Request,IT Support,Phone,110.0,22.0,216,2
TCKT-130705,High,Hardware Failure,Security,Email,101.0,18.0,171,2
TCKT-142414,Medium,Hardware Failure,IT Support,Portal,172.0,1.0,245,1
TCKT-101647,High,Access Request,Network Ops,Email,115.0,15.0,199,2
TCKT-122419,High,Software Bug,IT Support,Phone,104.0,5.0,231,3
TCKT-126528,Medium,Network Issue,Customer Service,Chat,170.0,5.0,200,1
TCKT-195959,Low,Network Issue,IT Support,Chat,239.0,2.0,237,1
TCKT-113062,Medium,Software Bug,Customer Service,Chat,164.0,8.0,167,1
TCKT-199798,Critical,Network Issue,Network Ops,Chat,53.0,10.0,197,3
TCKT-183865,Low,Access Request,Security,Chat,231.0,10.0,135,0
TCKT-102485,Critical,Access Request,Network Ops,Phone,60.0,18.0,233,2
TCKT-167406,Low,General Inquiry,Security,Portal,234.0,23.0,162,0
TCKT-125813,High,Access Request,Security,Phone,103.0,8.0,176,3
TCKT-142623,Critical,General Inquiry,Network Ops,Chat,51.0,14.0,233,2
TCKT-129584,Medium,Network Issue,Security,Email,169.0,2.0,161,1
TCKT-144450,Medium,Software Bug,IT Support,Portal,177.0,12.0,230,2
TCKT-146809,Low,Hardware Failure,Development,Chat,240.0,20.0,199,0
TCKT-135871,Low,Software Bug,Security,Phone,240.0,23.0,148,0
TCKT-166592,Critical,Software Bug,Security,Portal,50.0,21.0,203,2
TCKT-107158,High,Access Request,IT Support,Portal,103.0,23.0,272,2
TCKT-102142,Low,Software Bug,IT Support,Chat,224.0,23.0,148,0
TCKT-100483,Low,Hardware Failure,Security,Email,236.0,17.0,199,0
TCKT-183361,Medium,Hardware Failure,Security,Chat,165.0,14.0,189,0
TCKT-165925,Medium,Access Request,Network Ops,Portal,172.0,20.0,162,0
TCKT-177145,High,Network Issue,IT Support,Chat,118.0,3.0,247,3
TCKT-163337,Critical,Hardware Failure,Security,Portal,40.0,18.0,258,2
TCKT-131838,Low,Access Request,Security,Chat,235.0,13.0,218,0
TCKT-183056,Medium,Hardware Failure,IT Support,Phone,167.0,23.0,217,0
TCKT-186187,Medium,Software Bug,Development,Email,179.0,22.0,174,0
TCKT-162346,Critical,General Inquiry,IT Support,Email,49.0,0.0,266,3
TCKT-171693,Critical,Software Bug,Customer Service,Chat,43.0,16.0,203,2
TCKT-184683,Medium,General Inquiry,Network Ops,Portal,161.0,5.0,180,1
TCKT-190811,Low,Network Issue,Development,Portal,234.0,13.0,157,0
TCKT-128462,Medium,Network Issue,Security,Chat,176.0,10.0,169,1
TCKT-175451,Medium,Network Issue,Network Ops,Phone,171.0,0.0,189,1
TCKT-133343,Low,General Inquiry,Development,Portal,233.0,23.0,283,0
TCKT-195482,Low,Access Request,IT Support,Chat,224.0,4.0,153,1
TCKT-174840,High,Access Request,Customer Service,Email,104.0,11.0,172,3
TCKT-148797,Critical,Software Bug,Network Ops,Email,48.0,3.0,181,3
TCKT-156944,Critical,General Inquiry,Development,Chat,41.0,10.0,279,4
TCKT-110385,Low,Access Request,Customer Service,Email,227.0,13.0,148,0
TCKT-187970,High,Access Request,Network Ops,Chat,119.0,22.0,176,2
TCKT-123317,Low,Access Request,Customer Service,Phone,224.0,23.0,132,0
TCKT-173709,Medium,Access Request,Security,Chat,171.0,11.0,181,1
TCKT-174984,Low,Access Request,Network Ops,Email,236.0,15.0,161,0
TCKT-161970,Critical,Software Bug,Security,Chat,49.0,16.0,207,2
TCKT-138742,Critical,Access Request,Customer Service,Chat,41.0,7.0,210,3
TCKT-125680,Medium,Network Issue,IT Support,Portal,161.0,11.0,225,1
TCKT-139096,Low,Software Bug,IT Support,Phone,225.0,4.0,264,1
TCKT-133289,Medium,Hardware Failure,Network Ops,Chat,177.0,11.0,181,1
TCKT-194181,Low,General Inquiry,Customer Service,Chat,225.0,16.0,202,0
TCKT-145253,Critical,Access Request,Network Ops,Phone,47.0,23.0,215,2
TCKT-173542,Low,Access Request,Customer Service,Phone,238.0,19.0,129,0
TCKT-166085,Medium,Access Request,Network Ops,Email,162.0,23.0,182,0
TCKT-148329,Low,General Inquiry,Customer Service,Email,229.0,5.0,162,1
TCKT-167177,High,Hardware Failure,Customer Service,Email,112.0,12.0,190,3
TCKT-113335,Medium,General Inquiry,Network Ops,Email,179.0,18.0,211,0
TCKT-132952,High,Access Request,IT Support,Portal,100.0,20.0,216,2
TCKT-186794,Critical,General Inquiry,Development,Chat,58.0,11.0,291,4
TCKT-110612,Medium,General Inquiry,Network Ops,Phone,171.0,1.0,225,1
TCKT-179000,Medium,Software Bug,IT Support,Portal,169.0,3.0,248,1
TCKT-147753,Low,Software Bug,Network Ops,Email,231.0,11.0,130,0
TCKT-123956,High,Access Request,Security,Email,119.0,0.0,196,3
TCKT-180510,Low,Hardware Failure,Development,Chat,239.0,2.0,167,1
TCKT-121703,Low,Software Bug,Customer Service,Phone,239.0,9.0,130,0
TCKT-145666,Critical,General Inquiry,Security,Email,58.0,19.0,283,4
TCKT-180374,Medium,Hardware Failure,Customer Service,Phone,178.0,17.0,183,0
TCKT-121593,Critical,Access Request,IT Support,Portal,52.0,20.0,210,2
TCKT-122062,Critical,General Inquiry,Development,Email,56.0,16.0,233,2
TCKT-120273,Medium,Software Bug,IT Support,Chat,167.0,5.0,259,4
TCKT-149406,Medium,Access Request,Network Ops,Email,161.0,17.0,181,0
TCKT-107109,Critical,Software Bug,IT Support,Portal,53.0,21.0,181,2
TCKT-102667,Low,Network Issue,Customer Service,Portal,220.0,10.0,181,0
TCKT-111528,Medium,Access Request,Customer Service,Email,180.0,9.0,174,1
TCKT-146088,Low,Network Issue,Customer Service,Chat,224.0,20.0,144,0
TCKT-101472,Critical,Software Bug,Customer Service,Phone,41.0,16.0,211,2
TCKT-115312,Low,Software Bug,Network Ops,Portal,227.0,22.0,180,0
TCKT-173849,Critical,Hardware Failure,Security,Chat,51.0,8.0,187,3
TCKT-126324,Low,Access Request,Development,Chat,238.0,6.0,161,1
TCKT-110904,Low,General Inquiry,Security,Phone,223.0,22.0,172,0
TCKT-125578,High,Access Request,IT Support,Portal,107.0,17.0,272,4
TCKT-154624,High,Software Bug,IT Support,Chat,109.0,11.0,233,2
TCKT-195406,Critical,Network Issue,Customer Service,Chat,48.0,14.0,231,3
TCKT-149215,High,Hardware Failure,Security,Chat,114.0,2.0,282,4
TCKT-158321,High,Access Request,Network Ops,Portal,107.0,12.0,196,2
TCKT-103280,Critical,General Inquiry,Customer Service,Phone,54.0,10.0,251,4
TCKT-199247,Medium,Software Bug,IT Support,Chat,177.0,13.0,259,4
TCKT-121164,High,Hardware Failure,Customer Service,Email,114.0,6.0,190,3
TCKT-111149,Medium,Hardware Failure,Network Ops,Portal,164.0,11.0,154,1
TCKT-128545,Critical,Network Issue,Customer Service,Phone,41.0,11.0,203,3
TCKT-168769,Low,Access Request,Network Ops,Email,237.0,23.0,135,0
TCKT-120977,High,Hardware Failure,IT Support,Email,114.0,7.0,255,4
TCKT-100064,Critical,General Inquiry,Security,Portal,57.0,14.0,280,4
TCKT-196551,Medium,Network Issue,Network Ops,Portal,163.0,2.0,169,1
TCKT-123383,Critical,Hardware Failure,Customer Service,Email,43.0,8.0,188,3
TCKT-176777,Low,Access Request,Customer Service,Email,237.0,16.0,135,0
TCKT-172424,Critical,Network Issue,Customer Service,Portal,45.0,6.0,231,3
TCKT-111595,Low,Hardware Failure,Security,Chat,237.0,4.0,159,1
TCKT-185135,Low,Hardware Failure,Development,Portal,223.0,20.0,204,0
TCKT-183111,High,Hardware Failure,Customer Service,Phone,108.0,5.0,179,3
TCKT-142797,Critical,Hardware Failure,Development,Chat,44.0,10.0,286,4
TCKT-135340,Medium,Access Request,Network Ops,Chat,161.0,6.0,181,1
TCKT-192400,Low,Hardware Failure,IT Support,Chat,232.0,13.0,243,0
TCKT-156926,Medium,Hardware Failure,Customer Service,Email,175.0,6.0,178,1
TCKT-133698,Critical,General Inquiry,Security,Chat,53.0,21.0,210,2
TCKT-178149,Low,Hardware Failure,Customer Service,Email,220.0,8.0,199,1
TCKT-111379,Low,Software Bug,Security,Chat,227.0,6.0,165,1
TCKT-145480,Medium,Hardware Failure,Security,Portal,174.0,10.0,181,1
TCKT-159744,Critical,General Inquiry,Development,Chat,52.0,0.0,213,3
TCKT-132917,Medium,Hardware Failure,Security,Chat,170.0,13.0,178,1
TCKT-101060,Critical,Access Request,Security,Phone,60.0,21.0,285,4
TCKT-100881,Low,Access Request,Security,Phone,235.0,12.0,153,0
TCKT-133302,Low,Hardware Failure,Customer Service,Portal,229.0,22.0,163,0
TCKT-106484,Low,General Inquiry,Customer Service,Email,238.0,18.0,172,0
TCKT-120844,Critical,General Inquiry,Network Ops,Portal,53.0,15.0,222,2
TCKT-156152,Medium,Hardware Failure,Development,Chat,171.0,18.0,262,4
TCKT-157515,Low,Hardware Failure,Security,Email,220.0,20.0,265,0
TCKT-142481,Low,Access Request,Development,Chat,239.0,13.0,117,0
TCKT-173178,Low,Software Bug,Development,Portal,223.0,2.0,178,1
TCKT-118305,Medium,Network Issue,Security,Phone,170.0,14.0,204,0
TCKT-118526,Medium,Network Issue,Development,Email,174.0,16.0,281,4
TCKT-154654,Low,Software Bug,Customer Service,Phone,225.0,3.0,148,1
TCKT-160490,Medium,Hardware Failure,Network Ops,Phone,168.0,8.0,183,1
TCKT-191833,Low,General Inquiry,IT Support,Chat,222.0,2.0,177,1
TCKT-142701,High,Software Bug,Development,Chat,114.0,7.0,270,4
TCKT-192906,Critical,Access Request,Development,Chat,58.0,10.0,181,3
TCKT-100529,Critical,Access Request,Security,Portal,43.0,16.0,303,4
TCKT-156966,Medium,General Inquiry,Network Ops,Email,171.0,12.0,143,1
TCKT-170196,High,Access Request,IT Support,Portal,108.0,1.0,300,4
TCKT-135578,High,Network Issue,Development,Portal,109.0,5.0,229,3
TCKT-104507,Critical,Access Request,IT Support,Phone,50.0,3.0,210,3
TCKT-139638,High,Access Request,Customer Service,Phone,118.0,0.0,192,3
TCKT-136859,Medium,Software Bug,Development,Phone,168.0,16.0,166,0
TCKT-126631,High,Access Request,Network Ops,Chat,109.0,1.0,196,3
TCKT-115400,High,Access Request,Customer Service,Chat,114.0,20.0,176,2
TCKT-198671,Low,Software Bug,Customer Service,Chat,236.0,14.0,164,0
TCKT-120563,High,Access Request,Customer Service,Phone,111.0,19.0,216,2
TCKT-136551,Medium,Access Request,Network Ops,Email,173.0,15.0,160,0
TCKT-109177,Low,Access Request,IT Support,Phone,225.0,5.0,217,1
TCKT-103887,Medium,Hardware Failure,Security,Portal,160.0,14.0,207,2
TCKT-156909,Critical,Network Issue,Security,Portal,52.0,19.0,301,4
TCKT-174894,Critical,General Inquiry,IT Support,Chat,43.0,1.0,266,4
TCKT-177724,Medium,Access Request,Customer Service,Chat,172.0,16.0,160,0
TCKT-113577,High,General Inquiry,Customer Service,Portal,109.0,14.0,166,2
TCKT-107794,Critical,Access Request,IT Support,Phone,43.0,8.0,265,4
TCKT-169019,Critical,General Inquiry,IT Support,Email,51.0,1.0,310,4
TCKT-140002,Low,Network Issue,Development,Phone,229.0,19.0,167,0
TCKT-183662,High,Network Issue,Customer Service,Portal,110.0,22.0,188,2
TCKT-101175,High,Hardware Failure,Network Ops,Phone,103.0,22.0,179,2
TCKT-114598,Critical,Access Request,Development,Phone,56.0,4.0,314,4
TCKT-145315,High,Software Bug,Security,Chat,118.0,15.0,189,2
TCKT-153109,High,Network Issue,Security,Chat,109.0,19.0,258,2
TCKT-193801,High,Access Request,Development,Phone,105.0,7.0,297,4
TCKT-188376,Medium,Software Bug,Development,Email,167.0,19.0,167,0
TCKT-183947,Low,Software Bug,Customer Service,Email,230.0,22.0,165,0
TCKT-115882,High,Hardware Failure,Security,Chat,111.0,5.0,179,3
TCKT-194262,Low,Software Bug,Security,Email,232.0,3.0,180,1
TCKT-169208,High,Access Request,Network Ops,Portal,105.0,7.0,196,3
TCKT-189492,Medium,General Inquiry,Customer Service,Email,180.0,8.0,211,1
TCKT-163371,Medium,Network Issue,IT Support,Portal,168.0,4.0,200,1
TCKT-135816,Critical,General Inquiry,Network Ops,Chat,54.0,19.0,222,2
TCKT-104918,Medium,Software Bug,Network Ops,Chat,180.0,16.0,175,0
TCKT-153341,Medium,Network Issue,Security,Phone,164.0,13.0,189,0
TCKT-185768,Medium,Hardware Failure,Network Ops,Phone,164.0,15.0,178,0
TCKT-105644,Medium,Hardware Failure,Network Ops,Email,180.0,22.0,181,0
TCKT-153355,High,Hardware Failure,Development,Email,114.0,4.0,171,3
TCKT-146407,Critical,Hardware Failure,Development,Chat,51.0,20.0,321,4
TCKT-147204,Medium,Network Issue,IT Support,Phone,172.0,0.0,254,1
TCKT-190510,High,Network Issue,Security,Phone,104.0,20.0,289,4
TCKT-146850,Critical,Software Bug,Network Ops,Portal,45.0,12.0,209,2
TCKT-141300,Critical,Software Bug,Customer Service,Email,53.0,22.0,211,2
TCKT-127191,Critical,Hardware Failure,Network Ops,Chat,44.0,8.0,205,3
TCKT-105062,Critical,Network Issue,Development,Phone,58.0,10.0,197,3
TCKT-191958,Critical,Hardware Failure,Development,Email,42.0,18.0,233,2
TCKT-195187,Critical,Network Issue,Development,Chat,43.0,5.0,284,4
TCKT-195687,Medium,Access Request,IT Support,Chat,174.0,13.0,218,1
TCKT-153857,Critical,Software Bug,IT Support,Chat,48.0,1.0,289,4
TCKT-102317,High,Hardware Failure,Development,Chat,104.0,2.0,293,4
TCKT-169497,Low,General Inquiry,Security,Portal,220.0,17.0,172,0
TCKT-122912,Medium,Access Request,Development,Email,178.0,20.0,241,0
TCKT-127000,High,Hardware Failure,IT Support,Portal,107.0,0.0,236,3
TCKT-110523,Low,Software Bug,Customer Service,Phone,240.0,16.0,165,0
TCKT-190343,Medium,Hardware Failure,IT Support,Email,173.0,19.0,245,2
TCKT-181625,High,General Inquiry,Security,Portal,113.0,20.0,166,2
TCKT-158905,Critical,General Inquiry,Network Ops,Phone,41.0,8.0,233,3
TCKT-178048,Medium,Software Bug,Network Ops,Portal,165.0,9.0,192,1
TCKT-166826,High,Hardware Failure,Customer Service,Chat,119.0,22.0,212,2
TCKT-142863,Medium,Network Issue,IT Support,Portal,160.0,11.0,245,4
TCKT-172783,Low,Access Request,Customer Service,Phone,228.0,12.0,117,0
TCKT-117741,Medium,General Inquiry,IT Support,Phone,161.0,1.0,285,4
TCKT-168003,High,Software Bug,Network Ops,Phone,114.0,13.0,220,2
TCKT-190192,Critical,Access Request,IT Support,Portal,43.0,2.0,233,3
TCKT-154698,Medium,Hardware Failure,Development,Phone,179.0,0.0,207,1
TCKT-125793,Critical,Access Request,Network Ops,Chat,43.0,13.0,207,2
TCKT-140514,High,Hardware Failure,Security,Chat,106.0,15.0,190,2
TCKT-176841,Medium,Software Bug,Development,Phone,178.0,19.0,192,0
TCKT-103019,High,Access Request,Customer Service,Chat,120.0,13.0,216,2
TCKT-125971,Low,Hardware Failure,Security,Email,240.0,11.0,167,0
TCKT-178615,Critical,Software Bug,Network Ops,Email,58.0,10.0,205,3
TCKT-127627,Low,General Inquiry,Customer Service,Phone,220.0,3.0,121,1
TCKT-120820,High,Network Issue,Development,Phone,109.0,5.0,188,3
TCKT-195365,High,Access Request,Network Ops,Email,119.0,9.0,178,3
TCKT-103720,Medium,Software Bug,Customer Service,Chat,179.0,5.0,169,1
TCKT-179282,Medium,Hardware Failure,IT Support,Email,170.0,13.0,267,4
TCKT-189713,Medium,Software Bug,Network Ops,Chat,170.0,13.0,178,1
TCKT-125960,High,Hardware Failure,Security,Phone,120.0,0.0,260,4
TCKT-179555,High,Hardware Failure,Network Ops,Email,112.0,22.0,212,2
TCKT-173621,High,Access Request,Development,Phone,114.0,17.0,196,2
TCKT-198396,Critical,Software Bug,Development,Phone,46.0,13.0,292,4
TCKT-127608,Critical,Hardware Failure,Network Ops,Portal,45.0,12.0,218,2
TCKT-123033,Critical,Network Issue,Customer Service,Chat,44.0,19.0,263,4
TCKT-147999,Low,Network Issue,Development,Email,234.0,8.0,157,1
TCKT-167148,Medium,Software Bug,Security,Email,179.0,6.0,237,1
TCKT-122397,Medium,Network Issue,IT Support,Chat,175.0,17.0,189,0
TCKT-185683,Critical,Access Request,Customer Service,Portal,60.0,18.0,204,2
TCKT-122259,Medium,General Inquiry,Development,Phone,167.0,14.0,224,0
TCKT-179656,Low,Software Bug,Development,Phone,224.0,20.0,178,0
TCKT-135653,Medium,Hardware Failure,Customer Service,Phone,168.0,17.0,207,0
TCKT-101790,Critical,Access Request,Development,Phone,44.0,15.0,215,2
TCKT-191135,Low,Hardware Failure,Development,Chat,238.0,7.0,180,1
TCKT-135976,Medium,Software Bug,Customer Service,Email,171.0,16.0,169,0
TCKT-119881,Low,General Inquiry,Development,Phone,230.0,17.0,162,0
TCKT-120037,Low,General Inquiry,Security,Portal,226.0,18.0,116,0
TCKT-156335,Critical,Network Issue,Network Ops,Phone,58.0,3.0,232,3
TCKT-189082,Critical,Hardware Failure,Customer Service,Phone,42.0,4.0,233,3
TCKT-197025,Low,Access Request,Development,Email,220.0,18.0,230,0
TCKT-183078,Low,Network Issue,Network Ops,Chat,228.0,18.0,153,0
TCKT-113728,Medium,Network Issue,Development,Portal,172.0,22.0,169,0
TCKT-160631,Low,Software Bug,IT Support,Phone,236.0,11.0,221,0
TCKT-138379,Medium,Software Bug,Development,Email,173.0,6.0,174,1
TCKT-147328,Critical,Network Issue,Customer Service,Phone,56.0,2.0,203,3
TCKT-110294,Critical,General Inquiry,Network Ops,Chat,41.0,7.0,222,3
TCKT-154641,Critical,Network Issue,Security,Phone,41.0,15.0,231,2
TCKT-128728,Low,General Inquiry,Security,Email,227.0,7.0,232,1
TCKT-171289,High,Network Issue,Network Ops,Chat,107.0,18.0,219,2
TCKT-142827,Critical,Access Request,Customer Service,Phone,55.0,11.0,204,3
TCKT-146195,Low,Network Issue,Security,Chat,232.0,12.0,151,0
TCKT-168070,High,Software Bug,IT Support,Portal,115.0,16.0,276,4
TCKT-167408,Medium,Access Request,Network Ops,Chat,169.0,19.0,146,0
TCKT-176271,Low,Network Issue,Customer Service,Portal,223.0,20.0,189,0
TCKT-143155,Critical,Hardware Failure,Network Ops,Portal,40.0,6.0,218,3
TCKT-116566,Low,Hardware Failure,Security,Phone,236.0,9.0,199,1
TCKT-138473,Medium,General Inquiry,Network Ops,Email,167.0,2.0,193,1
TCKT-183320,Medium,Access Request,Customer Service,Chat,162.0,5.0,153,1
TCKT-114716,Critical,Access Request,IT Support,Phone,52.0,18.0,215,2
TCKT-101145,Medium,Software Bug,Development,Chat,165.0,5.0,178,1
TCKT-105199,Low,Access Request,Security,Chat,223.0,6.0,148,1
TCKT-107859,Low,General Inquiry,Development,Email,240.0,0.0,116,1
TCKT-143286,Low,General Inquiry,Development,Chat,226.0,0.0,116,1
TCKT-162576,Low,Software Bug,IT Support,Phone,222.0,13.0,234,0
TCKT-193301,Low,Hardware Failure,Security,Phone,228.0,8.0,163,1
TCKT-158501,Critical,General Inquiry,Network Ops,Email,54.0,1.0,222,3
TCKT-137592,Critical,Software Bug,Network Ops,Portal,53.0,15.0,193,2
TCKT-180316,High,Access Request,IT Support,Portal,120.0,2.0,178,3
TCKT-100771,High,Network Issue,Development,Email,118.0,7.0,167,3
TCKT-175979,Medium,Access Request,Network Ops,Portal,166.0,13.0,181,0
TCKT-141758,High,General Inquiry,Security,Email,100.0,18.0,228,2
TCKT-179333,High,Access Request,Security,Chat,108.0,15.0,176,2
TCKT-148889,Critical,Software Bug,Customer Service,Phone,53.0,12.0,222,3
TCKT-165706,Medium,Network Issue,Development,Email,176.0,9.0,242,1
TCKT-123793,High,Network Issue,Network Ops,Email,115.0,16.0,197,2
TCKT-190372,Critical,Software Bug,Network Ops,Chat,55.0,8.0,205,3
TCKT-182903,Medium,Software Bug,Customer Service,Portal,167.0,18.0,192,0
TCKT-125719,Low,Network Issue,Security,Portal,235.0,5.0,144,1
TCKT-140407,Critical,Software Bug,IT Support,Chat,56.0,2.0,259,3
TCKT-179310,High,General Inquiry,Security,Portal,120.0,18.0,213,2
TCKT-149468,Critical,Software Bug,IT Support,Email,48.0,14.0,277,4
TCKT-155510,High,Software Bug,Network Ops,Portal,113.0,12.0,189,2
TCKT-198200,Medium,Software Bug,Network Ops,Chat,162.0,5.0,169,1
TCKT-151211,High,Software Bug,Development,Email,115.0,20.0,212,2
TCKT-190968,Medium,Access Request,Security,Email,171.0,21.0,174,0
TCKT-198029,Low,Access Request,Network Ops,Phone,230.0,0.0,132,1
TCKT-142630,Low,Hardware Failure,Security,Phone,235.0,2.0,199,1
TCKT-166571,High,Access Request,Security,Phone,104.0,19.0,178,2
TCKT-181668,Medium,Hardware Failure,Network Ops,Email,168.0,15.0,154,0
TCKT-104186,Medium,Network Issue,IT Support,Chat,170.0,16.0,245,4
TCKT-130452,Medium,Access Request,Development,Portal,166.0,17.0,241,2
TCKT-157109,Medium,Network Issue,Development,Email,168.0,9.0,161,1
TCKT-145310,Medium,General Inquiry,Network Ops,Portal,172.0,11.0,183,1
TCKT-174917,Low,Access Request,IT Support,Phone,234.0,12.0,219,0
TCKT-159540,Low,Software Bug,Network Ops,Chat,233.0,23.0,164,0
TCKT-199223,Low,Network Issue,Security,Phone,224.0,10.0,203,0
TCKT-138923,Critical,Network Issue,Customer Service,Phone,41.0,15.0,231,3
TCKT-150766,Medium,Hardware Failure,IT Support,Email,160.0,20.0,271,4
TCKT-157634,Low,General Inquiry,Development,Phone,234.0,10.0,116,0
TCKT-191990,Critical,Network Issue,Development,Portal,45.0,8.0,263,4
TCKT-147501,High,Network Issue,Security,Phone,110.0,10.0,261,4
TCKT-174448,Medium,Network Issue,Security,Portal,174.0,2.0,161,1
TCKT-109965,Low,Network Issue,Customer Service,Email,222.0,5.0,203,1
TCKT-193682,Medium,General Inquiry,Network Ops,Email,166.0,21.0,211,2
TCKT-173890,Critical,Software Bug,Customer Service,Phone,41.0,23.0,193,2
TCKT-174638,High,General Inquiry,Customer Service,Phone,110.0,14.0,166,2
TCKT-124314,Medium,Network Issue,Security,Phone,170.0,14.0,259,4
TCKT-122966,Medium,General Inquiry,Network Ops,Chat,160.0,21.0,143,0
TCKT-135114,Low,General Inquiry,Development,Phone,231.0,15.0,172,0
TCKT-131617,Low,Software Bug,Security,Email,236.0,22.0,164,0
TCKT-156040,Medium,Access Request,Customer Service,Chat,173.0,9.0,162,1
TCKT-195971,Low,Hardware Failure,Security,Chat,220.0,17.0,199,0
TCKT-189562,Low,Software Bug,Network Ops,Portal,235.0,0.0,179,1
TCKT-189134,Critical,Access Request,Customer Service,Portal,50.0,21.0,210,2
TCKT-136276,Medium,Access Request,Network Ops,Portal,173.0,3.0,182,1
TCKT-105061,Critical,Software Bug,Development,Email,60.0,2.0,207,3
TCKT-146214,Medium,Hardware Failure,IT Support,Portal,165.0,15.0,187,0
TCKT-198471,High,Software Bug,Development,Portal,107.0,2.0,256,3
TCKT-112740,Low,Access Request,Development,Phone,236.0,8.0,148,0
TCKT-101746,High,Software Bug,Network Ops,Chat,119.0,5.0,184,1
TCKT-127008,Medium,Software Bug,IT Support,Portal,164.0,7.0,276,4
TCKT-105765,Low,Hardware Failure,Network Ops,Email,223.0,11.0,163,0
TCKT-178856,Low,Software Bug,Security,Portal,232.0,15.0,234,0
TCKT-137070,Critical,Access Request,Network Ops,Phone,44.0,1.0,207,3
TCKT-106153,Medium,General Inquiry,IT Support,Portal,179.0,13.0,249,4
TCKT-147354,Critical,Software Bug,Development,Phone,46.0,22.0,181,2
TCKT-156886,High,Access Request,Network Ops,Portal,111.0,9.0,176,2
TCKT-150292,Low,General Inquiry,Network Ops,Chat,223.0,21.0,116,0
TCKT-121757,Critical,General Inquiry,Security,Portal,53.0,11.0,213,3
TCKT-110428,Medium,General Inquiry,IT Support,Email,162.0,5.0,239,1
TCKT-175265,High,Access Request,IT Support,Email,111.0,8.0,232,3
TCKT-178181,Medium,Network Issue,Development,Phone,175.0,23.0,189,0
TCKT-176649,Low,Network Issue,Network Ops,Chat,227.0,2.0,167,1
TCKT-175529,Low,Network Issue,Security,Email,224.0,13.0,251,0
TCKT-152166,Low,Network Issue,Development,Email,233.0,22.0,225,0
TCKT-142202,Critical,Hardware Failure,IT Support,Portal,49.0,2.0,324,4
TCKT-190916,Low,General Inquiry,IT Support,Phone,237.0,1.0,116,1
TCKT-197928,Medium,Hardware Failure,Network Ops,Chat,171.0,15.0,181,0
TCKT-114860,High,Network Issue,Customer Service,Portal,112.0,17.0,167,2
TCKT-199587,Medium,General Inquiry,Network Ops,Portal,164.0,14.0,193,1
TCKT-177610,High,Hardware Failure,Network Ops,Chat,101.0,4.0,171,3
TCKT-192339,Medium,Network Issue,Network Ops,Phone,164.0,19.0,189,0
TCKT-194930,Low,Software Bug,Development,Portal,224.0,9.0,229,1
TCKT-114556,High,Software Bug,Security,Chat,120.0,22.0,189,2
TCKT-140418,High,Network Issue,IT Support,Email,101.0,0.0,247,3
TCKT-164403,Critical,Hardware Failure,Security,Phone,52.0,3.0,187,3
TCKT-135955,Critical,Access Request,Development,Email,55.0,18.0,233,2
TCKT-145367,Medium,Hardware Failure,Security,Phone,173.0,11.0,187,1
TCKT-121798,Critical,Software Bug,Customer Service,Email,45.0,23.0,203,2
TCKT-177320,High,General Inquiry,Network Ops,Email,101.0,1.0,213,3
TCKT-185675,Low,Software Bug,Development,Phone,225.0,8.0,130,1
TCKT-139252,Low,Network Issue,IT Support,Portal,240.0,16.0,273,4
TCKT-101173,High,General Inquiry,IT Support,Email,105.0,23.0,250,2
TCKT-178427,High,Network Issue,IT Support,Chat,120.0,10.0,223,3
TCKT-182737,Low,Network Issue,Customer Service,Portal,234.0,13.0,203,0
TCKT-185230,Critical,Software Bug,IT Support,Chat,44.0,13.0,259,4
TCKT-190249,Low,Network Issue,Customer Service,Email,232.0,4.0,144,1
TCKT-143720,Critical,General Inquiry,IT Support,Portal,42.0,18.0,213,2
TCKT-113835,Critical,Network Issue,Customer Service,Chat,58.0,3.0,231,3
TCKT-117574,High,General Inquiry,Security,Email,109.0,6.0,236,3
TCKT-187013,Medium,Hardware Failure,IT Support,Portal,167.0,13.0,154,0
TCKT-156706,Critical,Software Bug,Security,Portal,53.0,23.0,222,2
TCKT-115626,High,Software Bug,Network Ops,Email,113.0,18.0,220,2
TCKT-133257,Low,General Inquiry,Development,Email,220.0,6.0,253,1
TCKT-126101,Critical,Hardware Failure,Security,Chat,49.0,21.0,187,2
TCKT-114097,High,Hardware Failure,Development,Chat,109.0,14.0,197,2
TCKT-168272,Medium,Software Bug,Network Ops,Phone,180.0,20.0,167,0
TCKT-107638,High,Network Issue,Development,Portal,111.0,14.0,191,2
TCKT-100569,Low,Software Bug,Development,Email,237.0,19.0,229,0
TCKT-137782,Low,Software Bug,Development,Portal,224.0,21.0,229,0
TCKT-176308,Low,Hardware Failure,IT Support,Phone,231.0,5.0,247,1
TCKT-162124,High,Hardware Failure,IT Support,Chat,118.0,12.0,246,4
TCKT-182183,Low,General Inquiry,Customer Service,Chat,221.0,10.0,162,1
TCKT-155748,High,Network Issue,Security,Phone,118.0,8.0,267,4
TCKT-157514,Low,Access Request,IT Support,Phone,220.0,13.0,161,0
TCKT-192513,Low,Access Request,Security,Chat,224.0,8.0,205,1
TCKT-173339,Medium,Access Request,Network Ops,Chat,169.0,15.0,181,0
TCKT-130321,Critical,Software Bug,Customer Service,Phone,41.0,23.0,211,2
TCKT-123874,Medium,Access Request,IT Support,Phone,172.0,22.0,218,0
TCKT-174202,High,Network Issue,Customer Service,Chat,111.0,7.0,188,3
TCKT-116706,Low,Software Bug,Development,Portal,235.0,6.0,148,1
TCKT-123061,Medium,Network Issue,Network Ops,Phone,166.0,22.0,161,0
TCKT-121555,Critical,General Inquiry,Customer Service,Email,53.0,15.0,279,4
TCKT-167127,Critical,Software Bug,IT Support,Phone,59.0,17.0,259,4
TCKT-165010,Critical,Network Issue,Security,Phone,54.0,7.0,197,3
TCKT-132666,Low,Network Issue,Network Ops,Portal,238.0,15.0,151,0
TCKT-178881,High,Hardware Failure,Development,Portal,116.0,14.0,190,2
TCKT-125030,High,Hardware Failure,Security,Email,115.0,17.0,171,2
TCKT-132136,Low,General Inquiry,Customer Service,Chat,240.0,18.0,116,0
TCKT-165184,Medium,General Inquiry,Network Ops,Chat,166.0,11.0,180,1
TCKT-176989,Critical,Software Bug,IT Support,Phone,46.0,3.0,291,4
TCKT-149893,Low,Network Issue,IT Support,Phone,230.0,6.0,235,1
TCKT-183094,Critical,Software Bug,Security,Phone,42.0,4.0,251,3
TCKT-164401,High,Software Bug,Network Ops,Email,111.0,10.0,184,2
TCKT-145405,Low,General Inquiry,Security,Chat,228.0,18.0,162,0
TCKT-113180,High,Access Request,Network Ops,Chat,100.0,9.0,196,3
TCKT-172723,High,Access Request,Customer Service,Chat,117.0,0.0,178,3
TCKT-170638,High,Hardware Failure,Development,Chat,109.0,5.0,260,4
TCKT-133704,Medium,Software Bug,Development,Phone,172.0,11.0,259,4
TCKT-141451,Low,Network Issue,IT Support,Chat,239.0,4.0,209,1
TCKT-134538,High,Network Issue,Security,Chat,111.0,15.0,289,4
TCKT-175230,High,Software Bug,Network Ops,Email,101.0,4.0,189,3
TCKT-163512,Low,Software Bug,Development,Phone,223.0,20.0,180,0
TCKT-137084,High,General Inquiry,Customer Service,Email,118.0,4.0,228,3
TCKT-191473,Medium,Hardware Failure,IT Support,Email,180.0,18.0,245,2
TCKT-188486,Low,Hardware Failure,Development,Portal,234.0,4.0,276,1
TCKT-156296,Low,Network Issue,Security,Email,227.0,10.0,214,1
TCKT-100565,Critical,Access Request,Customer Service,Chat,43.0,10.0,215,3
TCKT-132292,Medium,Network Issue,Security,Phone,164.0,7.0,189,1
TCKT-132589,Critical,Access Request,Development,Phone,57.0,11.0,262,4
TCKT-102704,Medium,General Inquiry,Security,Phone,164.0,2.0,143,1
TCKT-134483,High,Access Request,Development,Email,105.0,13.0,199,2
TCKT-123233,Medium,General Inquiry,Customer Service,Chat,167.0,1.0,180,1
TCKT-134968,High,Access Request,Security,Email,107.0,1.0,176,3
TCKT-182929,Medium,Hardware Failure,Security,Phone,163.0,8.0,231,1
TCKT-131078,Critical,General Inquiry,IT Support,Phone,51.0,9.0,363,4
TCKT-170221,Low,Software Bug,Network Ops,Portal,234.0,18.0,130,0
TCKT-164427,High,Software Bug,Development,Portal,111.0,10.0,189,2
TCKT-101265,Low,General Inquiry,IT Support,Chat,237.0,16.0,218,0
TCKT-185431,High,Software Bug,IT Support,Chat,109.0,6.0,240,3
TCKT-170311,Medium,Network Issue,Network Ops,Phone,176.0,8.0,200,1
TCKT-143145,High,Access Request,Development,Email,108.0,11.0,172,3
TCKT-195285,Medium,Software Bug,Development,Email,160.0,7.0,175,1
TCKT-125660,High,Network Issue,Network Ops,Chat,118.0,1.0,197,3
TCKT-106293,Critical,Hardware Failure,IT Support,Phone,44.0,5.0,324,4
TCKT-133411,Medium,Hardware Failure,Security,Phone,176.0,23.0,207,0
TCKT-122597,Low,Access Request,IT Support,Chat,230.0,15.0,232,0
TCKT-154434,Critical,General Inquiry,Security,Chat,50.0,2.0,296,4
TCKT-163020,High,Hardware Failure,IT Support,Phone,111.0,12.0,212,2
TCKT-125200,Medium,Software Bug,Security,Email,180.0,19.0,237,2
TCKT-155785,Medium,Hardware Failure,Network Ops,Phone,172.0,13.0,187,0
TCKT-142349,High,Access Request,Customer Service,Phone,101.0,12.0,216,2
TCKT-123165,Critical,Access Request,Customer Service,Email,54.0,1.0,210,3
TCKT-173804,Low,General Inquiry,Development,Portal,240.0,15.0,253,0
TCKT-112063,High,Network Issue,Security,Phone,100.0,5.0,197,3
TCKT-191665,Medium,Hardware Failure,Security,Portal,176.0,20.0,183,0
TCKT-192101,Critical,Network Issue,Security,Phone,56.0,21.0,197,2
TCKT-116901,Medium,Network Issue,Security,Chat,160.0,21.0,239,2
TCKT-140643,Medium,Network Issue,Network Ops,Phone,160.0,16.0,189,0
TCKT-111930,Medium,Hardware Failure,Customer Service,Email,176.0,2.0,189,1
TCKT-145676,High,Software Bug,Customer Service,Phone,109.0,21.0,175,2
TCKT-125402,Critical,General Inquiry,Security,Email,56.0,1.0,279,4
TCKT-150705,High,Network Issue,Network Ops,Email,109.0,3.0,191,3
TCKT-176382,High,Network Issue,Development,Phone,104.0,13.0,167,2
TCKT-176686,Low,Software Bug,Development,Phone,225.0,0.0,178,1
TCKT-105664,Low,General Inquiry,Network Ops,Phone,240.0,10.0,202,1
TCKT-152369,High,Hardware Failure,Customer Service,Chat,112.0,1.0,190,3
TCKT-113160,Critical,General Inquiry,Network Ops,Phone,56.0,23.0,226,2
TCKT-156823,High,Software Bug,IT Support,Phone,114.0,10.0,177,2
TCKT-123096,Critical,Access Request,Network Ops,Chat,53.0,15.0,215,2
TCKT-170801,Low,Network Issue,Customer Service,Chat,227.0,20.0,157,0
TCKT-104745,High,General Inquiry,IT Support,Portal,104.0,23.0,269,2
TCKT-127230,Low,Software Bug,Customer Service,Email,223.0,1.0,164,1
TCKT-190229,Critical,Network Issue,Network Ops,Chat,50.0,23.0,263,2
TCKT-185117,Medium,Network Issue,Network Ops,Email,175.0,20.0,198,0
TCKT-137351,Low,General Inquiry,Network Ops,Phone,230.0,14.0,202,0
TCKT-172333,Critical,Software Bug,IT Support,Email,59.0,22.0,287,4
TCKT-194176,Low,General Inquiry,IT Support,Phone,234.0,19.0,258,0
TCKT-189013,Low,Hardware Failure,IT Support,Chat,234.0,21.0,260,0
TCKT-171245,Medium,General Inquiry,Security,Phone,179.0,0.0,143,1
TCKT-122393,Medium,Hardware Failure,Security,Chat,167.0,16.0,277,4
TCKT-114689,Low,Network Issue,Development,Portal,238.0,23.0,225,0
TCKT-113386,Medium,Hardware Failure,Security,Chat,176.0,13.0,189,1
TCKT-103161,Medium,Network Issue,Network Ops,Phone,171.0,5.0,200,1
TCKT-114027,Low,Hardware Failure,Customer Service,Portal,221.0,4.0,159,1
TCKT-137317,Medium,Hardware Failure,Security,Phone,173.0,12.0,277,4
TCKT-116558,Low,General Inquiry,Security,Chat,222.0,18.0,186,0
TCKT-119277,High,Software Bug,Security,Phone,101.0,8.0,185,3
TCKT-100988,Critical,Hardware Failure,IT Support,Portal,45.0,0.0,205,3
TCKT-145682,Medium,Access Request,IT Support,Portal,177.0,11.0,218,1
TCKT-187541,Low,Hardware Failure,Network Ops,Portal,236.0,21.0,159,0
TCKT-110114,High,Access Request,Security,Email,114.0,11.0,255,4
TCKT-114473,Low,General Inquiry,IT Support,Email,220.0,8.0,218,1
TCKT-118362,Medium,Hardware Failure,Network Ops,Email,164.0,18.0,189,0
TCKT-103017,Low,Hardware Failure,Development,Email,226.0,3.0,248,1
TCKT-145417,Medium,Hardware Failure,Network Ops,Phone,168.0,1.0,189,1
TCKT-156305,Medium,Network Issue,IT Support,Portal,175.0,9.0,260,4
TCKT-136426,Medium,Software Bug,Security,Phone,174.0,22.0,192,0
TCKT-162526,Low,Access Request,Development,Portal,223.0,21.0,129,0
TCKT-110553,Medium,Access Request,IT Support,Portal,161.0,20.0,218,2
